HVH_024_000001	丙子保大拾
HVH_024_000002	壹年洞
HVH_024_000003	叁月县安樂社陶玉家奉抄至
HVH_024_000004	灵
HVH_024_000005	縣
HVH_024_000006	先员事常前南府兼
HVH_024_000007	至灵青
HVH_024_000008	林至
HVH_024_000009	同度
HVH_024_000010	天年始为式
HVH_024_000011	再主成
HVH_024_000012	泰元
HVH_024_000013	年移于
HVH_024_000014	步山电自此時也後孝興镇國音读貢云风景主
HVH_024_000015	灵彩景
HVH_024_000016	台烟晓
HVH_024_000017	滑运磋
HVH_024_000018	标
HVH_024_000019	姨者停除
HVH_024_000020	会
HVH_024_000021	头县G麟别
HVH_024_000022	包
HVH_024_000023	弹鄭
HVH_024_000024	纪委高群别
HVH_024_000025	種穗貼庫敗吊
HVH_024_000026	国
HVH_024_000027	福
HVH_024_000028	消計
HVH_024_000029	主
HVH_024_000030	灵
HVH_024_000031	先
HVH_024_000032	贤
HVH_024_000033	员
HVH_024_000034	古邦社黑
HVH_024_000035	旧社文樂河州祛滇池社進士一天人交崔词之进進士
HVH_024_000036	歷自
HVH_024_000037	李
HVH_024_000038	来属好五五
HVH_024_000039	人在
HVH_024_000040	御黄不可
HVH_024_000041	尽
HVH_024_000042	武官可勝在宁溪社原
HVH_024_000043	主天
HVH_024_000044	文祠社保
HVH_024_000045	特社图父祠状元古堂即今年会社他上宰
HVH_024_000046	古宅
HVH_024_000047	社华特社
HVH_024_000048	鳳风殿在
HVH_024_000049	驰山屯蕉隐古
HVH_024_000050	壁至
HVH_024_000051	昊古城在动泊祖
HVH_024_000052	在樂特玄守嶺古
HVH_024_000053	园雲
HVH_024_000054	仙吉洞
HVH_024_000055	在满
HVH_024_000056	禄号漫在傑
HVH_024_000057	特社丁山今地鹰湾古渡星
HVH_024_000058	妃古
HVH_024_000059	塔
HVH_024_000060	至美先贤事輩
HVH_024_000061	李
HVH_024_000062	朝广裕
HVH_024_000063	武年仁宗皇
HVH_024_000064	帝置進科自此为
HVH_024_000065	充輪林汽第
HVH_024_000066	一
HVH_024_000067	座潼洞社人賜西实科進士试文
HVH_024_000068	孝传逢尚卡
HVH_024_000069	莫题绩
HVH_024_000070	廣被仕至
HVH_024_000071	尚
HVH_024_000072	来
HVH_024_000073	频
HVH_024_000074	績
HVH_024_000075	三第
HVH_024_000076	潼侗社人五
HVH_024_000077	年賜已已進士第
HVH_024_000078	莫建官陳
HVH_024_000079	朝興隆年英
HVH_024_000080	宗
HVH_024_000081	望帝時仕至八内大
HVH_024_000082	行木保左仅财
HVH_024_000083	奉侠天朝两國
HVH_024_000084	状元
HVH_024_000085	賜甲辰科第甲進士
HVH_024_000086	及第第一名尚卡门下兼書知单茂重
HVH_024_000087	相
HVH_024_000088	公语洞
HVH_024_000089	社
HVH_024_000090	人光
HVH_024_000091	泰
HVH_024_000092	年
HVH_024_000093	顺宗皇帝特
HVH_024_000094	赐巍生赐癸
HVH_024_000095	酉科大学生中送X在湖言甚便
HVH_024_000096	直韩衡社人
HVH_024_000097	黎朝光顺四年平宗淳皇帝辰赐未科进
HVH_024_000098	士
HVH_024_000099	出仕至爽部尚
HVH_024_000100	阮疆三岁中阮曾雪江
HVH_024_000101	社人
HVH_024_000102	光顺
HVH_024_000103	仕至尚卡兼东阔杜润山社人賜
HVH_024_000104	西戌科進
HVH_024_000105	士
HVH_024_000106	出身大学
HVH_024_000107	士骚
HVH_024_000108	坛副元帥崇顺仕致
HVH_024_000109	总会
HVH_024_000110	事黎
HVH_024_000111	勇輔街社人賜巴
HVH_024_000112	丑科
HVH_024_000113	第
HVH_024_000114	三甲进
HVH_024_000115	士出
HVH_024_000116	身
HVH_024_000117	做
HVH_024_000118	授武
HVH_024_000119	洪
HVH_024_000120	务仕至
HVH_024_000121	监察
HVH_024_000122	御狭確溪社人
HVH_024_000123	賜乙禾科第
HVH_024_000124	三甲
HVH_024_000125	进
HVH_024_000126	出身
HVH_024_000127	阮资
HVH_024_000128	輔浩
HVH_024_000129	务中户
HVH_024_000130	舍社人十
HVH_024_000131	二年賜幸
HVH_024_000132	型
HVH_024_000133	科进士出身
HVH_024_000134	仕至安
HVH_024_000135	邦经
HVH_024_000136	阮
HVH_024_000137	子
HVH_024_000138	骡賜
HVH_024_000139	辛
HVH_024_000140	型
HVH_024_000141	科
HVH_024_000142	进
HVH_024_000143	身
HVH_024_000144	仕
HVH_024_000145	礼
HVH_024_000146	部
HVH_024_000147	左
HVH_024_000148	郎
HVH_024_000149	锦
HVH_024_000150	掌
HVH_024_000151	洪为仕至尚卡三十
HVH_024_000152	五坐
HVH_024_000153	天安八年賜丁
HVH_024_000154	未科
HVH_024_000155	第一甲进士
HVH_024_000156	及第第
HVH_024_000157	二
HVH_024_000158	各奉贡强弦阮
HVH_024_000159	德訓制社佳至送兵阮
HVH_024_000160	孔弥孫广会
HVH_024_000161	赐丁
HVH_024_000162	未科第三甲
HVH_024_000163	進士改
HVH_024_000164	授式戦阮
HVH_024_000165	達道幸下九空中体至
HVH_024_000166	提刑究王
HVH_024_000167	公
HVH_024_000168	乃赖分躺三谷洪
HVH_024_000169	鱼年賜發丑科第二
HVH_024_000170	甲進出身照御
HVH_024_000171	史賴資輔谷汉社人在演解
HVH_024_000172	卡端慶仕至
HVH_024_000173	参
HVH_024_000174	政三十一生中安
HVH_024_000175	丁社人賜戊辰
HVH_024_000176	科第二甲进士
HVH_024_000177	身
HVH_024_000178	黎永绥賜戊
HVH_024_000179	辰
HVH_024_000180	科
HVH_024_000181	第
HVH_024_000182	国
HVH_024_000183	進士
HVH_024_000184	出身仕
HVH_024_000185	参政古邾
HVH_024_000186	社人位至乡
HVH_024_000187	部致士潘之人賜戈辰進身潘集室居厘陽社謀之奠洪顺三年襄
HVH_024_000188	晏皇帝賜辛未科第三甲国
HVH_024_000189	進士
HVH_024_000190	身
HVH_024_000191	佳参您
HVH_024_000192	连，安
HVH_024_000193	订社人
HVH_024_000194	莫
HVH_024_000195	朝大正九年仕主承
HVH_024_000196	政使司阮
HVH_024_000197	骡之曾孫乡
HVH_024_000198	舍社人今
HVH_024_000199	来会赐戊辰科同進士出身崇川伯玩良大正
HVH_024_000200	传至右侍
HVH_024_000201	部公
HVH_024_000202	乃杜
HVH_024_000203	拱
HVH_024_000204	父
HVH_024_000205	社最之
HVH_024_000206	曾祖十八年
HVH_024_000207	赐了丑科進出身杜
HVH_024_000208	卓異貫唐社辅
HVH_024_000209	衛社人大社
HVH_024_000210	卓黑子战祖
HVH_024_000211	十一年赐庚
HVH_024_000212	辰科
HVH_024_000213	第一甲
HVH_024_000214	及第第
HVH_024_000215	二仕東
HVH_024_000216	杜共二
HVH_024_000217	十六中輔術社人
HVH_024_000218	光宝秀潘集
HVH_024_000219	子
HVH_024_000220	二年赐丙辰科
HVH_024_000221	第二甲進士出身仕至意察御
HVH_024_000222	史潘忆仕至都
HVH_024_000223	臺御央岑浅
HVH_024_000224	社人
HVH_024_000225	賜
HVH_024_000226	丙辰科
HVH_024_000227	第
HVH_024_000228	三甲進去會
HVH_024_000229	元東
HVH_024_000230	溪侯
HVH_024_000231	阮康桑
HVH_024_000232	赐丙
HVH_024_000233	辰
HVH_024_000234	科
HVH_024_000235	進
HVH_024_000236	出身
HVH_024_000237	奉侠仕至尚
HVH_024_000238	卡
HVH_024_000239	墨
HVH_024_000240	社
HVH_024_000241	人
HVH_024_000242	光
HVH_024_000243	宝仕至
HVH_024_000244	憲察侠張
HVH_024_000245	衣
HVH_024_000246	裴抛山社人
HVH_024_000247	五年賜已
HVH_024_000248	未科同進
HVH_024_000249	士
HVH_024_000250	出身
HVH_024_000251	賜已
HVH_024_000252	未科第甲進
HVH_024_000253	身任尚都臺
HVH_024_000254	御史
HVH_024_000255	傑特
HVH_024_000256	社人山侯阮
HVH_024_000257	钦同得三气赐已
HVH_024_000258	未科
HVH_024_000259	第
HVH_024_000260	二甲进士出
HVH_024_000261	身至
HVH_024_000262	石部
HVH_024_000263	承政
HVH_024_000264	同沅
HVH_024_000265	在澤
HVH_024_000266	祖堂
HVH_024_000267	陽社人赐已未
HVH_024_000268	科
HVH_024_000269	同進士
HVH_024_000270	出
HVH_024_000271	身仕至参政大学士
HVH_024_000272	阮春
HVH_024_000273	光突
HVH_024_000274	巅社人
HVH_024_000275	淳福
HVH_024_000276	传至東
HVH_024_000277	湖大学
HVH_024_000278	士确溪社
HVH_024_000279	人
HVH_024_000280	光年赐壬
HVH_024_000281	成科第一
HVH_024_000282	甲
HVH_024_000283	進士及
HVH_024_000284	第第
HVH_024_000285	一卷
HVH_024_000286	左侍郎
HVH_024_000287	侯范维仕至尚夫仁里
HVH_024_000288	社
HVH_024_000289	公
HVH_024_000290	市雁
HVH_024_000291	社
HVH_024_000292	平府南赐壬
HVH_024_000293	戍科第甲
HVH_024_000294	進士出身临
HVH_024_000295	川王阮卿璧安丁
HVH_024_000296	社人美祠三点甲淳
HVH_024_000297	福七年
HVH_024_000298	賜戊辰
HVH_024_000299	科第
HVH_024_000300	二
HVH_024_000301	甲進士身宝察御央
HVH_024_000302	尚
HVH_024_000303	三九生甲
HVH_024_000304	灵江
HVH_024_000305	社人
HVH_024_000306	休至尚卡
HVH_024_000307	常六中賜
HVH_024_000308	成
HVH_024_000309	辰
HVH_024_000310	科第進
HVH_024_000311	士出身泉郡公阮澧傑特社人賜戊辰
HVH_024_000312	科
HVH_024_000313	第
HVH_024_000314	三甲
HVH_024_000315	进去
HVH_024_000316	身
HVH_024_000317	“仕至
HVH_024_000318	产部都给中
HVH_024_000319	同得
HVH_024_000320	商
HVH_024_000321	洗之星陽社人
HVH_024_000322	仕至
HVH_024_000323	提察街史定度
HVH_024_000324	之
HVH_024_000325	税
HVH_024_000326	气串康十年赐甲戌科
HVH_024_000327	進士身黎泰舍社人三
HVH_024_000328	十七中少
HVH_024_000329	山人荣
HVH_024_000330	康十年
HVH_024_000331	賜
HVH_024_000332	了世
HVH_024_000333	科甲同進士出身應制合路仕重富
HVH_024_000334	察御史阮
HVH_024_000335	明善在澤之祖赐了
HVH_024_000336	世
HVH_024_000337	科间進出身任政
HVH_024_000338	同文教
HVH_024_000339	厚易之人
HVH_024_000340	五
HVH_024_000341	十中赐了
HVH_024_000342	母同
HVH_024_000343	进
HVH_024_000344	士
HVH_024_000345	出身
HVH_024_000346	参
HVH_024_000347	桂
HVH_024_000348	成贯店精
HVH_024_000349	念輔街
HVH_024_000350	社人
HVH_024_000351	延成賜癸丑科
HVH_024_000352	同进
HVH_024_000353	士
HVH_024_000354	出身
HVH_024_000355	仕重意
HVH_024_000356	察使黎
HVH_024_000357	死慶
HVH_024_000358	卢舍
HVH_024_000359	社人年修
HVH_024_000360	玲
HVH_024_000361	社人端泰二年韩街
HVH_024_000362	补光
HVH_024_000363	兴仕至察
HVH_024_000364	使
HVH_024_000365	十
HVH_024_000366	二年賜
HVH_024_000367	乙丑科第三甲進士
HVH_024_000368	出身克慎辛师人敬宗惠
HVH_024_000369	皇帝
HVH_024_000370	黎朝
HVH_024_000371	中興弘
HVH_024_000372	定三
HVH_024_000373	年
HVH_024_000374	红至子
HVH_024_000375	改使子爵五下
HVH_024_000376	中河
HVH_024_000377	街社人赐壬寅科第
HVH_024_000378	三甲進士
HVH_024_000379	出身奉使致
HVH_024_000380	仕赠工部
HVH_024_000381	左侍伯
HVH_024_000382	阮德请
HVH_024_000383	二弘
HVH_024_000384	定
HVH_024_000385	四
HVH_024_000386	十
HVH_024_000387	六甲
HVH_024_000388	五
HVH_024_000389	年
HVH_024_000390	阮世
HVH_024_000391	標黑假
HVH_024_000392	新
HVH_024_000393	人
HVH_024_000394	德隆三
HVH_024_000395	年神
HVH_024_000396	宗渊皇帝仕至工部
HVH_024_000397	尚丰
HVH_024_000398	少保起
HVH_024_000399	復锦郡公賜辛未科第甲
HVH_024_000400	進
HVH_024_000401	士及第
HVH_024_000402	第三各会
HVH_024_000403	庭第致仕
HVH_024_000404	赠知#部南
HVH_024_000405	卡赐
HVH_024_000406	文斗阮明哲公乃阮
HVH_024_000407	善之孫五歲书賜丙成科
HVH_024_000408	第三甲進
HVH_024_000409	士
HVH_024_000410	出身應制第一仕至参從部尚侯少保同文
HVH_024_000411	教之孫致仕
HVH_024_000412	加赠吏部尚卡郡
HVH_024_000413	公同存泽厘尚社人仕
HVH_024_000414	至刑
HVH_024_000415	科
HVH_024_000416	都给事
HVH_024_000417	中キ七賜
HVH_024_000418	来科章
HVH_024_000419	進
HVH_024_000420	士出
HVH_024_000421	身應制
HVH_024_000422	合阮老宅祥特
HVH_024_000423	五年
HVH_024_000424	景治赐庚戍科第三甲同進士出
HVH_024_000425	身仕至光進
HVH_024_000426	慎禄大
HVH_024_000427	夫
HVH_024_000428	光禄寺鄉加赠年特進金
HVH_024_000429	業福大夫部左侍部池侯賜思陳陈祖直池人正和秦使仕至礼部尚卡左侍部刊
HVH_024_000430	爵七四年賜多科第三甲同進士身
HVH_024_000431	赠户新尚丰侯爵陳進諫
HVH_024_000432	厘
HVH_024_000433	湯社人
HVH_024_000434	钦
HVH_024_000435	之玄孩
HVH_024_000436	正和九年
HVH_024_000437	赐
HVH_024_000438	戌
HVH_024_000439	辰科第
HVH_024_000440	同進士出身仕至
HVH_024_000441	旨阮俊傑
HVH_024_000442	特礼人至灵正和伏至
HVH_024_000443	部徒礼部
HVH_024_000444	左侍郎
HVH_024_000445	東伯
HVH_024_000446	奉
HVH_024_000447	二七田至十年赐辛未科第
HVH_024_000448	進出身
HVH_024_000449	應
HVH_024_000450	制合格差镇
HVH_024_000451	守山西
HVH_024_000452	赠户部尚丰東
HVH_024_000453	部公中舍交同今梧同存泽云
HVH_024_000454	子同沃之曾孫赐幸未
HVH_024_000455	科
HVH_024_000456	同進
HVH_024_000457	身参政同秉猶
HVH_024_000458	賜辛
HVH_024_000459	未
HVH_024_000460	科同进士
HVH_024_000461	出身参
HVH_024_000462	枚
HVH_024_000463	瑞二十二十一
HVH_024_000464	生年
HVH_024_000465	光泽之子
HVH_024_000466	赐辛
HVH_024_000467	未科
HVH_024_000468	同進
HVH_024_000469	出身
HVH_024_000470	任至参
HVH_024_000471	政阮光胎
HVH_024_000472	傑
HVH_024_000473	特社
HVH_024_000474	人永
HVH_024_000475	盛二十七三中六
HVH_024_000476	年賜庚
HVH_024_000477	寅科
HVH_024_000478	第三
HVH_024_000479	甲同進士
HVH_024_000480	出
HVH_024_000481	身
HVH_024_000482	仕至東阁大
HVH_024_000483	考吉阮赐
HVH_024_000484	永盛
HVH_024_000485	住全特进
HVH_024_000486	金業大
HVH_024_000487	夫参
HVH_024_000488	提
HVH_024_000489	礼部尚
HVH_024_000490	干八
HVH_024_000491	傳
HVH_024_000492	秘运高年赐戊戌科第三甲同進
HVH_024_000493	士士身致仕起復辉部公赠封少
HVH_024_000494	侈赐忠
HVH_024_000495	雅化主
HVH_024_000496	封朝到
HVH_024_000497	大
HVH_024_000498	夫輪林院
HVH_024_000499	待讀
HVH_024_000500	清花賜戊辰科第三甲
HVH_024_000501	同进士出
HVH_024_000502	身應制合
HVH_024_000503	检
HVH_024_000504	参政使
HVH_024_000505	御史加
HVH_024_000506	赠特進金紫荣祥大
HVH_024_000507	夫陳璟子工
HVH_024_000508	部左
HVH_024_000509	侍郊
HVH_024_000510	美熟伯陳直他社人恩賜送忠景
HVH_024_000511	興仕全特进金業荣福大夫海陽山面
HVH_024_000512	陳
HVH_024_000513	辉
HVH_024_000514	璉買林
HVH_024_000515	富市四
HVH_024_000516	年赐已多科第二
HVH_024_000517	甲
HVH_024_000518	同进士出身処赞
HVH_024_000519	治承政侯
HVH_024_000520	突激人其文
HVH_024_000521	习き任前日有功国有功终
HVH_024_000522	民有功
HVH_024_000523	到斯道
HVH_024_000524	後世必之
HVH_024_000525	敢告礼也
HVH_024_000526	恭
HVH_024_000527	惟先贤羽儀前代模範後人天正值礼效载陈佛祈默相大振斯文本縣
HVH_024_000528	遺制諸台公及秋图中
HVH_024_000529	送鴻碩者渊諸先单同来鉴
HVH_024_000530	格一你由
HVH_024_000531	傳釋詳兼理至吴川
HVH_024_000532	风景人物才名
HVH_024_000533	集為歌
HVH_024_000534	韻一
HVH_024_000535	婦便侠各縣會成
HVH_024_000536	圖誌仰台臺明镜高将拳十八雷封微美锦阁之清照维云不敏敢不俯陳见
HVH_024_000537	闻綴就一幸惟管纳韵
HVH_024_000538	至
HVH_024_000539	灵百里分疆界地誌促前明记载東连炭
HVH_024_000540	山水中流
HVH_024_000541	面接
HVH_024_000542	青林郊野外南邵青
HVH_024_000543	河青
HVH_024_000544	林
HVH_024_000545	北達諒江圖县
HVH_024_000546	在
HVH_024_000547	居间大川
HVH_024_000548	河
HVH_024_000549	南河北古名
HVH_024_000550	傳村社数五半老山
HVH_024_000551	谷半平
HVH_024_000552	田
HVH_024_000553	中
HVH_024_000554	风景
HVH_024_000555	中有大河上自六江横流下
HVH_024_000556	至万
HVH_024_000557	渡
HVH_024_000558	東流炎山时岸一
HVH_024_000559	派直下至白
HVH_024_000560	江一冰東流從高堆
HVH_024_000561	安户安
HVH_024_000562	田青河逢先明今
HVH_024_000563	花歸于大海本縣原有七支碍供特古制东淮是
HVH_024_000564	四在
HVH_024_000565	河之
HVH_024_000566	地
HVH_024_000567	而朗
HVH_024_000568	乃三州河之南
HVH_024_000569	故有河南河北
HVH_024_000570	号
HVH_024_000571	河北四县居山谷南河三背居曠野
HVH_024_000572	其地
HVH_024_000573	引誌
HVH_024_000574	及直
HVH_024_000575	池社副都
HVH_024_000576	御史
HVH_024_000577	陈所作記载明矣碧水青山鐘秀
HVH_024_000578	氣分明
HVH_024_000579	勝地
HVH_024_000580	微甜記古今玩
HVH_024_000581	人地設无勝致先徒支碍説
HVH_024_000582	山
HVH_024_000583	鳳眼前碑石不刊石壁连空
HVH_024_000584	雲漠青泉
HVH_024_000585	水闲全帳临武
HVH_024_000586	天
HVH_024_000587	植麒麟耸世间玉
HVH_024_000588	橋青洞遐明月
HVH_024_000589	僧
HVH_024_000590	院禅
HVH_024_000591	庵最碧滩
HVH_024_000592	景物
HVH_024_000593	不儿兴誌
HVH_024_000594	古煙霞辣元旦小看山
HVH_024_000595	雨细
HVH_024_000596	微出雲深
HVH_024_000597	影降日濃漫侧随風葡瑟离足稀
HVH_024_000598	媒我邀人间春雨詩云渔含玉轻得天信进限替泄地機起香炸残凭材翁未把一梨运星山在支碍总前属
HVH_024_000599	京地处鳳眼縣今有碑尚脉北来玄
HVH_024_000600	武有金帳开
HVH_024_000601	其山形如麒麟尊峙山有古洞其中广大号清阀下有名
HVH_024_000602	泉辰流
HVH_024_000603	不洞号玉
HVH_024_000604	南誌
HVH_024_000605	背言山上有清虚洞徽玉绝人间腾景即地麓干寬廣干铺如基石器山
HVH_024_000606	環抱安
HVH_024_000607	阜
HVH_024_000608	岸百里草
HVH_024_000609	之朝对如
HVH_024_000610	在面前有池
HVH_024_000611	塘澄兮清
HVH_024_000612	秀边泉水流山前
HVH_024_000613	支曲去十里外八
HVH_024_000614	于大江
HVH_024_000615	登山眺
HVH_024_000616	望快人
HVH_024_000617	心目真
HVH_024_000618	天
HVH_024_000619	好林
HVH_024_000620	陳
HVH_024_000621	朝竹林
HVH_024_000622	禅師第二祖法
HVH_024_000623	螺乐庵居之
HVH_024_000624	明宗皇
HVH_024_000625	年展
HVH_024_000626	有
HVH_024_000627	妆
HVH_024_000628	元李道成字尚惠号
HVH_024_000629	吉
HVH_024_000630	光奈贯
HVH_024_000631	嘉林万
HVH_024_000632	司社
HVH_024_000633	辞取饭禅
HVH_024_000634	于
HVH_024_000635	東
HVH_024_000636	潮縣
HVH_024_000637	安
HVH_024_000638	子山
HVH_024_000639	寺三年奉詔歸朝作
HVH_024_000640	齋坛七昼
HVH_024_000641	夜再歸居于
HVH_024_000642	山
HVH_024_000643	寺有地及黎朝
HVH_024_000644	初旨村
HVH_024_000645	服侯
HVH_024_000646	阮鹰
HVH_024_000647	柳齋先生亦泰焉其歌往终南越群臣
HVH_024_000648	諸集黎朝聖
HVH_024_000649	宗淳皇帝經通
HVH_024_000650	山云
HVH_024_000651	。
HVH_024_000652	净
HVH_024_000653	水楼景
HVH_024_000654	至赤古
HVH_024_000655	人陳
HVH_024_000656	已
HVH_024_000657	依
HVH_024_000658	天供娱赏不尽人指代有助会视
HVH_024_000659	事無记载示职行中刻有闭
HVH_024_000660	斯樂付
HVH_024_000661	僧意自知巷有感慨也今考到詩送命可见
HVH_024_000662	者惟古寺
HVH_024_000663	及庵在焉首
HVH_024_000664	地
HVH_024_000665	如每以新春流茅含板小圃秋深興轉清梅早菊萝贤菜子松竹瘦老公鄉集见者道路如为一方勝马樹喧風怒心难動雪尽山高自明西望燈花青日薄难思遠精音区凤
HVH_024_000666	凰京
HVH_024_000667	地谷山古特占未度拳朝向星興
HVH_024_000668	两臂张形舞荣
HVH_024_000669	極
HVH_024_000670	宫中月一
HVH_024_000671	輪添光殿下千樹
HVH_024_000672	警池珠
HVH_024_000673	开鹿
HVH_024_000674	寺庵
HVH_024_000675	玄雲山洞寒滩墓臺收
HVH_024_000676	拾般清樵隐白雲歸步五碑阙问德遗踪
HVH_024_000677	山人相对毒風
HVH_024_000678	凰山在特前属鳳眼伊
HVH_024_000679	山最冬向美界西
HVH_024_000680	臂张形和鳳舞布一佳致
HVH_024_000681	流光殿下松干
HVH_024_000682	衡故縣以风眼
HVH_024_000683	发俗傳
HVH_024_000684	山有装
HVH_024_000685	富流光殿水公题尽
HVH_024_000686	县天手裁今真
HVH_024_000687	宫遗
HVH_024_000688	地在惟
HVH_024_000689	古
HVH_024_000690	寺遗址
HVH_024_000691	尚存焉
HVH_024_000692	山下有好
HVH_024_000693	井
HVH_024_000694	其地出代
HVH_024_000695	赫石色尚
HVH_024_000696	鲜異他産水色如丹土色亦如母土
HVH_024_000697	人尖竹筒穿刺开底
HVH_024_000698	得其殊軟如泥爆乾碳色明坚好
HVH_024_000699	量为点品中间伊社人责
HVH_024_000700	德妃礼便
HVH_024_000701	预知税
HVH_024_000702	倒乃督平本社以巨石
HVH_024_000703	填之自此失其
HVH_024_000704	开
HVH_024_000705	处塘有#巌
HVH_024_000706	多振为桑殊
HVH_024_000707	其地地也
HVH_024_000708	近日累命官
HVH_024_000709	底勘命可
HVH_024_000710	桑绑人不知其病
HVH_024_000711	今所珠皆骨產
HVH_024_000712	又有一
HVH_024_000713	处水流
HVH_024_000714	号
HVH_024_000715	水
HVH_024_000716	池
HVH_024_000717	戟音阜中所
HVH_024_000718	载水
HVH_024_000719	池星
HVH_024_000720	也俗語号
HVH_024_000721	云
HVH_024_000722	堵
HVH_024_000723	沐
HVH_024_000724	山腰有寺
HVH_024_000725	日
HVH_024_000726	奇
HVH_024_000727	陳朝
HVH_024_000728	進士
HVH_024_000729	玄雲
HVH_024_000730	后煉
HVH_024_000731	册裕
HVH_024_000732	禁辰常赴
HVH_024_000733	京间以修辣法賜号玄
HVH_024_000734	洞寺有寺日
HVH_024_000735	寒滩僧每
HVH_024_000736	已
HVH_024_000737	朝
HVH_024_000738	文青池縣光烈社同子
HVH_024_000739	司葉朱安
HVH_024_000740	上七新御而歸爱至昊山店之号先生北山也社入待集鳳风山有云相连未
HVH_024_000741	有休官的
HVH_024_000742	灵微还
HVH_024_000743	魔
HVH_024_000744	关
HVH_024_000745	我否是其
HVH_024_000746	卧也贈文
HVH_024_000747	贞促
HVH_024_000748	礼太庙許見国
HVH_024_000749	史
HVH_024_000750	後
HVH_024_000751	人有
HVH_024_000752	待
HVH_024_000753	云七
HVH_024_000754	成便至灵终老飾
HVH_024_000755	青池
HVH_024_000756	縣礼
HVH_024_000757	为前哲祠在云莫末
HVH_024_000758	求赖欣程秉院謙号白雲先生亦隐居宁
HVH_024_000759	山前黎朝青池
HVH_024_000760	縣盛烈社行修参政公立
HVH_024_000761	碑山侧至今僧住持斯山多善岸盖得山财召之也僧多植松至今孤墙
HVH_024_000762	不
HVH_024_000763	务涂换望
HVH_024_000764	之如雲
HVH_024_000765	石语之岂其地有宜松
HVH_024_000766	哉彼人有义终古
HVH_024_000767	令人斗
HVH_024_000768	山最爱地
HVH_024_000769	山第一
HVH_024_000770	峯群星拱样引陽龍故城山上英雄迹古寺山頭隐
HVH_024_000771	逸
HVH_024_000772	普夷
HVH_024_000773	音風迎
HVH_024_000774	平滩鱼火月明中右颜白雁金堆案十英
HVH_024_000775	雄世面望左
HVH_024_000776	支南润
HVH_024_000777	葉貴
HVH_024_000778	氣典昇龍陈庵李府
HVH_024_000779	桑異山樹江寒古後同至灵
HVH_024_000780	古
HVH_024_000781	水山
HVH_024_000782	高意山
HVH_024_000783	氣力交
HVH_024_000784	高
HVH_024_000785	异
HVH_024_000786	遗
HVH_024_000787	牵
HVH_024_000788	云
HVH_024_000789	即
HVH_024_000790	共
HVH_024_000791	地也山上有
HVH_024_000792	古城史
HVH_024_000793	记所謂至灵古
HVH_024_000794	城是也
HVH_024_000795	世傳
HVH_024_000796	则永樂药
HVH_024_000797	後
HVH_024_000798	莫康
HVH_024_000799	祐又度而大
HVH_024_000800	之
HVH_024_000801	山面
HVH_024_000802	辰
HVH_024_000803	首黎故臣亦曾起兵
HVH_024_000804	于又有古響蓝滴山岸
HVH_024_000805	乃京
HVH_024_000806	地普
HVH_024_000807	辣寺钟声相闻甚近前望六
HVH_024_000808	頭江
HVH_024_000809	大滩
HVH_024_000810	洲渔火月
HVH_024_000811	明景至可
HVH_024_000812	爱
HVH_024_000813	吕日早平滩渔留短夜寒普火燃孤不知今古
HVH_024_000814	临客亦有江山映望無有诗云山之下東南
HVH_024_000815	有又
HVH_024_000816	永修楼绿似野
HVH_024_000817	程行尽
HVH_024_000818	中排十服红雪
HVH_024_000819	倦付興江山一放开白雁茨孕沙一带如雁
HVH_024_000820	形沙
HVH_024_000821	色如
HVH_024_000822	白银長数十火高数尺号白雁沙
HVH_024_000823	近望如銀
HVH_024_000824	遠
HVH_024_000825	望如
HVH_024_000826	水相传有北人讲晟吉泉課云白雁生毛產尽
HVH_024_000827	英
HVH_024_000828	豪京
HVH_024_000829	北处慈
HVH_024_000830	山府武江
HVH_024_000831	縣金推社黄骏
HVH_024_000832	祖墓于北
HVH_024_000833	山正
HVH_024_000834	村北沙送
HVH_024_000835	速生十八进此
HVH_024_000836	来青草已生什分只在三四楼進有
HVH_024_000837	崇
HVH_024_000838	寺属南涧
HVH_024_000839	社地分地
HVH_024_000840	理家
HVH_024_000841	之安南貴
HVH_024_000842	局以古碑
HVH_024_000843	为中支
HVH_024_000844	昇
HVH_024_000845	意为右支南洞为左支寺後有古府
HVH_024_000846	一
HVH_024_000847	运李朝
HVH_024_000848	所
HVH_024_000849	主朝修理寺
HVH_024_000850	庵是朝反纪多出逢于樂
HVH_024_000851	山萬
HVH_024_000852	劫两星島儿干南曹双对号天别江湾乙学朝
HVH_024_000853	嫩山中峙童形抱颐
HVH_024_000854	汉际剩
HVH_024_000855	樹花圆
HVH_024_000856	破賊餘
HVH_024_000857	成
HVH_024_000858	香火庙摸席除
HVH_024_000859	魔事有谷将灵神
HVH_024_000860	长不老今岁
HVH_024_000861	数社华山
HVH_024_000862	社與鳳
HVH_024_000863	眼縣万社楼界其他万行奄超自山頭而如坐展两旁突起双峯一在兼山
HVH_024_000864	社俗得山上有寺一老居之能言祸福集應四来问
HVH_024_000865	转轉后不知所
HVH_024_000866	之只見壁上题云南曹
HVH_024_000867	上
HVH_024_000868	靈宵因即甚事心奉礼故号南曹
HVH_024_000869	山一在
HVH_024_000870	萬翅社俗有商賣人液行至山下
HVH_024_000871	泪有大人
HVH_024_000872	声反覆說話人间善
HVH_024_000873	恶天事鹅鸣忽面風来祥雲四合隐然有行声见出上天人星對绵衣坐
HVH_024_000874	雲車腾空而
HVH_024_000875	上明日语
HVH_024_000876	土人主祠
HVH_024_000877	奉
HVH_024_000878	号北
HVH_024_000879	斗山南曹山两山中有嫩
HVH_024_000880	山前星有里天德江湾抱艺宇陳朝崇室興
HVH_024_000881	道大王東国俊北地为花园
HVH_024_000882	公教老颜典鳥马于白江
HVH_024_000883	後人
HVH_024_000884	即其地主祠奉祀今
HVH_024_000885	号殿
HVH_024_000886	泊世俗婦人病不產者
HVH_024_000887	指謂苑颜病詣祈禱将新席换
HVH_024_000888	取神住首席将四病人
HVH_024_000889	卧之其病痊愈
HVH_024_000890	遠香
HVH_024_000891	邪病往来接踵
HVH_024_000892	歲月如
HVH_024_000893	流今至然樂山象宛金
HVH_024_000894	电亦是谷山秀可奇樹色花围晴日
HVH_024_000895	牧
HVH_024_000896	歌想
HVH_024_000897	唱遠風
HVH_024_000898	吹
HVH_024_000899	小江秋色波澄
HVH_024_000900	除
HVH_024_000901	古
HVH_024_000902	市朝陽
HVH_024_000903	客會
HVH_024_000904	辰
HVH_024_000905	任旅圆臣清学党故山
HVH_024_000906	新庙共生
HVH_024_000907	樂山社
HVH_024_000908	有工号月
HVH_024_000909	山实起江迎酷侧形草木青常牧
HVH_024_000910	蕉来往下有古市号口
HVH_024_000911	助
HVH_024_000912	天
HVH_024_000913	每月九初于番奏集
HVH_024_000914	为三都会成辰年本省正宗室官楼兵討
HVH_024_000915	賊屯在北山夜有神爱园命建山凝786嗣德式格零年浅墨洞龟山清景占炭山分
HVH_024_000916	天險禅庵上
HVH_024_000917	樹参美江带腰环波漱山湾艳首镇堂俗
HVH_024_000918	合登林一
HVH_024_000919	望眼中寬七郡山河歸点墨洞社有一山突起高
HVH_024_000920	峯占平
HVH_024_000921	原江衬
HVH_024_000922	岸乃到门府山縣
HVH_024_000923	有渡号萬
HVH_024_000924	渡
HVH_024_000925	清
HVH_024_000926	凉
HVH_024_000927	江有社小溪清夹风山道
HVH_024_000928	傳言首朝镇于此号营
HVH_024_000929	山上
HVH_024_000930	有古寺登临一望别门七郡
HVH_024_000931	山河尽在目
HVH_024_000932	中再举名川续説雁湾
HVH_024_000933	台渡
HVH_024_000934	县零陽六
HVH_024_000935	頭
HVH_024_000936	上版江流會中
HVH_024_000937	有滩洲
HVH_024_000938	一带長東
HVH_024_000939	北意珠多
HVH_024_000940	會汪
HVH_024_000941	頃達玄洋進恩將煌波路賣炭船故王倒
HVH_024_000942	式艘艦路一帆風力壓元疆今風
HVH_024_000943	景
HVH_024_000944	許秀水
HVH_024_000945	明甲
HVH_024_000946	一勝也今本省
HVH_024_000947	母日星陽社厚陽
HVH_024_000948	社
HVH_024_000949	津渡古
HVH_024_000950	号
HVH_024_000951	雁湾今号厚湾其江天上自頭江接夹北寧省安勇凤服桂陽嘉
HVH_024_000952	会看山川灵物
HVH_024_000953	具至灵士号各
HVH_024_000954	何粤觀自首李
HVH_024_000955	陈
HVH_024_000956	歷阅諸科
HVH_024_000957	贤
HVH_024_000958	哲
HVH_024_000959	古英毓秀钟
HVH_024_000960	正氣
HVH_024_000961	牧地
HVH_024_000962	吴
HVH_024_000963	人斯雄文
HVH_024_000964	人间甲
HVH_024_000965	第科
HVH_024_000966	登仕路
HVH_024_000967	及
HVH_024_000968	第出
HVH_024_000969	身四发
HVH_024_000970	荣御昼锦重步累
HVH_024_000971	朝車马
HVH_024_000972	風暗程
HVH_024_000973	镜
HVH_024_000974	草花辉似敬
HVH_024_000975	相印身世上
HVH_024_000976	豪或信權领
HVH_024_000977	文
HVH_024_000978	中
HVH_024_000979	武御碑科永
HVH_024_000980	流艺边姓谷長
HVH_024_000981	子
HVH_024_000982	雄武臣
HVH_024_000983	不可言
HVH_024_000984	彬之貢士难收教单提其天就中
HVH_024_000985	春善见他人長仰幕
HVH_024_000986	。
HVH_024_000987	恩赐
HVH_024_000988	大科五一除的歌
HVH_024_000989	事迹数中人
HVH_024_000990	品中有
HVH_024_000991	久自
HVH_024_000992	李
HVH_024_000993	以来
HVH_024_000994	登仕
HVH_024_000995	籍貴题景
HVH_024_000996	朝中大
HVH_024_000997	科者九五十五武将不可勝
HVH_024_000998	言生
HVH_024_000999	不可尽会
HVH_024_001000	草举其大世人
HVH_024_001001	所共知主者特表而揭之
HVH_024_001002	集为诗歌說話事进
HVH_024_001003	詳到如後以其傳
HVH_024_001004	灌
HVH_024_001005	洞三
HVH_024_001006	贤莫挺之山精横氣传
HVH_024_001007	疑東河童斜
HVH_024_001008	元
HVH_024_001009	占北使
HVH_024_001010	鸿西
HVH_024_001011	图知皇越
HVH_024_001012	史
HVH_024_001013	编铭鼎蹟
HVH_024_001014	古齋王業骏豊貼
HVH_024_001015	天市悦仰人記有公
HVH_024_001016	钱
HVH_024_001017	课有諫
HVH_024_001018	神庙不随
HVH_024_001019	滄海变
HVH_024_001020	課堂亭
HVH_024_001021	橘
HVH_024_001022	林年
HVH_024_001023	餘五百人此
HVH_024_001024	見谷
HVH_024_001025	在秋譽永驰
HVH_024_001026	赐甲辰科第一甲進
HVH_024_001027	士公
HVH_024_001028	姓莫
HVH_024_001029	挺之号无杏字夫
HVH_024_001030	乃墙洞
HVH_024_001031	社人也
HVH_024_001032	楼安陵碑记
HVH_024_001033	乃平河竦高御人也
HVH_024_001034	会郎洞
HVH_024_001035	郊平
HVH_024_001036	河一作索
HVH_024_001037	河楼南河上畔沿江一
HVH_024_001038	带古号壹河社
HVH_024_001039	亦号平
HVH_024_001040	河
HVH_024_001041	社
HVH_024_001042	今黎舍寺谷旁
HVH_024_001043	寺
HVH_024_001044	渡谷平
HVH_024_001045	渡
HVH_024_001046	是甚即也
HVH_024_001047	或
HVH_024_001048	平或
HVH_024_001049	旁二号聲音相似或為二益
HVH_024_001050	皆不可考古者东
HVH_024_001051	高淹
HVH_024_001052	洞是一
HVH_024_001053	社其分为二社
HVH_024_001054	傳言公贯
HVH_024_001055	在
HVH_024_001056	洞域
HVH_024_001057	高堆高乃学堂之所也其先祖题绩李朝仁宗皇帝廣祐二年
HVH_024_001058	两宗
HVH_024_001059	科
HVH_024_001060	试文学翰林院首送第一谷仕至部尚書赐金紫袋今中先员公其
HVH_024_001061	也當此未其始知公乃题绩三曾孫有進士
HVH_024_001062	之谷第建官中广祐五年已时科试文学送
HVH_024_001063	仕至
HVH_024_001064	工部尚
HVH_024_001065	書莫建官之堂佳
HVH_024_001066	也久家食父母以株
HVH_024_001067	薪为菜中有大陵阜林木茂此有猫猴案公餘捷記云居三日母往株为老猴
HVH_024_001068	逼肠歸告夫其夫遂
HVH_024_001069	服婦服依刁而
HVH_024_001070	至换態復来同而之置
HVH_024_001071	尸于侧他日绥过此处成一坟
HVH_024_001072	其後母依胎而尋誕公婆相再
HVH_024_001073	陋恰似形以
HVH_024_001074	为族精之其
HVH_024_001075	父以为異
HVH_024_001076	事遗属事终猴坟上
HVH_024_001077	巷然會天機故也
HVH_024_001078	主今尚
HVH_024_001079	存公資質遇
HVH_024_001080	人悟殊常少自成童见人为始交
HVH_024_001081	死
HVH_024_001082	公戲作
HVH_024_001083	文
HVH_024_001084	惜春青未誰鸟語口诗曰伤3薄被子蛇咬盖
HVH_024_001085	美國語讀其出人氣象此矣皇子昭國王豆禮开
HVH_024_001086	孝掌教習公生受少年通達陳朝英宗皇帝興隆十二年赐甲辰神状元及第太
HVH_024_001087	生舅首党
HVH_024_001088	内書家刘策文魁多士上以形容贱随不欲兴公状元公作主井莲贼以自
HVH_024_001089	脱巷謂莲在开中维卑
HVH_024_001090	的可贵上揽
HVH_024_001091	悟遂置上故本制状元公其地戊申興隆十
HVH_024_001092	年公奉使
HVH_024_001093	如
HVH_024_001094	元報
HVH_024_001095	聘交開日遇阻
HVH_024_001096	風雨後
HVH_024_001097	期開门闭不
HVH_024_001098	兴
HVH_024_001099	公进入公乃辞
HVH_024_001100	至请地人拒
HVH_024_001101	之出社甸一
HVH_024_001102	联云
HVH_024_001103	到開远開讯团願過客過闹
HVH_024_001104	公乃北人服其敏用
HVH_024_001105	阁
HVH_024_001106	赐進至北朝元
HVH_024_001107	人
HVH_024_001108	以
HVH_024_001109	其公穿陋部
HVH_024_001110	山伏之使人鸟鼓於地中公马驚人关之公曰今雷在地鸡非其
HVH_024_001111	辰也故我服
HVH_024_001112	斗百宰相官召
HVH_024_001113	八政府俱坐特当五月间薄
HVH_024_001114	帐有铺黄
HVH_024_001115	翟社竹枝
HVH_024_001116	上思为生雀超就捕乡人乃
HVH_024_001117	关其都德装之泉人背怪问父
HVH_024_001118	社日我闻古人有梅
HVH_024_001119	雀昼未间有竹雀昼今宰相长裡
HVH_024_001120	铺
HVH_024_001121	雀
HVH_024_001122	夫
HVH_024_001123	者君子也
HVH_024_001124	内崔者小人也今宰相靖是人加终君子上我
HVH_024_001125	小人道長君子道消
HVH_024_001126	故为
HVH_024_001127	朝之耳泉人服演备流金燥石天地為炉波於斯辰兮伊周巨儒
HVH_024_001128	北风其凉雨雪载金汝斯茂
HVH_024_001129	美齋钱
HVH_024_001130	夫意
HVH_024_001131	用之則行舍之则
HVH_024_001132	藏惟我然有是
HVH_024_001133	夫皖成進
HVH_024_001134	呈
HVH_024_001135	元帝嘉
HVH_024_001136	漢
HVH_024_001137	禦肇圈
HVH_024_001138	句
HVH_024_001139	封赐号
HVH_024_001140	两國
HVH_024_001141	状元值至試
HVH_024_001142	期试预中格
HVH_024_001143	子常北
HVH_024_001144	人遇于
HVH_024_001145	途公来觸其北
HVH_024_001146	人三
HVH_024_001147	馬
HVH_024_001148	北人誦觸我北
HVH_024_001149	人
HVH_024_001150	出
HVH_024_001151	衬云杞
HVH_024_001152	己
HVH_024_001153	木否木如何
HVH_024_001154	托为禧公对去公对云因出人
HVH_024_001155	八王成国日火雲煙
HVH_024_001156	白旦烧残玉兔北人云公後世
HVH_024_001157	子孫必有
HVH_024_001158	王者但
HVH_024_001159	嫌单字國不長地人又
HVH_024_001160	出之对云
HVH_024_001161	月弓星碑黄昏射落金
HVH_024_001162	鸟北人楊云公後世子孫必有篡
HVH_024_001163	國
HVH_024_001164	者
HVH_024_001165	北
HVH_024_001166	人
HVH_024_001167	去云疆魅小鬼盖議其卑他也公云琴
HVH_024_001168	瑟
HVH_024_001169	八大王北人
HVH_024_001170	特云
HVH_024_001171	後當血食神
HVH_024_001172	北
HVH_024_001173	人出
HVH_024_001174	之铁情墙頭談曾
HVH_024_001175	論
HVH_024_001176	知为
HVH_024_001177	知不知为
HVH_024_001178	不知是知盖汉鳥人
HVH_024_001179	古公乃以類北
HVH_024_001180	人面之
HVH_024_001181	竭鳴池
HVH_024_001182	上讀周
HVH_024_001183	書步独与累步嘉步北人出云涌屋日穿形鷄卵三三
HVH_024_001184	四四之長江
HVH_024_001185	波動
HVH_024_001186	泉麗
HVH_024_001187	重重北人出六落浴水神毫草名儿天致九地致九九九八十双效效混成三文道道
HVH_024_001188	在元始
HVH_024_001189	天尊有盛公对云岐山鸟鳳两呈祥雄声六雕声六六天三二声九造九重天天锡嘉静皇
HVH_024_001190	帝寺斋疆随田进水貌尖針到
HVH_024_001191	底常来北人
HVH_024_001192	初
HVH_024_001193	見其質
HVH_024_001194	常贱之
HVH_024_001195	遂浮萍为
HVH_024_001196	地岑浮
HVH_024_001197	云空有报
HVH_024_001198	艺葉#生枝薛献
HVH_024_001199	生
HVH_024_001200	。
HVH_024_001201	寧知聚処焉知散但试净衣
HVH_024_001202	不浅泷锦麟宏物干容
HVH_024_001203	针大底汉唐风色
HVH_024_001204	恶早运湖海竟無菜
HVH_024_001205	托
HVH_024_001206	此
HVH_024_001207	赋物公
HVH_024_001208	和原
HVH_024_001209	韻公即和云五葉
HVH_024_001210	連招不
HVH_024_001211	沐深常马白
HVH_024_001212	雪
HVH_024_001213	氣水面当容
HVH_024_001214	财月波心千會浪杯成
HVH_024_001215	礼
HVH_024_001216	破美泽风吹永洗
HVH_024_001217	多
HVH_024_001218	少照
HVH_024_001219	意藏视底木公斋計马
HVH_024_001220	节
HVH_024_001221	其神答当口成
HVH_024_001222	有少屈
HVH_024_001223	者地
HVH_024_001224	朝公矢者青天一
HVH_024_001225	氣雲紅炉蓝也薨
HVH_024_001226	時命父讀祝及就讀特只見張空四疑独题一字公矢口应桑雲一照雪上苑
HVH_024_001227	一枝花廣寒一片月意
HVH_024_001228	雲散
HVH_024_001229	雪消花残月鉄北人驚
HVH_024_001230	服
HVH_024_001231	其
HVH_024_001232	文载北
HVH_024_001233	書在北國元人大奇
HVH_024_001234	其才而察其相魏可貴者
HVH_024_001235	乃去廁滑之見其便方謂公有隐相所貴者在此是也
HVH_024_001236	後公使
HVH_024_001237	回認其土见先皆不許可
HVH_024_001238	至父始蹟称日真是發
HVH_024_001239	也今其地形甚佳
HVH_024_001240	俗
HVH_024_001241	眼
HVH_024_001242	观之
HVH_024_001243	商知其贵格但水不停畜貴而
HVH_024_001244	不
HVH_024_001245	富故公为
HVH_024_001246	人
HVH_024_001247	廉薄自
HVH_024_001248	奉明宗体見其情使人将残暮夜置公
HVH_024_001249	门内公明朝以事闻帝
HVH_024_001250	日
HVH_024_001251	线修主鄉任取第一
HVH_024_001252	魁元早到
HVH_024_001253	身吉官不改首
HVH_024_001254	清貧之其清壤
HVH_024_001255	操類如後来脱軒先生
HVH_024_001256	有依待之扇
HVH_024_001257	重寓燕基誉使方知國有
HVH_024_001258	人巷以也初公
HVH_024_001259	使
HVH_024_001260	回上
HVH_024_001261	命太
HVH_024_001262	僚
HVH_024_001263	修服有
HVH_024_001264	谢文其後化
HVH_024_001265	憲
HVH_024_001266	宗時八
HVH_024_001267	侍
HVH_024_001268	内行右
HVH_024_001269	司
HVH_024_001270	部
HVH_024_001271	中歷至八内大
HVH_024_001272	行譴木
HVH_024_001273	保左侯射
HVH_024_001274	门下
HVH_024_001275	黄
HVH_024_001276	中门
HVH_024_001277	兼
HVH_024_001278	中書您政
HVH_024_001279	知軍民
HVH_024_001280	重更
HVH_024_001281	专
HVH_024_001282	官
HVH_024_001283	清介
HVH_024_001284	心
HVH_024_001285	忠
HVH_024_001286	想书
HVH_024_001287	安海西國
HVH_024_001288	泽被
HVH_024_001289	當特常作訓書以遗来世今失凌碑平生
HVH_024_001290	文章其
HVH_024_001291	多其行于世
HVH_024_001292	者维見越
HVH_024_001293	见
HVH_024_001294	群
HVH_024_001295	贸
HVH_024_001296	集見
HVH_024_001297	国朝新铭祭文自四首三日集
HVH_024_001298	賦
HVH_024_001299	一谢文道表集餘背
HVH_024_001300	不傳公贵而贫故其慶留
HVH_024_001301	高维
HVH_024_001302	以敬章
HVH_024_001303	殿
HVH_024_001304	前
HVH_024_001305	大江北岸置一堆位百
HVH_024_001306	官强道就望
HVH_024_001307	焉今其父
HVH_024_001308	坟介人称有陵北邦推银其二边北大江一在宋全
HVH_024_001309	精
HVH_024_001310	林寺
HVH_024_001311	在二部甲東推社堆驾草共諸学堂五高维社遺跡
HVH_024_001312	县在
HVH_024_001313	鄉内有公庙世
HVH_024_001314	二因
HVH_024_001315	之但公称惠感灵鹰大王
HVH_024_001316	妃
HVH_024_001317	称两
HVH_024_001318	國正
HVH_024_001319	公主封号三庙人奉事始终何
HVH_024_001320	時皆不可老至今永福神元人
HVH_024_001321	桃許之语是可又
HVH_024_001322	傳公在京師特第宅在京城之東南
HVH_024_001323	通近大江
HVH_024_001324	号翁夫以越
HVH_024_001325	国用科大
HVH_024_001326	世有而称拳
HVH_024_001327	国状元惟
HVH_024_001328	也歷副各士难校举面後人論日今之庸人孺子
HVH_024_001329	拜知其名者
HVH_024_001330	亦唯一人也語公之事者
HVH_024_001331	赫著前
HVH_024_001332	涉於怪或之公常图语文以記其事今不存可考者报京
HVH_024_001333	北处超類古寺
HVH_024_001334	百间九杂僧言
HVH_024_001335	公园知冥事
HVH_024_001336	的道
HVH_024_001337	後人重修之至尽尚藏
HVH_024_001338	見焉確溪背
HVH_024_001339	有花块
HVH_024_001340	傳道神童钟气爽牛開心母可奇童须兆夜師先讓望隆當世無瑕
HVH_024_001341	道在文溪風有
HVH_024_001342	長里三歌家口
HVH_024_001343	传贤祠九社高山贯
HVH_024_001344	安田
HVH_024_001345	总
HVH_024_001346	溪社人
HVH_024_001347	隆
HVH_024_001348	侯姓危名维其少失母常育之年至八九岁時有京北知
HVH_024_001349	超
HVH_024_001350	縣青堆核尚
HVH_024_001351	公阮克敬
HVH_024_001352	未第時設教梭其邑百
HVH_024_001353	母諧问曰初
HVH_024_001354	子欲使八条
HVH_024_001355	不知礼狗何如吃
HVH_024_001356	公关
HVH_024_001357	日厚薄随党有何例
HVH_024_001358	母日牛可手
HVH_024_001359	妄家有牛一须然闻八学心重事常之以为礼阮
HVH_024_001360	口
HVH_024_001361	如兴至厚逐择日人母果宰牛行
HVH_024_001362	礼請先生命
HVH_024_001363	各且曰
HVH_024_001364	渠
HVH_024_001365	姓俗球
HVH_024_001366	其父美会三字中字促
HVH_024_001367	维字先
HVH_024_001368	生因此
HVH_024_001369	会各
HVH_024_001370	先景阮公学学誉
HVH_024_001371	若花
HVH_024_001372	维
HVH_024_001373	已各
HVH_024_001374	受了记暗恩同時连孝
HVH_024_001375	有各
HVH_024_001376	观
HVH_024_001377	监照姓名
HVH_024_001378	乃固避天
HVH_024_001379	下生尋问
HVH_024_001380	教之
HVH_024_001381	了命所见至是一
HVH_024_001382	闻母
HVH_024_001383	言不觉驚
HVH_024_001384	異
HVH_024_001385	付日洪北兒同特登第不知何特得第乃教う
HVH_024_001386	季见其
HVH_024_001387	聰明殊
HVH_024_001388	常日日進步日
HVH_024_001389	如共我登种
HVH_024_001390	第必子远矣
HVH_024_001391	後莫
HVH_024_001392	朝淳福
HVH_024_001393	元年壬
HVH_024_001394	成
HVH_024_001395	科会试果同修
HVH_024_001396	是时阮公年维脱暮
HVH_024_001397	而刀孝不減
HVH_024_001398	终少年
HVH_024_001399	雅
HVH_024_001400	争魁之志
HVH_024_001401	庭
HVH_024_001402	试日阮公日状
HVH_024_001403	元須舍讓我范公唯
HVH_024_001404	と辞避請
HVH_024_001405	日其科同中博英如尊
HVH_024_001406	師
HVH_024_001407	强记舟逾第
HVH_024_001408	子俏有出题
HVH_024_001409	除請尊師常为诵
HVH_024_001410	之报作成大德
HVH_024_001411	状元酒舍讓
HVH_024_001412	師
HVH_024_001413	阮日子言
HVH_024_001414	及我意亦然及出题
HVH_024_001415	写阮公腹痛至日午不忘行文
HVH_024_001416	忽憶前爱仰天祝曰
HVH_024_001417	状元不敢
HVH_024_001418	缺争顾
HVH_024_001419	神美保
HVH_024_001420	佑俾
HVH_024_001421	完
HVH_024_001422	文巷
HVH_024_001423	足言
HVH_024_001424	克敬訖
HVH_024_001425	痛止招援筆行文而
HVH_024_001426	党中伏
HVH_024_001427	元面汽
HVH_024_001428	公中
HVH_024_001429	榜眼可知人生
HVH_024_001430	荣自有定教形奶兆朕如况状其度量宏大
HVH_024_001431	则其福德亦大喜偶然
HVH_024_001432	世
HVH_024_001433	像
HVH_024_001434	乃陳
HVH_024_001435	文室门茅
HVH_024_001436	青
HVH_024_001437	林
HVH_024_001438	開
HVH_024_001439	山人
HVH_024_001440	常关科
HVH_024_001441	期
HVH_024_001442	之折
HVH_024_001443	地
HVH_024_001444	科言来年
HVH_024_001445	必發默容
HVH_024_001446	王向請兆
HVH_024_001447	人覆
HVH_024_001448	视别手
HVH_024_001449	他
HVH_024_001450	向陳市知常自神其術地宣言朝
HVH_024_001451	今年状
HVH_024_001452	元乃其门
HVH_024_001453	生发会
HVH_024_001454	试公復落谷陳公適外闻之回家諧穴细認真
HVH_024_001455	的無
HVH_024_001456	疑怪
HVH_024_001457	公乃以告
HVH_024_001458	陳公
HVH_024_001459	乃坐穴上令
HVH_024_001460	公依须是顺问立標试更
HVH_024_001461	且言依此打向若不卧我堂焚其
HVH_024_001462	关免致談人
HVH_024_001463	出世岁
HVH_024_001464	范公果魁
HVH_024_001465	天下
HVH_024_001466	陳公可謂奇
HVH_024_001467	術也安其
HVH_024_001468	他事
HVH_024_001469	来無
HVH_024_001470	九曲朝前穴小溪溪
HVH_024_001471	前有一
HVH_024_001472	维
HVH_024_001473	草卓之刊
HVH_024_001474	向去穴
HVH_024_001475	甚近陳公此向决果
HVH_024_001476	然
HVH_024_001477	把人别
HVH_024_001478	他自
HVH_024_001479	合俗眼而卒不發可见其術难矣
HVH_024_001480	哉
HVH_024_001481	又案北
HVH_024_001482	他有記確溪山東绕
HVH_024_001483	科第有期共其度止
HVH_024_001484	又
HVH_024_001485	世体前有
HVH_024_001486	客为公行他
HVH_024_001487	决科乃植
HVH_024_001488	行一茎登科来以此为婚取
HVH_024_001489	竹每生关
HVH_024_001490	乃
HVH_024_001491	折之令
HVH_024_001492	竹三其
HVH_024_001493	後公果登科
HVH_024_001494	北
HVH_024_001495	人
HVH_024_001496	復来面
HVH_024_001497	公不问
HVH_024_001498	北
HVH_024_001499	人乃歸又侠他客来反
HVH_024_001500	之植三
HVH_024_001501	机钉于行
HVH_024_001502	脉開池于前
HVH_024_001503	掌心送
HVH_024_001504	後而不復也傅公帝王施为氣象必
HVH_024_001505	有大
HVH_024_001506	治
HVH_024_001507	人特有人
HVH_024_001508	去衬云皮大夫志氣相期勿
HVH_024_001509	以小
HVH_024_001510	嫌介意衬云
HVH_024_001511	乃是負
HVH_024_001512	地人折
HVH_024_001513	地差其科备事慨见公登
HVH_024_001514	第值國
HVH_024_001515	雖奉使
HVH_024_001516	交開屡年攻討刁
HVH_024_001517	身戎仕
HVH_024_001518	至支部尚未
HVH_024_001519	確溪侯
HVH_024_001520	其文章只見会
HVH_024_001521	勘開点简明人詩十
HVH_024_001522	二篇徐皆不
HVH_024_001523	傳其亭前有
HVH_024_001524	不
HVH_024_001525	溪四辰水清湾流合于六頭江谷口
HVH_024_001526	文
HVH_024_001527	溪
HVH_024_001528	俗
HVH_024_001529	傳
HVH_024_001530	谷往過路
HVH_024_001531	自本社達青
HVH_024_001532	林縣至潢
HVH_024_001533	次一辰野婆花次二
HVH_024_001534	野烈社津
HVH_024_001535	渡以
HVH_024_001536	便
HVH_024_001537	去
HVH_024_001538	回其路
HVH_024_001539	長遠俗号
HVH_024_001540	行人
HVH_024_001541	礙故
HVH_024_001542	今
HVH_024_001543	有之
HVH_024_001544	次跃野糕践婆花
HVH_024_001545	在到
HVH_024_001546	门府安縣野到在下洪府扶
HVH_024_001547	首影公卒本九
HVH_024_001548	社立祠在伊社春
HVH_024_001549	秋二期
HVH_024_001550	奉托至今
HVH_024_001551	在
HVH_024_001552	又社在前黎有阮资
HVH_024_001553	輔骑洪德六年乙未科
HVH_024_001554	弟
HVH_024_001555	三
HVH_024_001556	同進出身仕至贤察
HVH_024_001557	御史
HVH_024_001558	惜
HVH_024_001559	父科谷
HVH_024_001560	题而文章命見事不傳会所
HVH_024_001561	者
HVH_024_001562	维甲富谷可謂不才我矣事辩無可考焉傑特
HVH_024_001563	各鄉科
HVH_024_001564	记六
HVH_024_001565	阮
HVH_024_001566	公
HVH_024_001567	黄甲冠特
HVH_024_001568	二司車马心开易百犁锄掌在毛抛
HVH_024_001569	雁
HVH_024_001570	塔题各文
HVH_024_001571	可致都角力
HVH_024_001572	興
HVH_024_001573	偏
HVH_024_001574	豪滕頭斧重
HVH_024_001575	明石庭外未来
HVH_024_001576	等
HVH_024_001577	毛但把
HVH_024_001578	风
HVH_024_001579	楼地
HVH_024_001580	誌未應官
HVH_024_001581	日
HVH_024_001582	泡
HVH_024_001583	绥
HVH_024_001584	交
HVH_024_001585	懸迹胸非
HVH_024_001586	春澤
HVH_024_001587	保德尽成变楚
HVH_024_001588	發南强星辉
HVH_024_001589	館影
HVH_024_001590	遠簪
HVH_024_001591	神
HVH_024_001592	垂世望彌高
HVH_024_001593	阮
HVH_024_001594	允
HVH_024_001595	钦持社人
HVH_024_001596	少不学
HVH_024_001597	科典为時
HVH_024_001598	有丞司
HVH_024_001599	官治在
HVH_024_001600	抛山行经特社公耕田间見超徒呵道之乃
HVH_024_001601	问之自不知何官長
HVH_024_001602	乃乐好矣
HVH_024_001603	象人日
HVH_024_001604	丞
HVH_024_001605	司
HVH_024_001606	官
HVH_024_001607	也
HVH_024_001608	日如何得此富貴日讀未所主日
HVH_024_001609	夜我为之
HVH_024_001610	不事也乃
HVH_024_001611	徒師学至
HVH_024_001612	十八歳
HVH_024_001613	中莫
HVH_024_001614	朝光
HVH_024_001615	宝五
HVH_024_001616	年之各同沈
HVH_024_001617	上手
HVH_024_001618	长重通有才力善
HVH_024_001619	交跌侍
HVH_024_001620	街力
HVH_024_001621	士不能底敵
HVH_024_001622	都御
HVH_024_001623	央目
HVH_024_001624	赤点血
HVH_024_001625	一日
HVH_024_001626	元卖鄂回
HVH_024_001627	家至
HVH_024_001628	嘉林富市社聞膠勝
HVH_024_001629	社開交跌场有一力
HVH_024_001630	士守一
HVH_024_001631	標三日無敢再力者公駐車巷軍士在富市
HVH_024_001632	社令家人生買巨
HVH_024_001633	鲤并米一
HVH_024_001634	盘食三命笑
HVH_024_001635	日如泉人我
HVH_024_001636	腹已不能堪
HVH_024_001637	况為我角刀
HVH_024_001638	乎遂令從者服之
HVH_024_001639	就交
HVH_024_001640	跌场供
HVH_024_001641	力
HVH_024_001642	角彼念怒甚志欲
HVH_024_001643	死
HVH_024_001644	之说交将
HVH_024_001645	抱刃士欄外
HVH_024_001646	彼猎手不及大声口我
HVH_024_001647	郎都御史山侯
HVH_024_001648	也汝
HVH_024_001649	知之手
HVH_024_001650	运登車向去
HVH_024_001651	又
HVH_024_001652	傅
HVH_024_001653	公每歸闸交
HVH_024_001654	铁場以为
HVH_024_001655	武後仕至
HVH_024_001656	部尚
HVH_024_001657	書
HVH_024_001658	值
HVH_024_001659	莫隱居悬山
HVH_024_001660	黎
HVH_024_001661	朝中興召
HVH_024_001662	之即以父摩坡膝须托
HVH_024_001663	疾不仕
HVH_024_001664	業绥交
HVH_024_001665	新官目有功未知嘉是
HVH_024_001666	公愿居时
HVH_024_001667	常共
HVH_024_001668	同范
HVH_024_001669	玩豐進保务癸些些翔蚕荒色女姿女孙炮妥滑
HVH_024_001670	镜山发云十
HVH_024_001671	餘歲壽终後玄
HVH_024_001672	孫阮民竣正
HVH_024_001673	和
HVH_024_001674	九年中成辰進出
HVH_024_001675	身
HVH_024_001676	传丞
HVH_024_001677	旨伯爵果酬其所言矣
HVH_024_001678	同邑阮
HVH_024_001679	豊竟有谷
HVH_024_001680	尚丰致仕封泉郡政
HVH_024_001681	文
HVH_024_001682	筆
HVH_024_001683	鳳初生早撤
HVH_024_001684	秋鸿
HVH_024_001685	渐奋讓生人知
HVH_024_001686	风孝山詩露奇风
HVH_024_001687	韻谷高春
HVH_024_001688	移年荣住到天
HVH_024_001689	安兼誉振七世难扶季昌改
HVH_024_001690	山聊作明辰屡徵寧可
HVH_024_001691	員殊知
HVH_024_001692	一往何资泰运香
HVH_024_001693	年首
HVH_024_001694	景賦
HVH_024_001695	帰来湖
HVH_024_001696	島茅庵不尽
HVH_024_001697	阮
HVH_024_001698	豐
HVH_024_001699	特人
HVH_024_001700	也公
HVH_024_001701	称雪
HVH_024_001702	号
HVH_024_001703	惊叟
HVH_024_001704	其
HVH_024_001705	祖赠封慈廣候墓在後開
HVH_024_001706	社山下
HVH_024_001707	世
HVH_024_001708	傳公發
HVH_024_001709	之地至今存焉
HVH_024_001710	公
HVH_024_001711	之父中
HVH_024_001712	真
HVH_024_001713	赠封
HVH_024_001714	太
HVH_024_001715	保
HVH_024_001716	生下王
HVH_024_001717	男長是
HVH_024_001718	嘉福縣
HVH_024_001719	知季知
HVH_024_001720	封街村次邱公
HVH_024_001721	也公生面额悟
HVH_024_001722	年四歲辰闻兄读未
HVH_024_001723	腊幕之父见其明敏
HVH_024_001724	以兄之卡之主于岁教以文章青律
HVH_024_001725	七歲善量坤興薄属文父
HVH_024_001726	家先
HVH_024_001727	墓命兄作祖
HVH_024_001728	后土
HVH_024_001729	文兄教试
HVH_024_001730	其
HVH_024_001731	才会起
HVH_024_001732	草公康筆主
HVH_024_001733	就其
HVH_024_001734	文曰孕
HVH_024_001735	禀
HVH_024_001736	免氣先生何爱二
HVH_024_001737	维山不遠煙遠世间目有天雲
HVH_024_001738	色五谨頭
HVH_024_001739	满地带花十二
HVH_024_001740	拳命不压卖常作裳
HVH_024_001741	山诗之梅潮雪知春暖杨
HVH_024_001742	三風
HVH_024_001743	茂歲寒風雨不送增
HVH_024_001744	海
HVH_024_001745	志葉舟宁
HVH_024_001746	徐泛長车二十二
HVH_024_001747	歲中莫
HVH_024_001748	朝淳
HVH_024_001749	福
HVH_024_001750	七年戊
HVH_024_001751	辰科進再中東阔優中项其文载在苑集中今可
HVH_024_001752	者仕莫主
HVH_024_001753	部尚卡侍
HVH_024_001754	部福江伯莫亡兴山信阮允
HVH_024_001755	飲隐居
HVH_024_001756	山中
HVH_024_001757	方民畏其友公
HVH_024_001758	乃作园
HVH_024_001759	语業云些问安身
HVH_024_001760	另准赣
HVH_024_001761	旨
HVH_024_001762	器隱逸划浪漂被到棘诊其间
HVH_024_001763	一日院
HVH_024_001764	致
HVH_024_001765	登揽保
HVH_024_001766	德
HVH_024_001767	山
HVH_024_001768	允
HVH_024_001769	钦口占岑之梦些飘
HVH_024_001770	元色女女娃弥
HVH_024_001771	滑绕父即
HVH_024_001772	和原韻青
HVH_024_001773	質安後玄阮峻
HVH_024_001774	復登進士而後未间者人以为
HVH_024_001775	待句
HVH_024_001776	意有
HVH_024_001777	远
HVH_024_001778	速不
HVH_024_001779	同此可
HVH_024_001780	卧天二
HVH_024_001781	公居辰更相唱和
HVH_024_001782	唐
HVH_024_001783	律国
HVH_024_001784	语十篇烦多
HVH_024_001785	今失其傳
HVH_024_001786	黎
HVH_024_001787	朝光
HVH_024_001788	照十六
HVH_024_001789	年
HVH_024_001790	莫
HVH_024_001791	康
HVH_024_001792	祐窃抛山
HVH_024_001793	城
HVH_024_001794	大
HVH_024_001795	笃更征俘燕莫民
HVH_024_001796	宗室
HVH_024_001797	朝不可腾数
HVH_024_001798	公居前
HVH_024_001799	其雲
HVH_024_001800	宰
HVH_024_001801	阮寞以進於上
HVH_024_001802	且使人就山中
HVH_024_001803	召不得已名召
HVH_024_001804	朝廷以
HVH_024_001805	文季修首爵録用慎
HVH_024_001806	务十
HVH_024_001807	年以刑部尚
HVH_024_001808	卡类
HVH_024_001809	溪侯
HVH_024_001810	前朝
HVH_024_001811	班公
HVH_024_001812	在任园
HVH_024_001813	天变
HVH_024_001814	陈特事十
HVH_024_001815	上学加赏赐以復國之
HVH_024_001816	初使事
HVH_024_001817	重天乃命開上
HVH_024_001818	迎接还年老草木奠毫工
HVH_024_001819	三
HVH_024_001820	天下有天
HVH_024_001821	春
HVH_024_001822	不
HVH_024_001823	老憲前尚记河南
HVH_024_001824	官致礼部
HVH_024_001825	尚書
HVH_024_001826	兼東
HVH_024_001827	阁
HVH_024_001828	大季
HVH_024_001829	士国子祭
HVH_024_001830	酒
HVH_024_001831	致
HVH_024_001832	仕少保泉部
HVH_024_001833	公
HVH_024_001834	八十五翁厚翁育
HVH_024_001835	群
HVH_024_001836	季夕元歲
HVH_024_001837	壽终我文
HVH_024_001838	有餘而
HVH_024_001839	不人語曰厘园流
HVH_024_001840	育汽学其为久頃刻
HVH_024_001841	之
HVH_024_001842	成
HVH_024_001843	筆不
HVH_024_001844	绝
HVH_024_001845	赋二篇
HVH_024_001846	诗
HVH_024_001847	十徐用字
HVH_024_001848	未
HVH_024_001849	尽
HVH_024_001850	每
HVH_024_001851	公自京回沿途講文相属兹道
HVH_024_001852	安即誦
HVH_024_001853	之有
HVH_024_001854	一人请光耀馬賊
HVH_024_001855	公
HVH_024_001856	谷一体
HVH_024_001857	平雅第起意又
HVH_024_001858	谷一体
HVH_024_001859	亏起快目二体俱存今背
HVH_024_001860	失
HVH_024_001861	之
HVH_024_001862	公
HVH_024_001863	平生文章其多常作神
HVH_024_001864	祭文自席
HVH_024_001865	一初至终每
HVH_024_001866	文辛韻多
HVH_024_001867	句四宇
HVH_024_001868	每文一体辞意兼美
HVH_024_001869	儿乡中後進
HVH_024_001870	諸名公
HVH_024_001871	字不台改今亦失之公可謂一
HVH_024_001872	代
HVH_024_001873	各儒
HVH_024_001874	实公事迹
HVH_024_001875	前有家譜
HVH_024_001876	乱後失之
HVH_024_001877	今述其大
HVH_024_001878	店幾存什一仟百
HVH_024_001879	耳与中七神子代皇帝更有同御阮
HVH_024_001880	光宅昂然
HVH_024_001881	接
HVH_024_001882	频上亨雅聆素見丰姿異
HVH_024_001883	礼自光微氣殊
HVH_024_001884	晚歲未成初有
HVH_024_001885	待三人必预果完
HVH_024_001886	登双
HVH_024_001887	特
HVH_024_001888	望策赋
HVH_024_001889	名驰
HVH_024_001890	遍國都木年露雨露锦
HVH_024_001891	衣白昼
HVH_024_001892	烟粉榆一奕草
HVH_024_001893	書香馥县
HVH_024_001894	在人傳不尽鋪阮
HVH_024_001895	光
HVH_024_001896	宅社
HVH_024_001897	人也
HVH_024_001898	受业于本
HVH_024_001899	奇
HVH_024_001900	書记先生公而悟年
HVH_024_001901	七其父見之
HVH_024_001902	出句云
HVH_024_001903	七歳
HVH_024_001904	神童子分
HVH_024_001905	讀書方至夏纪
HVH_024_001906	大禹書印应对云八代皇帝孫其父驚異曰後日必成大
HVH_024_001907	谷
HVH_024_001908	公晚而未
HVH_024_001909	第時甲辰
HVH_024_001910	科取
HVH_024_001911	進十三名在
HVH_024_001912	選其父
HVH_024_001913	怒曰進士十三名而不预
HVH_024_001914	欲望何科日成
HVH_024_001915	公应曰十三名而不
HVH_024_001916	预三人必预
HVH_024_001917	矣
HVH_024_001918	至三六歲黎朝
HVH_024_001919	是治五年丁未
HVH_024_001920	科進
HVH_024_001921	果取三各公亦预焉可謂神口矣及庭
HVH_024_001922	日或问中第线谷
HVH_024_001923	大何為同時
HVH_024_001924	修日
HVH_024_001925	山南
HVH_024_001926	登福平
HVH_024_001927	型社院
HVH_024_001928	登公齊谷特人语曰联
HVH_024_001929	翔宅菜药登巷公長於
HVH_024_001930	財面長第地八仕陳時事
HVH_024_001931	剛直不仕至刑都给事中致任
HVH_024_001932	二子俱登长子
HVH_024_001933	阮光
HVH_024_001934	转终正和十二
HVH_024_001935	年章未科第三甲建身仕至年二歳中科弟子
HVH_024_001936	光赐终永國六年庚宾科第三甲進士出身仕至東阁大士年
HVH_024_001937	二十
HVH_024_001938	本縣朝士谷
HVH_024_001939	族花楚翔裙
HVH_024_001940	印
HVH_024_001941	育内
HVH_024_001942	外子孙临
HVH_024_001943	庭富貴
HVH_024_001944	现
HVH_024_001945	为縣
HVH_024_001946	中
HVH_024_001947	一淡
HVH_024_001948	矣世
HVH_024_001949	傳
HVH_024_001950	家记公寂回基寂
HVH_024_001951	戲公慢应曰
HVH_024_001952	绳
HVH_024_001953	幼萍戒世带
HVH_024_001954	頭枚九人護
HVH_024_001955	論無少屋者人
HVH_024_001956	皆
HVH_024_001957	谦
HVH_024_001958	其
HVH_024_001959	直六
HVH_024_001960	见厚陽
HVH_024_001961	科阀世
HVH_024_001962	且有同氏双
HVH_024_001963	兄弟幻
HVH_024_001964	改文举
HVH_024_001965	奠
HVH_024_001966	神童监人成
HVH_024_001967	文
HVH_024_001968	体
HVH_024_001969	鼓
HVH_024_001970	银
HVH_024_001971	胆更
HVH_024_001972	豪殺牛造
HVH_024_001973	卷心何
HVH_024_001974	锐争斜
HVH_024_001975	尔壓周秋
HVH_024_001976	窃字然重激勵肆力三年
HVH_024_001977	任
HVH_024_001978	除
HVH_024_001979	题次
HVH_024_001980	科应
HVH_024_001981	試登
HVH_024_001982	高第
HVH_024_001983	教
HVH_024_001984	状谁
HVH_024_001985	得老
HVH_024_001986	漢
HVH_024_001987	言不
HVH_024_001988	計内激民养亦奇一
HVH_024_001989	门垂苗
HVH_024_001990	各同
HVH_024_001991	沈厘陽人也少号神童而托落不十四時术学出重修国
HVH_024_001992	子是賊羽多
HVH_024_001993	士
HVH_024_001994	公作体
HVH_024_001995	考
HVH_024_001996	官问故口出有重字其放出類如北前代
HVH_024_001997	時海知丞司官治
HVH_024_001998	山
HVH_024_001999	厚社
HVH_024_002000	日
HVH_024_002001	宇鼓三連
HVH_024_002002	司自
HVH_024_002003	衙意有公事各具官服而
HVH_024_002004	出只一人间日何故
HVH_024_002005	鼓
HVH_024_002006	公曰寒士就欲
HVH_024_002007	气食其难
HVH_024_002008	達故鼓俾列住官衙各出公
HVH_024_002009	掌便色请重司发日汝是士夫我出
HVH_024_002010	一遗做实好許米钱公日百题一体賦也一题不足财也
HVH_024_002011	司
HVH_024_002012	发乃諸员
HVH_024_002013	出题
HVH_024_002014	公筆郎就题
HVH_024_002015	出不
HVH_024_002016	及项刻成
HVH_024_002017	辞谦
HVH_024_002018	美官司漢服
HVH_024_002019	乃以钱五
HVH_024_002020	朱一意
HVH_024_002021	可谓奇才
HVH_024_002022	日百
HVH_024_002023	存乱
HVH_024_002024	失之情
HVH_024_002025	哉
HVH_024_002026	世
HVH_024_002027	家贫中有富翁賢
HVH_024_002028	婚逆肆力
HVH_024_002029	学问常员
HVH_024_002030	其才志魁
HVH_024_002031	天下時人語曰至灵状明
HVH_024_002032	流则蓄才勝於花琪
HVH_024_002033	其
HVH_024_002034	後公不得魁元面危
HVH_024_002035	果魁大下真讖
HVH_024_002036	語
HVH_024_002037	耶邦
HVH_024_002038	説
HVH_024_002039	公应攀時由前一
HVH_024_002040	自
HVH_024_002041	謂必中造试卷日请岳
HVH_024_002042	父宰一
HVH_024_002043	牛属人预整竹华为進迎接恩命
HVH_024_002044	至第一傷父柔治五内
HVH_024_002045	有请
HVH_024_002046	经一题
HVH_024_002047	出营青，
HVH_024_002048	山
HVH_024_002049	干
HVH_024_002050	棘解詳乃不行文而出修有老
HVH_024_002051	生怪问之
HVH_024_002052	公以宝谷
HVH_024_002053	其人日公去谁其启试
HVH_024_002054	我会年
HVH_024_002055	老然尚能
HVH_024_002056	记角涌
HVH_024_002057	之然日豈有魁天下者乃從人窃字耶
HVH_024_002058	出向不
HVH_024_002059	出楊言不
HVH_024_002060	意渠單乃能除题客我三年讀
HVH_024_002061	書任他所
HVH_024_002062	出科
HVH_024_002063	试復
HVH_024_002064	会宰牛造卷始前
HVH_024_002065	岳翁之曰
HVH_024_002066	我於尔前所爱
HVH_024_002067	但前科如是
HVH_024_002068	而卒詹名分科復然恐为人关
HVH_024_002069	公
HVH_024_002070	口若不宰牛
HVH_024_002071	次不赴試
HVH_024_002072	卽生主雷
HVH_024_002073	洞社八人家棟其人
HVH_024_002074	为人所获岳翁晓三
HVH_024_002075	乃以钱婚又
HVH_024_002076	不得已
HVH_024_002077	再沙牢
HVH_024_002078	就试八
HVH_024_002079	第叫傷復揭
HVH_024_002080	官日出题險
HVH_024_002081	使同
HVH_024_002082	流不記者
HVH_024_002083	方是大
HVH_024_002084	手是科
HVH_024_002085	莫朝光宝五
HVH_024_002086	年会试
HVH_024_002087	已
HVH_024_002088	未進
HVH_024_002089	大公乃以文学
HVH_024_002090	騙人為
HVH_024_002091	時所庭
HVH_024_002092	文甲
HVH_024_002093	及
HVH_024_002094	第更
HVH_024_002095	熙申公太愤恢荣歸日徒步而主厚湯社乱河流而淡竟此為终身三恨仕莫至部尚書右侍郎丞使黎
HVH_024_002096	中興迎
HVH_024_002097	降效
HVH_024_002098	顺首爵錄
HVH_024_002099	用其第同
HVH_024_002100	得才不
HVH_024_002101	及公学亦卤莽其妻与公夫
HVH_024_002102	人同坐
HVH_024_002103	舅见戒之日他夫
HVH_024_002104	進士汝夫秀才安多同坐今後不守和
HVH_024_002105	遂忿歸謂得
HVH_024_002106	卿
HVH_024_002107	不学取進
HVH_024_002108	士
HVH_024_002109	我不为妻笑
HVH_024_002110	得乃乘间问於兄
HVH_024_002111	日如第学否公
HVH_024_002112	口進
HVH_024_002113	士如見者少拳朝者如叔
HVH_024_002114	也学何
HVH_024_002115	有得乃従学至淳福年成辰科進士
HVH_024_002116	寻继
HVH_024_002117	第世公刘
HVH_024_002118	貴
HVH_024_002119	题
HVH_024_002120	户部尚都子中所之故也
HVH_024_002121	才
HVH_024_002122	学有而
HVH_024_002123	讀書不
HVH_024_002124	輟展翁屋翁群季夕之
HVH_024_002125	人
HVH_024_002126	語日属县同沉育县汽誉
HVH_024_002127	其文章甚旻
HVH_024_002128	今的见重修图子贤賦及赋试二篇背不傳与五有同諸名
HVH_024_002129	公科
HVH_024_002130	目官
HVH_024_002131	谷詳于後此
HVH_024_002132	所謂六見厘陽科閥
HVH_024_002133	世主句壹边
HVH_024_002134	同文
HVH_024_002135	教
HVH_024_002136	公
HVH_024_002137	於莫崇康十年丁母科第二甲進士估至丞政使公存祖开五中年
HVH_024_002138	三
HVH_024_002139	十
HVH_024_002140	七中
HVH_024_002141	分正和十
HVH_024_002142	二年
HVH_024_002143	率未
HVH_024_002144	科
HVH_024_002145	三甲进仕至参政同秉猶每四十五中
HVH_024_002146	右
HVH_024_002147	所謂湯
HVH_024_002148	台见
HVH_024_002149	牵樂山三在
HVH_024_002150	科各
HVH_024_002151	纪
HVH_024_002152	探花奇
HVH_024_002153	迹独
HVH_024_002154	昭歌同
HVH_024_002155	兹澤各驰
HVH_024_002156	早業结先公
HVH_024_002157	志超
HVH_024_002158	到老未成饒有爱
HVH_024_002159	改卡不争標
HVH_024_002160	安
HVH_024_002161	老堂風送
HVH_024_002162	未
HVH_024_002163	科登送
HVH_024_002164	徵神
HVH_024_002165	國家
HVH_024_002166	大礼住推
HVH_024_002167	廊廟元
HVH_024_002168	边時得
HVH_024_002169	望白歸闲主弗
HVH_024_002170	忘联病愈
HVH_024_002171	人長誦九旬
HVH_024_002172	有
HVH_024_002173	子事寺百世角芳
HVH_024_002174	誰其共
HVH_024_002175	院
HVH_024_002176	明
HVH_024_002177	步
HVH_024_002178	山社人也县祖及
HVH_024_002179	眺善
HVH_024_002180	於朝崇康十年
HVH_024_002181	丁五科三中進士宝
HVH_024_002182	察御
HVH_024_002183	史
HVH_024_002184	山分
HVH_024_002185	原
HVH_024_002186	名神童燕泽步山
HVH_024_002187	秀御筆
HVH_024_002188	賜谷壽
HVH_024_002189	春
HVH_024_002190	後连皇
HVH_024_002191	号发谷李春
HVH_024_002192	少時澤
HVH_024_002193	神童齊
HVH_024_002194	時
HVH_024_002195	人語
HVH_024_002196	日即公
HVH_024_002197	也
HVH_024_002198	公文学甚
HVH_024_002199	優志
HVH_024_002200	法先公苦远暮年
HVH_024_002201	五十四
HVH_024_002202	岁
HVH_024_002203	黎朝
HVH_024_002204	德三
HVH_024_002205	年
HVH_024_002206	年未中三填
HVH_024_002207	時午上试题始其题長十二目
HVH_024_002208	諸士行文每目衬故
HVH_024_002209	多不克瞻
HVH_024_002210	公
HVH_024_002211	独不然
HVH_024_002212	只对四
HVH_024_002213	目而遺了目
HVH_024_002214	考
HVH_024_002215	官見其文辞優美
HVH_024_002216	然不敢决取
HVH_024_002217	舍置之留
HVH_024_002218	儲及迎
HVH_024_002219	中卷上進
HVH_024_002220	奉上
HVH_024_002221	问日傷中諸
HVH_024_002222	卷尚有遗否
HVH_024_002223	考
HVH_024_002224	官日
HVH_024_002225	报取已尽
HVH_024_002226	惟一卷四
HVH_024_002227	目甚好而遗了八目故不敢
HVH_024_002228	取此卷着取宜置首送上
HVH_024_002229	日詩
HVH_024_002230	一旬賦一
HVH_024_002231	联一句
HVH_024_002232	喜尚可取何必
HVH_024_002233	四目考權为
HVH_024_002234	会元
HVH_024_002235	公自填中出時
HVH_024_002236	乃作國語日
HVH_024_002237	程詩歌付属居住家人訪看出湾中依此尋来报
HVH_024_002238	信悉
HVH_024_002239	公运歸其家
HVH_024_002240	夫
HVH_024_002241	人
HVH_024_002242	问其八
HVH_024_002243	行文何如
HVH_024_002244	言
HVH_024_002245	题十二目我対四
HVH_024_002246	目夫人唾之日五十餘歲始中三十盲而八目求甲何望日
HVH_024_002247	夫
HVH_024_002248	人
HVH_024_002249	安知我
HVH_024_002250	四目歷倒
HVH_024_002251	十二
HVH_024_002252	目笑
HVH_024_002253	時夫人俱出田
HVH_024_002254	间種植公
HVH_024_002255	文好而图尽種
HVH_024_002256	植狗適居住东人自外走来
HVH_024_002257	去里
HVH_024_002258	许
HVH_024_002259	公问中第幾其
HVH_024_002260	人未友时举手按頭示之公
HVH_024_002261	顧夫人
HVH_024_002262	日果如我言是科會试督
HVH_024_002263	中第
HVH_024_002264	一初
HVH_024_002265	時公文章益
HVH_024_002266	世然晚及
HVH_024_002267	第因諧香海孝爱
HVH_024_002268	在本
HVH_024_002269	聊術社神天報告公忿然
HVH_024_002270	日我试
HVH_024_002271	用
HVH_024_002272	力学
HVH_024_002273	问神如我何
HVH_024_002274	乃於
HVH_024_002275	山
HVH_024_002276	侧舍
HVH_024_002277	读不解百
HVH_024_002278	以受
HVH_024_002279	语
HVH_024_002280	友
HVH_024_002281	人候解未
HVH_024_002282	乃
HVH_024_002283	未学
HVH_024_002284	公未
HVH_024_002285	科登弟後知
HVH_024_002286	安老
HVH_024_002287	至章未
HVH_024_002288	会
HVH_024_002289	试
HVH_024_002290	果
HVH_024_002291	中会元庭
HVH_024_002292	试果探花已五十四歳昔者祖阮州
HVH_024_002293	善亦五十四转登
HVH_024_002294	第今公亦干歲
HVH_024_002295	登神言有時向
HVH_024_002296	中耶至文章登朝
HVH_024_002297	顾见遇世
HVH_024_002298	傳
HVH_024_002299	公
HVH_024_002300	好内不離侍
HVH_024_002301	女其科题
HVH_024_002302	調人
HVH_024_002303	安以
HVH_024_002304	二辩衣從男服八事
HVH_024_002305	觉米察
HVH_024_002306	内臣以
HVH_024_002307	闻
HVH_024_002308	上
HVH_024_002309	怒日尔公事任尔公事安妄言他至婦人歸田里
HVH_024_002310	上意謂
HVH_024_002311	公有遇宥之则法不行
HVH_024_002312	罪之则情由烟故亭使不闻永
HVH_024_002313	奇二
HVH_024_002314	年鄭
HVH_024_002315	主将受尊封欲得
HVH_024_002316	有故臣年老以
HVH_024_002317	奉金册
HVH_024_002318	问
HVH_024_002319	於宰相
HVH_024_002320	二范公著
HVH_024_002321	公对曰惟有樂山
HVH_024_002322	探
HVH_024_002323	花但未
HVH_024_002324	投尚干主命住工部尚
HVH_024_002325	卡额川候差棒
HVH_024_002326	金
HVH_024_002327	册公援倒不见俞
HVH_024_002328	允年运七司
HVH_024_002329	獨在朝
HVH_024_002330	门
HVH_024_002331	生有朝
HVH_024_002332	古者以護言
HVH_024_002333	于
HVH_024_002334	公公日人
HVH_024_002335	警第
HVH_024_002336	久宜引年常例
HVH_024_002337	我始登
HVH_024_002338	举何可相
HVH_024_002339	死益公方得
HVH_024_002340	眷未易請故
HVH_024_002341	以排語谷耳年以部尚書
HVH_024_002342	少
HVH_024_002343	徐
HVH_024_002344	锦郡公致
HVH_024_002345	仕公
HVH_024_002346	年老精
HVH_024_002347	神妆健
HVH_024_002348	每元
HVH_024_002349	旦延
HVH_024_002350	寿
HVH_024_002351	大礼必造朝所至賜赏及
HVH_024_002352	諸權贵
HVH_024_002353	遗赠甚多至
HVH_024_002354	九十二歲時厚
HVH_024_002355	陽相公夫人
HVH_024_002356	乃長女
HVH_024_002357	進饭
HVH_024_002358	肯食
HVH_024_002359	夫人顺承父意
HVH_024_002360	会
HVH_024_002361	女奉侍
HVH_024_002362	稻就食
HVH_024_002363	是年呼之
HVH_024_002364	日樂
HVH_024_002365	山市
HVH_024_002366	番人宰
HVH_024_002367	天大錢鬼汽
HVH_024_002368	之子
HVH_024_002369	孙弟子
HVH_024_002370	各買一片逸候
HVH_024_002371	公令置合全体乃然口
HVH_024_002372	吾食禄太厚其如子孫何
HVH_024_002373	年九十天歳
HVH_024_002374	终贈户部尚書
HVH_024_002375	赐謚文斗又
HVH_024_002376	世
HVH_024_002377	傳心少時甚难年年餘
HVH_024_002378	未娶夜讀未睡爱
HVH_024_002379	見神人日未今生
HVH_024_002380	爱觉都
HVH_024_002381	人果生一女
HVH_024_002382	待十回歲成
HVH_024_002383	人乃行嫁娶
HVH_024_002384	礼及迎婿日被本縣道
HVH_024_002385	社土各亲豆所摩
HVH_024_002386	兴豆生一女及
HVH_024_002387	豆死又歸公父未常修怨乃育豆女
HVH_024_002388	美子之有
HVH_024_002389	家其谁如此
HVH_024_002390	平生文章甚
HVH_024_002391	多今皆學
HVH_024_002392	傳書無所不读
HVH_024_002393	为文所不政氣力
HVH_024_002394	雄渾
HVH_024_002395	汪洋
HVH_024_002396	大筆時文
HVH_024_002397	体果陋
HVH_024_002398	公独技
HVH_024_002399	出
HVH_024_002400	俗学自成家文
HVH_024_002401	章
HVH_024_002402	辛
HVH_024_002403	未科应制
HVH_024_002404	文字举朝遍试
HVH_024_002405	者及致
HVH_024_002406	仕谢
HVH_024_002407	文三体
HVH_024_002408	文理事际未常叠体
HVH_024_002409	用具社英
HVH_024_002410	集中
HVH_024_002411	甚为富又
HVH_024_002412	傳
HVH_024_002413	友
HVH_024_002414	人
HVH_024_002415	久病不痊
HVH_024_002416	公往问省之
HVH_024_002417	因卡刘
HVH_024_002418	句于璧
HVH_024_002419	上云
HVH_024_002420	冯去疾
HVH_024_002421	去
HVH_024_002422	病
HVH_024_002423	疾病去
HVH_024_002424	除朝
HVH_024_002425	延来杜延
HVH_024_002426	年年延
HVH_024_002427	永友人病
HVH_024_002428	辛寿终可謂神
HVH_024_002429	筆矣
HVH_024_002430	常
HVH_024_002431	占图語
HVH_024_002432	鸡母子
HVH_024_002433	詩云辰庫些台各饭戈肠小大缀树连被树视蝶各都社一律云土口成章皆北之類时有
HVH_024_002434	麻被傑
HVH_024_002435	特
HVH_024_002436	上書
HVH_024_002437	記先生雅負風志縣中朝古多出其门少
HVH_024_002438	時共支善父文章魁天下为所宗而
HVH_024_002439	先生曾不許可年干自门生来贺文
HVH_024_002440	之草
HVH_024_002441	原先生年高目毛然見少女脾睨以手招
HVH_024_002442	公因事寓上一世以逍
HVH_024_002443	遥下二便而脾
HVH_024_002444	舰意戲
HVH_024_002445	销
HVH_024_002446	文
HVH_024_002447	中有句玉
HVH_024_002448	先
HVH_024_002449	生高才而溺终教
HVH_024_002450	学
HVH_024_002451	廢科举業以
HVH_024_002452	故不第
HVH_024_002453	常以術效譯諸生
HVH_024_002454	曰我不待
HVH_024_002455	樂山花为此之
HVH_024_002456	故夫学不相上下是常態然先
HVH_024_002457	生才学道人结惜
HVH_024_002458	傳故附
HVH_024_002459	先生事于
HVH_024_002460	找更有固人枚瑞
HVH_024_002461	先生
HVH_024_002462	轮正
HVH_024_002463	和十二年
HVH_024_002464	年科中三章进士
HVH_024_002465	多
HVH_024_002466	参政徒二四石的謂岁小廣科各记
HVH_024_002467	科目
HVH_024_002468	高
HVH_024_002469	才不乏谷一鄉
HVH_024_002470	五貴
HVH_024_002471	是
HVH_024_002472	安了草
HVH_024_002473	言眼称
HVH_024_002474	伯洪
HVH_024_002475	德
HVH_024_002476	高坛独有
HVH_024_002477	聲
HVH_024_002478	輔
HVH_024_002479	街風教斗
HVH_024_002480	文科
HVH_024_002481	甲六更舍五苏谷
HVH_024_002482	单言二院文中武功在
HVH_024_002483	安有情
HVH_024_002484	总中科宦十
HVH_024_002485	六员
HVH_024_002486	列于
HVH_024_002487	后大
HVH_024_002488	達
HVH_024_002489	云
HVH_024_002490	阮德訓
HVH_024_002491	洪多
HVH_024_002492	十年
HVH_024_002493	丁未科第
HVH_024_002494	甲進
HVH_024_002495	士
HVH_024_002496	及第二
HVH_024_002497	奉
HVH_024_002498	使仕
HVH_024_002499	至尚卡
HVH_024_002500	强
HVH_024_002501	核二千八宿黎永究
HVH_024_002502	端
HVH_024_002503	度
HVH_024_002504	四年戊辰科
HVH_024_002505	第
HVH_024_002506	二
HVH_024_002507	甲
HVH_024_002508	进士
HVH_024_002509	仕参
HVH_024_002510	政威修常春
HVH_024_002511	洪三年
HVH_024_002512	辛
HVH_024_002513	未科
HVH_024_002514	中三甲
HVH_024_002515	进仕至
HVH_024_002516	參政顺阮
HVH_024_002517	茂達
HVH_024_002518	豪宗皇
HVH_024_002519	常店公持莫
HVH_024_002520	朝福
HVH_024_002521	元年成
HVH_024_002522	科中
HVH_024_002523	二甲士
HVH_024_002524	仕至尚临伯致
HVH_024_002525	住年甲三生
HVH_024_002526	中貫
HVH_024_002527	青
HVH_024_002528	里
HVH_024_002529	阮璧双黎
HVH_024_002530	英
HVH_024_002531	案治
HVH_024_002532	五年
HVH_024_002533	五
HVH_024_002534	四所謂一五貴
HVH_024_002535	是
HVH_024_002536	安
HVH_024_002537	丁
HVH_024_002538	社
HVH_024_002539	人只有科
HVH_024_002540	各
HVH_024_002541	宦
HVH_024_002542	葉
HVH_024_002543	存
HVH_024_002544	出
HVH_024_002545	身事海不詳
HVH_024_002546	耳
HVH_024_002547	第陳朝光秦
HVH_024_002548	年癸
HVH_024_002549	酉
HVH_024_002550	科太
HVH_024_002551	学
HVH_024_002552	甲送
HVH_024_002553	公黎朝
HVH_024_002554	光顺
HVH_024_002555	七
HVH_024_002556	年七
HVH_024_002557	五科進士←十每方合己夏
HVH_024_002558	科朝陳
HVH_024_002559	同式仕至丞监察御失
HVH_024_002560	陳顺黎优
HVH_024_002561	象改
HVH_024_002562	援式戰估生無詹事大正十八年丁未科進士黎顺年海九杜贞異X洪公於
HVH_024_002563	康
HVH_024_002564	木正干
HVH_024_002565	六年庚戍科进
HVH_024_002566	士及第二
HVH_024_002567	十仕至右侍部莫乾父社祖仕主東阁發贞異之子
HVH_024_002568	印
HVH_024_002569	社租岁崇康十年1
HVH_024_002570	科進大慎父
HVH_024_002571	先興1二年五科三甲進年六
HVH_024_002572	社晟仕主参
HVH_024_002573	政乃
HVH_024_002574	林浴曾味林畏
HVH_024_002575	玄
HVH_024_002576	什主意察使五年此所謂辅
HVH_024_002577	街文承秋早二传伟
HVH_024_002578	耳惜哉
HVH_024_002579	子不见说到行
HVH_024_002580	公洪务
HVH_024_002581	十二
HVH_024_002582	年辛型
HVH_024_002583	科进士公
HVH_024_002584	洪多十八年丁未進改武阮子驛仕主安
HVH_024_002585	邦经
HVH_024_002586	举使阮遵道仕至邵兵
HVH_024_002587	安邦经
HVH_024_002588	器徒
HVH_024_002589	子螺
HVH_024_002590	孫公大正九
HVH_024_002591	年成成科
HVH_024_002592	進
HVH_024_002593	公於延成元
HVH_024_002594	年已未科三日进士阮良横红至
HVH_024_002595	丞政崇侯舞
HVH_024_002596	黎延慶什金
HVH_024_002597	型
HVH_024_002598	察徒
HVH_024_002599	子张曾う崇七
HVH_024_002600	年
HVH_024_002601	甲戌
HVH_024_002602	科三
HVH_024_002603	甲
HVH_024_002604	進零唐之弟石市产会社五芳谷者也
HVH_024_002605	墨
HVH_024_002606	洞江
HVH_024_002607	久派博
HVH_024_002608	中
HVH_024_002609	见
HVH_024_002610	包
HVH_024_002611	科耀古
HVH_024_002612	都
HVH_024_002613	接答
HVH_024_002614	溪
HVH_024_002615	特揭作突抛山
HVH_024_002616	域二天荒
HVH_024_002617	破
HVH_024_002618	了称文
HVH_024_002619	学单言
HVH_024_002620	突嵌
HVH_024_002621	登科与
HVH_024_002622	土
HVH_024_002623	何磊落
HVH_024_002624	军阁
HVH_024_002625	社人莫光宝二
HVH_024_002626	年丙
HVH_024_002627	辰科三進里洞人黎
HVH_024_002628	中興弘
HVH_024_002629	定五年甲辰
HVH_024_002630	科
HVH_024_002631	二進阮渊
HVH_024_002632	在至
HVH_024_002633	尚卡岩廊
HVH_024_002634	侯阮世
HVH_024_002635	標仕至寺御子爵阮伯疆古郑社
HVH_024_002636	人黎端慶四年戊辰
HVH_024_002637	科
HVH_024_002638	三审頼答侯社
HVH_024_002639	人洪
HVH_024_002640	二平四
HVH_024_002641	年癸五科印顿资輔务到到上传圣参政仕至型察御史中年三岑溪社
HVH_024_002642	人光宝二年丙辰科三甲
HVH_024_002643	同突社人光五年業科三甲进中東阁阮秉彝進士创元至都御史東候阮春光社主参政兼荣阁大
HVH_024_002644	季士桃山社
HVH_024_002645	人於
HVH_024_002646	光宝五年
HVH_024_002647	未科三張面装仕至型宝察侯世傳
HVH_024_002648	阮春光
HVH_024_002649	先
HVH_024_002650	生天資甚
HVH_024_002651	纯面勤于
HVH_024_002652	学每喜讀
HVH_024_002653	書终身不忘读
HVH_024_002654	丰微夜不停声其声奇粗而大鄰里闻其声厭之掩
HVH_024_002655	耳家有榔圈坐且读且叩
HVH_024_002656	所坐赫省枯
HVH_024_002657	死其
HVH_024_002658	婦
HVH_024_002659	見其辛苦勤焖之
HVH_024_002660	謂碩土豈有負乎汝何自苦此
HVH_024_002661	是以鄉前有貴
HVH_024_002662	者故以此之也
HVH_024_002663	公
HVH_024_002664	不为止盖助于季久变化氣質遂成后
HVH_024_002665	士登進
HVH_024_002666	士弟再中東阁及荣歸日作具饗其置
HVH_024_002667	大关更于上
HVH_024_002668	间
HVH_024_002669	其故日
HVH_024_002670	磧土固点如有之必大差是
HVH_024_002671	乃大笑
HVH_024_002672	日意有办
HVH_024_002673	庆歳社人玲黎
HVH_024_002674	朝
HVH_024_002675	景兴事竟成笑世傳書中票
HVH_024_002676	贱一篇了
HVH_024_002677	公所作参与後有军一年已
HVH_024_002678	交科
HVH_024_002679	三甲
HVH_024_002680	进车仕至特进
HVH_024_002681	金紫荣福大夫丞政使司斗山伯贯加林富章礼
HVH_024_002682	相
HVH_024_002683	傳潘
HVH_024_002684	阮
HVH_024_002685	家長安
HVH_024_002686	春马楼花至
HVH_024_002687	灵好共昊江对槐桂
HVH_024_002688	香
HVH_024_002689	飘
HVH_024_002690	锦水波
HVH_024_002691	国老线知同阮
HVH_024_002692	者
HVH_024_002693	福福
HVH_024_002694	寿世兼多
HVH_024_002695	修
HVH_024_002696	玲好恰皆河
HVH_024_002697	柳松杨
HVH_024_002698	春深蔭两河古都
HVH_024_002699	的至是社
HVH_024_002700	人黎
HVH_024_002701	朝端慶四年成科二甲乃集子
HVH_024_002702	转光宝二年丙辰祥
HVH_024_002703	進士潘集
HVH_024_002704	潘恺仕全参政
HVH_024_002705	仕至若产印致
HVH_024_002706	仕生
HVH_024_002707	吴
HVH_024_002708	人
HVH_024_002709	吴酒
HVH_024_002710	社人
HVH_024_002711	於舉
HVH_024_002712	光顺四年登未科姓士阮之曾源诊淳福七年成辰科二审進士阮疆仕至吏
HVH_024_002713	部尚卡防磁仕至监察御史歷尚丰修美社
HVH_024_002714	人端春工年丙辰三甲進安产孙社人零中兴弘定三年
HVH_024_002715	科三世同助造仕至
HVH_024_002716	监
HVH_024_002717	察御夫寿九九兰仕主丞政使伯爵梧桐阮
HVH_024_002718	道谷炳
HVH_024_002719	明敏
HVH_024_002720	天
HVH_024_002721	资时兴並春科
HVH_024_002722	二
HVH_024_002723	甲奪高標面圆二年
HVH_024_002724	施德
HVH_024_002725	政脉大千常罪有餘春秋遗筆公何病
HVH_024_002726	哲坛
HVH_024_002727	古
HVH_024_002728	樹
HVH_024_002729	白雲
HVH_024_002730	低秩典花章红
HVH_024_002731	日烟故里休文已遗风
HVH_024_002732	道起
HVH_024_002733	敬前
HVH_024_002734	名
HVH_024_002735	阮道
HVH_024_002736	乃
HVH_024_002737	高
HVH_024_002738	堆政格
HVH_024_002739	桐社
HVH_024_002740	人天
HVH_024_002741	資明敏
HVH_024_002742	至
HVH_024_002743	東
HVH_024_002744	公世奉差
HVH_024_002745	守
HVH_024_002746	當督
HVH_024_002747	同為
HVH_024_002748	政简勘訟
HVH_024_002749	明
HVH_024_002750	察
HVH_024_002751	声望
HVH_024_002752	赫获日自家貫
HVH_024_002753	起圆途
HVH_024_002754	绝往京
HVH_024_002755	北
HVH_024_002756	处
HVH_024_002757	嘉
HVH_024_002758	林
HVH_024_002759	縣富
HVH_024_002760	市
HVH_024_002761	社
HVH_024_002762	闻婦
HVH_024_002763	人声骂失鷄
HVH_024_002764	兮乃下車差催伊婦
HVH_024_002765	来何汝價幾何伊謂當價三
HVH_024_002766	伐公使人以
HVH_024_002767	还责伊陵罵甚
HVH_024_002768	辞令都人
HVH_024_002769	各打伊面
HVH_024_002770	下眾人情皆不
HVH_024_002771	忍各就轻
HVH_024_002772	打惟一人重打起
HVH_024_002773	睡指之高汝盗他汝重打
HVH_024_002774	他面罪难辞
HVH_024_002775	其人驚惧首服其罪引主毛心果
HVH_024_002776	题公培鸡线
HVH_024_002777	世傷瑞
HVH_024_002778	去而又百行主山圍縣间寺无有
HVH_024_002779	无呼失綾被公
HVH_024_002780	会設坛
HVH_024_002781	会牌无就坛所每
HVH_024_002782	元一手
HVH_024_002783	批长幡一手藏票面统坛内報日某轩票粒生
HVH_024_002784	芽公见中有一尼常微闲肴公莫来会招首罪其无惧服还他裙果然一日
HVH_024_002785	本
HVH_024_002786	鎮有盗
HVH_024_002787	人夜间往道
HVH_024_002788	炸大王祠精保盗得重物顾置行
HVH_024_002789	礼此夜果得一结衣很
HVH_024_002790	於神信上明日失物主人性导過其祠見衣衣神
HVH_024_002791	任定室
HVH_024_002792	已物意神能
HVH_024_002793	容奸往所吉公師詣朝迎神
HVH_024_002794	信俱之坐
HVH_024_002795	问日大王神保一
HVH_024_002796	鄉臣貴司一鎖
HVH_024_002797	何人好盗可容之
HVH_024_002798	耶
HVH_024_002799	大王明足始奸
HVH_024_002800	此衣何知
HVH_024_002801	来不知之字頃果见盗人换手而至首服其
HVH_024_002802	罪领还他财物如故公其购智道人察奸摘伏神類如此
HVH_024_002803	敬
HVH_024_002804	伊人為山西德政铭以之公明办理同如
HVH_024_002805	神其後復朝廷
HVH_024_002806	神
HVH_024_002807	庭八於鄭
HVH_024_002808	主發狂
HVH_024_002809	公
HVH_024_002810	言直鄭刺
HVH_024_002811	公朝惜哉同盗人三报公卒後其子貢备批評意謂大主神真遂真唐豪
HVH_024_002812	幕澤社人号宾萤因以他故章
HVH_024_002813	糕用旗起
HVH_024_002814	佛自称明主明公单士结
HVH_024_002815	竹為戰形如巷声勇動宗師
HVH_024_002816	当世俗
HVH_024_002817	号賊
HVH_024_002818	至
HVH_024_002819	命
HVH_024_002820	将討其四地
HVH_024_002821	八官後許四民改为社
HVH_024_002822	政
HVH_024_002823	伊社尽县
HVH_024_002824	公伊公傳俗社建祠於伊
HVH_024_002825	社
HVH_024_002826	市社为
HVH_024_002827	先号舒今
HVH_024_002828	公祠现在樹木蒼
HVH_024_002829	本朝教封中等神科國相承
HVH_024_002830	师
HVH_024_002831	世文
HVH_024_002832	直
HVH_024_002833	池邑
HVH_024_002834	有
HVH_024_002835	三
HVH_024_002836	陳
HVH_024_002837	曹
HVH_024_002838	礼院
HVH_024_002839	参天
HVH_024_002840	取相
HVH_024_002841	邱戒旄
HVH_024_002842	重一身
HVH_024_002843	尽锦双
HVH_024_002844	施
HVH_024_002845	人世
HVH_024_002846	罕彩旗雨耀
HVH_024_002847	聖人啟
HVH_024_002848	五世
HVH_024_002849	酬
HVH_024_002850	男貼孝子孤诚
HVH_024_002851	唱
HVH_024_002852	美
HVH_024_002853	先君
HVH_024_002854	勤忠已在吾皇典語禄偏甘逸老貧
HVH_024_002855	正是
HVH_024_002856	文
HVH_024_002857	家標
HVH_024_002858	一世各
HVH_024_002859	風
HVH_024_002860	在人间
HVH_024_002861	陈璐公
HVH_024_002862	安产直池社号序人於中兴
HVH_024_002863	景治八年庚成科三甲進士仕至光進慎大天光禄寺爵加赠特進金紫荣禄大夫部侍郭芳池赐
HVH_024_002864	忠謹
HVH_024_002865	公乃之子
HVH_024_002866	终永盛十四年
HVH_024_002867	戊成科三甲进七仕至特通金荣荣禄
HVH_024_002868	大夫参促礼部
HVH_024_002869	尚陳璟八侍經延致仕起復耀郡公封
HVH_024_002870	贈少
HVH_024_002871	保賜忠雍七十王公生下谷陳乃陳之子
HVH_024_002872	陳琦三的飛发景興九年戊辰科三甲進仕至封朝烈大
HVH_024_002873	夫翰林院侍读清化参政使御史陳建暑副都御失加贈特進全
HVH_024_002874	禁荣禄大夫工部左侍郎策伯賜忠諒年十中真一至生中進案家傳
HVH_024_002875	云
HVH_024_002876	陳
HVH_024_002877	學
HVH_024_002878	公幼時昭
HVH_024_002879	及長璟小
HVH_024_002880	学莹甫於正和五年甲子十月高四日辰時生乃陳公正
HVH_024_002881	室夫
HVH_024_002882	人陳
HVH_024_002883	氏所生長兄儒生
HVH_024_002884	早世遂
HVH_024_002885	易為
HVH_024_002886	長公年十七
HVH_024_002887	岁失益于
HVH_024_002888	冬兴七男途冬
HVH_024_002889	京
HVH_024_002890	師成闻其天字
HVH_024_002891	谷會習官尚加技席上行文出
HVH_024_002892	都
HVH_024_002893	民贺虞
HVH_024_002894	舜天子位韵并小
HVH_024_002895	一题
HVH_024_002896	篆香为度
HVH_024_002897	公诗
HVH_024_002898	云欠
HVH_024_002899	状
HVH_024_002900	白
HVH_024_002901	存論句蒲
HVH_024_002902	地欣
HVH_024_002903	觀
HVH_024_002904	红
HVH_024_002905	日出神京快紫雲结句重光
HVH_024_002906	允
HVH_024_002907	叶将何祝领效封人祝帝前考
HVH_024_002908	官大加漢年二十二
HVH_024_002909	岁永
HVH_024_002910	盛元年十月试中三永盛年十月试中鄉
HVH_024_002911	貢第二
HVH_024_002912	各其文卷俱優
HVH_024_002913	项内官失其較定
HVH_024_002914	置第二
HVH_024_002915	永
HVH_024_002916	盛十四年春
HVH_024_002917	会试中第七各
HVH_024_002918	庭
HVH_024_002919	试文宜正修黄
HVH_024_002920	甲以失颖不叶格
HVH_024_002921	式後依首
HVH_024_002922	次公
HVH_024_002923	居佳辰
HVH_024_002924	重
HVH_024_002925	南老成不徇流俗故守久
HVH_024_002926	年不調及
HVH_024_002927	得外任
HVH_024_002928	盗賊繁多
HVH_024_002929	奉颁平题
HVH_024_002930	大将軍旗
HVH_024_002931	千我大
HVH_024_002932	将軍
HVH_024_002933	印一金厘
HVH_024_002934	创千里镜百戰间開
HVH_024_002935	所向克
HVH_024_002936	敵追年五歲
HVH_024_002937	公年老乞
HVH_024_002938	休小子
HVH_024_002939	陳登科准颂父子同日
HVH_024_002940	旋运當
HVH_024_002941	世之继世登
HVH_024_002942	科從有彩旗
HVH_024_002943	对联有
HVH_024_002944	云
HVH_024_002945	两荣
HVH_024_002946	同目
HVH_024_002947	在今帝又有朝
HVH_024_002948	掌帳文贺語一
HVH_024_002949	联普行宁世至景兴十九年戌寅歲六月初五日申
HVH_024_002950	公
HVH_024_002951	终于家年
HVH_024_002952	车五
HVH_024_002953	久賜文
HVH_024_002954	後副
HVH_024_002955	都
HVH_024_002956	御史
HVH_024_002957	陳
HVH_024_002958	卒
HVH_024_002959	亡
HVH_024_002960	山烯
HVH_024_002961	乱其子乃青知陳璇
HVH_024_002962	部
HVH_024_002963	员外郎陈合
HVH_024_002964	中
HVH_024_002965	美
HVH_024_002966	士
HVH_024_002967	平
HVH_024_002968	豪长起兵于地山
HVH_024_002969	城将圖
HVH_024_002970	报图元朝寡弗被晦远
HVH_024_002971	林泉不免
HVH_024_002972	偽償至壬
HVH_024_002973	戌年皇朝
HVH_024_002974	景啟運用
HVH_024_002975	首黎忠
HVH_024_002976	美則
HVH_024_002977	陳已汉詔赐陳为端雄
HVH_024_002978	府知府奉命取终数月间以年老色休任帰测
HVH_024_002979	時北城
HVH_024_002980	总镇公提奏準公仍
HVH_024_002981	知府
HVH_024_002982	戰許是田
HVH_024_002983	里後徒
HVH_024_002984	学樂道安縣
HVH_024_002985	中著見清操
HVH_024_002986	今接
HVH_024_002987	强澤汝定瓚拱
HVH_024_002988	朝堂帳
HVH_024_002989	文曰吾像有三
HVH_024_002990	荣誉科
HVH_024_002991	政事其二也引
HVH_024_002992	年教登科而有政之荣此固社神之盛會同昼锦衣致事幌
HVH_024_002993	兼
HVH_024_002994	誉科樂是无翰墨云奇竟自非德澤悠長才行纯備昌克臻
HVH_024_002995	此港惟谏钜公江石真豪丰南峻望着
HVH_024_002996	祠宗
HVH_024_002997	于报第施政術于登途典累职恪
HVH_024_002998	迪
HVH_024_002999	官常中
HVH_024_003000	间偶边事著鞭戎時公在哀薯親任驰驱歷崖涉波海赴湯火矢五前後八
HVH_024_003001	九十年水陸
HVH_024_003002	数百餘
HVH_024_003003	萬復山之平寧舍之焚亭之提危而安險而夷宫庙之肃清京城以保國西南一路渐底荡平東北两階翻成先人三勝烟盖著許图之精
HVH_024_003004	忠貫于日月天錫師將结上知
HVH_024_003005	丰瑞银牌
HVH_024_003006	祠蒙墨屋华王综荷荣褒乃自京丞使奉陸工部尚卡再四辞竞得命允尋以侍
HVH_024_003007	特郎掌鑫曹叶统八宰席品量祥停時人方望山濤十年
HVH_024_003008	之进
HVH_024_003009	幹旋調爽
HVH_024_003010	天下正喜韩体八月之功未幾自参徒出叶鎖再准差为水
HVH_024_003011	道您领官董兵討賊談笑人雍
HVH_024_003012	容取勝一范價重百参羊明經
HVH_024_003013	有宰相遽才尔左迁于外部楼王事
HVH_024_003014	来
HVH_024_003015	王公做还留大用于家兒青蝇营营诉人罔極赤鸟几九德音不瑕公
HVH_024_003016	之通滞無心天之报應有尾
HVH_024_003017	升而寒松莫损靈替老而丹桂已芳今年六十有五稽之礼
HVH_024_003018	是日指使公以令子德登科理参
HVH_024_003019	线望
HVH_024_003020	道体含章日表上气闭仰蒙上德命允加
HVH_024_003021	工
HVH_024_003022	部尚未仍
HVH_024_003023	首戰爵并镇
HVH_024_003024	彩旗主田用于荣养且一门父子共锦旋竟次闲闲百戰年
HVH_024_003025	而英是故里汉中二縱之古態而斗後信鸿私是天之公也否秦祭
HVH_024_003026	玲也得谢之日温登精站
HVH_024_003027	儒流自述詩一首
HVH_024_003028	簡送諸
HVH_024_003029	朝堂云中意
HVH_024_003030	區
HVH_024_003031	區为國讲借著青嫌
HVH_024_003032	一
HVH_024_003033	昼板寶今为有三休乾坤海岳新惠泉西煌霞首腾连昼锦新蒙同衣锦今春仰祝八千秋科中北
HVH_024_003034	江参圆重光
HVH_024_003035	题保特風徐鸿健丁
HVH_024_003036	邱新科文運
HVH_024_003037	啟竞
HVH_024_003038	谢
HVH_024_003039	舍
HVH_024_003040	魁元送古今人物德奇不定
HVH_024_003041	知
HVH_024_003042	原
HVH_024_003043	冰
HVH_024_003044	遠古碑题禄未
HVH_024_003045	通詩兴歌礼通傑特社人玩委乃首黎朝
HVH_024_003046	御貢
HVH_024_003047	佛
HVH_024_003048	西時陳
HVH_024_003049	唱美
HVH_024_003050	于地山城
HVH_024_003051	戍年用
HVH_024_003052	美士皇朝
HVH_024_003053	詔太平知府雇
HVH_024_003054	成歷
HVH_024_003055	年
HVH_024_003056	至己已为京北
HVH_024_003057	锁冬叶
HVH_024_003058	高维孔
HVH_024_003059	谢舍社人辉公丁邱科
HVH_024_003060	御试
HVH_024_003061	鲜元人的办令生舍社
HVH_024_003062	人阮
HVH_024_003063	致
HVH_024_003064	和公
HVH_024_003065	平真
HVH_024_003066	作八古詩铭
HVH_024_003067	石碑在
HVH_024_003068	员
HVH_024_003069	祠
HVH_024_003070	之左在府滋前）其一状元古堂乃莫
HVH_024_003071	挺之之
HVH_024_003072	深堂状元西
HVH_024_003073	席記何年度
HVH_024_003074	荒墟凭禅南岸橋林
HVH_024_003075	人不改東柯木澤地相詩未重期文统星
HVH_024_003076	日为
HVH_024_003077	学天
HVH_024_003078	五十年来見
HVH_024_003079	命穷通休
HVH_024_003080	老山門
HVH_024_003081	凤凰山上寂材热隐先生
HVH_024_003082	古壁餘片石光芒明月奔
HVH_024_003083	半漂峨白雲盧其
HVH_024_003084	工樵隐古壁梦云芳踪自碑作腾景形会尽不如漂烈英
HVH_024_003085	风古在重山容訪出店其三桑嶺古园诗云白
HVH_024_003086	江口度干艘青林园留一簇半是溪泉
HVH_024_003087	半县山兼有谗樵兼有发主人已在元陳史誰謂天南周
HVH_024_003088	誌
HVH_024_003089	读古餘威人見闻周林
HVH_024_003090	風鹤園林木龟永毡水路将軍
HVH_024_003091	发成各渡澳郎垂钓笛敬國舟子
HVH_024_003092	济人笠友其四雁湾古滚碧江中光影長如此風月清秋
HVH_024_003093	今幾度客般闭汽古江秋追记前朝一無遇其五上字古气
HVH_024_003094	沙云我
HVH_024_003095	縣河地河東西昔人居最鼎今日留山店修石穿菌
HVH_024_003096	帆
HVH_024_003097	靠
HVH_024_003098	岸
HVH_024_003099	低村翁导我道
HVH_024_003100	石泳故门
HVH_024_003101	溪明胡持
HVH_024_003102	闲日黎莫戟争秋
HVH_024_003103	南度
HVH_024_003104	永
HVH_024_003105	寺東还慶被修至今皆陳其六抛
HVH_024_003106	苦
HVH_024_003107	城诗云此地一石承感觀
HVH_024_003108	重登桃高山兴水流其云雲仙古洞梦之玄
HVH_024_003109	天一炼丹
HVH_024_003110	千古各山今改丹首已寒满光改殿失水壶
HVH_024_003111	青
HVH_024_003112	典刊岩下澳声洞裡
HVH_024_003113	草
HVH_024_003114	花闲誉松老嫩
HVH_024_003115	蔡石吃礁炭
HVH_024_003116	光
HVH_024_003117	易梵
HVH_024_003118	绣
HVH_024_003119	雄塵莺世将老雲
HVH_024_003120	仙鹤不还
HVH_024_003121	为人旅
HVH_024_003122	履及蛮
HVH_024_003123	山深增寂秋與客
HVH_024_003124	恒村相对
HVH_024_003125	江山眼界其星妃古詩
HVH_024_003126	之玉手柳高枝镜颜留
HVH_024_003127	致塔從古
HVH_024_003128	江
HVH_024_003129	山至会凭度花草自谢用渔蕉相对答卖山色青营風题进上古宅事海到青休奇被照生
HVH_024_003130	重古五
HVH_024_003131	腾地
HVH_024_003132	称
HVH_024_003133	南
HVH_024_003134	茶
HVH_024_003135	谷
HVH_024_003136	画
HVH_024_003137	至灵
HVH_024_003138	江山
HVH_024_003139	背
HVH_024_003140	秀
HVH_024_003141	花草
HVH_024_003142	竟
HVH_024_003143	鲜荣
HVH_024_003144	白沙今
HVH_024_003145	白雁抛古
HVH_024_003146	抛
HVH_024_003147	城北岸
HVH_024_003148	登固南風敗
HVH_024_003149	莫兵戰场煌
HVH_024_003150	雾锁故墨家霜
HVH_024_003151	鞋古海
HVH_024_003152	标
HVH_024_003153	西女风
HVH_024_003154	遗堵
HVH_024_003155	粥亭風山花灼
HVH_024_003156	灼麟洞鸟
HVH_024_003157	崇
HVH_024_003158	山悬
HVH_024_003159	古寺
HVH_024_003160	，
HVH_024_003161	伏祖
HVH_024_003162	萃幽馨神昭天壤宗
HVH_024_003163	明
HVH_024_003164	法
HVH_024_003165	螺
HVH_024_003166	烘
HVH_024_003167	耀
HVH_024_003168	玄老亦
HVH_024_003169	赤子头蒼生献誠
HVH_024_003170	彩蓬
HVH_024_003171	芳礼典
HVH_024_003172	安
HVH_024_003173	邑
HVH_024_003174	耀花强與
HVH_024_003175	道祛
HVH_024_003176	邪
HVH_024_003177	山康福衡
HVH_024_003178	南曹
HVH_024_003179	禅宇甫
HVH_024_003180	北
HVH_024_003181	斗梵拳營
HVH_024_003182	牧
HVH_024_003183	笛横岛诸
HVH_024_003184	热歌放鹤
HVH_024_003185	湖頭
HVH_024_003186	如有
HVH_024_003187	仙实
HVH_024_003188	自
HVH_024_003189	然成
HVH_024_003190	高
HVH_024_003191	驿曾日
HVH_024_003192	侧蔡顺集诗
HVH_024_003193	宝
HVH_024_003194	程國開
HVH_024_003195	河文
HVH_024_003196	赞竹石
HVH_024_003197	盟澧
HVH_024_003198	颜含珠
HVH_024_003199	玉奇山旅鐸铃青
HVH_024_003200	頼鍾留
HVH_024_003201	迹崇废地有
HVH_024_003202	声神跡遗干
HVH_024_003203	武
HVH_024_003204	元
HVH_024_003205	冠八
HVH_024_003206	流確溪
HVH_024_003207	单宿顾
HVH_024_003208	清洞
HVH_024_003209	雨奇英
HVH_024_003210	探
HVH_024_003211	花称樂嶺榜
HVH_024_003212	眼出安
HVH_024_003213	同优伟旅傑
HVH_024_003214	泉
HVH_024_003215	部量恢宏
HVH_024_003216	户
HVH_024_003217	舍人儒墨望
HVH_024_003218	十
HVH_024_003219	五直
HVH_024_003220	池世相鄉厘
HVH_024_003221	陽多
HVH_024_003222	贵频特
HVH_024_003223	亦簪
HVH_024_003224	徕顧愚
HVH_024_003225	作合
HVH_024_003226	竟影
HVH_024_003227	把芳笑雲山
HVH_024_003228	好闲看望月盈
HVH_024_003229	洋然
HVH_024_003230	俗
HVH_024_003231	界
HVH_024_003232	坦着
HVH_024_003233	步雲程
HVH_024_003234	山
HVH_024_003235	岳如見魔
HVH_024_003236	相
HVH_024_003237	喜氣生泛阅神奇尚見间下善兼收安
HVH_024_003238	謨石处神昊寧保山傳
HVH_024_003239	低楼邱石痕盟莫创
HVH_024_003240	灵石标镇河流
HVH_024_003241	古地濠水傳滕
HVH_024_003242	馬
HVH_024_003243	南涧
HVH_024_003244	山腰記珠红氣縱横驚俗眼
HVH_024_003245	擴山祭祷漂
HVH_024_003246	初
HVH_024_003247	秋奇庵鐸送
HVH_024_003248	甘
HVH_024_003249	虎寺陰流透
HVH_024_003250	頭支碍您
HVH_024_003251	安
HVH_024_003252	读
HVH_024_003253	社地頭突起石三座湾捶
HVH_024_003254	形如負内如一方几石约展二席石中破用一处放一天俗傳音有
HVH_024_003255	牧童聚会间有小见
HVH_024_003256	啼声在伊山
HVH_024_003257	腰相就知見一
HVH_024_003258	孩兜面魏梧队终石破知啼声关音似声乃以笠之争抱而
HVH_024_003259	还忽然風雨依
HVH_024_003260	大彩沙走石伊兒腾空而去只闹空中有声日我卽寇
HVH_024_003261	蓬神也眾背驚異遂三祠奉祀在处神府学题看有买
HVH_024_003262	遮累朝救
HVH_024_003263	封上等神令秩依前保社山中有一古寺石病如人气俗号山侯#又有山主句楼
HVH_024_003264	之包有方名一長一尋高的四
HVH_024_003265	天横有一新娘長效一天深約寺俗相傳莫注敗走
HVH_024_003266	到此校创
HVH_024_003267	虹石石莫瓦差再典應研石为两版言吃下创
HVH_024_003268	不應单留痕吴江社陈慶锦
HVH_024_003269	庙在江边号渡锦津次蔓钢九俊长约三尺阀天伶傳
HVH_024_003270	最吴異人不敢進社立標樹在面
HVH_024_003271	山時有一武
HVH_024_003272	官不信溺于上自然吐血而死今亏民行客多御金银纸线于標地吴江石锦镇河海0抛
HVH_024_003273	山传傳美敗
HVH_024_003274	住于城抛
HVH_024_003275	欲顺流于古向
HVH_024_003276	路
HVH_024_003277	食年士没河
HVH_024_003278	以候水道一夜
HVH_024_003279	浚自抛山
HVH_024_003280	水口至保
HVH_024_003281	特社其手足折断以
HVH_024_003282	千效忽见一
HVH_024_003283	婦人着白衣与馬上自腾空而去
HVH_024_003284	莫瓦知其不成乃罷兵路号淘意謂今方言口钢汇沫连港淘
HVH_024_003285	男无而走其
HVH_024_003286	浚濠所
HVH_024_003287	今水不涸俗老古驰漂水腾马天司南洞
HVH_024_003288	社有一山号
HVH_024_003289	濃山
HVH_024_003290	日
HVH_024_003291	谷
HVH_024_003292	晨驾巍
HVH_024_003293	戒技为
HVH_024_003294	鄉峯最
HVH_024_003295	好前朝幸賜谷独
HVH_024_003296	山山腰十餘寇约深
HVH_024_003297	五六尺
HVH_024_003298	俗
HVH_024_003299	傳以为水神探玉南澜腰记
HVH_024_003300	珠句
HVH_024_003301	傑待
HVH_024_003302	社鳳凰
HVH_024_003303	倒
HVH_024_003304	伊
HVH_024_003305	社人夜獵于山脚间忽见一狗
HVH_024_003306	圆红
HVH_024_003307	形如日象
HVH_024_003308	漂然可畏其人乃张弓射之伏地而自
HVH_024_003309	俱見红氣縱横木中打破一增
HVH_024_003310	俄然不見
HVH_024_003311	明日往视之則林木多颓折
HVH_024_003312	矣今時土
HVH_024_003313	人亦常有見之
HVH_024_003314	者石红
HVH_024_003315	氣
HVH_024_003316	横驚俗唱高有山
HVH_024_003317	谷广
HVH_024_003318	上山
HVH_024_003319	有高神
HVH_024_003320	庙多杖天吉
HVH_024_003321	日民社用戒北庙
HVH_024_003322	广
HVH_024_003323	山蔡祷初秋之司以礼俗傳若不則木苗為
HVH_024_003324	鹿食人被虎驚有
HVH_024_003325	山
HVH_024_003326	麗
HVH_024_003327	奇山
HVH_024_003328	山工有
HVH_024_003329	寺乃陈朝
HVH_024_003330	玄雲
HVH_024_003331	所住
HVH_024_003332	及兵火云後自为厌从今土人傳言或特常於山上
HVH_024_003333	有
HVH_024_003334	鐸声
HVH_024_003335	及治山南上寂然無所闻見但
HVH_024_003336	只空地而已
HVH_024_003337	北启奇庵锋速有郡气包荣滇池社虎奇寺俗傳音有藏全地近有一人而觀之但見水脈
HVH_024_003338	湧出其人以抽為下夜虎寺
HVH_024_003339	陰流透元读白復塞之後往過六頭江见柚浮出于中流不知有
HVH_024_003340	何水道通流
HVH_024_003341	陽江庙古英灵永鹤
HVH_024_003342	毛遗
HVH_024_003343	故路琅洞铜
HVH_024_003344	壶首题灵老公
HVH_024_003345	神
HVH_024_003346	傳人合崇臺屹尔做江津陳世親玉称园父香海
HVH_024_003347	法然称伏祖
HVH_024_003348	道眼法螺侯
HVH_024_003349	祖
HVH_024_003350	两祠终玄算人
HVH_024_003351	神功念在民祈雨厚陽社庙
HVH_024_003352	号
HVH_024_003353	弩
HVH_024_003354	神
HVH_024_003355	乃
HVH_024_003356	史記所書昔
HVH_024_003357	安陽王命
HVH_024_003358	作金
HVH_024_003359	爪神機者潘江而鄉人迎年歌唱備解鼓宣闹鼓
HVH_024_003360	操度江然
HVH_024_003361	後迎回亭中炒后阳江通吉英是云琅洲
HVH_024_003362	社有一在伊社号
HVH_024_003363	铜壶
HVH_024_003364	处奉礼高
HVH_024_003365	大号济江居士世传宝善医尤善治疹痘青有一人在西山处其子痘店现作老翁言其善治此症乃迎八医治果效主人乃问其各贯
HVH_024_003366	址山王口
HVH_024_003367	我谷高
HVH_024_003368	山家在至縣铜壶处
HVH_024_003369	其後主
HVH_024_003370	人依言往谢主祖見一神祠
HVH_024_003371	而已
HVH_024_003372	始知老
HVH_024_003373	翁乃山王之顯
HVH_024_003374	聖
HVH_024_003375	此其人乃備礼狗旗恭進自
HVH_024_003376	是以後以神菜间每有清礼盘
HVH_024_003377	用清水一壹就祠前具陳病
HVH_024_003378	症祈惠神藥印以服之多有效者遠
HVH_024_003379	傑特
HVH_024_003380	社
HVH_024_003381	有国
HVH_024_003382	父
HVH_024_003383	祠
HVH_024_003384	乃陳朝親
HVH_024_003385	王
HVH_024_003386	上
HVH_024_003387	宰
HVH_024_003388	陳
HVH_024_003389	風镇故宅
HVH_024_003390	也祠近大江世傳公有異術参朝日常暮尚在
HVH_024_003391	家早晨已至京
HVH_024_003392	師
HVH_024_003393	巷是時有天德江水路常通
HVH_024_003394	公用輕舟疾掉一久可
HVH_024_003395	達故人不以为異
HVH_024_003396	耳
HVH_024_003397	父八朝常被
HVH_024_003398	人暗置习于
HVH_024_003399	关
HVH_024_003400	中谏
HVH_024_003401	帝索得之
HVH_024_003402	其官退于後公
HVH_024_003403	人其宅建祠著有
HVH_024_003404	灵應陳
HVH_024_003405	明
HVH_024_003406	宗幸具
HVH_024_003407	祠为虹市少崇夏宝黄烽萬于左臉而崩至今方民祈请
HVH_024_003408	多應者今石路
HVH_024_003409	自边至庙前皆大王所留
HVH_024_003410	迹人莫敢
HVH_024_003411	取尔三包海香海寺在
HVH_024_003412	輔街社前村首谷
HVH_024_003413	九
HVH_024_003414	霞社同和
HVH_024_003415	村陳
HVH_024_003416	朝法螺祖親母前已生九
HVH_024_003417	女後再孕
HVH_024_003418	悲其多女
HVH_024_003419	来催生久而不出乃寺孕至十四个月母
HVH_024_003420	夜爱见人
HVH_024_003421	授以神创
HVH_024_003422	喜而之果至五月初七目
HVH_024_003423	生法螺同和異香满
HVH_024_003424	室公長而口不説恶言
HVH_024_003425	食不董肉年二七歲修齋得道時因
HVH_024_003426	南江幸
HVH_024_003427	仁宗見而
HVH_024_003428	異之日子
HVH_024_003429	有
HVH_024_003430	道後必
HVH_024_003431	有法器
HVH_024_003432	且善其来遂赐善来
HVH_024_003433	後以麒
HVH_024_003434	麟察受戒興
HVH_024_003435	隆十六年命竹
HVH_024_003436	林
HVH_024_003437	第二祖禅師宗冷
HVH_024_003438	队庵八久
HVH_024_003439	師奉八内大安
HVH_024_003440	置
HVH_024_003441	仁宗
HVH_024_003442	崩
HVH_024_003443	玄
HVH_024_003444	光元徒師授
HVH_024_003445	学不離左
HVH_024_003446	右
HVH_024_003447	英宗赐
HVH_024_003448	号
HVH_024_003449	普知其後有京
HVH_024_003450	師背称弟
HVH_024_003451	子師奉
HVH_024_003452	詔祈雨累得開创琼
HVH_024_003453	林
HVH_024_003454	院及
HVH_024_003455	壶天
HVH_024_003456	真等庵
HVH_024_003457	开等
HVH_024_003458	及
HVH_024_003459	青枝境
HVH_024_003460	山萬绿
HVH_024_003461	截一身间四餘年
HVH_024_003462	夢约
HVH_024_003463	问。
HVH_024_003464	景四岁永有偈
HVH_024_003465	云
HVH_024_003466	珍
HVH_024_003467	宝
HVH_024_003468	諸人休借
HVH_024_003469	问那逍
HVH_024_003470	風月竞
HVH_024_003471	逢宽伊寺著美
HVH_024_003472	民间祈
HVH_024_003473	雨每试
HVH_024_003474	科士子多就祈夢至
HVH_024_003475	令行快焉
HVH_024_003476	此
HVH_024_003477	在
HVH_024_003478	同和
HVH_024_003479	香陶
HVH_024_003480	寺福
HVH_024_003481	答云句異哉
HVH_024_003482	一
HVH_024_003483	镜三王
HVH_024_003484	才女
HVH_024_003485	星妃佛特
HVH_024_003486	御绝
HVH_024_003487	世美容频慧
HVH_024_003488	会科首
HVH_024_003489	送露文
HVH_024_003490	幸廢興底事烧田
HVH_024_003491	海
HVH_024_003492	寵
HVH_024_003493	遇
HVH_024_003494	殊恩自粉香两白自
HVH_024_003495	明家记
HVH_024_003496	在山頭花塔凭类凉
HVH_024_003497	自觀之後通
HVH_024_003498	於三月日誕妃
HVH_024_003499	有星落入依
HVH_024_003500	之爱妃各氏姿容绝
HVH_024_003501	世明慧人時有本
HVH_024_003502	朝士同得筑華林祥成辰藏買台进很须够混殺黄御蜂
HVH_024_003503	媒聘娶死不肯其见叙事国語文曰又云倘桃
HVH_024_003504	朝鳳蓬
HVH_024_003505	石城乱二十岁適
HVH_024_003506	莫末其父避居高利镇
HVH_024_003507	入云停台界饥同身
HVH_024_003508	宝达
HVH_024_003509	色惬叁撑扶持因假男子服従師受博
HVH_024_003510	能久時東
HVH_024_003511	北地分钱存属莫朝莫
HVH_024_003512	氏会試于
HVH_024_003513	高平士子多
HVH_024_003514	應
HVH_024_003515	举而妃中
HVH_024_003516	第一其次之
HVH_024_003517	師音青
HVH_024_003518	出
HVH_024_003519	终
HVH_024_003520	蓝面勝物蓝及八日
HVH_024_003521	莫至見其貌面
HVH_024_003522	女人询知
HVH_024_003523	其寔
HVH_024_003524	逐纲
HVH_024_003525	命
HVH_024_003526	名
HVH_024_003527	沙莫居山谷
HVH_024_003528	中み鄭
HVH_024_003529	军你获如
HVH_024_003530	謂軍士曰汝輩葬我当以見汝主不多命
HVH_024_003531	礼不然惟有
HVH_024_003532	劍耳更为命功乃
HVH_024_003533	以进甚
HVH_024_003534	遇令
HVH_024_003535	旨准本给貫兵
HVH_024_003536	民
HVH_024_003537	逐項并陂池市渡及諸税
HVH_024_003538	額賜以寓禄自以後累年搜差各役税例已镜郑又赐好百買圭田式畝其本
HVH_024_003539	社上
HVH_024_003540	等情之感又蒙外例之见共会保敬
HVH_024_003541	後神
HVH_024_003542	但妃境经垩且了通天教木牢厚礼贵十一月
HVH_024_003543	因立
HVH_024_003544	约定几
HVH_024_003545	內外先祖
HVH_024_003546	忘日
HVH_024_003547	郑腊及德老生日总時並用齋
HVH_024_003548	茶
HVH_024_003549	盘视馨香为住特茶常倒脱
HVH_024_003550	林務農寺
HVH_024_003551	醫親居弘祖
HVH_024_003552	陽王立
HVH_024_003553	求女学
HVH_024_003554	士以教人
HVH_024_003555	左石以北刘陽王召八
HVH_024_003556	官合教客
HVH_024_003557	人
HVH_024_003558	号日
HVH_024_003559	礼師几
HVH_024_003560	事两
HVH_024_003561	朝皆内文章供奉
HVH_024_003562	不左右每有
HVH_024_003563	顧取
HVH_024_003564	问引央今古
HVH_024_003565	事上
HVH_024_003566	称
HVH_024_003567	之儿
HVH_024_003568	会试
HVH_024_003569	卷及群臣文
HVH_024_003570	背
HVH_024_003571	经賜好
HVH_024_003572	考定
HVH_024_003573	至辛
HVH_024_003574	未科应
HVH_024_003575	用试阮春中第一其文字通者上以问妃陳上加其冬
HVH_024_003576	先
HVH_024_003577	是行久言曰
HVH_024_003578	我
HVH_024_003579	文举朝不能底悉惟我好礼師定她同外宗果如
HVH_024_003580	喜言其世傳好善动奖後進每月二期令
HVH_024_003581	人作钱会
HVH_024_003582	本斯文習子其
HVH_024_003583	题自京差人将回行訖
HVH_024_003584	交斯文
HVH_024_003585	会諸員
HVH_024_003586	纳
HVH_024_003587	好自老畢
HVH_024_003588	依期还住修生
HVH_024_003589	行文月期为常中興文後久风大限皆
HVH_024_003590	妃之力也又傳自奉华本贯寓
HVH_024_003591	禄命取朋好十教为士夫大科
HVH_024_003592	赏格後人省之祠好兄为御人所言及貴其人事之甚谨故
HVH_024_003593	妃未常酒愁人皆服其德度焉年近八旬奉差地人作庵在祖墓案前干壽终
HVH_024_003594	前後所事嫌为没悴
HVH_024_003595	倒欢双离落几三题妃所作久章甚多今無
HVH_024_003596	傳
HVH_024_003597	者只见作家记图语文
HVH_024_003598	歷取已事自地读朝民界日民本缘漢臣女
HVH_024_003599	儿
HVH_024_003600	油郡固侧百牺妾剑之状元其
HVH_024_003601	百張近日存及乱失
HVH_024_003602	之
HVH_024_003603	妃可謂奇
HVH_024_003604	生古所谓中舜
HVH_024_003605	世
HVH_024_003606	上
HVH_024_003607	神
HVH_024_003608	仙好
HVH_024_003609	其近止
HVH_024_003610	妃
HVH_024_003611	之红于祖
HVH_024_003612	墓之侧建築一朱路遠远烂然至
HVH_024_003613	会尚
HVH_024_003614	存人你鐘英地豪秀氣派士天潢嬪侍王府
HVH_024_003615	其宗人一在嘉林縣裕農社
HVH_024_003616	苗存马
HVH_024_003617	其日德冠后宫禄及先
HVH_024_003618	祖恩泽
HVH_024_003619	周流郡人敬菜進馨香香慶暇雲愈光先祖
HVH_024_003620	萬古德功
HVH_024_003621	两间
HVH_024_003622	字宙佳载
HVH_024_003623	皇周
HVH_024_003624	千年聖
HVH_024_003625	总訛皆可從好尚證自俗偏於支碍是民山谷再闻輔術横登多亦係面辰教育一治
HVH_024_003626	今逢象开正平
HVH_024_003627	兹
HVH_024_003628	皇
HVH_024_003629	王福多徒勤
HVH_024_003630	儉
HVH_024_003631	少奢
HVH_024_003632	特说
HVH_024_003633	地
HVH_024_003634	桑希訟微支碍
HVH_024_003635	总九社亚店山
HVH_024_003636	脚接远
HVH_024_003637	鳳眼縣前年
HVH_024_003638	山徒多聚集为
HVH_024_003639	賊今
HVH_024_003640	已
HVH_024_003641	寧帖
HVH_024_003642	辅
HVH_024_003643	街衫俗傳青多悲几
HVH_024_003644	全
HVH_024_003645	财
HVH_024_003646	無
HVH_024_003647	悠面時景有命案
HVH_024_003648	全
HVH_024_003649	步影转辖民氣習客相同再把土宜陳小目江溪潮水鱼饒山脚春秋茶菜足梅竹茅草文產间鹿豕侣聚群山麓大香茅地産抛山油菜天然嘉暮春佳品广津蜚尋常秋兴促野味偏多记不腾更将技芸歌言韻本縣各社土宜治江所有知至灵谷溪多產白巨魚知山樂道寧保多産茶樹兴百限
HVH_024_003650	梨巴界密諸菜大铸社有山茅大如干味如香抛山社多產油菜俗号油育人对探作油廣津社江産有小蚌各蜚春暮有取得赌味最清好前朝有以進者如大海蛤蚌琪之小小常不須寳迹右至昊事端终畢葆鳳凰寺在碑詩云至灵
HVH_024_003651	山水
HVH_024_003652	一
HVH_024_003653	壹
HVH_024_003654	天想象先生—年献媚鳳麟留可景争奇毫虎付寒煙
HVH_024_003655	横秋鲜壁风霜光特地豐碑日
HVH_024_003656	月憨
HVH_024_003657	標表郎今場
HVH_024_003658	萬
HVH_024_003659	古高山在望正题然七成便冠白雲
HVH_024_003660	深处便盘
HVH_024_003661	柜
HVH_024_003662	童帰鲜蒼生雨豹隐能鬼魅寒露挹巖英誰復报月明渚桂线蘭當年巻虚抱又更蓬心愧仰锁
HVH_024_003663	鳳凰山上住雲闲隐高風在世间七章成便掛四書説约参千年遗地依孤教尺堂久董可
HVH_024_003664	惜世间多偽隐草掌曾日否勒移文凤
HVH_024_003665	凰帰去碧
HVH_024_003666	烟深
HVH_024_003667	送韻
HVH_024_003668	清
HVH_024_003669	风直到全人應
HVH_024_003670	作
HVH_024_003671	儒林重千载
HVH_024_003672	能后石尋七诗
HVH_024_003673	存
HVH_024_003674	國論孤雲雖遠
HVH_024_003675	自臣心山水
HVH_024_003676	公真此樂
HVH_024_003677	生
HVH_024_003678	平
HVH_024_003679	襟寄岭師儒去後六百年古壁依此地傳标棟民彝存一蔬津梁正学有遗编久章也是兼動業傑豪真能做聖员山斗即今公望在未應鹿阀付寒煙千秋麟鳳共遽逸誉宇横襟有所思氣教盛难自主聖贤心事动相递寒溪草何年乐木依山颓自古悲日暮依回首望嶺雲客思若俱远
HVH_024_003680	一蔬孤忠说不行御帰去隐层城久章氣运准相值廊庙江湖異情烟月遗冬皆氣部荆拳颓地是風声警池鳳嶺今取谷蹟教人说至灵松秋深锁日将夕烟草加苗送乱五暗港千山風更愁鎖沈萬古雲帝蹄溪花欢落雨纤绿野鸟不鸣山寂寂幾度涛躇行復行平蒸無冬春生医萬叠青山簇昼屏斜陽倒排丰溪则径裹人到山鹊啼烟振一声鼓冤血柜心已厌风霜安敢闭寒梅白雲萬叠松廓掩紫陌多岐我馬潰蕙帳勿猜孤鹤些蒲輪好为下民昌朝社天方祈肯侠先生老碧隈登臨訪凤凰一里自清古壁封苔鲜新祠倚久陽山深紅港港水曲碧
HVH_024_003681	徑松康盧清風千古尚如晨难究生季子寒七乾書赴阙再中朝峻望还山市赣野堂虚凰凰祠下神拜出闲雲自卷舒東阿社税凭番更越甸儒尊不名擬诸當年斧豊碑萬古甫高清鳳山草木會翠水雲天色色明琴鹤三春文献地一祠章冀接修灵鳳凰山上白雲远隐当年興一若教存社禮孤岑无煙霞且看氣间载未文起百家斤石岩腰伟青址悠悠怀古久斜先生至命有不亡劲氣凌凌七斬童直為脱朝冷鬼殊却将心事托麟凰化機未果难回斯道还当有主张翠岩头锦古壁猶能千载辣财独
HVH_024_003682	荒凉石徑掩雲開七聊遗在雨间陳晚網维谁是主至吴山水闵孤尽雨点流泉暗淚霜凝班张善堂碑题日月千秋正氣仰高山七朝成章侯树冠至天终老有诊闽清风苦高千古吉望岩岩秦山学海翅佑再淳上库山斗涛斯人富理湾史工夫大教老崇儒政化新市鞍兰鞋歸漢日青颜白发浴沂春花号是垂衣治事得巢由作日江亭独之效运舟风急滩前一笛秋斜日尽线红港春天望数碧悠功臣已落堂曼湖海聊为汗漫逸自去自来渾不管滄波葛頃美鸳鸥寂寞山家锁日间竹斜辟轻寒碧迷雪色天如醉红花消露未乾身共孤雲长岫心同洞井不生
HVH_024_003683	栢薰半冷茶烟歌溪鸟一声春曼残刘南邦文献可東土風声有自有之云间語歸休仕止久速重者道四说约格致誠正孝潮其傳海陽督孝裁拜交翠李景洗前惟情怡养绿边也星多璞海调如金馥郁飘飛李座花倪俱那多休光景斯地斯人雨露天闲東轩景界宽宇宙奇党州地琴藏珠开山卒山天增书玉山蘭秀葡都卷琪花培草叠開颜诗悟皇火騷客花草天心细
HVH_024_003684	奉麓南关府青林縣贤祠奉礼前朝科宦先贤以永其傳千年不派陳朝丙辰科状元加封大王陳朝丙寅科状元白公遼先生桐溪社黎朝丁禾科状元仕全尚書陳崇先生黎朝癸型科三元状元什至尚書预玖宿奉武公賜先生曼沟社黎朝庚戌科眼仕主尚未加封美大王吴父煥上谷社黎朝癸丑科探花仕堂大学士黎公熊樂業社洋
HVH_024_003685	美朝景厝登丑科會元探花仕全侍郎陳市绥安逸社乙安樂社莫朝已未科三元猪花什全翰林汽传制御時楷黎朝丙辰科探花估至大孝士丁公安逸社奠朝辛圣科湾眼任至参政使范公林仁里社朝辛未科庭元眼仕至寺卿阮公勋頼下社黎朝發未科眼仕至尚卡阮德贞安界社陳朝礼部尚赐姓汽赖下社八四大行證刘公安住社点察御史阮公楼淡衫内大行证款公泾陽社索安縣知縣開山衫
HVH_024_003686	黎朝太宗大宝壬戌科進士范如忠仁里社知足兮辞别仕至参政使卓河社磅实别罚辟充竭壬戌科進士仕至蓝林孝士汽誼壬戌科进無业社纳蛋茂利想肉鸭生成科進士仕至樞密直条業社阮原植黎朝仕至奉使仁里社香米每事仁宗太和癸酉科黄甲传至数侠季溪候范白圭安佳衫實情碎庄咽龙我吊延寧成寅科会元进优文爾發酉科進士仕至附马都指禅使范公羅安楽社为碑庄约潮通度聖崇黎朝仕至翰林院起店注上海社钱庄消过数划墨光顺年癸未科黄甲只马車花毛五科進士仕主意察使王武武顕碩芮武界社光发十年鸣菇庄芳麻拱衡黎朝仕全察墨溪社聖宗鹤德年乙未科黄甲庄耀细各崇棋泊
HVH_024_003687	仕至意察佳海苏九年戊戌科黄甲寧公流亭社堆红楼桃喝砂园传至参改使富壽男默粮点新展氏众科道士黄黨上都社始婆默嘉茂古鸿德工科进士仕全東阁大冬士集菜社蒙公靓招外统總练维仕至承政使富伯辛科黄甲裴師錄汪上衫庄乌潭锦昌父仕至监察御央鸿德十五甲辰科黄甲花久玉里社安清湾营腔山股海味雯昂过用甲辰科黄甲仕至诗郎奉阮廷舰欢治社数进萬庄约佐全翰林院孝士郑美关武社甲辰科黄甲聖滏山三岛空至輪院学士甲辰科進士杜清涛周徐社期辰转册登诗
HVH_024_003688	期展戰部徒傳广鸿男大丁未科黄甲临知府苑骏南县社番专貝社仕主参政赠都御史汽富禄性庄通よ进外國慧庄艾跳尚丰仕主侍郎贈尚节美阮宣勤汪下社丁未科進士功谷富貴徐徐任至翰林院武界社鸿方空庚成科進武气鞋勤夷麻斯痛仕至憲察侠節美范琼安良社庚戌科汪本社时潘伤强漆庚成科进七仕至翰林侍制领骚范孝松每事泡恬预强弦皖仁星社鸿务登丑科黄阮钟意庄国伴烦联吊十四年阮红里社癸业科進士仕至陽府訓導实武师谷意之奇
HVH_024_003689	癸型科进士阮正鄉见社料防新辅庄悼癸垂科黄甲佐至吏部待即赠尚美陳能開山裙跨蟹琴飞铺犹泥猫菌拱京癸业科進士仕至锦衣街正事阮鹰文桐溪社冷茂别界学。
HVH_024_003690	掠檬仕至参改使仁里登业科会元花祥彩只伴聊#崇文馆司桐溪社业科進士陳詳鸿务二丙辰科進士任主礼部尚卡十七年远察快云成科黄甲仕全员察御史
HVH_024_003691	壬戌科進士仕至宝察侠王轩汪下社任至壹察侠莫会社前年朝年卯酉二科经成科進士莫文威中一陽漢畏威穆帝
HVH_024_003692	黎朝乙丑科进仕至典夫黄甲中上学社液季台海澜涛舞瑞慶年元仕至侍郎奉候桐溪社滝鸯江當郡港运端麦戊辰科進莫润锅洪镜艾梧书戊辰科进士什主庭尉侠汽泰华育治社檬梁木体鑒脸退传至正新季陈伯銓武腾鹤麻胖蚕半经戊辰科進士懒先生契仕主憲察侠安社性氣宽和容便進退辛未科进士理铁国功代得空痛辛未科道出仕至承使陶青園樂誉社
HVH_024_003693	戊寅科黄甲传至新待到吃鸿潮周称社光绍靳和运顺神家庭仕全承政使发乡社延寧戈寅科进士公中戊辰科合景陶艺生色圆省恬恒成宗仕至承政使景黎朝祭未科進豫教最川社自典外党皇元拱宣尽怨悔登未科道传宝平政使致仕公里衫范兴仁禁世德外辅耀仕至礼部尚干登科進士阮師祐赖上社樱馋碑哆酒科名馨唉群荟癸未科進士任至承改贈侍郎桐溪衫范楚玉牒家风天介茂修世宗黎朝至尚来郡公光興庚辰科会元庭元黄阮文階大品衫帳赢禧静诗礼赠司徒太宰本果用漆敬侯黎朝仕重兵拜给事中襄御社弘定壬寅科進士阮自程图孔动伤胎特三年
HVH_024_003694	弘艺章甲辰科进士行至宽察使阮文森安住衫幔董檜漫加厨故沟想科举湯群捷買弘宝轩庚戊科進士新至翰林院检討范珪仁里衫邱酉怒跳建邃守疗至意察侠育治社弘宝癸业科進士黄公矯鞋塵鸡烧滑前修传主参政使久舍衫發业科進士阮琦弟能文章与色传残传意察使御时敏安身社平城市心御村癸业科建士曼内衫乾坤美酒傷造接运永旅乙实科進士体至太僕寺卿尚山子花福厦粥鹿洞代弹後半仕至寺卿阮仁大上谷社市旅丁丑科進士华槐赫门老域汪下社德壬戌科進士仕至翰林技厨阮文信市尼村
HVH_024_003695	休昭久馆司封教任上谷社永寿已定科進士元嵩棱店斟棒为人群业科进士会元黄单仕至参政使陳春烤開山社经集福空泥舞疗壽甲辰科進士吴庭均上谷村龙筑功2丙众科进土转至监察御央福春年萍久俊红里社塘营生沟平常仕至富察侠桐溪社永治丙辰科進士阮春榕梦倒楚仕圣侍郭致仕赠尚夫部书丙辰科進士玩派育道社招用收返今伴龙仕至都御史舞侠赠尚夫桐溪社合和詩读報正和乙丑科遗士海润伯玩公董与追歡性甚需盈永盛戌戌科進士任主传郎寿使赠尚章伯阮令儀青林社爽鲁欺拱名翁理老
HVH_024_003696	保泰孝业科進士仕全国子祭林瑞陳春宴安興社檀精拍迎传至東阅学士公桐溪社库个毒痛满痛保泰甲辰科黄甲阮宏永佑丙辰科進士化皇金業荣裱大夫赠尚柿岸侯阮世楷仁里社槐桂文徽蕙萄改桩仕全传请致仕赠举主罗准衫景攀品骨飞莹绘真两戍科進士范院懒色过配鹤景巴丑科進士传至林检封花尹璿曼社绘高每麟进台胎化至翰林宅待制富良衫馨业科進阮白竹强定春毛转禄登业科進士阮松宿良社俸莲雪鹤琪靠胶鹃會
HVH_024_003697	莫朝明德仕全叁改臺溪村巨丑科甲黄范公辉仙糖湯鲜大正乙未科黄甲仕至参改侠阮垂寵晟川社询想浪欺戌戌科進士仕堂礼刑户三部尚丰林溪侯桐溪社滑油爆燃哆群截蒲灰大正阮簡病链柱远锁似鞋朱馨腐和业科会元再中東阁参陳宝闹山社廣和甲辰科进士传至学政使朗伯曼内社黎公桔锁贵运萄仕至礼部左傅郎定光承改徒桐溪社景歷登业科黄甲范仁会花霜泊冷濃梅壬戌科進士传至察御斗府曼内社病栓雪业素書香黎乾仕全诗郎克年西辰科黄甲魔一范端良赖上社奠橙惊戦爱线滑仙俸馆
HVH_024_003698	老宝年已未科進士至工部尚奉供佳山候专貝社催辰惟汽永礼仕堂尚改侠养美仁里社权造瀘白花树先宝年壬戌秤黄甲一阮明壁被油掩桃境港塔岗壬戌科進士佐至憲察使玉惟聰注下衫想醉先生如晕钱脑仍檬秋炝进壬戌科進士仕至工部尚永山伯阮務邃社须泊醉典万辰催仕至中安藥洲社麻茂绣宾淳福乙基科進士兹光佐托界街酒固改附丐乙丑科進工社宝乡部尚丰奉徒松侯题注点衫拿横跳候沱净竹至夷部李梅溪汪下社最哈尋斯典崇康戊辰科黄百武师锡化全侍郎汪下社知零情机保数康年甲戌科士王文會华砚晓树学
HVH_024_003699	甲戌集节全提刑送零務史黎履秦安界诊学跳多学安学者甲成科进士代至工新時郎江社部三重强添重嘟諧佐至左侍郎礼部章习幸悬乐成聘介差親甲戌科進士阮盖澤新一门候拱如候意尊崇康业科進士仕至手侠彩戴社敬节内外，快似联阮鐵站程玄雪隆隆渔意麻传主医察御史丁丑科進士陳如林安华社悲徐墓許题云强数彦館延成任主子政徒蘭溪子致化上谷社选神枢读文排血淡庚辰科进士阮寿椿戈门腰悲哀牛庚辰科道仕至部尚干竹洋侯花克明行里社运靈喷登敬心香會糕如源成祭未科進士仕堂事中陳表青林社意恩慕透店妙磊
HVH_024_003700	端泰丙戌科進士所至文常侍中陶麟角墨衫至监察御史效顺县治已丑科進士范日俊蜀川社青林风物诗云吉乐勝地贵由天人挺生代信穆服楼花连闲状元進士满蓄薄博道脉照于级恂耀科谷自先步地英存旺氣遥胎山斗群员
HVH_024_003701	青林先员医朝摩科誉三甲進士第兼社号姓各年生联爵記发博朝辰试语器每科载三兄等右具在下諸危不载是以其各中基科不它尽迹陈朝太尊元豊丙辰科取四十三名汪下社陈國初雨國状元尚化朝主今为本社减隍渔道大王加赠英烈大王聖尊绍隆肉寅科取四十七名金美阁社黄東城縣状元白公遼先生公生明敏德記读書十行俱下辰上狗年光啟阮舍社要途为门容竟不体今礼为福神頼下礼都尚書鹅生韩阮生先紫未祥集科除除宋姓玩学隆辰午年瀘江有鱼至仁今刑部尚書阮为微报之江中乃自去以其事煩韩念敬賜韩公又國語詩赋敬我图赋多自料
HVH_024_003702	安住社行刘先生泾陽社行进頼先生開山社東安縣知縣武先生楼溪社鉴察御史阮先生善铁谷自太祖试宠詞一科取七名全太尊招定会试进古六年一科以此科始至仁尊丙成样復走三年黎朝递为和制太尊大宝壬戌科取三十三庄是科车縣中四谷其汽旗十岁中同進士烤尾辞教再仁里社范如忠癸巳年五月和三日戌辰生年三十岁中卓洲社参政院誼壬字年七月年八百辰刻生年年一岁中癸已年九月扫叁日未生年三十歳中樂業社翰林院直好学黎题化主翰林院学士有奉伙琴馨竞三祖仁尊太和戊辰科取千十七
HVH_024_003703	乙七年乾月初三日实辰生乐誉社再粮密逍学士阮原旗壬成科年十崴中修尾仍舞科岗再卷
HVH_024_003704	太和癸酉科取二十五庄
HVH_024_003705	已酉年三月初五日宾辰生年年五中洋乡祖典仙之曾祖也伍里社黄甲奉侠灵伯圭克明之高祖文俊三遠祖聖尊光顺五年奉使如明進香賀即位安樂社马都指挥使傳会范羅丙午年十月十日午辰生年二十八岁中羅或作遇延年戊寅科或作丁型科取四名是科修殿试屋安住社贯安兴縣奈子洲社會元京北承使华溪侯阮乙卯年生二十四歲中尊圣光顺癸未科取四十四谷海陽風物德及年知戊午年五月年五日午辰生年年六岁中安界社眼都御央奉侠赠尚書阮德貞垂尊赐揭旗荣歸云秋元梁世荣湾
HVH_024_003706	眼院德贞探花部廷莹天下共知谷或云化至副都赠都黎居季其外源也乙卯年二月年八日辰生年十九堂中上郡村苗甲翰林院起居驻武汝茵光顺已女科取二十二谷武景社憲察使武硕羊酉年生年年九点中预或作洪德乙未科取四十三谷墨溪社黄甲憲察侠王题壬戌年五月初三日午辰生年三十四中洪德戊戌科取六十二谷丁巳年六月初三日未后生年四十二中阁亭社屋同午社当甲憲察侠宁洗斜烤叶
HVH_024_003707	上部社参政富寿男黄兮堂知府黨或嘉依曼纳新人社至卢部尚書
HVH_024_003708	洪德幸型科取谷
HVH_024_003709	甲子年十一日初八日午辰生年三十九歲甲款上老承政使雷川伯裴師録厩或作锡其在秘汪下衫有式師锡發夫年十一月初日年辰生年九歳中樂業社东阁孝士黎觀仕主雷阁考黎熊乡兄气弟同朝琴意乡祖洪德甲辰科取四十四谷仁星社屋粮溪社黄甲鉴察御央花文玉丙子年三初五日十四胃子年字九歲中丁科三月五日母辰生年二十岁中萬献补屋仔里秋黄甲翰林節美艺生陳湜成節美除能涂崇飘之弟癸角年八月年百酉辰生年十二岁中育大社黄甲二部左侍郎奉使阮氏兄育大今改育治
HVH_024_003710	周社翰林院先生杜清海丁五年二月初七日未辰生年年（歲中洪德丁未科取六谷桐溪社屋曼纳社解元状元户部尚書预骚坛乙酉年已酉月丙寅日丁辰生年年三中社至尚来辰陈崇颖帝命明日察其身言書判陳才行敏捷修赐状元得罪被收家财或曰之陳宝之促祖陳春之從高祖也南貝社黄甲参政赠副都御史中申军五月初三日午生年四些中或作富作阮富禄被劫殺節美赠创都阮永福乡祖癸未年五月叁日未生年二十五生中屯貝社黄甲临洮府知府范骏过籍天施縣土黄社
HVH_024_003711	汪下社刑部右侍部赠刑部尚書美先生章七年三月十日未辰生年二年七出中一化平利部尚卡洪德起淀死阮宣勤快题其墓日刑都右侍部之墓赠刑部尚卡阮务钦事国洪德庚成科取专四上谷社烤眼夹部尚書领騷坛追封忠美注功赐疆和直加封伤躬谨行履素美勤惠康国保民至德果雄牙勇#静图救民施惠垂休衍灵應存美詔福锡祐温和宽李正直清文竭隆誼雅操英风劲聰明庚辰年三月子日午辰生年三子一歲中仕全夫部尚下预英声体烈豊切关公焕酒夫刘二宿坐以朝事外人言兵事被羅权復起用至尚書從光绍死于哀牢進封推忠功医加封上等神一云辰赔尊为莫登庸所逼播进于外公慈不死封上等神
HVH_024_003712	安良社黄甲憲察使节美范琮辛巳年二月初九日未辰生年三十岁中数作危武兴社翰林武克乳乙酉年三月二八日未辰生年二十元岁中或作汪下社翰林院待制预骚位范廣孝年未年七月年日未生年四十中信至诗部浩德癸业科取四十八名本好科中第盛壬年三月十七日雨辰生年曼纳社三元状元预骚炫奉使工部尚書武赐世称三元及第奉快乃公也丙以年生二十中三弟兄弟周朝毫三祖業樂社棉花東阁大学士黎熊是科讲题汉父八概源城中一杜相中二奉赏千闹山社黄甲吏部左侍即赠礼部尚書美乙丑年十月七日生年四十九事三世中陈舷入翰林荣款三弟原宝祖漂春湾高祖
HVH_024_003713	乙交年五年日未辰生年三九中其第汽中是仁里社蓄节预骚坛阮皖是特上锡宴土蝦久目不食书不敬照为府政不其修丁丑年年三日未辰生年三十七中桐溪社锦衣街正数事阮文广春湾五代祖也金县社贯青威影大宝社业政使阮正鄉韩年生或生博印伍里社會元参政奉侠范洋庚兴年八月1三戌辰生年二十四歳中興仁之佰明之祖文俊曾祖伯夫之桐溪社崇文版司訓洪德丙辰科取三十卷七六年三月初七日午辰生年十八中安逸社挥苑東图大学士致仕丁鎏公式兰精道龙善打进良垂占城凯是兮请拳速朝御舟前帝及大臣次为怪異不許公再三里請色述幾效帝亦如乃許
HVH_024_003714	甲戌年二月和三日成辰生年四十三歲中入考践三月士封都尉育大社礼都尚書黄矯荣奉快仕主尚書矮强乡祖矮强過精灵才縣安莊衫尊憲景统已未科取五十五谷曼社蓄甲参政甲申年五十百辰生年三六中范光赞或信宝左礼司業伊福庆祖汪下憲察徒王德辑韩等生作注上非景统士众科取十一名年郎年十四日未生年三十二歲汪下社宝察峡黄甲温察御史阮德欧宣勤三弟そ弟阅朝英金社憲零侠莫文威丙申年七初三日午生年年歲中穆威端度乙垂科取五十五谷
HVH_024_003715	安亲社憲察侠范豪醋戊申年十月初二日甲辰生年十八岁中乙六年十月年二日未辰生年年七岁中上都社典侯黄中首草有典央在践我银户科给学中端慶戊辰科取五十四谷武社正新事陳伯銓陆年生相溪工部左侍部奉使莫，莫润朗癸年八月十二日二辰生年二十六中翼哀洪顺辛束科取四十七谷已交年十月十三辰生年年中、樂孝社丞政侠陶春凰或社全寺鄉育大社屋金液社會元廷尉使阮泰华妹年生或作金度社屋育大社非县
HVH_024_003716	尊昭光绍戊寅科取十七石周徐社黄甲仕至部左侍郎先生阮鸿潮草生简帮定照帝恭统元癸未科取三赖上社道籍青池縣葛覃社礼部尚書阮師祐特年生贰亚改侠蜀用社丞政使黎敷妹年生或星诗郎五年生由丞御试中四覆解元桐溪社丞政侠致传贈工部左传范楚玉第四十五中一举或作礼仁三提第味年生由您弘王被照齐生佰莲曾际行里社山南道丞政传致仕范典仁洋之住克明之叔文俊從祖
HVH_024_003717	祖太明德七业科取干七墨漫社屋曼泗社黄甲参政花辉特年生尊太太正乙未科取三十二谷南宗年已交月戊辰日宗辰生第三年十中罗川社黄甲参政阮承寵或云廷尉丞侠盖泽之宴#兄大正戊戌科取三五谷桐溪社丞使刑礼户三部尚書兼侍读掌翰林院林浸侯庚午年辛已月甲日卯辰生年二九中阮简公貌醜忽清刚直而不会改致大用尊憲广和享圣科取三十谷
HVH_024_003718	甲子年两子月度子日交辰生三十八中仁里社穆眼再中東阁大李士参政范介森仕丞使由随弘王敬不大用開山社通籍青威縣耕社解元再中東阁参政文範伯爵年申年登师月乙日子辰生年三十中隆能三陈許为青成縣辉社房陈宝春湾曾稀三世世中三科八林崇款曾廣和甲辰科取十七店成宾年生年七中气或作侯曼纳道籍青池縣湘梅社鲜元丞侠朗川伯称桔幹三弟索祖貫曼鸿社尊宣景暦庚成科取二十六谷陆年生茶枯之被数曼焖社通籍青池縣湘梅社监察街火斗山鱼黎韩李祖青林曼纳新景唐癸丑科取学
HVH_024_003719	金辰年生年云二中一季有种星安逸社會元撰花礼部右侍印陈永绥公以木横爱明使光其制應敏捷称为三魁之才赏银花一棵復召八朝化至吏部左侍部侯爵中年甲戌月申日午生桐溪衫黄甲仕生北部古行室光道丞侠泥仁令年三十中楚勇從兄光宝丙辰科取千四谷顿上社座安勇春雷社中苗甲您制一谷礼部左侍部兼掌黄门翰林院花端艮登年生年三十四中老宝乙未科取学石安樂社贯上都礼三元棉花輪林院侍制
HVH_024_003720	乙丑年生三十一歲中時敏之父年十四歲鄉试邵時措一举解元一中会元少辰有勇力善转没雨庆年幸年丙午日甲辰生年三十四中古县社工部尚書奉使赠桂山侯阮永福奉侠伯学赠侯爵富禄练光宝壬戌科取十八名仁里社屋全灵縣安丁黄甲一仕礼部尚書林川侯致仕美部年巴年辛月庚空日戊寅辰生年军二中一举阮明璧传主户部尚書伯爵致仕被侈洪宁主莫為兵所中午年已七月丙月辰年二十中景川社工部尚書茶山伯阮務宴丞寵三弟益泽三叔汪下社富察使王维聰魅年生由朝到大夫中一举帝廢淳福乙丑科取十六谷
HVH_024_003721	汪上社卢部尚書兼輪林院侍讀奉使松侯丙戌年甲午月戊子日戍辰生由伴读年四十中鄧顕即谐之兄兄弟同朝甲戌年丙子月甲申日辰生年五十二中菜洲社夷科都给事中安河伯苑光佐丁優不预庭试尾或作菜溪伯崇康戊辰科取十七谷时年生或作在部汪下社黄甲吏部左侍郎奉侠榆溪侯武師锡汪下社吏部左侍郎兼左春坊王文會特年生动顺被你死美崇康章未科取十七谷甲申年生年四十八中頼下社解元庭元榜服寺乡阮勋久宜状元但白宇敬照下眼
HVH_024_003722	庚寅年丁六月年未宫辰生万载社丞政侠阮職腑年四中出首崇康甲戌科取十八卷成戍年生年二十七中安界社贯至灵户舍刑监察御史黎复茶德贞乡外孫慶三兄乙未年生年早中动顺为型罗川社礼部左侍部兼图子监司業阮益澤咏寰之子裕实握也乙未年甲戍月甲申日六辰生年四十中作寺三汪上社子部右侍部邵諧为府尹都题三弟戈弟图朝崇康工丑科取十八名甲年癸酉月甲午寅辰生安樂社监察御史陈如林年三十高四歲中延威庚辰科取十七谷
HVH_024_003723	甲寅年年酉月乙六日年辰生年年七中出首上谷社承使蘭溪子致仕阮寿椿敦仕一云位主户部左侍郎乙卯年年已月丙戌日交辰生二十天中一年湾尾仁里社工部尚書竹津侯花克明猴伪莫居干被伯之主孫之文俊之伯黎光兴庚辰科取六谷此科乃黎中县世尊教皇帝当奠延成三年寓大吕社貫天祿縣美苗场社會元庭元苗甲参经吏尚書兼都御史掌六部事大傳澄郡公竭宣力医贈司徒太宰甲寅年十一月二日子辰生年年七中缘有陰請不轨被救公含限飲阮文谐少死兮初为倩華都蹇快爱见神人誦詩云四海蛙争苦乱离天生禾掌群黎也是南越争幹大能知元缘捐麾師王以旁命参軍事逆诊伪莫楼境土有大功權倾无下遵登道外祖國之外延成癸未科取十八卷
HVH_024_003724	青林社屋安住社给事中陈表年五十文岁中或五二成作六十五中或么憲使端泰丙戌科取二十七卷墨球社太常寺鄉陶麟舟年三十二中出首为察御史再促美興治已业科取十七年三十七中登二年七中登免义宜及第但以人參曼纳社庭元翰林校尉范伊璃是之照为同道土出为察御史赞主孙福度之置川社监察御史智川子范日俊年四十一中效顺洪寧士辰科取十七谷莫北科上樂业社憲察侠黎攀龙年台中效顺为察使觀之孙熊之曾
HVH_024_003725	车朝黎车自黎中等甲宾制科现科在莫景登业光宝展之间至地中县敬尊士寅科九十科共四十九年科始有中教弘定士寅科取十谷襄陽社兵科都给事中邻川子阮自疆年三七中雨尾或作上郡弘定庚成科取七谷年四军中作四中仕封公四赋策学仁里社翰林院校尉計范注推第一洋多曾仁德除明乡文俊之祖安住社察侠阮文森年年二中已未弘定登业科取七文舍社参政玩琦年早六中戊辰或作
HVH_024_003726	年六十五中已開作六中育大社過籍良才縣安药宝察使黄矮璃黄矮荣活年元十五中民国榜尾安樂社憲察侠邵時敏特措多子富良社及第翰林院传制阮白竹富良社進士皮第是科参数试尊神上永癸科取七谷年四十五中伊臻三子曼纳社太僕寺鄉纳延子范福慶光瓚三孫陽和丁丑科二十谷已卯年十月甲辰生五十九中尾青七十九上谷社寺卿知礼子致仕阮仁大嵩後伯长科二月太陽已到未辰復四辰文祖
HVH_024_003727	誼王以为县異间司天是何兆朕封日此乃文明之祥兹科宜中多老进士主引见拜谢日王饮然赏古线一百黄并寓禄一社尊真福泰雨戍科取十七谷由知影年十九中湾尾危之#仁里社监参御史苑文俊老明姓洋興仁遠孫尊神下慶德主戌科取九有神童各年四十二中丁未或作注下衫翰林院校討阮文信罗十四中型制第一永奇巴交科取子石壬戌年生三十八中寿千上谷社招文館司训致仕阮嵩仁大之從永寿年业科取十三谷
HVH_024_003728	開山社會元黄甲参政由講諭年四十三中会元善相地宝之曾孫熊之主陳春湾三十善中丑科玉八翰林崇款；
HVH_024_003729	從蛮原陈璟乡外祖也尊云东治西辰科取千谷由生年中仕察被为察御史桐溪社山面道憲察使阮春榕廣文玄是科试庭兮被點自创上谷社甲辰科进士字药庭吴先生自是庭试不题育大社奉講进朝工部左侍部致仕赠礼部尚書郡公阮公派發年五月初五月寅辰生宗熙正和乙业科取十三谷
HVH_024_003730	搜拾古人文章诗歌漢字图音以其传集煙满雲帆知了通飘然舟似八虚室玉杯浅酌迎初画金管徐吟曲未终黄芙林寒有葉碧琉璃水净無風避旗影鹭翻白驚鼓跳魚發刺红洞雪壓多松偃岩泉滴久石玲未为故事留湖上新詩寄拆東軍济威谷促道盛江山氣色定報君一事五宿澄波中未晓其首题裙轻重余基圖梗江山艾柳蒲溪溪色停伤诺越陣底砚城得辰林戈如東珠机师枯越計右尔面绝关計罪如意付默涛西湖新解群買消徽供桑蓬指滤色唐香救苦鱼禁溪失苏肝喝水珠腾红闺港波涛恨吞南烈楼招翔果现造栋；
HVH_024_003731	容腾红维梗搏艾薇滝决挑寻鞋细恩警茶軍者铁游哨英雌陵坦北旗娘尼海的子靈叁東破散城定職跳青雲右派姿微证问初艾梗情状警说泰铁镜格底闺间栖楊眼载争拂花黄旗根复棒頭白象觸门兵墨西把鞋坦椒淹不平
HVH_024_003732	艾朵花煙红菜花封堆皇宫凌谷国色城北省天才勒揆東造化信添彦江山朝漢停空管各都新秋省创韵石家昭吉山文翟洗卤维犹省创国动英灵凌余座香观安现朝冲演猿啼凡景神仙埠攝睹春式秋爽酒空门古细铺吉桃賊国民改格维新全用方言俗語贴狗黄甲阮尚贤糕英俺畏夹镜畏嫩云奇世机参博朱题坤合佛涛競争沫潮注環球得帼怒机调箕空埃精文湟楚艾疾塘交淡圆芒运大陸坤拱移曳拱脆辰别得琵特贴罐猴炒色鑽色泉色机色娱现希希胸现主主腰埃意拱头棒写功役楚兰耕兰呈貼英英栏貼娘空底乖蛛烧粉得當加都争警光祖荒贴座栏叠楼親晕没陶丝检橘懿在题化悲徐汤祖台叁闺强干选秩省隔言飞色念戈味
HVH_024_003733	欺慢悲徐夫恪竭安默停兢磁腐如礼生铁肝部其。
HVH_024_003734	庄关新眉其高其初教事学行艾棒新朱糊固茂仙拱特中洲吊边浮役半関预礙除吹曙淼祀偶裤吃糊新平得将棒信利貼搭含圖蝶悌再藏之事李製造圖沛楚空福爆进进调傳生涯靴连用铁学胶安罪空玻貼静图体腰骨朱终棒翁内懿役之辰底補来涯固坤辰朱境着浪些麻连魔魔能污将朱停进何虚麻橱猫龄墨猫龙菜仇梦所德舜恩竞栏碾连精報谷辆朱加特顾固持糊萬棱卷欧波印钟脚文明耒余学轼才道知文骨滞换傳斯墨辰最斯畑辰糊塘居处朱别於辰输桶展。
HVH_024_003735	妈图铁如用蜡柔解院道唱隨案玉昂遗漏将常埃庄帆视用吃如苏固鹰艾墨针皮岸养送班洗悬连脆舒拱漆锰著凭清奇也福禅监埃别别夷凭镇展军特当梦塘光跳洗塘意仍仇镂坤窖墨汝跳悸空表。
HVH_024_003736	厨朱涯袜朱如埃滑诺压琨弓幹碾脚师固街四
HVH_024_003737	固萧竣事霧叁扒結退欺辰运世栖中。
HVH_024_003738	跳功各極赣拱静静酸色夏饮候钻椒停哮之兰劍衡塘黄各利崇其麻屏如固四展栏省梅钟備窖安教惨典族拍燕导螺特意坦铁意渡朱师役读驻墨腾吉福招古典芳衣催静临糊意庄份之视主种养厨灶厨计美理三徒闹当壞腾樹膳埃庄固主但祖机观固始终货化罕交楼白庄鍼棱师院朱轼後鲜卒核吊摇移意台斤拱艾斗体别饼悸干縱館放强用才色補疑虚空催仍英诗賦能經美能久担糖進化骨尋星实效其仍机吊帽命苔弟票吊帕损卒福記福靓乾练芳在聊晕貴三埃联骗特雕嗣腐俗其色招押栏木各欣导於更散許导伸孝窑钟自由糕色打荣聰朱事世拱其固螺野现蹲凭伤幹晕师题著陪浪特螺碍翁包徐
HVH_024_003739	脆同梅图加伤撇接興旺固取磋凭推朱别担标季李内季树春鏈镇珥波洗特戈凭埃麻实信墨海街海固幽送之庄别悔表收发回天艾淫衡棒朱海停味到如瑞精情欺空叭甚爱國柔醉知朱凭烤如行空糙婆候停得相教仕空埃厨月会意无拱算朱题伤催停含呐进空特艾锋志氣大蘇工役朱易特奶店南省邦雄桃波够番東固選西同程闹防技持返联国芒星拱鸿浴3拱英她关底请廊於句限师促且麻聰鹅岸梅腾西氣：青岗八印车师鞋腰腰色送吊圈的彩坡柳造春抹翠皮風景蘇質滚潮魂詩客醒醒青景滋流廷鳳筆詩人幅争情主春梭燕素女梗梅鲜晋视東启窖景最魚衣淹呼戰黄花陂溃王方委禎待倚迎新桥春盛貼院瓦蘭。
HVH_024_003740	淹漫朝春细看臺陵庄伴形座埃回朝薯鐘答清艾涛桑蒼浓季浓爱新重坤源悬丈祸棚海市極学要光佐和樂依诊煌进制臺春静厨镇武財縣青開间标鞋靈霸割师酿师狂奇捷污北海段统南陽又忠孝恒群红弱功统谷雍固屈包院辰固伸墨春潭薩体笙詩韻酬些现翁状招宜咽连蚕鄂但雅捣項王齊好打基帝释車墨服雷舰逍机版街枚关概军府主墨洒城莫底扶黎詩明詩知柳尼·界貼翁阮文谐朝冤支茄急仕学联卢莫劫黎闲徐各调减莫扶黎服意钟抄尼基别心事貼韵界得得英蛇停保碎泊静庫诸颈消酶菊机行掛茶运源海價群高微樹胸止肤腾算夕爆舰催芳衣催補花吊兔客海茄翁典茄翁色苍桃莫漢字庄别漢西字庄别面圃語拱賤借街。
HVH_024_003741	关吧豆夫承空辰半年色固西膜。
HVH_024_003742	特展膜酶酶醒手静楼骑腾麻凭固清拱空病。
HVH_024_003743	举偶興排腔情椰貼秀听粮都正室催剪拱衡警平茄用师座新照具群就中三九性汽名勤静於细得包那功程惜马催爽疆辣壳拱花艾消於连新醉久物坦龍外化钟南艾慧欧亚风潮维变改聖贤道统创宗崇根票啟發自中国道理遺传注遠東特创最脆凭帝康意想妥吃翁像右贴祭文庙有感龍影諸牒添恒还剑生台掌季玉府群路微中移諸享塔迎臺取車闺球工勿樣閣洗坡炮翻烛旬傳朝黎吏誉埃朱漫者朱埃在湖西剑金烏吝寨屋西滤凌船蘭栖溢涛渭运渝遁逢气格极湿倘坡林怒清渴翠檬磋对景生情意觸動庄旬鹤速底詩间船得但客色冬景家御飞郑意梓會群卒而菱靴的固院室電報信坤漫黄梅武高卓影桃保烟宝期街期定文作最令港
HVH_024_003744	欺输取缺露陵色举分固常縱庄官眉拱悟传民楠各役奇堆斯保鱼快德助劳群佳猛冷别色春浪孝浪康似世市恒验聊朝创萎時兮墨夫伴中群特会神窖最包鄭机棱竹礼法为军院NHAONHAa抄次红册进想标默来酒相色出聰酶醒街戰空期詩層句庄怒脑長能越刷邀客拱御佳酒諸慧些浪慧冲债果默聞外撕火埃喂暑强浪醒醒满细雕這别意得醒倒性栖坦化减醒詩空典魂雕酶以浓接曲右四抄八樹歲老咏懐色醇外解其厨解风流色墨阀充来秃店群院精工者题茄叶蒸外闲饰终些约特買如来辰天景节赞安
HVH_024_003745	桃墨优化工鸡印奇典镜嚼铜导无树啊喷理毛别挣供挣理之导令导鼓天能现战伸为孝得了空朋固信疆的神歷揽城高秋道服迎被，鹏岗嶺党佐悔景興会余自汝景兴依句吴徽别朱院股其径色包输铁被奇宝化旱城高金職装元印恒逊滑细棱静嵌看埃害警成萃葱遥嫩铺银压境玲滋海增车清退運爆聖借居隐景反调境用主镇湿镇高跳偶故國航烧他鄉盗还封惠薇漫崇泊礼站油油院透東云更厨尾膝别麻计赢愁终说同空腐贾空省催省鹊医注无之罗爱群建腾衣顿侯雕其微文明哈浅坦進步唯尽赠英新窖哪清墙固越毛空矯剧来。
HVH_024_003746	打战伴
HVH_024_003747	超眉菜柳芙蓉睡筆端情窖点洪脆岭秋波澄淋涛眼如机极桃花色停逞店西绝庄才同希穷道蕴空恩每故知恨能最恩想喜情数争美人体更残置收收典圭胞鄭病收典图花常澄按欺衡到概安得故首得快伴交连伴於发渗日融更魂蝶唱愁共晨虧快伴自欺邀跳滑逢国除吹碾愁固联兼專配戰夫敗待泳关题自椿萱堆埃侯下松行解袜快為功镇波管岁孝验收员慢計消態风文保役生街能棱知已岗兰用心料得心事偷更尾利各當司拱族詩白翘玲鸿姉美云次一辰士次三岛0义体热瓶捷增献鞋嵌带红肚操橡酸更熔辉碎细老信耻别览营楼逸横都欠传句华檀殖得茂花者着散现塘世事群跳镇堪来跳净镇强来来些国梦催固新朱特饮得画欲色来仕料园。
HVH_024_003748	站恩伴连陈
HVH_024_003749	艾艾艾间楼隔酿谊省高吧哀愁会庄伤旅客夹释美海镇坤寫臧條呼王塵累城莲萃身江湖尾座功谷马娇客浮生故之司随更罕拱些情叙情意伤能責分器之桑海辱荣反界，时静祖之就功别色物树程鍾褪外块秋返将競奔超且糊贱買创收停鑫有身辰有苦切数别論塘修。
HVH_024_003750	美璞手褐侯猴横匪志朱学文装徽淹彩娇细培雕翔千古包得离谷生主逢春色细斯鞋花越烟春算春埃界春質无每醉春吏天启景春光创芳席主春澄拱创唱青光阻春春席贺買日景委们芳吊冷春取新人间电啊春货州春些曦色高周鞋花鲜卒院进分民些特文明奇房似看街景余华口今店春斯春夹春金创空就锦傳拱如春每春强员制
HVH_024_003751	傅花胖想丐之之挑白南首烟春湖意子啊梦拱奇古喜前春再来诗柳程秋跳细椒鸡馨群凉印请記年古鞋俯陽碑月像理特尾霜风塵典奇麻箕面黄妙桑沧女弓石厨古漫突巅衫玉英集山西通监察御大刑科给事中陈辉謹放为奉陳言事奉見聖上自親来励精改治锐意太平一政之出一令行未常不以天勤民为念画今水潦常霖雨苦租夏迄秋村会漂流田禾浸没民庶遑状不可救言途来丁酉小歡戌大饑户口已为乡耗追已交庚子等年称愿稳民间之積痰未蘇教又值此常之变聖上克天戒靡故追寧歡来至此之由而思所以灾至和道仰兢惕之至霄勤儿有学之常去有善之當行想已在於
HVH_024_003752	睿慮宸献之所留念批政大臣庙掌之所商量经倫参赞谅每以过又何待言哉慮夫迷隐之未委達阙失之专得闻奖起宸衷丁宁天語中外庶咱敷味清下民询牙葛市帝者之用心也術迁见浅酒易以上联渊衷教陳辰政弟吻承聖諭棒讀再三变德化了方成喜言路不座敢不俯酒愚衷星陳广見無望其千慮之一得云耳窃惟天灾流行國家代有向悲惧修省聖人敢忽夫人事之修故九年水麦由阙政致然惟以安民为难不不劇做予多念七年之旱未人事所召性以民令重不亡不罪言自古王過灾知惧惟尽夫人事之當不敢以非責而自竟也然顾突多道固常以修多格天而格之实不必求天惟徵专民向已董天之视自即民乡视自天人一理通修间招临鉴格夫室在心外我然则安民一事斯格天三一大题目也伏恩主夫上自王府立所用以至公候郡主熟城大区于住凡有批
HVH_024_003753	爱诊诸衡者学奇般保制一五請皂隸之正付首乳之微官牌贱日所衣食者諸民者也宜安乡南不摄扶三而不伤榆养斯民著息百姓畜而其水收羊向豊其草则民力产所养得恐其不能供况财已竭而陪克者穷民已困而求者不已安得措其于是乎间諸司马光之言曰天地所生财货只有此数不在官则在民则货泉非上了所可專而生民日用之不可也今以民言之固非有大便害可以急於目前之因革面其政岁廣年前療多浪日月削下究情不上通警端固难编举姑集举其大面椎類以倒其跨备自癸已甲以後朝民一番兴作本歌为绥常正大规而有司主所奉行文倚而为残民街版修户籍款轻康之適平也丝密彫耗惟视夫货有制受增堵固的增向强减平者即受已均手泽责核我色懲倖温之苟免也然被銷付还二同銀浅夏寡则被銷者所不
HVH_024_003754	即减章而们付还者能必冗整乡端该買票子实则官线乃因此而兹葬者補刊分重括民家之票苛索詭接，始甚冷白奪则贵民又安有樂三期管榷整傷各为父税乃假公而营私者坐量要索已倍公税之输洗有住背负迫横征划民间宁不命鹽乡各提路硕内库残正便也惟奉押乐规取奇赢苟国索却为攘利之謀财水所及之民始此向重用逐务加租量取正租三半未为病民惟奉徽收者容猴衙役挪取外线却固之民則民所赋始於此横增心司之温補修禁孔而重商賣赋者视为精郎有備由起所更费旬月稽远苛来科修具在而增额外多征者为故常郎有以事使写更重苦公家授上清三貢员充公者不多南非價柳取倚控接通赢私家之囊索小民而過此都员则商敗之主於一空罰线三差问财划無幾勿建责社民承胶控取德
HVH_024_003755	夹役之贪餐期社南有培人则美良民或至於連累到成巨镇遥领之以重其望城谷固呈以使群心之肯陋第髓差集镇多枉法以肆行從事属街更籍料端面一海辖内细民微有枉屈事状伊员官料不得间而之势以成往为幹役家厮系所沮遏郎久苦於贪改白太原一路多主漂流不湛其强治文成而宣興諸州激成骚後積主送生課聚竟红铜至今未完公货用與西山事宜重烦朝廷一番视指此换取市方馴柔失关所致北已然三题验也方面圃巨其责任之重且大者尚雨况其他如常北道武侯渔陽秦亭與化楼郡公山西管式候平教民禦之才为肥色瘠民计逸传屯官别主各邑长馆大创適另抄棕之资户兵迹分責街则一票再催通以为徵科拿捕官兵只楼認称言则平民皆可以为劫待责题状我存兆性之膏脂留监獄所多是负的之人则穷户不免拾合免待理出因鲜有完人之躯体似此之類则危小民惟司为甚
HVH_024_003756	以主於驕陵之勢盛敢怒而不敢言波扇之习顽可恶而无可畏御訟之未息枉屈亲仲催送行人相属道路徴求夹役交错尽民间冗韩事情非愚注三的能尽述而其所以为民之大都如自来年间开国动接一拍待安其的维各理体画有不同究其为害民之道则也以食力民惟天制命白之者多了宝端其手非一日之積则人意不绪怒之素舒慧苦民呈以感動天地惟仁爱之所形天佑下民乡意也老款旦行向废積年乡庚苦愚慮不及盖牵行马不前也不責馬而責車何益法不行人不任也不護人面護法何道目今朝廷所施设者一先朝成憲信度当今事宜命令科條维一不善又何弊应可革其所以致是者人之为馨耳惟用得其人以行安民政印当今敕弊第一著也肯畢陶为帝陈必詳知人安民多事则人君成维以安民为难而无以用人为重聖观做意良有限
HVH_024_003757	意然用人之道岁必人人面知惟輔相大汉省长家侠之冬掌属古三人莫易請是为用人主準可子盖相大任也有家命所不院其人物贤否心術邪正精之所素請则推引贤俊器使群才不重相区之责其则御史发朝天耳目三司也内西十三道察外向十三通承宣付論付勘在县呈可竟诊向其政術覆告覆鸣具在論参可诊此向学其食廉必常孝内属贤以行内外联司任至处承意国表平辖内府校就中廉冗幹情必有温分淑慧贤慰岁容章于分残年属之锡责以若掌所知邸耀衡三所不谬县他遗逸之贤或沉民伍而员且能各有不好有行着家庭谊隆御回似許其所在附備各類孝以候朝廷友用夫自宰相至内外諸司各有所李渊珠山王将命遗楊引中亏北其天其本领進向孝称其任者心普大道淮庸竟懲向禄匪其任者正学刑以堂责賞罰
HVH_024_003758	信医足以为董勤機则相而下赢不尽心求贤而丰到群才可以備權桶三何患輔成仁政之其人哉维然本隔澄澈地尤在格聖上立心马盖人心所以正朝定正百之不安危治否之在不也伏顺矜待微央省事楼寸他莹面推た心以用人師金谐必公送套半如汝慎待以投意直请之文模武必正途侯记之流類如张忠得以售恍体贵际三计夫如是有位於朝者得以施得理之献仕术外者可以分永康责仁民善政候可以次第行而非徒命護法主谓也甄先以养民为称使天下民咸被其学树見差怨之声轉而鼓舞愁苦之累可图之春遠迎县字太和周人心既悦天意自四于臻大顺之麻底大平乡正在畏一心推耳芹献忱不勝激切弄发高聪裁峰马首谨座
HVH_024_003759	進士武宅卿么突炭初雲流章山昔树放光明。
HVH_024_003760	探花黄天文東前风微家券遠南金信售国珍求進士玩菊軒颜北瑞梅雪先海束琪桂月傳香花脆拂红建诸移服春留玉镜堂千古文海龍之洞九梦云域凤马岗相逢是花边客一副新情醉冷的奉师会文第四魁满鸡批界桃唱蝴得言稷夕正好功各男子志密廊故维拱开才修綸色座蜜矜为民培漫麻撑役改社幕鹤赫进换注山县民権渗茂顾蘭豪道换行发神没红珑镇拱取車拱特楼流董晶剧之埃粉是庄
HVH_024_003761	夏是风流红粉客我为逢浪少年人海系缘被度青春才色意北铜斤晚匪泾返得知已陵透逸逢腿有情窖椅埃意余桃如底鸥静根禁買一笑束风應易解墨寻花叶暑凝
HVH_024_003762	馆线埃停固痛埃右赠姑桃文花谷
HVH_024_003763	富贵色腰花叶着冷塘腰蹈逢选奖群转牟稀粉色院果庄部是前身蓬苑友流落漢江宫哗槐希東其柳绿飞红知已如海们联睦陵道别花固余得喂色香花富居非隐逸故夕新爱菊會粘神北窗胎傳陶南山棒脱烧莫嫌老庸秋容港电有黄花脱香秋晴著联寒霜限重陽送酒海埃黑竹友梅妻佳人不忘了赠佑桃菌洞庭金谷天下联陽春闭暇景幅些曼東君透花村野拱年清甘心接情人要加微骨香群固底祯埃辰猿鞭甘茂贈估桃橋
HVH_024_003764	庙钟塘世麻雕省腾桃团委情潮美漆欺親庄排雲有绿千里能相遇挺乡候美購界親新知笑总得才子容佳人缘買红贱应绝地青朝践我亦忘寒催积料初多栏風余江山艾席一情未泄和牺辞别堆桥相知美意员梦塘姑机美聞察使得风流加不風流味山林陰闲院数意受色頭坡蘇雪守此高悬鸿嶺月臣家交指渭江文淫渝沐滑滇清艾牟春箕母桂安填鲜平师造物生吾原有意槐赞麻吻戏介江山福禄贺官案安师且喜三等钱具情学添等葉期遇宿人客才子会佳其拓奴聖大今多雨露图中何目不春风。
HVH_024_003765	春情春色春春事妆静艾催花催停春外尾情深春宵一刻千金闰三月扶宁发遇情娘扶亭固狼真女楼红懲创将春静联舒闽曲聲歌其村野热伟情世見俯鉴兮江之水仰觀家山薇曼次奇觀風月仍青眼客联省省弹魄娄旗埃限客臺游貞学價新贈姑柳贞女
HVH_024_003766	庭庙福快似包徐情期与恒着省愁知青些知音世上知音最谁得獨鄉知我我知挑腾红聘余相静意意余缘偶尔我鄉欲秦馆耳鄉知我醉且無情催辰催些清庄宿债拱前缘之帝佐憐鄉到底还我有情些监無情愛是以於十五年之前为知已友面今再赠姑靴卿福星终古棒醒煌糊爆注腾洲客神仙镇艾聚歌冷联风流欧亚界拱别斗高懸宣处别月湖清似相总心欺清阁超选曲歌岑欺暑雨陽陰棋許海夫花陀别江山固别乳庄同官山撫阮臺。
HVH_024_003767	牵闲鄉相龍才经綸孫浪维岳降神右贺县迎照安小洲小火味風流念色色槐麻吻尾緣遭際拱福蚕之不斗崩歡鳴天照亭山文戰大料才能容東輪粉点装每桂子菌称漆八喝烧酸醒醒快右賀仙縣官前蒙塗後喜男子登科最
HVH_024_003768	人生三萬六千日一日酒倾三百杯醒停省来麻天下拱雷维之罕朗酌到绘酒闯咚李白诗風流固合欺油悲叭而辰赐欺索欺才盘茶曼欺傳朝醒膳醒醒進者照人情世浮云禎艾风座艾局旬绝妙哦余日消愁些唉少清婦人言不可咱。
HVH_024_003769	。
HVH_024_003770	右醉酒之县庙赏拱更花咽至事拱得長安街回首可情歌舞地坦長安最故帝京诺艾带有情叁南越圖帝纪得村坞酒风流城市坦京畿艾登林泉漫晶薇嘴牧吊味印栖船渔吕雅花草经春大射江山笑古品圆天然禎艾联桑容避搅澄深海色余度程进物树弟王宫帝庙於亮弟美牧猿莺朝石味异竞景阮公著作庙春迎花鞋榔鲜虧年图色卷味天香潭財信春，翔欺發生鲜赫连梗此習賀宛问李呐莺群盧省柳还首绿莺醒施新红蝶未知東風桃柳静黄蛋残雪薇照和氣香淹爱会渣清車馬摇新交刻春宵石春景阮公著
HVH_024_003771	微永英雄省英雄为徽创肝塘北南埃稀跳进觀伴似咀漢伴洋注县亡色移種成败恨诸景玄空埃窖外洞事澄别漫移题余句心血客進观祸切诺无新铺景创低。
HVH_024_003772	麻得傷景闲远换快贈堆客思流公着。
HVH_024_003773	白床责静敗闭笑更咀细数着傅心楼精神麻遥特季壁够招原埃席海辰足庙春恬滴海春箱外市炎春春添意春箕翔波槎标麻稽最是洪狗僚客恩居春情者客春之举新麟春度街麻楼站别春算澄特合春午拱春意客依春候庄傷春陣滑铁磊斯景澧珥色进分怜迎辛未埃毛固跳手春连秘春街春薇朱蒙想戰酶拱佬倒赏箕舞基脆向迩麻逢春歡滘周番，古亚南日春思盼院别余長恒春凉討殿行棚埃學郭春意得员台祝春艾逢接贴春淹似醒醒为情畏突绘句传眉须會芳市钟層霆粮棒高麻谷省故碑四劳色酿整钟宫桂能创
HVH_024_003774	洗带榕移催埃群器之席事对家典绘靴一窖贩重明猿明狱明委呐坦朱得想實產意信混些固意将基沛债多推察绘下界新其帝密糖群合绘害胶路茂埃别朱庄人生得意禁事茂匪志意界饮聖遇魄尾宫弹戰醒醒拱江山拱醉生茂空腾拱费遇移7朱亚志男兒关真参说固数三新教将热悲之買人情别债沛偶埃债默换之镇八世局不可無反字座能呼拱师艾排玩色杜秀才时节典拱师艾俱刘浪極人間之品價風月情最世上之風流江湖氣骨口残諫逢连海眉浪與浪能辰實界。
HVH_024_003775	新枉証秀才亲创超得。
HVH_024_003776	在諱句对翁秀昌秋进叶戰逐进迎惧程南文園鲜卒常新身晕座晕坦晕教泊頭群城体客运楼鲜卒如年春花举茂冬文茄余笙歌桃戰烟祝自低局嘉自易
HVH_024_003777	迁老莱椒头仙鞋南熠煙漾污雲山具少七旬壽八文椎命副於花候啊为才情藏風流庫蚕消费渗乃咽渚仍端者者棋琴抓了庄饮埃只输预住参客北敬格墨得辱荣吊题会栖写按树布进書庄庙意侯摔地球由候波牟春歸吏語庄沟情得伞沱春色余进庄恪泥勇徽景群得拱夹群群庄魂情孔师歷成風霜神不昊运来河嶽我邓国苏如序江山春会菩提仇求福得迷道禅楊文江青山尾景季景伏聖香山约闭数社買嵌运第一洞低固海免陵梅供陵瀘溪燕验
HVH_024_003778	喘边聪艾惊客桑海逸神赋磊解冤无厨阔无伏洞雪琼睡连埃形砖五色玲北锦绒渗艾豁籠麟月级堆强碗湯運懲江山群待候低能造化批墨長昌含無任香山麻景進士朱孟貞旗一春连剑花洞全清香满袖悲功德掣界包强脆風景强腰解盖时春制间花梅取衔群响仍味清香NY07译唐誅旅信誰相问寒燈獨可伸一年将尽夜萬里未歸人寥落悲前事支離笑此身颜兵裏明日又逢春。
HVH_024_003779	无馆住招傳维虎固体伴供些危侯戈各表茄诸阻吏傳强漆爱跳江湖汽源買满催身世之新窖送机拱也散依添辣頭泊脉愁预鱼贫神栖市梅爽朝春进年自堂取月人庙南行青度生情气妈化清停侯康秘意诚群敬懋女修南市祖桃道龄脊度贸修度钟巴洲度机沈淳浓苦座界生能普度泉臺落魄可超生救得冤沛庭情女绑机修行死界免瓦教娄来買白如集功罪爆燔秀充真修古解師瑞
HVH_024_003780	其後也英雄尽會龍雪鱼水缘联磨埃溪锡别美衣已至人背物色富達一生天已定理命長富不長贫考台伊吕是何人辰未遇供科萃釣渭部天下周准馆出心新朱随美仲英雄主泽民英雄尽世事多好爱雪箱醒我仍辱荣千古的群擂塘愚智随機出知长笑李数称南每嘉花叟喻羲牛念静典快泊頭胎與拱艾墙喂
HVH_024_003781	天
HVH_024_003782	他機人莫會姑将情性富琴居参返街麓酒宇宙樣基幻奇返联外刚领进间省椒尾宫弹埃埃陪世章昔年中杖月今年中秋人注拱没良晨景徽进零今夜月明人参望不和社思誰家连将招企茹仙邱复色别聖辰朱安每艾解文胸艾添毒秋司茶国酶固烟衢典中秋著朝压事客育傳子客风情合栖数音意解
HVH_024_003783	创数鸡打台修才孤给数形守勇殖系失用不仁馨如将礼意书荣辱燈浮生停整取悲歡想典散花儿残景照意筆神伸墨济搜物理頃行樂何用浮伴此身衡才仁席至仁限底些和局行特院乃帝畏和矯就艾文春汽公着庄流洛祸味摩世群塵候坤增公侯吃御台混造机求曼友带受笑步隆蹤身保邦家终有用天生豪不夜虚行意着忙怨无特至实点意化催把别穷通命奇想停桃行释失句之欣晓艾持将，不遇辰临烟吝多冬艾泊頭候喂贪印封侯麻主桑蓬孤矢男儿债丐功名果马吝碾例台维游君親道有子为臣兜同经棋拉田园味机筆观碎枕身世惊桑蓬筆观创白姑具阮公蔷首科）记的游孝卷报图精梗碳为民为橄任命自耀底新欣统发哨公侯才最文武
HVH_024_003784	萬社新制界食景学脆凭拱临其催功麻连秘事消遣文改重了送一生维有酒沈恩百計不如闲脚韶光漫洗带南山牒栖吏九脱拱驰壤璃地今古强形静生同同空怒男千驷为馆转具高伯适具林举人事官新真更庙影所夷海墨雙力物脆蚕群竣伤事之低燕货无酸逻濃门故夕捷摄细低的怪花菇诺椒无您钢痛會樂清山自笑頭相鹤伤海随
HVH_024_003785	知我鸥催又停保宇宙默弹梗博绿會遇界作
HVH_024_003786	戰住
HVH_024_003787	文荣美羹喂腾春牌湿烧浮生，祝色如空景老雪冷港意人子哈坤掣許定辉家室事姻像命最总收奇坤家庭巡景遇幹济道各具移媒送泊骨举养连学方除介欺壁坦茹筝滑爆移術押学联寒纹羅激探蘋蒸藻对祖先内外数试桐样柔楼梨劳现招所行烟塘科色铁洪命婦湟褪必制市淘如梗江山固动取年高知德宝洋志勤料祖停数胞仁慈伤似孤草砂镜刊仕连外洲郡饥为得禄渗润监脂福学色款粘机落磷机鞋部意镇望永歡税油婚自旺烤艾葛万细树攒宝底環发胞腰傷细联恒菊照眼滑案盖品眉敬礼汉慶夫如恩休俸酒特方叔蘭坡南禄晕教庭三友竣渊席寿运埃晕当潜酶彬尼萱茹北朝色藏自黄湾新点中秋群少秩总車母省惨鹤继寒层岸椒曲青伤退 愁脆排喂伤掌福美圆尾线团滑现色菊紫椎阁恒滚包麻
HVH_024_003788	七十年间説句经春进芳草到京城塵蒲携八面天境眉目随機北地明将或天心存正教可沃孝出生圆音数得流傳播法水频将洒俗情國音新跌侵细上禅辞依厭嗨意候傳因縁會遇静機货意味分明伴趁固得张主化天孝禮毛連催上色面来意風景胎色自然。
HVH_024_003789	仁排詩无男詩貼師具楚西天境即西天寺也夷国排詩和蔬索韻漢好粘丙子年春三月御祭南郊日思妖教會终化承天府京都调中滋味牵非經只悲聲闻滞化城三教开遮除开一举光耀明休論目下通还塞敢向竿頭死又生且喜慈颜今再観领将法水速情在師翁正统奉和文身各句所经指目融通越化城牵觉近流成妄觉命明深入即员明葉缘奴有三能变法水真空四不生何得於今逢大德將仓炬始迷情贴新黎探和托開阅經朝掛向春城心不礼禅機過慧燭克眼界明歡把毫光闹墨道频法水油葉相待訂日向金莲了世情貼師具廣度和
HVH_024_003790	此身苦樂已曾经要把心王寻似城六賊蠲除心正定一塵蕩尽性员明才猴得含灵同此意觉来甚知有痰情美身无恒苦色戈步特意些院除教根着底浅乱秒塵庄買安性情想神液苦麻骗極柔掣情台生拱意无晕尋凭類凝送排转諸師面天冷京城礼棚伝数会丙子更返期御登南郊不不得已符拱和院吧譯法国音鲁兑多生念宿绿春宗縣隔棒臧连椿化慢味道为禦香疆景仙伏学凌帝法音会祝南天北中结合税年任拜景南郊祝大裤，右姑具師福正客台艾版裙必朱洗的朱除鹰蚕色新色院奇进遣朱造化傳红颜滑莲舒矫崩岗朱街朱安培红梧注花花春雪春霜披尾残他停酒昌散底高價玉底馈克秋坦胡搭油香残熄冷霜吞朱泉銀典風座風塵好埃云但客魂校信别改運无吊淚泊游皮腾机往来奉歌服財吴生
HVH_024_003791	违久乃幕泽社荒生武美抄篇前人文章冬甲子嗣德十七年興作甲子三年七月望航觸日山河满天景色来凉弄興携手同行道至湖陽民家偶见庭前来往體貌殊常堂下娄姿丰姿窈究似有掠人之色動思追吉之情及回装後下思人面卡動花心一點芳情都在美人身上依佳人写不能忘因作詩一律图肯五篇更風借吹虚之力以室云耳寫闻才子佳人古云谁再得赤绝红葉今堂谓恶虚故两姓合歡秦晋绿諧琴瑟而一朝會遇朱陳美契鹊莺是避遍结良缘而古今称盛會者也如也蓬华寒抱猴箕裘券千里程门主雪尚远丹桂手高攀十年藝圃叨但愧青诊谷负常恨風塵書劍敢逢雪月風雲頃图雪困来花衢觸尋芳步何处星拜出月阁
HVH_024_003792	可景之颜月屋花驚郎跑目沉单落雁出世丰姿目春花白倍切事花糊秋深春樹室懷王萬年香镇瑣秋容帳舜望英三夜爱衬景含愁有昌整南山之竹書意無窮次東海之波流情小已将款寄書于流水江邊只怕罕将欲信于秋風野外猶疑湯網設無言可靡日不思額勿餐巨室之缘向更負書楼約老也詩云書意寂寞五快愁不试佳人知也無誰把寸情来对話願将恩意高楼茹清白儒士裤琴書恒像青硬余番南策青林融既多手也老准書院制徒且朗聪雅固省阿湖陽被棒桑仍同结侵镜朱匪志群烛寸心千里偷配更爽疆添表精胞铁弟慢界假个追巍浪有绿千里能相遇血绿对面不相何
HVH_024_003793	區更间低帝拱决簪共華海月浪醉甲子在秋脑兜腰皮待宫械测酒合伴匀遣算料共月辣浪维有花街红粉面来争看绿衣郎翘滑衡席書香拱固三干德栖双群微英雄暂压時镇席者文筆砚无情儿美绿龙員发不辞干里远留香惟是萬年村主灵制色会解输与行樂海群女佐疎情别揽洞朱个追迎枚院美娇馈缘水凭牛郎合妆典三秋一日观香新女冷春次织甘西纳铜夷婵菊聘貝英雄麻制色摔难享色才挑做衣烟母疎
HVH_024_003794	浪是烤少年寒伊洋阔宠娘梗风流捌共次念柔逢迎富貴油碾再取填老诸微女收不负好
HVH_024_003795	其五凯退未辣麻称母心夹昭自在至今古热不麻今辰浸汀杨意捻艾棹爱乃待科傷台雉書課子易弹婆余都浪婦人教子誠谁得易子千今是做闷蒙消桑旅時真快員言最論院斯低朱便册其六民维有四士房先許塵世色讓解一级年太而隊思精粉伴筆砚令實粮風流決意悬子好述市制計恩共國禄殊浪書中自有千鍾票何故情農圃人梅娘意聘銅斤濁富凭浮雲庄色赋房通性命催衣催朱停乡中吊果才子佳人是日也寸未遣情中百口已腾道左段譽舉段世情濃港嘉堪言非是是非塵慮笑谁管説心之所使料得幾人知彼或有言堂能知世味爱述語院野心因之
HVH_024_003796	寫尽相思字因风寄有情色欄聰世品評欧梦次料命世味詩浪一般清有意料得少人知师风流亦版益情奇吊訖管計之俗景知者謂不知者謂群塵候仇同心知音箕笑智音不作风波世上自水炭到胸中次墨朱德意逢功蠕擦補景红檬痛无肤酿无欺被照壮菜灌尾塵青为白面書生飞萬耘新潘淬色掉制街发萬来女册知吊者朱埃沛累传钟圈造筆硯界视海廓文群门貂台满洪志奇衣會涛碧待浪载来我学萬人教肯作昂藏一丈夫擀爽胎进德修凯朱待青最志氣事果题四专神有情色别满北書也经毛月停主面望蜂媒不再信还稀不意何如因心
HVH_024_003797	期保攀會细支其脚墨情给民品艾将利持谷因欺照盘洗捷参應学艾油空才亲聖贤钟產铜残之始航内盘悦解功黄运装色精埃空贪色的爆沛欣舌楚條著旺舌麻老茶庄货美欧件文明追些色院才联各利红他如验节帆侃技真陣为徽假框身晶肝顺脆铁新秋机盐污山野只：横楼半奔耕税助圆源利修书盛终吊仍帆爆德腊睦机聰明才季机共寻方利目闵類国库宙朱傅穿消市修仇通送外与文章道德高法教主诗豪撰借游运棋图崔客内决尋注题侵房在北極闭寻供拓金保精祥，意包佛常争權利穿埃麻各荣吞崇拜钟得情驚推朱技弓名残实实空能各侧之能朱各價绕画三朋事实椎欣茂说尚联挟经济情双群够中。
HVH_024_003798	酒朱伶勤晕楚身女最祖验茹商賣便白婴针男剑日虧冬行色庭之情民腿吏欺眩於棒概總民港咽谎便撑後茂来低才拳输得庄添拦艾術黏警做帝朝固誠最钟之如默。
HVH_024_003799	仍欺煌夫庵亲低庄膳意埃在呼静明白安勤私催黑给之居佐音箕得省茂。
HVH_024_003800	古隆储勤肤宜参夕漫员石碎色悦相花停料栖酸朱得馨碑贴韵安靓云翁待之帝笑翁諸如够凭如铜将朱埃好桃波与茂固别空咏住魂号湿烧真特新霜雪创宝翠静月情余格咏翠翔栖铁招凝为啼铜打奇最福蘇年静底花女柳
HVH_024_003801	其碧怒微静塘绿埃横朱这些泽汀艾质短霞塘玉墨将春鞋远花潮情春埃尋春毒顿容蚕人彬茂碧蚕寻朱凭现得慈悲確醒魂迷别漫術麻庄心特固傳吉淋新幅峰狗群諸节埃举浮版基桑蒼催拱黄染非崇辱席之晕低學晕厨洞得低坦轉些别硬低右客制厨，祝新唐，麻如祝烧，祝嘉泊頭缓书琴天下包俊也夷黄时参粥花明書次择得被然行湖馨湾浪犹复柏为漂王女造车糊
HVH_024_003802	停照蜂烧窖秀腾英油秘庄招机乡碟品种冲花庭宵排空数頭珠辟病污男排精偶弹化铁空别圆师屹仰偶戰叭度微细铁離埃停谷埃信停醒和浴漫森戰底湾而意產心血待容莫雄任而待容莫难思姻如鸿夏高度更国能稻茶右铁酒自更
HVH_024_003803	反味强碍约柔箱问口丽理将天醒老康解同心情康学闭艾海行河日够亚
HVH_024_003804	椒为的戰警叶警固心琴瑟怪睡唯曲情芙蓉艾朵特照生库涛潮更有碾尾鐘情艾贞和库恒醒醒戰春情花淇粥生曼青莲艾丰色包視绒必坦腾免中套动中秋弦增文庫造物锁埃塔俗智茶
HVH_024_003805	修往却師誤偶经南無侯微漏随缘伯午厨然廓棋经得夏縱胶摩杖吏群烧聚文明信三宝慈悲证荣朱右味師破或端。
HVH_024_003806	芳臭流底世间文麻笑英殿劳拱徒试举窖新能胖肝底辱省朱但桃三腿典長安無缘与躲湖充泌埃偷被孔冤翁克盈庄口排题云赋珠用端内诗被打麻取帝国奇翁湖光朱城甸次七内無缘弓媒艾戰茶批運逢翁街興运王皇国海辰奏浪鄂人间饥颜。
HVH_024_003807	俊彦俊工庭潮馆庄会现墙空糕父弹厨褪关和台邦贱灶儿貼狂士
HVH_024_003808	勧世歌此相伟多柳店降軍杨四民文苑金恒烂砚造连空圣生待舍兴唐意倦埃门栖国局李学香於贤信员别稀木恶者恶報漫渴诺恪弟要脸球责仍得肱精幽培经合饮庆节仍花粉志桑莲绿张气朱别别城当千平地假場白疑贴学铁艾田进千养安呐对南蒲视举他浪安慢内随店思
HVH_024_003809	除梓栖宝耳吃拱敬镁移铁批精典梗清色徐味闲徐庄联钱割牌联厨咽麻色墨朝附泊睿朝弟雯朝意底朱戈辰厨朱瑰展乱芳吊拱特饭酿郝頭纯庄盖翁師劲古劲頭埃舍仍坊虞永栖绝吴固栖客骨嘉敢得呐初城边吴站道联料盗佛旗塘居延新朱格院招婆内罪姿处发续员沛庄弟树招牌茂朱涯積牛居处公平朱师道螺佛文煌疾候生现企生性活数分固新似返得能険界得保挑道固晕
HVH_024_003810	心法经葬要序太极发陰陽红塊爐尽量烤形生花氣门類署造轉运古性今来支吊精英津封星類物類得固常麦图常运换吏曾九曾會经常熠日月连頭美塔树桑滄钟聖德辉城綱道重德高德圣袍網维残弋傳琨绿辉義文试漫洛河联玄微叛九孟程朱淹珠泗厩佛池。
HVH_024_003811	节德运细运衰會远會输学聖喜美佛海天理蘆侯鑫空膠山维际前诺育得港港品溜帆坤提干清道三教色堂一统培品夫分伴九流游教知男和深县铭开作举无利出专
HVH_024_003812	捷越滑渡底迎麻毛阁禁新陪红孕情網常朱更法華影化城澄玉高道神像彻限欢甲塵克會坦南迎巧北跟惊色坦岗琼湾竭经探术博典经南强林瀝腿肝奥賊大群送琳圆睡警腥打廊瑞香狗最音上茂文明馆短想浪城外坤及文磊似胶鼓街左車驾鹤色殖樹管剧你吉筆群四每连陛祸悦千恨教瓷动底地墨客意傷笑难脱倪借台顺鼓械薇损讓色德祖功宗烤朱装只粉花虚铁奇珑招准欺急难号求敬茶
HVH_024_003813	恩美重金机馨雕範會修礼拜腔理终塘空埃所树园恨空社弹倾杯闲港王辅吏傷攒倭瑜现连岗地育种准竣活洪当更切体祝介她冬侧华術空空典馁胜色接底得坤制堆狼身#尾教佛朱遣康伐倒宝落经三法摔傳反部为浪神重除春奏呈弹夫献章底浅雄糕王够底数墨特器连恶拓林地徽流米煙吏埃影弹弹治为桃精神埃最得蔬求未员别心经盖利鉴序
HVH_024_003814	礼款未当版動财
HVH_024_003815	花翼站缘提红新朱當黄特補工流帝都但底凤棋保怒X斤代朱蝶分精境曲来风解外苦徽湖情层固透球度鹊制创麻脆分掩妈当度本姉粉当度终印牟素月於優层风金如招徐客烟终悖欺堆院堆分分如推框仍低文帝终缘参学同信息色空点鹰媒前拱属蜂推边東面桃卡意外楼朱等艾信春蘭秋菊撑情终察师朱通靴才花当位柜中进空補品德行当绿橱車绿腋庄竞埃老机狼祖病塘器糊衰供赠句雪图墨筋们机版意当被房似韧恶间常选吃祝英落徐题的微計色冬低余谷姑姨泥碧洞沟常约只烟越條家室省桐絲雅庄陪情色现工粉夫漆
HVH_024_003816	笃志桑蓬如钟同版轴成欺概如连宛圆春色神榜接如當製大求傳各價看朱如外常拉客风流供墨澜警顺從烟粘展網妾簡肤合堆卒教钟童要外拱禀翁道院肤饰衣色圣美除希欣别会朱會聖明神医领治道特境座紫如禅聘英雄
HVH_024_003817	翠山雲梦賦酵童德次飞即中秋脑桂子香连新野隊行胶泊领了汉白碧门玻梨参景圆幅屏风泣圖水些欺连天固欺间公美青汉雨调赤璧堆桂孕曲硬戈神符塊猫细薇准巷仙景伏眼山有传冀馆雪怒宫法俗批更叭吃意辣易眷冰倾冷些卡棋漫柳杜船时京花制标裙冤控热文概艾现童好棒魏伴疆鸟堆候堆後小潮戈林九宾夜细對三國排詩吟运庵拜春逾楚画飞習情景销固離翁未追造菊欄掃康候榆满音更色迎调埃及阻晕汉命些爽了眷酸伴幅秦韻株搜盗追缘腾艾宠承真玉詩托簾珠選夜运楚余裙酒源隊笠栖花愛仙女迦命楼西眉柳害妃初然術隘北粘固堆候少女抢艾泾奇男宽预砖跳呈浪细侯君子辣接自前海色糊故人些闭徐徘细房按烟撰退细/祝易珠沙相仍冯萍水排缘龄/腔哨王吧边聪買别糟粮果美環酒認酒蒙潮愁莫品清预冷酒注嗨惨怒
HVH_024_003818	汲凝徐娄些县限粘娘卡特呈浪豪鬼身蒲柳预替筆輪命天曹托生湘國絲霓月老结缘街郎君美膝膠矮缘金改强强琴疆省琴眼如店秋月兴和风味蕙嫂味蘭潭蔭春瑞雨色超横玉記炎初波源恩梗竹婷板梅仍约辅漆同裱便视理桂底埃划和进果車蝶缘女指中甘乡仍约瑞狗虾待节造坤量缘計自免治通塘買候融秋恩爱恪棒覚瓶戈图体维我参商鹤米花表惜踏衡山深妾自低吏学宫月宿鄂将役天曹运最湾潮薇仙谢神女骑竜连骑鹤惊月棒恒绒燈風浪天香意诸脱世蝶炎青花坦祖肆移物树慈的劳绕海惨伤靓衡弘化准主铁麟丞高恩爱会漆惨切克更鸡景為燕澄拉仙李法运魂及码法年机保檬白伏方现世方禁族傳进谦姨朗砖师陵拳自敬逢红平群於世净理报堆行珠淚酿叶意逢吸满级，祝危卡变现些卡铜厨待基厨准格輪司泊搁镇集边阁六潢煌征同府會三生庄别船中部席还買法叁
HVH_024_003819	亡如存意至誠供国感必通必應美感格之空。
HVH_024_003820	终畢神龍失勢詩二首由陳文来意海御师界和河南四民文范教神龍倒跳漕安身特体化庄勤誠晒然尸類野獸杨鹅群待會民雲然奈走答利纸便群胎yC尚轉柳得芳神龍翅鳳塔吊草木返叁春格吊草木返叁春晶育神龍夷轉庄勤各有動荣陵翠激威耀报遇淮君軍领狂狗驚散魄怒屋鲜信失神楼勢縱横新宇宙者学朱敗口经招魂得良席锦袍肖清化被为尚布郵務夏如无检检洪貼会座当修要冻埃圣著学绣线鹤際图动麻锦袍关食魔解界随各生固数着在得各城停拦宗星顾些了将魂魔性鬼各空擦松干院部滋馈博保意强些犯分心麻察考得油被当装将之文底统保成座事南数专所门宝腾色进希又席悼卢成魔聚各停恨烦取朱着殖险滚北早坤香关暴煌幻合自指任除斯尼贴時珍享来送别队座朱
HVH_024_003821	請隆魂文一神師楼曾喏浪善惠为叁侯魔怪價死生有会在忍辱慈悲因随得托朱涕輪回物琶连矣，歡三宝圣神支請进類孙寡绝主礼薄誠潜敬降光下感恩大士身德過羅开化船般界船诸福埃有缘远速的来慈悲兴度生上善精靈身突真如葉金公卿相佐圾燈主规模用武用文撰討证皮忠美论表記腋吸明桑变化仍感景啥兔想取社税树粥拱渗切傷情恺奴辰将士搭當器操拖拖南打北肚验幾牧陣丝傷域活安茹联者美料衡破脱览旗差刺槽运愁源隊脱脈味验育四相渝乱行品雄江山其别余英雄风土怒实饒才遇感台鬼蛇傷铁秘碑射吟堂化蔡味埃墓瑪部薇外别包雪霜浓岸計掣转意埃遣粉龄粥美杨奉，除埃北得南道父子堆塘封我伤白穴痕劳刃寒悉左婆然埃耕头讓魂坦霜弟埃究辣沙畿道霜小武冬長汝市别身辰氣碾總澄落弹磊梗用支傷机牢图得服壁发咀欺临刑机保转家多味香
HVH_024_003822	哈氣台耀庄客修化台客越江湖佛满水
HVH_024_003823	船苦清奇不朱誠栖江貼重身轻玉朱走得都那生香風霜吹涕舍歌唱每交逢余何柳買吊事茹学道寻诸過醒污山野明晕暖陰宫得色雲駕疆桥图立齋補顾寒林野請灵陰界陽间诸奇知吊倒指巧辽右锡终边左精料固烧安旺调方徒且色依改街辅善含慈红澄菜色解脱免稳静接引進船报差尋净冷谊福泽除禦祸侯教会推掌水广禪師海禅家法主状文北永类和枉福宝楼敬殖浪道饭意悲博爱泛十亏美致依禅预時莊尊正埠统係标引诊有主推尊件祝同聲多伏傷塔学姿济度立教轉速開悟得歸正去邪自世间典卒世间修缘輪院由教逢正觉教理任年界愈生灵新狼功德道法传迎南越修行庄少各僧国史自旺李陈傳記载肇事国史如多养行捣丧统和分流法顺样師巴寻施超意地使真容大士文韻詩感動启王谷望奇被运岁如長位道行觉派明空
HVH_024_003824	李德布奇封朝外野郡如祖覺皇法螺玄光茂陈水月祖師外定床季渭化宝香長老誦真言麻坦礼標莲僧品瓶道德計韵朱挈禅门骇游道慈悲普及门。
HVH_024_003825	细侯祖隔脸老招树外信忠辰性塘落號新松林把派门漫漢迷津别利青旋風港遇澄筑正道衰微讓意見塑塘报整為才辣招整諸来得道心尋格挽同双务薄挽固压油愿眾生库当速漫於部茹强埃停撕模长車移公子屋当容於接他部时交门物了道统朱興復僧家群同主张教召座固方機隊被返会快教北折成立意图民全歡迎運固各位大臣法鄂固各茹居仕雅意扶僧悯松林将凭纪纲钱教會推法主舞。
HVH_024_003826	師祖才高行慧德疆进客树蒲團荒散连神史航森修特梵行對趙州爆壞禅林礼慈麻任贵晕生于法雨酒和草木道分麻携进甘嘉垃北南会座厨独力修研经念为祖森部经艾检校摄低场外科僧德望如程剧椒高品價似溢陵煤師祖認览法主证礼推尊米諸僧固增衣同会国玩根柠鞋正教守街艾缘慈心滚奇十方楼禅核奇腾高裱鸿浴强添鲜率被党透汽蛙似安关程誠运任天通证监全僧
HVH_024_003827	代所抚教会禅家法主永和尚肉身菩作大证行抄報鸡慧生任朝线闭邪惑真扣痛病法体善提拉线空通雕道级伤残三宝無為珠相栅甥大藏法财和4降期培座秩坦爆法城圣城凭暴线法辟格
HVH_024_003828	将卡将會同差精安心使魔軍现魔黨棟终部五电固门行奴群色别表筝反闻沛施行钟祝叮平招88味禅耶智慧剑大乘桃体白为寂城安营靠三明旗都塘海举大觉星将提生我橄增妄想根明差隊慈悲破城三奇忍辱破寨七情軍精進安教慢該喜舍短屡套贪牌界部魔呵衡即学欢意宝色声者空歌味空畜意康攀缘助加工肝
HVH_024_003829	床懒赴祝麻軍魔破賊散情空他掃除期扒妄想经明解营暑翻智悲换曲城坡朱散
HVH_024_003830	渔人我化散爱被智火
HVH_024_003831	散邪被慧尾衝来三明创煌举智宾如解脱逍送心王苏教治嗣星每三身陛法空
HVH_024_003832	自帝法安应觉庄汪戈港生死细境善提魔军门種散来还文文呼奏太和社真宝摘在壁歳集誉终爆慧報
HVH_024_003833	仙鄉聖母祭文南麦省总督高春育楼1门兴誌南山重圆奇得天本奇见仙御部在人间察江泰嶽华環莲莱神秀昊天才挺出得仙家体箕娜九辰惟三月多三一神雨化天南標奇帝照降母俊天下万千秋永播头声果然仙有则章传欧亚充生棒仙事骨長生布老摩雲连莲島銀河亭休直北開和尾三用萬家叟童日重上唐旱詩八章雲汉夏干村南面時田间龟海心愁如薰帝方占雲间野神体天悔下为心一誠莫格监违康蘇辞竟寄霖载途民劇切洞枯暑瑟神禦灾样患为头一封奏達高明康蘇僻见發生辰及柳或者偶遭氣散令旱神示故为灾今等赋微维重羅暑虑凭圆急政柳或者未蒙换字令旱神有北为今木未休重羅暑虚共謀共誰为父母庆宜註意喜雨庭曾記蘇文十五委逢辰行将至喜崇新斯事税所好民星其幸倘觸雲密西郊未能陰雨苗膏烦枯润涸宝劳謂及物洒随車膏雨仰慈悬稀覆梦绝我公运及我私齊歌聖津神機通玄将進八有季失讃千斯箱面萬斯夫谷慶合鲜方教羔祸咒隆堂祝尚不有神教邦虚太空又君宾心心声普八歌声相前一語寸諏格思
HVH_024_003834	桃神一葉燕成多
HVH_024_003835	子业千镇清儿善特萧响冷露传
HVH_024_003836	连色渐愁写雅平群同出北青禾酒
HVH_024_003837	野放衣钓月溪江水旱起霞烟日夜平到不减加池下锦运枝失色中桂影樹闸花参楼成實福楼桐落花辰雁尽来南海岸
HVH_024_003838	楼
HVH_024_003839	刀
HVH_024_003840	好
HVH_024_003841	去创新禾)进山景都隆
HVH_024_003842	霜飛景都追山是此期间日就
HVH_024_003843	花玩要步暇绵華
HVH_024_003844	冬题还观谷登收多少好视蒼有實
HVH_024_003845	虚看尽
HVH_024_003846	满年全果品翻
HVH_024_003847	来復
HVH_024_003848	剪
HVH_024_003849	菌東
HVH_024_003850	十月霜
HVH_024_003851	寒
HVH_024_003852	露
HVH_024_003853	冷小
HVH_024_003854	陽
HVH_024_003855	春
HVH_024_003856	嶺
HVH_024_003857	上
HVH_024_003858	梅闸
HVH_024_003859	凭朵
HVH_024_003860	新荒野草
HVH_024_003861	枯
HVH_024_003862	酱落
HVH_024_003863	葉径心松秀
HVH_024_003864	更
HVH_024_003865	破芬黄花隆尽金铺地白雪浮徽王座長夜静眼秀吉爱凉清律至好精神十一月朝是雪举纷白序增：地塵遥望上破堆碎土近現低娶砂艮高斧樹皆調葉浅水魚蝦尽隐身福憐枯草野翔獨秀有杉筠十三二月悠景主二陽天白雪磯消已晚年进客吴思退步遗商他欢退鞭修身耐过寒辰秘急性存居尽宅圆岁就来将暖色留多幾日到春元
HVH_024_003866	有菜竹猗#一林居子翠参雲少女吹調新莫説無心奇守意酒知有菲精神葉经霸雪何愁色影帚楷前不動塵植特维然千离寺誰台可北四辰春彼南山巍藏絹秀一龍举重厚姓迁去别宫樹木千花开五面豺貌百秋宿发中四辰都是掌春色萬古皆然不老容峻極于天雲霧雄興焉皇藏广無穷
HVH_024_003867	性情本自好登高展翅建彩上九宵欢到霞摩日月能通牛女渡河橋，鸢花庆天渾霸；
HVH_024_003868	每虧体雨雪露不损毛是故公输依削木腾空三會天达雷风烈改常展天意勃然变色感出户好宜携携笠登程都节带衣雲腾致雨四方霧嶺拳腾密千朵花調樹上稀仰望太陽斋新终酒不过心淋滩同姓同发芳家分流老知意相差性情清濁观难見氣味强研饮要查海鹹河溪合口如蓝还是下喉似雪乃為河罩效于人间莫作间諧妄誕誇腾地曾观見武城逍送歌舞鼓弦聲八音奏出牵雅六律吹来調清武城弦歌醉客近開加醉意愁人自解愁情洋：盈耳開雅乱内外家来正明風兴温清一年主計在於春一日经营也在寅鹊噪则照母懶性鹤写而起有精神尊为善方成器歌心可立身萬事尽徒须造化讀耕正是好良因圆窝禽獸尽彩仙灵圖書作記不非尾写字成竹極好看会啄老心枝自舞獸行效點州连翻金龍彩风從毛華彩色祥雲用粉丹仙子果
HVH_024_003869	長春不无天龟间一吉山阁世间任事於先重在無遗一自焉就在家庭修礼樂吉美不従示思八则孝
HVH_024_003870	身体装膚酒保守方成
HVH_024_003871	人子孝心全出别第一離门外見同摩或有年高一二春在路
HVH_024_003872	則徐行後長躬而避讓先尊
HVH_024_003873	万衣百结是為辛主鼠忙守本真承曲肱以礼筆飘医备潔其身貧而無誦劳，碌1安天命苦甘耐世座勉心差岁月何酒销笑叩来门杖园春秋血氣依稀纺佛自誉鹤髪中中雪皓·眉面上苔七十而従心所数日月如梭輪不息光陰何箭去难回於今復顧前程路尽是浮雲一樣哉三百篇中冠古令照观晕教而终参差荇菜全伤赦沉彼精舟正稀箴誦其詩薇芾甘棠龄國政绸谬产治家音萬章总無邪句誦者阁知記在心重叠幾多篇读者酒誠志氣坚萬古網常藏内十條规矩在中全備讀其書春秋鼎盛心宜慎日月意要專莫道烂跑延崴月方能通達聖言去雨满喜雨濃园中龙李运芳容枝白一枝红尾摇花影動四春翩韵蝴娉繞墙束時夏交日長交日号竹林摇片轴流一和阁一書堂坐村南宾白堂平吹送红蓬居秋旺秋明#心影勤里了星一螺一光晴毛连静夜闻绒女弄楼教景冬冬吉冬雪玉共争研一点速玉樹阳片彭卡尝葉落谐新
HVH_024_003874	文昌百字馆寡愁精神爽多思氣血衰少杯不乱性忍氣免傷财贵自辛勤得富祥儉約来温柔终有益疆茶必招灾正直真君子刁骏是祸胎腊中休放箭巧处些藏鼓養性须善欺心枉奖倫常勿谈黨要和諧分身辱防非一莫闲畏天存一急庆退福星国。
HVH_024_003875	土跑賦停車间土风梅轩先生港宇江城四月雅夏雨精山明九就南兮舞镇日是午多楼鼓鸣公终雁忽闻有声如倒衣兮相如春票兮不停人声曹难又如时句云相争公闻面吴故内所茶隸兵工進西对口此辖民谓土也公盖耳其开而来目其形自先民有依首夏青未人思勝赏物重流沙最楼其製跑相合靓以为科乃携支了步臺野争取上了载权車方其陳力白自刘莫不逞才以相誇跑之成了又如木施
HVH_024_003876	遂開延写生礼出本者公是使程其術以视所蕴置土终豪少年並進初宜连兮仕衡终類淘秦写皮舜形成在地店然摩於軍门声间于天一似發炮式陣報成默楼類厩馬齊鸣声敬机院前楼禽共振觀尽则信有所阅供信有所问者也公乃笑而言日夫砲有二闲用於军则破山大铸開腹鳴美有所取也用家则金钱金菊红店盘桃述有所组也良间推戲交造掏财捉收又难更襟效也意謂载好尚衡其殊人不解其故容又应费聲人皆有性地不同彼来藏俱终背兮又进勿言日夫其声達于天可補别其声狼于地日功佛文老貼具阮有来於廊倚票白来新判座上发终廊富含省河東伏耀灵床关麻噗浪长静乳哺脑鳩忙艾／溪陽唯塘封机光隆影人景炸锦概夫拱如宝榄造化吃溪掉雲狗窖看埃渔变改孕炸输波哈合复压在概蚕发家庭碾梗承当敬修要商为運世按馨性煌和收勤蹈家富有孕埠家計。
HVH_024_003877	建徐娱對招维将敬誠知稀墨将文討悌旺椎曾欺飾塘半撕墨坤横阻術恒聚厨德妖祖空了监場物想真物限现毒寅越节懒美
HVH_024_003878	非常買享“进被可傷身燕蒲孤烤舞霹免熾菌，坤导頭情坤掣計想自託陀谢世感傷台美化现孤典悲徐媄夫捐座極为惯菌喂傷喂美動景带老被典曾欺行疾絲俱愁胖曾曲搬连蓬萊仙景决星洛滋棱能国西惯恒聚潮越喂伤喂堂会散堂恒商帆典缘干烟意现稚别呼穷埃貝愁坤批能勉楼糯阁麻慢招慢现能弱棒，色滑春栈誠埃优晨群坤把奉差甘旨催散合机查死生典曾干别新特而景市景座俱得空油泥孝心甘恨终天责提造幾来地催底鸡浴霧取戈闭戲退细霜沙坡刻鸡克會台诊仍冰倾脑更由走牌行味被美是親支脆分幼劳监拜功生情现脑迎特恩育坤收淚烤燃慧誠敬旬登诊
HVH_024_003879	破海德吴大停底恨麟受奇具浴潢水批文礼傷学社
HVH_024_003880	興國纪念葬五月初二日
HVH_024_003881	香江街水遠禦拳事灾天资本朝南艾山河招主辞贸花辉基荣金残買培没学功劳评肤碎轩检令牛官爵征自帝纪调期侧乱保商散诺谷呼岗西烧乘榄曳滝地剑刀撸號辆東棒凭移車取滑税叁雕鑫固高皇居连进糁春撑被尽规艾权的精酿脑胞如胞中兴滋关旗義烈惠艾消喝漢傷周拓佐举座美典趣语谁味鞋沉欺食望浏肤街劳色典進刊求将仕更戈法國漫英豪红进铺意身潭色线造滑庄爆吊典夢红胎解成平成贺命撑色培颁旨门国鹰奠报兵刀南北自险街友海烤功德意别兴色自助吾皇逢宝佳文明鼓动祀新朝挑开国居部
HVH_024_003882	旨諭硕墨注发郊诺旺菜安常底道子墨物慶贺陵尾化观歌迎刚察院旗机大法大南親乡世饶叁汉省临朝园#市欣部别庄庄别笑同腔有缘千里能相遇每绿封面石相逢弓月花四漫得花月员畏得丰雅肚帆漁汉萧洞桃源地聖星拱图欺五母敬盘机巫夹朝宝暮雨天上人间曾自娥眉免魄示同居庄情脑棋虚索賦予自乾伸買海素组埃窖傳满奇遇实坤顽朱儿造多端造狗生人随賦予旗潢眉物粉色安排委候害报路其槐半推諭#神鄭集红颜有分宇嫌薄白面多情好借春胶清湿洗脖霓裳魂才子横退街景物卷经剪造色怒彩精麻翰墨拱老伟叁轩庄庄朝伴
HVH_024_003883	意其经客终星鸿美相逢间病饰相憐保帽街惭術缘才色万庙新绿手业道粉拱学權江山作转地局拱当身顺标照霸秋交我成谷粮未稼养来均是不如人佛危流赤往跳儿座维赢意情坤掌計诊赠别合隆花辰姨筆砚些火老番战逢悔欢诊自古红颜多薄手煌井埃麻更情朱埃缘钟征月美花高彦虚飛仙鳞缨俗色原弯招價玉格鸥鹊桂梗梅春群线保笑群战北重罪底临前月度岭淡赤寿文人律员客佳人荣花儿壁日洗西落水东流花开葉磨秋各员供的壮士七牛朱颜能有老成临不及如人粮天马楠梯食江山缘诗源挑排朱月关板街廊作局琴5付恭星当展制春矯题看
HVH_024_003884	其復迎英雄年尽會龍雲点水缘諧收塵埃色别埃辰未至人背狗色穷達一生天已定理长富不长贫彦台伊吕是何人衣未遇拱耕萃的渭天下固堆塘出勉朱随美压仲英雄致主泽民册国游多情便别客尔揭别乡院美党麻茹彦为勋活沟添董靠月戰琼欺腾赏焊喝制麻棋雅制惨切乡骨疾源漆板文色虎吹得文处故压南影鸿北去网玄西街水东流客街茹色固伴松大底慌居秋供国席依精慧院柳陌曲琴歌群镜客制资，个活鸡民步教新情果景晚凭窖琪催功卓事消道没了先兢送一生维有酒流思百計不如门栖辣湿烧牌南山栖天九残烧拱烂季但古今古形影空固之空怒界千駟多馆
HVH_024_003885	一带珥河十古月蔬東流茶局桑沧限鱼台饲依古思微城市点程村鸿造沫落霞孤莺信凌朝秋水長天一声都留山川景新害性情佐船埃停边京道造东数厦源翁格注赤壁宇雄税脚月尽如初捣才情翠翻一教清明棉墓黄泉班斜陽鸿港仙终饰骥返松金重天想槐神爱数好肤风花直醒迷情新验更仍坞依朝要新腸爱晨根缘了薄命琴终惡恨長菜春花修反白桑渝初腾粉底钱岭流落蝶缘数进融醉复英乡红颜饒磊艰钱塘埃客造因铖惊水爱为族腾景仍傷收烈女烧铁倘香透食幅清风送栅温冲龍域激濁一牌有色清千古水塵秀钟英航身古水寒意果狗贞女弟仍机襖車取铜常制店炮红颜晒秋易余腹线
HVH_024_003886	北南雅所命肤进输临聖闲蜂会散干涛造航凭造信之团标支码反棋修夕會展室知政别魂市船发棒修浪芳海书剑眉群灵庄经桑莲者郡元座始树朱平人生天地一道旅同色镜步新时如校运如棒如两快古人秉燭山满水诗千轴明月清风酒一般教才子溶神仙戦临圣句神適志江山乡麻城市白庄零月风花岸務春史秋成人生七千古来少铁店辣数歳作席乡會中间春固尔淋藩泽驹色棒熾世人不解青天意空使情心半夜颂客才情被避會清年白行樂特包饒果补意聪味意风景意照春花秋月粉岭添其打制薛夏天伤夜注解干濃际津東風婵景腾胡萬达空门泣清竜冷栖明月清
HVH_024_003887	原首约有山流水省良明中湾练竹建黄岗站檬漫景漠意酒新斤坤学山风月琴锁活薇别课节就牒形善标新时满淬自沐鼓未旦课泊頭弓导荣报更清色教坐自傷委貼喜道岗自在接辉淹不合辰花辰翻害功亮来徐自开新款结商每得入世商石可会功业出母依便是有君现麻蒋圣进员学身身屯固乙各欧园危托今来更古闵限云楼庄平传局箕眉局行樂协市朱沛法庄戈果蝶特员聰欺赋红吉欺诗椒梅播披闭徐米趣味省旁省租没每得汉袜拖才情灵红颜标朝拍灵宫弹得坤床買摄奇排花常海局制拱俗庄制照传制辰制未漢迎胡法秦迎走吴迎牢铺外侯
HVH_024_003888	座流落肤味人世群座埃坤练栖公候吃御台造化害税求吸降任吏擅朱混徒身保桑蓬终有用人生豪傑一年实停悬亭师补慈九展骨主熏龍变化意员制窮通界美奇棋停控形役外求之镜庄没雅特少主奇遇少之调缘夫文版自硬薇诺验班無幅风雲埃客金鸟白雁脚福推洲省渔散学笃特斜陽外来夕渔歌古渡頭爸腰清艇醋酶胶飘症满碧披科琴曲问童粮笙迎想竹迎绳童秩乾伸清台钟人明及良宰遭逢易才子佳人隆遇难棉才情一品座间私金買报朝課慈傷喂前系靓好艇醉诚难我参商得点良金馬玉堂数彦跳楼酵腾粉君有厘中镜毒有琴上坡配欺虎诺湾钱缘会海眼蜂蔬花用练月老車市周棒北擦专才子佳人子埃儿斤修仇文人才子呼多为艾接情5源干買叁静想限棋相试一声双
HVH_024_003889	可憐半点漫珠会黄街分恨街缘学闭烤海酒王州供德询貝
HVH_024_003890	相思尼埃底朱统
HVH_024_003891	碧朝遮妙前缺干横壮轩冷解愁黄鸡歌楼台选连业侯满欺运美彩青冬门仍圖华经叶景恒理冷滚月鄭意孟台诺魅青肩源+特琴珠海茹闭娄些爽些塔吊如体姬械数危春迎辰更枚眉野更远点火頭秋白帝信龄蒸課亭，林北境银補欺自隔牛部解千味疗搖海想的奴市朱菲临牛李法车脆怒划鲜更慢酶酷座别浪埃油麻台性给勿为意群慈，待徐欺觉闭数尽些修捐朝群意客调机肯庄
