image	score	reason	label	gemini_text	local_path
/images/UzpfSTEwMDAwMDM2OTIxMDcyNTpWSzoyNzgzNjI2NTg0NjAxNTQ5OA==_0.jpg	1.0	one_text_contains_the_other	豁達大度。今天的練習02	豁達大度	/mnt/Suran_database/Users/thanhthanh_workspace/Project/NLP_K35/xlnntn_hp2_friend/data/mrDuc_data/Images/UzpfSTEwMDAwMDM2OTIxMDcyNTpWSzoyNzgzNjI2NTg0NjAxNTQ5OA==_0.jpg
/images/UzpfSTEwMDAwMDM2OTIxMDcyNTpWSzoyNzgzNjI2MjkzNjAxNTc4OQ==_0.jpg	1.0	one_text_contains_the_other	拔劍平四海，橫戈卻萬夫。今天的練習01	"拔
劍
平
四
海
橫
戈
卻
萬
夫"	/mnt/Suran_database/Users/thanhthanh_workspace/Project/NLP_K35/xlnntn_hp2_friend/data/mrDuc_data/Images/UzpfSTEwMDAwMDM2OTIxMDcyNTpWSzoyNzgzNjI2MjkzNjAxNTc4OQ==_0.jpg
/images/UzpfSTEwMDAwMDM2OTIxMDcyNTpWSzoyNzgyMzk5NzUxMzkwODk5OA==_0.jpg	1.0	one_text_contains_the_other	朝乾夕惕。今天的練習02	"朝
乾
夕
惕"	/mnt/Suran_database/Users/thanhthanh_workspace/Project/NLP_K35/xlnntn_hp2_friend/data/mrDuc_data/Images/UzpfSTEwMDAwMDM2OTIxMDcyNTpWSzoyNzgyMzk5NzUxMzkwODk5OA==_0.jpg
/images/UzpfSTEwMDAwMjgwNzA5MDE0OTpWSzoyNzgyNDcyOTQ3NzE2OTEzNQ==_0.jpg	0.624557	high_directional_coverage	"兩週沒動筆
實在是熱的汗都滴在紙上

無法寫字

今天下了雨

不流汗了

趕緊抓筆熟悉熟悉

這就是沒冷氣的無奈

題李凝幽居

唐-賈島

閒居少鄰並，草徑入荒園。

鳥宿池邊樹，僧敲月下門。

過橋分野色，移石動雲根。

暫去還來此，幽期不負言。"	"閒居少鄰並草徑入荒園鳥宿池邊
樹僧敲月下門過橋分野色移石動雲
根暫去還來此幽期不負言
唐賈島詩丙子三秋
許志深"	/mnt/Suran_database/Users/thanhthanh_workspace/Project/NLP_K35/xlnntn_hp2_friend/data/mrDuc_data/Images/UzpfSTEwMDAwMjgwNzA5MDE0OTpWSzoyNzgyNDcyOTQ3NzE2OTEzNQ==_0.jpg
/images/UzpfSTYxNTg2OTI4MjY3NTAwOlZLOjI3ODIwNzcxOTc3NTY0ODg1_0.jpg	0.697552	one_text_contains_the_other	鶴鳴九皋✍️，瘦金體書法	鶴鳴九皋	/mnt/Suran_database/Users/thanhthanh_workspace/Project/NLP_K35/xlnntn_hp2_friend/data/mrDuc_data/Images/UzpfSTYxNTg2OTI4MjY3NTAwOlZLOjI3ODIwNzcxOTc3NTY0ODg1_0.jpg
/images/UzpfSTYxNTcyODA0MTk3NzA2OlZLOjI3ODIyMDkxMzg3NDMyOTQ0_0.jpg	0.65572	high_directional_coverage	"他朝若是同淋雪
此生也算共白頭

（丙午 七夕）

-------------
肘間硯語 
   （「肘」藏豬腳意象，「硯語」彰顯書法哲學，時空交錯感）

#肉鋪裡的文房 
#萊茵河畔的蘭亭 
#巴伐利亞碑帖 
#鋼刀筆鋒
#油墨共生"	"時間硯語
他朝若是同淋雪
此生也算共白頭
丙午七夕大林書
TenbarLoft"	/mnt/Suran_database/Users/thanhthanh_workspace/Project/NLP_K35/xlnntn_hp2_friend/data/mrDuc_data/Images/UzpfSTYxNTcyODA0MTk3NzA2OlZLOjI3ODIyMDkxMzg3NDMyOTQ0_0.jpg
/images/UzpfSTU0MjM2Mjc2MDpWSzoyNzgyMjQxMTc0MDczNDI0Mg==_0.jpg	0.67608	high_directional_coverage	"適逢七夕，揮毫練習舊詞，
秦觀《#鵲橋仙》
 
纖雲弄巧，飛星傳恨，銀漢迢迢暗度。
金風玉露一相逢，便勝卻人間無數。
柔情似水，佳期如夢，忍顧鵲橋歸路。
#兩情若是久長時，#又豈在朝朝暮暮。
 
人世聚散，最深的牽掛，未必困於朝夕相見。
 
#練字養心 #七夕 #秦觀 #宋詞 #隸書創作"	"纖雲弄巧飛星傳恨銀漢
迢迢暗度金風玉露一相
逢便勝却人間無數柔情
似水佳期如夢忍顧鵲橋
歸路兩情若是久長時又
豈在朝朝暮暮"	/mnt/Suran_database/Users/thanhthanh_workspace/Project/NLP_K35/xlnntn_hp2_friend/data/mrDuc_data/Images/UzpfSTU0MjM2Mjc2MDpWSzoyNzgyMjQxMTc0MDczNDI0Mg==_0.jpg
/images/UzpfSTU0MjM2Mjc2MDpWSzoyNzgyMjQxMTc0MDczNDI0Mg==_1.jpg	0.695605	high_directional_coverage	"適逢七夕，揮毫練習舊詞，
秦觀《#鵲橋仙》
 
纖雲弄巧，飛星傳恨，銀漢迢迢暗度。
金風玉露一相逢，便勝卻人間無數。
柔情似水，佳期如夢，忍顧鵲橋歸路。
#兩情若是久長時，#又豈在朝朝暮暮。
 
人世聚散，最深的牽掛，未必困於朝夕相見。
 
#練字養心 #七夕 #秦觀 #宋詞 #隸書創作"	"纖雲弄巧飛星傳恨銀漢
迢迢暗度金風玉露一相
逢便勝卻人間無數柔情
似水佳期如夢忍顧鵲橋
歸路兩情若是久長時又
豈在朝朝暮暮"	/mnt/Suran_database/Users/thanhthanh_workspace/Project/NLP_K35/xlnntn_hp2_friend/data/mrDuc_data/Images/UzpfSTU0MjM2Mjc2MDpWSzoyNzgyMjQxMTc0MDczNDI0Mg==_1.jpg
/images/UzpfSTU0MjM2Mjc2MDpWSzoyNzgyMjQxMTc0MDczNDI0Mg==_2.jpg	0.67608	high_directional_coverage	"適逢七夕，揮毫練習舊詞，
秦觀《#鵲橋仙》
 
纖雲弄巧，飛星傳恨，銀漢迢迢暗度。
金風玉露一相逢，便勝卻人間無數。
柔情似水，佳期如夢，忍顧鵲橋歸路。
#兩情若是久長時，#又豈在朝朝暮暮。
 
人世聚散，最深的牽掛，未必困於朝夕相見。
 
#練字養心 #七夕 #秦觀 #宋詞 #隸書創作"	"纖雲弄巧飛星傳恨銀漢
迢迢暗度金風玉露一相
逢便勝却人間無數柔情
似水佳期如夢忍顧鵲橋
歸路兩情若是久長時又
豈在朝朝暮暮"	/mnt/Suran_database/Users/thanhthanh_workspace/Project/NLP_K35/xlnntn_hp2_friend/data/mrDuc_data/Images/UzpfSTU0MjM2Mjc2MDpWSzoyNzgyMjQxMTc0MDczNDI0Mg==_2.jpg
/images/UzpfSTEwMDAwMDM2OTIxMDcyNTpWSzoyNzgyNDAwNTIyMDU3NDg5NA==_0.jpg	0.841241	high_directional_coverage	半踏長裾宛約行，晚簾疏處見分明，此時堪恨昧平生，早是銷魂殘燭影，更愁聞著品絃聲，杳無消息若爲情。今天的練習03	"半踏長裾宛約行晚簾疏處見分
明此時堪恨昧平生早是消魂殘
燭影更愁聞著品弦聲杳無消
息若爲情
五代詞人孫光憲浣溪沙
丙午之秋"	/mnt/Suran_database/Users/thanhthanh_workspace/Project/NLP_K35/xlnntn_hp2_friend/data/mrDuc_data/Images/UzpfSTEwMDAwMDM2OTIxMDcyNTpWSzoyNzgyNDAwNTIyMDU3NDg5NA==_0.jpg
/images/UzpfSTEwMDAwMDM2OTIxMDcyNTpWSzoyNzgyMzk5NDgwMzkwOTI2OQ==_0.jpg	1.0	one_text_contains_the_other	古墨輕磨滿几香，硯池新浴粲生光。今天的練習01	"古墨輕磨滿几香
硯池新浴粲生光"	/mnt/Suran_database/Users/thanhthanh_workspace/Project/NLP_K35/xlnntn_hp2_friend/data/mrDuc_data/Images/UzpfSTEwMDAwMDM2OTIxMDcyNTpWSzoyNzgyMzk5NDgwMzkwOTI2OQ==_0.jpg
/images/UzpfSTEwMDAwMDM0MDE0MDI3NjpWSzoyNzgyMzQzOTU4MDYzMTQ1OA==_0.jpg	0.619377	combined_score_above_threshold	"唐．李白〈清平調〉三首之二：「一枝穠豔露凝香，雲雨巫山枉斷腸。」
資料來源：國家教育研究院"	"唐·李白〈清平調〉三首之二
一枝穠豔露凝香
一枝穠豔露凝香
雲雨巫山枉斷腸
雲雨巫山枉斷腸
丙午七夕方柏棟"	/mnt/Suran_database/Users/thanhthanh_workspace/Project/NLP_K35/xlnntn_hp2_friend/data/mrDuc_data/Images/UzpfSTEwMDAwMDM0MDE0MDI3NjpWSzoyNzgyMzQzOTU4MDYzMTQ1OA==_0.jpg
/images/UzpfSTEwMDAwMDM2NjMwMzY2NTpWSzoyNzgyMjE4NzU1MDc1NjY2MQ==_0.jpg	0.713611	combined_score_above_threshold	"2026-08-19週三
渡漢江 李頻

嶺外音書絕，
經冬復歷春。
近鄉情更怯，
不敢問來人。"	"嶺外音書斷
經冬復歷春
近鄉情更怯
不敢問來人
渡漢江李穎丙午秋杪祥書"	/mnt/Suran_database/Users/thanhthanh_workspace/Project/NLP_K35/xlnntn_hp2_friend/data/mrDuc_data/Images/UzpfSTEwMDAwMDM2NjMwMzY2NTpWSzoyNzgyMjE4NzU1MDc1NjY2MQ==_0.jpg
/images/UzpfSTYxNTg2OTI4MjY3NTAwOlZLOjI3Nzk2MzgxNDc2NjcwNjAy_0.jpg	0.904228	high_directional_coverage	"相見時難別亦難 東風無力百花殘
春蠶到死絲方盡 蠟炬成灰淚始干"	"相
見
時
難
別
亦
難
東
風
無
力
百
花
殘
春
蠶
到
死
絲
方
盡
蠟
炬
成
灰
淚
始
乾
無
題
李
商
隱"	/mnt/Suran_database/Users/thanhthanh_workspace/Project/NLP_K35/xlnntn_hp2_friend/data/mrDuc_data/Images/UzpfSTYxNTg2OTI4MjY3NTAwOlZLOjI3Nzk2MzgxNDc2NjcwNjAy_0.jpg
/images/UzpfSTEwMDAwMDM0MDE0MDI3NjpWSzoyNzgxMjgzOTg3ODM1ODA5NQ==_0.jpg	0.647384	combined_score_above_threshold	"明·王守仁《傳習錄》上卷：“若解向里尋求，見得自己心體，即無時不是此道，亙古亙今，無終無始。”
資料來源：漢語網"	"明·王守仁《傳習錄》上卷
若放向里尋求見
得自己心体原無
時不是此道直下
直下無終無始
丙午七月初六方柏棟"	/mnt/Suran_database/Users/thanhthanh_workspace/Project/NLP_K35/xlnntn_hp2_friend/data/mrDuc_data/Images/UzpfSTEwMDAwMDM0MDE0MDI3NjpWSzoyNzgxMjgzOTg3ODM1ODA5NQ==_0.jpg
/images/UzpfSTEwMDAwMzI4NDg3MDY0MDpWSzoyNzgxMDY5MzU0MTkwNjA2Mg==_0.jpg	0.702847	combined_score_above_threshold	"李白〔唐代〕
長安一片月或指「子夜吳歌秋歌」
長安一片月，萬戶搗衣聲。
秋風吹不盡，總是玉關情。
何日平胡虜，良人罷遠徵。"	"長安一片月萬戶搗衣聲
秋風吹不盡總是玉關情
何日平胡虜良人罷遠征紀
李白子夜秋歌
庚午年秋月書"	/mnt/Suran_database/Users/thanhthanh_workspace/Project/NLP_K35/xlnntn_hp2_friend/data/mrDuc_data/Images/UzpfSTEwMDAwMzI4NDg3MDY0MDpWSzoyNzgxMDY5MzU0MTkwNjA2Mg==_0.jpg
/images/UzpfSTEwMDAwMzI4NDg3MDY0MDpWSzoyNzgxMDY5MzU0MTkwNjA2Mg==_4.jpg	0.695388	combined_score_above_threshold	"李白〔唐代〕
長安一片月或指「子夜吳歌秋歌」
長安一片月，萬戶搗衣聲。
秋風吹不盡，總是玉關情。
何日平胡虜，良人罷遠徵。"	"長安一片月萬戶擣衣聲
秋風吹不盡總是玉關情
何日平胡虜良人罷遠征
李白詩子夜秋歌
丙申冬月"	/mnt/Suran_database/Users/thanhthanh_workspace/Project/NLP_K35/xlnntn_hp2_friend/data/mrDuc_data/Images/UzpfSTEwMDAwMzI4NDg3MDY0MDpWSzoyNzgxMDY5MzU0MTkwNjA2Mg==_4.jpg
/images/UzpfSTEwMDAwMzI4NDg3MDY0MDpWSzoyNzgxMDY5MzU0MTkwNjA2Mg==_2.jpg	0.683629	high_directional_coverage	"李白〔唐代〕
長安一片月或指「子夜吳歌秋歌」
長安一片月，萬戶搗衣聲。
秋風吹不盡，總是玉關情。
何日平胡虜，良人罷遠徵。"	"長安一片月萬戶擣衣聲
秋風吹不盡總是玉關情
何日平胡虜良人罷遠征
曹新林書
丙戌秋月"	/mnt/Suran_database/Users/thanhthanh_workspace/Project/NLP_K35/xlnntn_hp2_friend/data/mrDuc_data/Images/UzpfSTEwMDAwMzI4NDg3MDY0MDpWSzoyNzgxMDY5MzU0MTkwNjA2Mg==_2.jpg
/images/UzpfSTEwMDAwMzI4NDg3MDY0MDpWSzoyNzgxMDY5MzU0MTkwNjA2Mg==_1.jpg	0.647591	combined_score_above_threshold	"李白〔唐代〕
長安一片月或指「子夜吳歌秋歌」
長安一片月，萬戶搗衣聲。
秋風吹不盡，總是玉關情。
何日平胡虜，良人罷遠徵。"	"長安一片月萬戶擣衣聲秋風
吹不盡總是玉關情何日平胡虜
良人罷遠征
李白詩子夜吳歌秋歌
丙子歲月於谷中松井玄栗"	/mnt/Suran_database/Users/thanhthanh_workspace/Project/NLP_K35/xlnntn_hp2_friend/data/mrDuc_data/Images/UzpfSTEwMDAwMzI4NDg3MDY0MDpWSzoyNzgxMDY5MzU0MTkwNjA2Mg==_1.jpg
/images/UzpfSTYxNTUzOTIxNjgxMDE1OlZLOjI3ODEyODE1OTI4MzYwNDkw_0.jpg	0.373697	one_text_contains_the_other	曾幾  三衢道中	"梅子黃
時日日晴
小溪泛盡
卻山行
綠陰不減
來時路
添得
黃
鸝
四五聲
曾幾
三衢道中
學松
梅子黃時日日晴
小溪泛盡卻山行
綠陰不減來時路
添得黃鸝四五聲"	/mnt/Suran_database/Users/thanhthanh_workspace/Project/NLP_K35/xlnntn_hp2_friend/data/mrDuc_data/Images/UzpfSTYxNTUzOTIxNjgxMDE1OlZLOjI3ODEyODE1OTI4MzYwNDkw_0.jpg
/images/UzpfSTEwMDAwMDAyOTcyMDEwOTpWSzoyNzgwMTMxNDkyOTUxMDU5MA==_0.jpg	0.854377	high_directional_coverage	"唐詩 李商隱 錦瑟
錦瑟無端五十弦

ㄧ弦ㄧ柱思華年

莊生曉夢迷蝴蝶

望帝春心託杜鵑

滄海月明珠有淚

藍田日暖玉生煙

此情可待成追憶

祇是當時已惘然"	"錦瑟無端五十弦一弦一柱思華年莊生曉夢迷
蝴蝶望帝春心託杜鵑滄海月明珠有淚藍田
日暖玉生煙此情可待成追憶祗是當時已惘然
李商隱
錦瑟詩
丙戌秋
萧良材书"	/mnt/Suran_database/Users/thanhthanh_workspace/Project/NLP_K35/xlnntn_hp2_friend/data/mrDuc_data/Images/UzpfSTEwMDAwMDAyOTcyMDEwOTpWSzoyNzgwMTMxNDkyOTUxMDU5MA==_0.jpg
/images/UzpfSTEwMDAwMDM2OTIxMDcyNTpWSzoyNzgxMTcxMjY1NTEzNzQ4NA==_0.jpg	0.593963	combined_score_above_threshold	風遞殘香出繡簾，團窠金鳳舞襜襜，落花微雨恨相兼，何處去來狂太甚，空推宿酒睡無厭，爭教人不別猜嫌。今天的練習03	"風遞殘香出綉簾周宗室風流
襜襜落花飛為忙怕兼何處去來
狂太甚也挂宿酒睡無厭怎教人
不別猜嫌
五代詞人孫光憲浣溪沙
丙子之秋"	/mnt/Suran_database/Users/thanhthanh_workspace/Project/NLP_K35/xlnntn_hp2_friend/data/mrDuc_data/Images/UzpfSTEwMDAwMDM2OTIxMDcyNTpWSzoyNzgxMTcxMjY1NTEzNzQ4NA==_0.jpg
/images/UzpfSTEwMDAxNjg4Mjk5NjczMzpWSzoyNzgxMzM2NDIyNDk3MjMyNw==_0.jpg	0.949774	one_text_contains_the_other	纖雲弄巧，飛星傳恨，銀漢迢迢暗度。金風玉露一相逢，便勝卻人間無數。柔情似水，佳期如夢，忍顧鵲橋歸路。兩情若是久長時，又豈在朝朝暮暮。	"纖雲弄巧
飛星傳恨銀
漢迢迢暗度
金風玉露一相
逢便勝卻人
間無數柔
情似水佳
期如夢忍顧
鵲橋歸路
兩情若是
久長時又
豈在朝朝
暮暮
丙戌冬日金湧
書之"	/mnt/Suran_database/Users/thanhthanh_workspace/Project/NLP_K35/xlnntn_hp2_friend/data/mrDuc_data/Images/UzpfSTEwMDAxNjg4Mjk5NjczMzpWSzoyNzgxMzM2NDIyNDk3MjMyNw==_0.jpg
/images/UzpfSTEwMDAwMDI1Njc2NzI4NjpWSzoyNzgxMDM0NzcxNTI3Mzk3OA==_0.jpg	0.921423	high_directional_coverage	"摩訶般若波羅蜜多心經。
鉛筆✏️6 B臨習。

籍磊，當代書法名家。少年時代得到內蒙古著名書法家王牖義先生的指導。

觀自在菩薩，行深般若波羅蜜多時，照見五蘊皆空，度一切苦厄。舍利子，色不異空，空不異色，色即是空，空即是色，受想行識，亦復如是。舍利子，是諸法空相，不生不滅，不垢不淨，不增不減。是故空中無色，無受想行識，無眼耳鼻舌身意，無色聲香味觸法，無眼界，乃至無意識界。無明，亦無明盡，乃至無老死，亦無老死盡。無苦集滅道，無智亦無得。以無所得故，菩提薩埵，依般若波羅蜜多故，心無罣礙，無罣礙故，無有恐怖，遠離顛倒夢想，究竟涅磐。三世諸佛，依般若波羅蜜多故，得阿耨多羅三藐三菩提。故知般若波羅蜜多，是大神咒，是大明咒，是無上咒，是無等等咒，能除一切苦，真實不虛。故說般若波羅蜜多咒，即說咒曰：揭諦揭諦波羅揭諦波羅僧揭諦菩提薩婆訶。"	"般若波羅蜜多心經
觀自在菩薩行深般若波羅蜜多
時照見五蘊皆空度一切苦厄
舍利子色不異空空不異色色即
是空空即是色受想行識亦復
如是舍利子是諸法空相不生不
滅不垢不淨不增不減是故空中
無色無受想行識無眼耳鼻舌
身意無色聲香味觸法無眼界
乃至無意識界無無明亦無無明
盡乃至無老死亦無老死盡無苦
集滅道無智亦無得以無所得故
菩提薩埵依般若波羅蜜多故心
無罣礙無罣礙故無有恐怖遠離
顛倒夢想究竟涅槃三世諸佛
依般若波羅蜜多故得阿耨多
羅三藐三菩提故知般若波羅蜜
多是大神咒是大明咒是無上咒
是無等等咒能除一切苦真實不虛
故說般若波羅蜜多咒即說咒曰
揭諦揭諦
波羅揭諦
波羅僧揭諦
菩提薩婆訶
歲在辛丑籍磊沐手焚香敬書"	/mnt/Suran_database/Users/thanhthanh_workspace/Project/NLP_K35/xlnntn_hp2_friend/data/mrDuc_data/Images/UzpfSTEwMDAwMDI1Njc2NzI4NjpWSzoyNzgxMDM0NzcxNTI3Mzk3OA==_0.jpg
/images/UzpfSTEwMDAwMDI1Njc2NzI4NjpWSzoyNzgxMDM0NzcxNTI3Mzk3OA==_3.jpg	0.919874	high_directional_coverage	"摩訶般若波羅蜜多心經。
鉛筆✏️6 B臨習。

籍磊，當代書法名家。少年時代得到內蒙古著名書法家王牖義先生的指導。

觀自在菩薩，行深般若波羅蜜多時，照見五蘊皆空，度一切苦厄。舍利子，色不異空，空不異色，色即是空，空即是色，受想行識，亦復如是。舍利子，是諸法空相，不生不滅，不垢不淨，不增不減。是故空中無色，無受想行識，無眼耳鼻舌身意，無色聲香味觸法，無眼界，乃至無意識界。無明，亦無明盡，乃至無老死，亦無老死盡。無苦集滅道，無智亦無得。以無所得故，菩提薩埵，依般若波羅蜜多故，心無罣礙，無罣礙故，無有恐怖，遠離顛倒夢想，究竟涅磐。三世諸佛，依般若波羅蜜多故，得阿耨多羅三藐三菩提。故知般若波羅蜜多，是大神咒，是大明咒，是無上咒，是無等等咒，能除一切苦，真實不虛。故說般若波羅蜜多咒，即說咒曰：揭諦揭諦波羅揭諦波羅僧揭諦菩提薩婆訶。"	"般若波羅蜜多心經
觀自在菩薩行深般若波羅蜜多
時照見五蘊皆空度一切苦厄
舍利子色不異空空不異色色即
是空空即是色受想行識亦復
如是舍利子是諸法空相不生不
滅不垢不淨不增不減是故空中
無色無受想行識無眼耳鼻舌
身意無色聲香味觸法無眼界
乃至無意識界無無明亦無無明
盡乃至無老死亦無老死盡無苦
集滅道無智亦無得以無所得故
菩提薩埵依般若波羅蜜多故心
無罣礙無罣礙故無有恐怖遠離
顛倒夢想究竟涅槃三世諸佛
依般若波羅蜜多故得阿耨多
羅三藐三菩提故知般若波羅蜜
多是大神咒是大明咒是無上咒
是無等等咒能除一切苦真實不虛
故說般若波羅蜜多咒即說咒曰
揭諦揭諦波羅揭諦
波羅僧揭諦菩提薩婆訶
歲在辛丑籍蘇沐手焚香敬書"	/mnt/Suran_database/Users/thanhthanh_workspace/Project/NLP_K35/xlnntn_hp2_friend/data/mrDuc_data/Images/UzpfSTEwMDAwMDI1Njc2NzI4NjpWSzoyNzgxMDM0NzcxNTI3Mzk3OA==_3.jpg
/images/UzpfSTEwMDAwMDI1Njc2NzI4NjpWSzoyNzgxMDM0NzcxNTI3Mzk3OA==_2.jpg	0.919874	high_directional_coverage	"摩訶般若波羅蜜多心經。
鉛筆✏️6 B臨習。

籍磊，當代書法名家。少年時代得到內蒙古著名書法家王牖義先生的指導。

觀自在菩薩，行深般若波羅蜜多時，照見五蘊皆空，度一切苦厄。舍利子，色不異空，空不異色，色即是空，空即是色，受想行識，亦復如是。舍利子，是諸法空相，不生不滅，不垢不淨，不增不減。是故空中無色，無受想行識，無眼耳鼻舌身意，無色聲香味觸法，無眼界，乃至無意識界。無明，亦無明盡，乃至無老死，亦無老死盡。無苦集滅道，無智亦無得。以無所得故，菩提薩埵，依般若波羅蜜多故，心無罣礙，無罣礙故，無有恐怖，遠離顛倒夢想，究竟涅磐。三世諸佛，依般若波羅蜜多故，得阿耨多羅三藐三菩提。故知般若波羅蜜多，是大神咒，是大明咒，是無上咒，是無等等咒，能除一切苦，真實不虛。故說般若波羅蜜多咒，即說咒曰：揭諦揭諦波羅揭諦波羅僧揭諦菩提薩婆訶。"	"般若波羅蜜多心經
觀自在菩薩行深般若波羅蜜多
時照見五蘊皆空度一切苦厄
舍利子色不異空空不異色色即
是空空即是色受想行識亦復
如是舍利子是諸法空相不生不
滅不垢不淨不增不減是故空中
無色無受想行識無眼耳鼻舌
身意無色聲香味觸法無眼界
乃至無意識界無無明亦無無明
盡乃至無老死亦無老死盡無苦
集滅道無智亦無得以無所得故
菩提薩埵依般若波羅蜜多故心
無罣礙無罣礙故無有恐怖遠離
顛倒夢想究竟涅槃三世諸佛
依般若波羅蜜多故得阿耨多
羅三藐三菩提故知般若波羅蜜
多是大神咒是大明咒是無上咒
是無等等咒能除一切苦真實不虛
故說般若波羅蜜多咒即說咒曰
揭諦揭諦波羅揭諦
波羅僧揭諦菩提薩婆訶
歲在辛丑籍森沐手焚香敬書"	/mnt/Suran_database/Users/thanhthanh_workspace/Project/NLP_K35/xlnntn_hp2_friend/data/mrDuc_data/Images/UzpfSTEwMDAwMDI1Njc2NzI4NjpWSzoyNzgxMDM0NzcxNTI3Mzk3OA==_2.jpg
/images/UzpfSTEwMDAxMTExNTIyODcyNDpWSzoyNzM5NjkyNDIzMzMxODkzNQ==_0.jpg	1.0	one_text_contains_the_other	福地安居	"福
地
安
居"	/mnt/Suran_database/Users/thanhthanh_workspace/Project/NLP_K35/xlnntn_hp2_friend/data/mrDuc_data/Images/UzpfSTEwMDAxMTExNTIyODcyNDpWSzoyNzM5NjkyNDIzMzMxODkzNQ==_0.jpg
/images/UzpfSTEwMDAwNjA1MjQxMTI3MzpWSzoyNzQwMjMzMzU0NjExMTMzNw==_2.jpg	0.973627	one_text_contains_the_other	只有平庸的人生才不會被人議論	"只有平庸的
人生才不會
被人議論
林"	/mnt/Suran_database/Users/thanhthanh_workspace/Project/NLP_K35/xlnntn_hp2_friend/data/mrDuc_data/Images/UzpfSTEwMDAwNjA1MjQxMTI3MzpWSzoyNzQwMjMzMzU0NjExMTMzNw==_2.jpg
/images/UzpfSTEwMDAwNjA1MjQxMTI3MzpWSzoyNzQwMjMzMzU0NjExMTMzNw==_0.jpg	0.973627	one_text_contains_the_other	只有平庸的人生才不會被人議論	"只
有
平
庸
的
人
生
才
不
會
被
人
議
論
林"	/mnt/Suran_database/Users/thanhthanh_workspace/Project/NLP_K35/xlnntn_hp2_friend/data/mrDuc_data/Images/UzpfSTEwMDAwNjA1MjQxMTI3MzpWSzoyNzQwMjMzMzU0NjExMTMzNw==_0.jpg
/images/UzpfSTEwMDAwNjA1MjQxMTI3MzpWSzoyNzQwMjMzMzU0NjExMTMzNw==_1.jpg	0.973627	one_text_contains_the_other	只有平庸的人生才不會被人議論	"只有平庸的
人生才不會
被人議論林"	/mnt/Suran_database/Users/thanhthanh_workspace/Project/NLP_K35/xlnntn_hp2_friend/data/mrDuc_data/Images/UzpfSTEwMDAwNjA1MjQxMTI3MzpWSzoyNzQwMjMzMzU0NjExMTMzNw==_1.jpg
/images/UzpfSTEwMDAwMDI1Njc2NzI4NjpWSzoyNzgxMDQyMDUxMTkzMzM2NQ==_1.jpg	0.946004	high_directional_coverage	"觀自在菩薩，行深般若波羅蜜多時，照見五蘊皆空，度一切苦厄。舍利子，色不異空，空不異色，色即是空，空即是色，受想行識，亦復如是。舍利子，是諸法空相，不生不滅，不垢不淨，不增不減。是故空中無色，無受想行識，無眼耳鼻舌身意，無色聲香味觸法，無眼界，乃至無意識界。無明，亦無明盡，乃至無老死，亦無老死盡。無苦集滅道，無智亦無得。以無所得故，菩提薩埵，依般若波羅蜜多故，心無罣礙，無罣礙故，無有恐怖，遠離顛倒夢想，究竟涅磐。三世諸佛，依般若波羅蜜多故，得阿耨多羅三藐三菩提。故知般若波羅蜜多，是大神咒，是大明咒，是無上咒，是無等等咒，能除一切苦，真實不虛。故說般若波羅蜜多咒，即說咒曰：揭諦揭諦波羅揭諦波羅僧揭諦菩提薩婆訶。 
，"	"般若波羅蜜多心經
觀自在菩薩行深般若波羅蜜多
時照見五蘊皆空度一切苦厄
舍利子色不異空空不異色色即
是空空即是色受想行識亦復
如是舍利子是諸法空相不生
滅不垢不淨不增不減是故空中
無色無受想行識無眼耳鼻舌
身意無色聲香味觸法無眼界
乃至無意識界無無明亦無無明
盡乃至無老死亦無老死盡無苦
集滅道無智亦無得以無所得故
菩提薩埵依般若波羅蜜多故心
無罣礙無罣礙故無有恐怖遠離
顛倒夢想究竟涅槃三世諸佛
依般若波羅蜜多故得阿耨多
羅三藐三菩提故知般若波羅蜜
多是大神咒是大明咒是無上咒
是無等等咒能除一切苦真實不虛
故說般若波羅蜜多咒即說咒曰
揭諦揭諦波羅揭諦波羅僧揭諦
菩提薩婆訶般若波羅蜜多心經
歲在辛丑臘月吉日沐手敬書于林下書"	/mnt/Suran_database/Users/thanhthanh_workspace/Project/NLP_K35/xlnntn_hp2_friend/data/mrDuc_data/Images/UzpfSTEwMDAwMDI1Njc2NzI4NjpWSzoyNzgxMDQyMDUxMTkzMzM2NQ==_1.jpg
/images/UzpfSTEwMDAwMDM2NjMwMzY2NTpWSzoyNzgxNzY5MDQwMTIwNjM3Ng==_3.jpg	0.621469	high_directional_coverage	"2026-08-19週三
今天週三，祝大家順心愉快。

常用漢字
409
貿麼玫枚

論語金句：
四、政治與領導（76–100）
85.上好禮，則民莫敢不敬；上好義，則民莫敢不服；上好信，則民莫敢不用情。

使徒行傳16:38-39.
詩篇147:11-15."	"上好禮，則民莫敢不敬、
上好義，則民莫敢不服、
上好信，則民莫敢不用情、
論語金句丙午秋新耀書"	/mnt/Suran_database/Users/thanhthanh_workspace/Project/NLP_K35/xlnntn_hp2_friend/data/mrDuc_data/Images/UzpfSTEwMDAwMDM2NjMwMzY2NTpWSzoyNzgxNzY5MDQwMTIwNjM3Ng==_3.jpg
/images/UzpfSTEwMDAwMDM2OTIxMDcyNTpWSzoyNzc5OTg4MTkwOTY1Mzg5Mg==_0.jpg	1.0	one_text_contains_the_other	女慕貞潔。今天的練習02	"女
慕
貞
潔"	/mnt/Suran_database/Users/thanhthanh_workspace/Project/NLP_K35/xlnntn_hp2_friend/data/mrDuc_data/Images/UzpfSTEwMDAwMDM2OTIxMDcyNTpWSzoyNzc5OTg4MTkwOTY1Mzg5Mg==_0.jpg
/images/UzpfSTEwMDAwMDI1Njc2NzI4NjpWSzoyNzgxMDM0NzcxNTI3Mzk3OA==_1.jpg	0.89645	high_directional_coverage	"摩訶般若波羅蜜多心經。
鉛筆✏️6 B臨習。

籍磊，當代書法名家。少年時代得到內蒙古著名書法家王牖義先生的指導。

觀自在菩薩，行深般若波羅蜜多時，照見五蘊皆空，度一切苦厄。舍利子，色不異空，空不異色，色即是空，空即是色，受想行識，亦復如是。舍利子，是諸法空相，不生不滅，不垢不淨，不增不減。是故空中無色，無受想行識，無眼耳鼻舌身意，無色聲香味觸法，無眼界，乃至無意識界。無明，亦無明盡，乃至無老死，亦無老死盡。無苦集滅道，無智亦無得。以無所得故，菩提薩埵，依般若波羅蜜多故，心無罣礙，無罣礙故，無有恐怖，遠離顛倒夢想，究竟涅磐。三世諸佛，依般若波羅蜜多故，得阿耨多羅三藐三菩提。故知般若波羅蜜多，是大神咒，是大明咒，是無上咒，是無等等咒，能除一切苦，真實不虛。故說般若波羅蜜多咒，即說咒曰：揭諦揭諦波羅揭諦波羅僧揭諦菩提薩婆訶。"	"般若波羅蜜多心經
觀自在菩薩行深般若波羅蜜多
時照見五蘊皆空度一切苦厄
舍利子色不異空空不異色色即
是空空即是色受想行識亦復
如是舍利子是諸法空相不生不
滅不垢不淨不增不減是故空中
無色無受想行識無眼耳鼻舌
身意無色聲香味觸法無眼界
乃至無意識界無無明亦無無明
盡乃至無老死亦無老死盡無苦
集滅道無智亦無得以無所得故
菩提薩埵依般若波羅蜜多故心
無罣礙無罣礙故無有恐怖遠離
顛倒夢想究竟涅槃三世諸佛
依般若波羅蜜多故得阿耨多
羅三藐三菩提故知般若波羅蜜
多是大神呪是大明呪是無上呪
是無等等呪能除一切苦真實不虛
故說般若波羅蜜多呪即說呪曰
揭諦揭諦波羅揭諦
波羅僧揭諦菩提薩婆訶
歲在辛丑籍磊沐手焚香敬書"	/mnt/Suran_database/Users/thanhthanh_workspace/Project/NLP_K35/xlnntn_hp2_friend/data/mrDuc_data/Images/UzpfSTEwMDAwMDI1Njc2NzI4NjpWSzoyNzgxMDM0NzcxNTI3Mzk3OA==_1.jpg
/images/UzpfSTEwMDAwMDAxMzMyMjE5ODpWSzoyNzQwMzYzMDMwMjY0ODMyOA==_3.jpg	0.638029	high_directional_coverage	"《荷花》
荷花宮様美人妝
荷葉臨風翠作裳
昨夜夜涼涼似水
羨渠宛在水中央
蘇泂 荷花詩

冰雪林中著此身，不同桃李混芳塵；
忽然一夜清香發，散作乾坤萬里春。
王冕 白梅"	"冰雪林中著此身
不同桃李混芳塵忽然
一夜清香發散作乾
坤萬里春
王冕白梅
丙午立秋后五日
沐溍"	/mnt/Suran_database/Users/thanhthanh_workspace/Project/NLP_K35/xlnntn_hp2_friend/data/mrDuc_data/Images/UzpfSTEwMDAwMDAxMzMyMjE5ODpWSzoyNzQwMzYzMDMwMjY0ODMyOA==_3.jpg
/images/UzpfSTEwMDAwMDAxMzMyMjE5ODpWSzoyNzQwMzYzMDMwMjY0ODMyOA==_2.jpg	0.622918	high_directional_coverage	"《荷花》
荷花宮様美人妝
荷葉臨風翠作裳
昨夜夜涼涼似水
羨渠宛在水中央
蘇泂 荷花詩

冰雪林中著此身，不同桃李混芳塵；
忽然一夜清香發，散作乾坤萬里春。
王冕 白梅"	"冰雪林中著此身
同桃李混芳塵忽然
一夜清香發散作乾
坤萬里春
王冕白梅
丙申立秋后五日
沐渭"	/mnt/Suran_database/Users/thanhthanh_workspace/Project/NLP_K35/xlnntn_hp2_friend/data/mrDuc_data/Images/UzpfSTEwMDAwMDAxMzMyMjE5ODpWSzoyNzQwMzYzMDMwMjY0ODMyOA==_2.jpg
/images/UzpfSTEwMDAwMDEwMDg3MzM1MTpWSzoyNzQwNjI2NTE4MjM4NDg0MA==_0.jpg	0.807619	high_directional_coverage	"似是而非。

草螢有耀終非火
荷露雖圓豈是珠
 ～白居易"	"草螢有耀終非火
荷露雖圓豈是珠
白居易句
敏惠書"	/mnt/Suran_database/Users/thanhthanh_workspace/Project/NLP_K35/xlnntn_hp2_friend/data/mrDuc_data/Images/UzpfSTEwMDAwMDEwMDg3MzM1MTpWSzoyNzQwNjI2NTE4MjM4NDg0MA==_0.jpg
/images/UzpfSTEwMDAwMDAxMzMyMjE5ODpWSzoyNzgwNTM0MDc3OTEwODAwNQ==_3.jpg	0.638029	high_directional_coverage	"《荷花》
荷花宮様美人妝
荷葉臨風翠作裳
昨夜夜涼涼似水
羨渠宛在水中央
蘇泂 荷花詩

冰雪林中著此身，不同桃李混芳塵；
忽然一夜清香發，散作乾坤萬里春。
王冕 白梅"	"冰雪林中著此身
不同桃李混芳塵忽然
一夜清香發散作乾
坤萬里春
王冕白梅
丙午立秋后五日
沐渭"	/mnt/Suran_database/Users/thanhthanh_workspace/Project/NLP_K35/xlnntn_hp2_friend/data/mrDuc_data/Images/UzpfSTEwMDAwMDAxMzMyMjE5ODpWSzoyNzgwNTM0MDc3OTEwODAwNQ==_3.jpg
/images/UzpfSTEwMDAwMDIzMDc4MjE4OTpWSzoyNzQwNTYzMjM2OTExNDc4OA==_0.jpg	0.765694	high_directional_coverage	"唐詩 春日憶李白 杜甫
白也詩無敵 飄然思不群

清新庾開府 俊逸鮑叅軍

渭北春天樹 江東日暮雲

何時一樽酒 重與細論文"	"白
也
詩
無
敵
飄
然
思
不
羣
清
新
庾
開
府
俊
逸
鮑
參
軍
渭
北
春
樹
江
東
日
暮
雲
何
時
樽
酒
重
與
細
論
文
春
日
憶
李
白
杜
甫
丙
午
年
冬
雨
書"	/mnt/Suran_database/Users/thanhthanh_workspace/Project/NLP_K35/xlnntn_hp2_friend/data/mrDuc_data/Images/UzpfSTEwMDAwMDIzMDc4MjE4OTpWSzoyNzQwNTYzMjM2OTExNDc4OA==_0.jpg
/images/UzpfSTEwMDAwMDAxMzMyMjE5ODpWSzoyNzgwNTM0MDc3OTEwODAwNQ==_1.jpg	0.622918	high_directional_coverage	"《荷花》
荷花宮様美人妝
荷葉臨風翠作裳
昨夜夜涼涼似水
羨渠宛在水中央
蘇泂 荷花詩

冰雪林中著此身，不同桃李混芳塵；
忽然一夜清香發，散作乾坤萬里春。
王冕 白梅"	"冰雪林中著此身
不同桃李混芳塵忽然
一夜清香散作乾
坤萬里春
王冕白梅丙午立秋后五日
沐渭"	/mnt/Suran_database/Users/thanhthanh_workspace/Project/NLP_K35/xlnntn_hp2_friend/data/mrDuc_data/Images/UzpfSTEwMDAwMDAxMzMyMjE5ODpWSzoyNzgwNTM0MDc3OTEwODAwNQ==_1.jpg
/images/UzpfSTEwMDAwMDM2OTIxMDcyNTpWSzoyNzc5OTg3ODcyMjk4NzU0NA==_0.jpg	0.812121	high_directional_coverage	別是一家風月，更饒萬卷圖書。今天的練習01	"别是弌家風月
更饒萬卷圖書"	/mnt/Suran_database/Users/thanhthanh_workspace/Project/NLP_K35/xlnntn_hp2_friend/data/mrDuc_data/Images/UzpfSTEwMDAwMDM2OTIxMDcyNTpWSzoyNzc5OTg3ODcyMjk4NzU0NA==_0.jpg
/images/UzpfSTEwMDAwMDM2OTIxMDcyNTpWSzoyNzc4OTQ0MzM4NDAzMTA3OA==_0.jpg	1.0	one_text_contains_the_other	罔談彼短。今天的練習02	"罔
談
彼
短"	/mnt/Suran_database/Users/thanhthanh_workspace/Project/NLP_K35/xlnntn_hp2_friend/data/mrDuc_data/Images/UzpfSTEwMDAwMDM2OTIxMDcyNTpWSzoyNzc4OTQ0MzM4NDAzMTA3OA==_0.jpg
/images/UzpfSTEwMDAwMDU5MzExMzI1ODpWSzoyNzc4NDE5NDk2Nzg4OTI1Mw==_0.jpg	0.360764	one_text_contains_the_other	杜甫 / 望岳	"岱宗夫如何
齊魯青未了
造化鐘神秀
陰陽割昏曉
蕩胸生曾雲
決眦入歸鳥
會當凌絕頂
一覽眾山小
杜甫
望岳
山嵐書"	/mnt/Suran_database/Users/thanhthanh_workspace/Project/NLP_K35/xlnntn_hp2_friend/data/mrDuc_data/Images/UzpfSTEwMDAwMDU5MzExMzI1ODpWSzoyNzc4NDE5NDk2Nzg4OTI1Mw==_0.jpg
/images/UzpfSTEwMDAwMDM2OTIxMDcyNTpWSzoyNzc4OTQ0ODA1NDAzMDYxMQ==_0.jpg	0.615938	combined_score_above_threshold	落絮飛花滿帝城，看看春盡又傷情，歲華頻度想堪驚，風月豈惟今日恨，煙霄終待此身榮，未甘虛老負平生。。今天的練習03	"落絮無邊滿市街春去又
傷情京華頻度想堪驚風月堂
惟各自恨煙霄路待此身榮未甘虛
老負平生
五代詞人孫光憲浣溪沙
丙午之秋"	/mnt/Suran_database/Users/thanhthanh_workspace/Project/NLP_K35/xlnntn_hp2_friend/data/mrDuc_data/Images/UzpfSTEwMDAwMDM2OTIxMDcyNTpWSzoyNzc4OTQ0ODA1NDAzMDYxMQ==_0.jpg
/images/UzpfSTEwMDAwMDM2OTIxMDcyNTpWSzoyNzc3NTcyMTM1ODczNjYxNA==_0.jpg	1.0	one_text_contains_the_other	出水芙蓉。今天的練習02	出水芙蓉	/mnt/Suran_database/Users/thanhthanh_workspace/Project/NLP_K35/xlnntn_hp2_friend/data/mrDuc_data/Images/UzpfSTEwMDAwMDM2OTIxMDcyNTpWSzoyNzc3NTcyMTM1ODczNjYxNA==_0.jpg
/images/UzpfSTEwMDAwMDAxMzMyMjE5ODpWSzoyNzc4MTIxNTg5MTUyMDQ5NA==_4.jpg	0.66222	one_text_contains_the_other	"暮從碧山下，山月隨人歸。
卻顧所來徑，蒼蒼橫翠微。
相攜及田家，童稚開荊扉。
綠竹入幽徑，青蘿拂行衣。
歡言得所憩，美酒聊共揮。
長歌吟松風，曲盡河星稀。
我醉君復樂，陶然共忘機。
李白 下終南山國斛斯山人宿置酒"	"幽徑青蘿拂
行衣歡言得所憩
美酒聊共揮
長歌吟松風
曲盡河星稀
我醉君復樂"	/mnt/Suran_database/Users/thanhthanh_workspace/Project/NLP_K35/xlnntn_hp2_friend/data/mrDuc_data/Images/UzpfSTEwMDAwMDAxMzMyMjE5ODpWSzoyNzc4MTIxNTg5MTUyMDQ5NA==_4.jpg
/images/UzpfSTEwMDAwMDAxMzMyMjE5ODpWSzoyNzc5MzgyNDg5NjkyNjI2MA==_3.jpg	0.600491	high_directional_coverage	"黑雲翻墨未遮山，白雨跳珠亂入船。
卷地風來忽吹散，望湖樓下水如天。
蘇軾‧《六月二十七日望湖樓醉書》

銀燭秋光冷畫屏，輕羅小扇撲流螢。
天階夜色涼如水，臥看牽牛織女星。
杜牧 秋夕"	"銀
燭
秋
光
冷
畫
屏
輕
羅
小
扇
撲
流
螢
天
階
夜
色
涼
如
水
臥
看
牽
牛
織
女
星
杜牧七夕
丙子七夕前九日
沐清"	/mnt/Suran_database/Users/thanhthanh_workspace/Project/NLP_K35/xlnntn_hp2_friend/data/mrDuc_data/Images/UzpfSTEwMDAwMDAxMzMyMjE5ODpWSzoyNzc5MzgyNDg5NjkyNjI2MA==_3.jpg
/images/UzpfSTEwMDAwMDM0MDE0MDI3NjpWSzoyNzc4Njg0MzQ5MDk1NzczNA==_0.jpg	0.620454	high_directional_coverage	"左傳引周諺
朝代：先秦
作者：佚名
同類型的詩文：暫無標籤

原文

山有木工則度之。
賓有禮主則擇之。
匹夫無罪。
懷璧其罪。
譯文

暫無譯文

資料來源：漢語網"	"《左傳引周諺》
佚名
先秦
山有木工則度之
賓有禮主則擇之
匹夫無罪
懷璧其罪
丙午七月初四方柏樟"	/mnt/Suran_database/Users/thanhthanh_workspace/Project/NLP_K35/xlnntn_hp2_friend/data/mrDuc_data/Images/UzpfSTEwMDAwMDM0MDE0MDI3NjpWSzoyNzc4Njg0MzQ5MDk1NzczNA==_0.jpg
/images/UzpfSTEwMDAwMDAxMzMyMjE5ODpWSzoyNzc4MTI3NTUwMTUxNDUzMw==_1.jpg	0.599087	high_directional_coverage	"玉殿千官拜冕旒，紫衣京兆在前頭。
四時盛德初臨木，先日嚴寒已送牛。
氣轉蒼龍當法駕，風回明庶動宸遊。
聖王和令思行慶，次第頒布下九州。
文徵明 行書進春進賀七律詩"	"送牛氣轉蒼龍當運
駕風回明庶動宸游聖
王和令思行慶次第
頒恩下九州
浚明作書春賀七律
庚子春吉日
沐手"	/mnt/Suran_database/Users/thanhthanh_workspace/Project/NLP_K35/xlnntn_hp2_friend/data/mrDuc_data/Images/UzpfSTEwMDAwMDAxMzMyMjE5ODpWSzoyNzc4MTI3NTUwMTUxNDUzMw==_1.jpg
/images/UzpfSTEwMDAwMDM2OTIxMDcyNTpWSzoyNzc3NTcyNDQwMjA2OTY0Mw==_0.jpg	0.625827	combined_score_above_threshold	十五年來錦岸遊，未曾行處不風流，好花長與萬金酬¤ 滿眼利名渾信運，一生狂蕩恐難休，且陪煙月醉紅樓。今天的練習03	"十年來錦綉衣未省得凄凉
流好花長與等金砂滿眼求名運
信運一生狂蕩恐難休且陪煙月
醉紅樓
五代詞人孫光憲浣溪沙 丙午秋"	/mnt/Suran_database/Users/thanhthanh_workspace/Project/NLP_K35/xlnntn_hp2_friend/data/mrDuc_data/Images/UzpfSTEwMDAwMDM2OTIxMDcyNTpWSzoyNzc3NTcyNDQwMjA2OTY0Mw==_0.jpg
/images/UzpfSTEwMDAwMDAxMzMyMjE5ODpWSzoyNzc4MTI3NTUwMTUxNDUzMw==_0.jpg	0.602925	combined_score_above_threshold	"玉殿千官拜冕旒，紫衣京兆在前頭。
四時盛德初臨木，先日嚴寒已送牛。
氣轉蒼龍當法駕，風回明庶動宸遊。
聖王和令思行慶，次第頒布下九州。
文徵明 行書進春進賀七律詩"	"玉殿千官拜冕旒紫
衣京地在前頭四時感
德初臨木先日嚴寒已"	/mnt/Suran_database/Users/thanhthanh_workspace/Project/NLP_K35/xlnntn_hp2_friend/data/mrDuc_data/Images/UzpfSTEwMDAwMDAxMzMyMjE5ODpWSzoyNzc4MTI3NTUwMTUxNDUzMw==_0.jpg
/images/UzpfSTEwMDAwMDAxMzMyMjE5ODpWSzoyNzc4MTIxNTg5MTUyMDQ5NA==_3.jpg	0.637907	combined_score_above_threshold	"暮從碧山下，山月隨人歸。
卻顧所來徑，蒼蒼橫翠微。
相攜及田家，童稚開荊扉。
綠竹入幽徑，青蘿拂行衣。
歡言得所憩，美酒聊共揮。
長歌吟松風，曲盡河星稀。
我醉君復樂，陶然共忘機。
李白 下終南山國斛斯山人宿置酒"	"暮
從
碧
山
下
山
月
隨
人
歸
卻
顧
所
來
徑
蒼
橫
翠
微
相
攜
及
田
家
童
稚
開
柴
扉
綠
竹
入"	/mnt/Suran_database/Users/thanhthanh_workspace/Project/NLP_K35/xlnntn_hp2_friend/data/mrDuc_data/Images/UzpfSTEwMDAwMDAxMzMyMjE5ODpWSzoyNzc4MTIxNTg5MTUyMDQ5NA==_3.jpg
/images/UzpfSTEwMDAwMDAxMzMyMjE5ODpWSzoyNzc5MzgyNDg5NjkyNjI2MA==_0.jpg	0.600491	high_directional_coverage	"黑雲翻墨未遮山，白雨跳珠亂入船。
卷地風來忽吹散，望湖樓下水如天。
蘇軾‧《六月二十七日望湖樓醉書》

銀燭秋光冷畫屏，輕羅小扇撲流螢。
天階夜色涼如水，臥看牽牛織女星。
杜牧 秋夕"	"銀
燭
秋
光
冷
畫
屏
輕
羅
小
扇
撲
流
螢
天
階
夜
色
涼
如
水
臥
看
牽
牛
織
女
星
杜牧七夕
庚子七夕前一日
沐清"	/mnt/Suran_database/Users/thanhthanh_workspace/Project/NLP_K35/xlnntn_hp2_friend/data/mrDuc_data/Images/UzpfSTEwMDAwMDAxMzMyMjE5ODpWSzoyNzc5MzgyNDg5NjkyNjI2MA==_0.jpg
/images/UzpfSTEwMDAwMDAxMzMyMjE5ODpWSzoyNzc4MTI3NTUwMTUxNDUzMw==_2.jpg	0.591441	combined_score_above_threshold	"玉殿千官拜冕旒，紫衣京兆在前頭。
四時盛德初臨木，先日嚴寒已送牛。
氣轉蒼龍當法駕，風回明庶動宸遊。
聖王和令思行慶，次第頒布下九州。
文徵明 行書進春進賀七律詩"	"送牛氣轉蒼龍當運
駕風回明庶動宸游聖
王和令思行慶次第
頒恩下九州
海明以書春賀七律
庚子年春吉日沐渭"	/mnt/Suran_database/Users/thanhthanh_workspace/Project/NLP_K35/xlnntn_hp2_friend/data/mrDuc_data/Images/UzpfSTEwMDAwMDAxMzMyMjE5ODpWSzoyNzc4MTI3NTUwMTUxNDUzMw==_2.jpg
/images/UzpfSTEwMDAwMDM2OTIxMDcyNTpWSzoyNzc3NTcxNzY5NTQwMzY0Nw==_0.jpg	0.912088	high_directional_coverage	閒窗聽雨攤書卷，玀樹看雲上嘯臺。今天的練習01	"閒窗聽雨攤書卷
獨樹看雲上嘯臺"	/mnt/Suran_database/Users/thanhthanh_workspace/Project/NLP_K35/xlnntn_hp2_friend/data/mrDuc_data/Images/UzpfSTEwMDAwMDM2OTIxMDcyNTpWSzoyNzc3NTcxNzY5NTQwMzY0Nw==_0.jpg
/images/UzpfSTEwMDAwNjk5OTg0Mzk5MjpWSzoyNzc4MTg4MzUzMTQ1MzczMA==_0.jpg	0.642037	combined_score_above_threshold	"書友早安愉悅😃
習字塗鴉 分享🙏
王冕〈墨梅〉
我家洗硯池頭樹，朵朵花開淡墨痕。
不要人誇顏色好，只留清氣滿乾坤！
✍️於:烘爐茶壺"	"我家洗硯池邊樹朵朵
花開淡墨痕不要人誇好顏
色只留清氣滿乾坤
王冕墨梅詩丙申夏楊昭書"	/mnt/Suran_database/Users/thanhthanh_workspace/Project/NLP_K35/xlnntn_hp2_friend/data/mrDuc_data/Images/UzpfSTEwMDAwNjk5OTg0Mzk5MjpWSzoyNzc4MTg4MzUzMTQ1MzczMA==_0.jpg
/images/UzpfSTEwMDAwMDM0MDE0MDI3NjpWSzoyNzc4NDQ1NjYxMTE5NjQyMg==_0.jpg	0.669058	high_directional_coverage	"戲贈崔千牛
朝代：唐代
作者：劉禹錫
同類型的詩文：暫無標籤

原文

學道深山許老人，留名萬代不關身。
勸君多買長安酒，南陌東城占取春。

譯文

暫無譯文

資料來源：漢語網"	"《戲贈崔千牛》
劉禹錫
唐代
學道深山許老人
留名萬代不關身
勸君多買長安酒
南陌東城占取春
丙午七月初四方柏棟"	/mnt/Suran_database/Users/thanhthanh_workspace/Project/NLP_K35/xlnntn_hp2_friend/data/mrDuc_data/Images/UzpfSTEwMDAwMDM0MDE0MDI3NjpWSzoyNzc4NDQ1NjYxMTE5NjQyMg==_0.jpg
/images/UzpfSTEwMDAwMDAxMzMyMjE5ODpWSzoyNzc1NjI4MzYzNDAxMzcyMA==_0.jpg	0.589941	combined_score_above_threshold	"王安石 書湖陰先生壁 二首
茅檐長掃淨無苔，花木成畦手自栽。
一水護田將綠繞，兩山排闥送青來。其一👈

桑條索漠楝花繁，風斂餘香暗度垣。
黃鳥數聲殘午夢，尚疑身屬半山園。其二👉"	"茅檐長掃淨無苔
花木成畦手自栽一
水護田將綠繞兩山
排闥送青來
王安石書湖陰先生壁
辛丑冬月書
沐清"	/mnt/Suran_database/Users/thanhthanh_workspace/Project/NLP_K35/xlnntn_hp2_friend/data/mrDuc_data/Images/UzpfSTEwMDAwMDAxMzMyMjE5ODpWSzoyNzc1NjI4MzYzNDAxMzcyMA==_0.jpg
/images/UzpfSTEwMDAwMDM2OTIxMDcyNTpWSzoyNzc2NTEzMDYzMzEyOTAyMA==_0.jpg	1.0	one_text_contains_the_other	渾金璞玉。今天的練習02	"渾
金
璞
玉"	/mnt/Suran_database/Users/thanhthanh_workspace/Project/NLP_K35/xlnntn_hp2_friend/data/mrDuc_data/Images/UzpfSTEwMDAwMDM2OTIxMDcyNTpWSzoyNzc2NTEzMDYzMzEyOTAyMA==_0.jpg
/images/UzpfSTYxNTUzOTIxNjgxMDE1OlZLOjI3Nzc2MzQyNzMyMDA3ODEw_0.jpg	0.331679	one_text_contains_the_other	元稹  菊花	"秋叢繞舍似陶家
遍繞籬邊日漸斜
不是花中偏愛菊
此花開盡更無花
秋叢繞舍似陶家遍繞籬邊日
漸斜
不是花中偏愛菊此花
開盡更無花
元稹菊花
丙申秋
學松"	/mnt/Suran_database/Users/thanhthanh_workspace/Project/NLP_K35/xlnntn_hp2_friend/data/mrDuc_data/Images/UzpfSTYxNTUzOTIxNjgxMDE1OlZLOjI3Nzc2MzQyNzMyMDA3ODEw_0.jpg
/images/UzpfSTEwMDAwMDM2OTIxMDcyNTpWSzoyNzc2NTEyNjg0NjQ2MjczMg==_0.jpg	0.847493	high_directional_coverage	雁響遙天玉漏清，小紗窗外月朧明。翠帷金鴨炷香平。何處不歸音信斷？良宵空使夢魂驚，簟涼枕冷不勝情。今天的練習01	"雁響遙天玉漏清小紗窗外月朧明翠帷金鴨
香冷屏何處不歸音信斷良宵空使夢魂
驚簟涼枕冷不勝情
五代詞人顧夐浣溪沙
丙午之秋"	/mnt/Suran_database/Users/thanhthanh_workspace/Project/NLP_K35/xlnntn_hp2_friend/data/mrDuc_data/Images/UzpfSTEwMDAwMDM2OTIxMDcyNTpWSzoyNzc2NTEyNjg0NjQ2MjczMg==_0.jpg
/images/UzpfSTEwMDAwMDM0MDE0MDI3NjpWSzoyNzc2MzUzNTEzNjYyMTkwMw==_0.jpg	0.684417	combined_score_above_threshold	"唐.杜甫《夢李白》詩
落月滿屋梁，猶疑照顏色。
資料來源：漢語網"	"唐杜甫《夢李白》詩
落月滿屋梁
猶疑照顏色
丙午七月初二方柏搏"	/mnt/Suran_database/Users/thanhthanh_workspace/Project/NLP_K35/xlnntn_hp2_friend/data/mrDuc_data/Images/UzpfSTEwMDAwMDM0MDE0MDI3NjpWSzoyNzc2MzUzNTEzNjYyMTkwMw==_0.jpg
/images/UzpfSTEwMDAwMDM2OTIxMDcyNTpWSzoyNzc2NTEzNDgzNjQ2MTkzMw==_0.jpg	0.65037	high_directional_coverage	月淡風和畫閣深，露桃煙柳影相侵，斂眉凝緒夜沉沉。長有夢魂迷別浦，豈無春病入離心，少年何處戀虛襟。今天的練習03	"月淡風和画閣深露桃煙柳影相
侵斂眉特地恨沉々長有夢魂迷
別浦豈無書病入離心少得眠獨
意雲襟
五代詞人孫光憲浣溪沙丙午秋"	/mnt/Suran_database/Users/thanhthanh_workspace/Project/NLP_K35/xlnntn_hp2_friend/data/mrDuc_data/Images/UzpfSTEwMDAwMDM2OTIxMDcyNTpWSzoyNzc2NTEzNDgzNjQ2MTkzMw==_0.jpg
/images/UzpfSTEwMDAwMDAxMzMyMjE5ODpWSzoyNzc1NjEwNTc3NDAzMTUwNg==_1.jpg	0.656977	one_text_contains_the_other	"鳳凰臺上鳳凰遊，鳳去臺空江自留。
吳宮花草埋幽徑，晉代衣冠成古丘。
三山半落青天外，二水中分白鷺洲。
總為浮雲能蔽日，長安不見使人愁。
李白 登金陵鳳凰台"	"冠
成
古
丘
三
山
半
落
青
天
外
二
水
中
分
白
鷺
洲
總
為
浮
雲
能
蔽"	/mnt/Suran_database/Users/thanhthanh_workspace/Project/NLP_K35/xlnntn_hp2_friend/data/mrDuc_data/Images/UzpfSTEwMDAwMDAxMzMyMjE5ODpWSzoyNzc1NjEwNTc3NDAzMTUwNg==_1.jpg
/images/UzpfSTEwMDAwMDAxMzMyMjE5ODpWSzoyNzc1NjEwNTc3NDAzMTUwNg==_0.jpg	0.592539	combined_score_above_threshold	"鳳凰臺上鳳凰遊，鳳去臺空江自留。
吳宮花草埋幽徑，晉代衣冠成古丘。
三山半落青天外，二水中分白鷺洲。
總為浮雲能蔽日，長安不見使人愁。
李白 登金陵鳳凰台"	"鳳
凰
臺
上
鳳
凰
游
鳳
去
臺
空
江
自
流
吳
宮
花
草
埋
幽
徑
晉
代
衣"	/mnt/Suran_database/Users/thanhthanh_workspace/Project/NLP_K35/xlnntn_hp2_friend/data/mrDuc_data/Images/UzpfSTEwMDAwMDAxMzMyMjE5ODpWSzoyNzc1NjEwNTc3NDAzMTUwNg==_0.jpg
/images/UzpfSTEwMDAwMDAxMzMyMjE5ODpWSzoyNzc1NjEwNTc3NDAzMTUwNg==_4.jpg	0.656977	one_text_contains_the_other	"鳳凰臺上鳳凰遊，鳳去臺空江自留。
吳宮花草埋幽徑，晉代衣冠成古丘。
三山半落青天外，二水中分白鷺洲。
總為浮雲能蔽日，長安不見使人愁。
李白 登金陵鳳凰台"	"冠
成
古
丘
三
山
半
落
青
天
外
二
水
中
分
白
鷺
洲
總
為
浮
雲
能
蔽"	/mnt/Suran_database/Users/thanhthanh_workspace/Project/NLP_K35/xlnntn_hp2_friend/data/mrDuc_data/Images/UzpfSTEwMDAwMDAxMzMyMjE5ODpWSzoyNzc1NjEwNTc3NDAzMTUwNg==_4.jpg
/images/UzpfSTEwMDAwMDM2OTIxMDcyNTpWSzoyNzc1MjQ0MDMwNzczMTM4Ng==_0.jpg	0.667781	high_directional_coverage	葉墜空階折早秋，細煙輕霧鎖妝樓，寸心雙淚慘嬌羞。風月但牽魂夢苦，歲華偏感別離愁，恨和相憶兩難酬。今天的練習03	"葉墮空階折早秋細雨輕鎖妝
樓寸心雙淚慘嬌羞風月但牽魂
夢苦平生偏感別離愁恨怕相逢
浣溪沙
五代詞人孫光憲浣溪
丙午之秋"	/mnt/Suran_database/Users/thanhthanh_workspace/Project/NLP_K35/xlnntn_hp2_friend/data/mrDuc_data/Images/UzpfSTEwMDAwMDM2OTIxMDcyNTpWSzoyNzc1MjQ0MDMwNzczMTM4Ng==_0.jpg
/images/UzpfSTEwMDAwMDM2OTIxMDcyNTpWSzoyNzc1MjQzNDc4NzczMTkzOA==_0.jpg	1.0	one_text_contains_the_other	一葉知秋。今天的練習02	一葉知秋	/mnt/Suran_database/Users/thanhthanh_workspace/Project/NLP_K35/xlnntn_hp2_friend/data/mrDuc_data/Images/UzpfSTEwMDAwMDM2OTIxMDcyNTpWSzoyNzc1MjQzNDc4NzczMTkzOA==_0.jpg
/images/UzpfSTYxNTczOTk5Nzk4MzcwOlZLOjI3NzU3NTkwMzEzODgzMDUy_0.jpg	0.872672	high_directional_coverage	"唐 元稹〈離思〉

曾經滄海難為水，
除卻巫山不是雲。
取次花叢懶回顧，
半緣修道半緣君。"	"曾經滄海難為水除卻巫山不
是雲取次花叢懶回顧半緣
修道半緣君
唐元稹詩
和書"	/mnt/Suran_database/Users/thanhthanh_workspace/Project/NLP_K35/xlnntn_hp2_friend/data/mrDuc_data/Images/UzpfSTYxNTczOTk5Nzk4MzcwOlZLOjI3NzU3NTkwMzEzODgzMDUy_0.jpg
/images/UzpfSTEwMDAwMTQyMzg2MTA2MzpWSzoyNzc1OTA0NDk4MzczNzU4NQ==_0.jpg	0.624917	combined_score_above_threshold	"終是莊周夢了蝶，你是恩賜也是劫。
終是李白醉了酒，你是孤獨也是愁。
終是荊軻刺了秦，一代君王一世民。
終是妲己禍了國，萬里江山似蹉跎。
終是玉環停了曲，無人再懂琵琶語。
終是韓信放下槍，你是宿命也是傷。
終是悟空成了佛，你一墮落便成魔。
終是霸王別了姬，棄了江山負了你。
終是后羿斷了箭，此生註定難相見。
#書法 #硬筆書法 #手寫 #見字如面 #行書"	"终是庄周梦了蝶
你是恩赐也是劫
终是李白醉了酒
你是孤独也是愁
终是荆轲刺了秦
一代君王一世民
终是妲己祸了国
万里江山似蝼蚁
终是玉环停了曲
无一再懂琵琶语
终是韩信收了枪
你是宿命也是伤
终是情关成了佛
你一堕落便是魔
终是霸王别了姬
弃了江山亦是妳
终是后羿断了箭
此生注定难相见"	/mnt/Suran_database/Users/thanhthanh_workspace/Project/NLP_K35/xlnntn_hp2_friend/data/mrDuc_data/Images/UzpfSTEwMDAwMTQyMzg2MTA2MzpWSzoyNzc1OTA0NDk4MzczNzU4NQ==_0.jpg
/images/UzpfSTEwMDAwMDM2OTIxMDcyNTpWSzoyNzc1MjQzMTUxNzczMjI2NQ==_0.jpg	0.89697	high_directional_coverage	結挈願同金石，親賢如對芝蘭。今天的練習01	"結契願同金石
親賢如對芝蘭"	/mnt/Suran_database/Users/thanhthanh_workspace/Project/NLP_K35/xlnntn_hp2_friend/data/mrDuc_data/Images/UzpfSTEwMDAwMDM2OTIxMDcyNTpWSzoyNzc1MjQzMTUxNzczMjI2NQ==_0.jpg
/images/UzpfSTEwMDAwMDAxMzMyMjE5ODpWSzoyNzc1MTQ4MTM1NzgyNzI4MQ==_2.jpg	0.742742	high_directional_coverage	"晚年唯好靜，萬事不關心。
自顧無長策，空知返舊林。
松風吹解帶，山月照彈琴。
君問窮通理，漁歌入浦深。
王維 酬張少府"	"返舊林松風
吹解帶山月
照彈琴君問
窮通理漁歌
入浦深
王維酬張少府
庚子秋日
沐清"	/mnt/Suran_database/Users/thanhthanh_workspace/Project/NLP_K35/xlnntn_hp2_friend/data/mrDuc_data/Images/UzpfSTEwMDAwMDAxMzMyMjE5ODpWSzoyNzc1MTQ4MTM1NzgyNzI4MQ==_2.jpg
/images/UzpfSTEwMDAwMDAxMzMyMjE5ODpWSzoyNzc1MTQ4MTM1NzgyNzI4MQ==_0.jpg	0.826735	high_directional_coverage	"晚年唯好靜，萬事不關心。
自顧無長策，空知返舊林。
松風吹解帶，山月照彈琴。
君問窮通理，漁歌入浦深。
王維 酬張少府"	"晚年惟好靜
萬事不關心自
顧無長策空知
返舊林松風
吹解帶山月
照彈琴王維"	/mnt/Suran_database/Users/thanhthanh_workspace/Project/NLP_K35/xlnntn_hp2_friend/data/mrDuc_data/Images/UzpfSTEwMDAwMDAxMzMyMjE5ODpWSzoyNzc1MTQ4MTM1NzgyNzI4MQ==_0.jpg
/images/UzpfSTEwMDAwMDM2OTIxMDcyNTpWSzoyNzcxMjUxNTc0MTcyMzg0Mw==_0.jpg	0.793939	high_directional_coverage	百般非我獨有，一善是人當行。今天的練習01	"百
般
非
我
獨
賢
一
善
是
吾
當
行"	/mnt/Suran_database/Users/thanhthanh_workspace/Project/NLP_K35/xlnntn_hp2_friend/data/mrDuc_data/Images/UzpfSTEwMDAwMDM2OTIxMDcyNTpWSzoyNzcxMjUxNTc0MTcyMzg0Mw==_0.jpg
/images/UzpfSTEwMDAwMDM0MDE0MDI3NjpWSzoyNzc1MTE1NDMxNDUyNjY1Mg==_0.jpg	0.754435	high_directional_coverage	"清·蒲松齡《聊齋志異·封三娘》：“造言生事者，蜚短流長，所不堪受。” 
資料來源：漢語網"	"丙午七月初一
清蒲松齡《聊齋志異·封三娘》
造言生事者
蜚短流長
所不堪受
方柏棟"	/mnt/Suran_database/Users/thanhthanh_workspace/Project/NLP_K35/xlnntn_hp2_friend/data/mrDuc_data/Images/UzpfSTEwMDAwMDM0MDE0MDI3NjpWSzoyNzc1MTE1NDMxNDUyNjY1Mg==_0.jpg
/images/UzpfSTEwMDAwMDg3OTY0NjE5MDpWSzoyNzc1MDE4Mjk5Nzk1NzExNw==_0.jpg	0.605	combined_score_above_threshold	"1150813江湖要懂笑看輸贏
34x34cm"	"江
湖
要
懂
人生何必叹
得意常开
丙午秋月
游學文
笑
看
輸
贏"	/mnt/Suran_database/Users/thanhthanh_workspace/Project/NLP_K35/xlnntn_hp2_friend/data/mrDuc_data/Images/UzpfSTEwMDAwMDg3OTY0NjE5MDpWSzoyNzc1MDE4Mjk5Nzk1NzExNw==_0.jpg
/images/UzpfSTY3MTc0OTU2NDpWSzoyNzc0Mzg5Mjk0NTI1Mjc4OQ==_5.jpg	0.263159	one_text_contains_the_other	"#金文 #青銅器拓片釋義 #函皇父盤 #不僅書法

函皇父盤（《殷周金文集成》10164）
「函皇父盤」西周晚期，1933年出土於扶風縣法門鎮上康村銅器窖藏，現藏陝西歷史博物館；口徑38.2公分，高11.5公分，窄沿方唇，淺腹，附耳，圈足，下沿有邊圈，口下飾大小相間的重環紋。內底鑄銘文5行39字。

銘文：
圅（函）皇父乍（作）琱（周）㜏般（盤）/盉尊器，鼎簋一具，自/豕鼎降十又一、簋八，/兩罍、兩壺，琱（周）㜏其/邁（萬）年子子孫孫永寶用。
************************************************
*附：于右任先生舊藏有岐山出土《函皇父鼎》諸器全形拓六紙。悉數由陝西歷史博物館匭藏。于老於民國廿九年（1940）曾延請馬衡、郭沫若、傅斯年三位近代史學家作過考釋，在皇父鼎盤簋等拓本上皆留有三位元大家的題跋文字。
其第二紙即函皇父盤，中間為「函皇父盤銘文」，５行39 字（重文2字），其左側是郭沫若對銘文的識讀，旁為題跋及鈐印：右函皇父盤銘，計共三十九字。皇父諸器中，以此銘最為完具，銘中盤居首位，大率以此為主器也。琱，函皇父匜作周，▲即㜏字，亦即妘字，王國維謂即《小雅· 十月之交》之豔妻，皇父之女，周厲之妻也。民國二十九年元月十二日晨，沫若拜識。朱紅鈐印「郭沫若」。左側右側為馬衡題跋，右下角為于右任題跋。
*********************************************
附：張俠臨「函皇父盤」
***********************************************
*仔細觀察下，才發現原來「罍」字，早在先前的「函皇父鼎」中，已有「金」字部首（在四個田字中左）。"	函皇父盤	/mnt/Suran_database/Users/thanhthanh_workspace/Project/NLP_K35/xlnntn_hp2_friend/data/mrDuc_data/Images/UzpfSTY3MTc0OTU2NDpWSzoyNzc0Mzg5Mjk0NTI1Mjc4OQ==_5.jpg
/images/UzpfSTY3MTc0OTU2NDpWSzoyNzc0Mzg5Mjk0NTI1Mjc4OQ==_9.jpg	0.263159	one_text_contains_the_other	"#金文 #青銅器拓片釋義 #函皇父盤 #不僅書法

函皇父盤（《殷周金文集成》10164）
「函皇父盤」西周晚期，1933年出土於扶風縣法門鎮上康村銅器窖藏，現藏陝西歷史博物館；口徑38.2公分，高11.5公分，窄沿方唇，淺腹，附耳，圈足，下沿有邊圈，口下飾大小相間的重環紋。內底鑄銘文5行39字。

銘文：
圅（函）皇父乍（作）琱（周）㜏般（盤）/盉尊器，鼎簋一具，自/豕鼎降十又一、簋八，/兩罍、兩壺，琱（周）㜏其/邁（萬）年子子孫孫永寶用。
************************************************
*附：于右任先生舊藏有岐山出土《函皇父鼎》諸器全形拓六紙。悉數由陝西歷史博物館匭藏。于老於民國廿九年（1940）曾延請馬衡、郭沫若、傅斯年三位近代史學家作過考釋，在皇父鼎盤簋等拓本上皆留有三位元大家的題跋文字。
其第二紙即函皇父盤，中間為「函皇父盤銘文」，５行39 字（重文2字），其左側是郭沫若對銘文的識讀，旁為題跋及鈐印：右函皇父盤銘，計共三十九字。皇父諸器中，以此銘最為完具，銘中盤居首位，大率以此為主器也。琱，函皇父匜作周，▲即㜏字，亦即妘字，王國維謂即《小雅· 十月之交》之豔妻，皇父之女，周厲之妻也。民國二十九年元月十二日晨，沫若拜識。朱紅鈐印「郭沫若」。左側右側為馬衡題跋，右下角為于右任題跋。
*********************************************
附：張俠臨「函皇父盤」
***********************************************
*仔細觀察下，才發現原來「罍」字，早在先前的「函皇父鼎」中，已有「金」字部首（在四個田字中左）。"	函皇父盤	/mnt/Suran_database/Users/thanhthanh_workspace/Project/NLP_K35/xlnntn_hp2_friend/data/mrDuc_data/Images/UzpfSTY3MTc0OTU2NDpWSzoyNzc0Mzg5Mjk0NTI1Mjc4OQ==_9.jpg
/images/UzpfSTY3MTc0OTU2NDpWSzoyNzc0Mzg5Mjk0NTI1Mjc4OQ==_1.jpg	0.263159	one_text_contains_the_other	"#金文 #青銅器拓片釋義 #函皇父盤 #不僅書法

函皇父盤（《殷周金文集成》10164）
「函皇父盤」西周晚期，1933年出土於扶風縣法門鎮上康村銅器窖藏，現藏陝西歷史博物館；口徑38.2公分，高11.5公分，窄沿方唇，淺腹，附耳，圈足，下沿有邊圈，口下飾大小相間的重環紋。內底鑄銘文5行39字。

銘文：
圅（函）皇父乍（作）琱（周）㜏般（盤）/盉尊器，鼎簋一具，自/豕鼎降十又一、簋八，/兩罍、兩壺，琱（周）㜏其/邁（萬）年子子孫孫永寶用。
************************************************
*附：于右任先生舊藏有岐山出土《函皇父鼎》諸器全形拓六紙。悉數由陝西歷史博物館匭藏。于老於民國廿九年（1940）曾延請馬衡、郭沫若、傅斯年三位近代史學家作過考釋，在皇父鼎盤簋等拓本上皆留有三位元大家的題跋文字。
其第二紙即函皇父盤，中間為「函皇父盤銘文」，５行39 字（重文2字），其左側是郭沫若對銘文的識讀，旁為題跋及鈐印：右函皇父盤銘，計共三十九字。皇父諸器中，以此銘最為完具，銘中盤居首位，大率以此為主器也。琱，函皇父匜作周，▲即㜏字，亦即妘字，王國維謂即《小雅· 十月之交》之豔妻，皇父之女，周厲之妻也。民國二十九年元月十二日晨，沫若拜識。朱紅鈐印「郭沫若」。左側右側為馬衡題跋，右下角為于右任題跋。
*********************************************
附：張俠臨「函皇父盤」
***********************************************
*仔細觀察下，才發現原來「罍」字，早在先前的「函皇父鼎」中，已有「金」字部首（在四個田字中左）。"	函皇父盤	/mnt/Suran_database/Users/thanhthanh_workspace/Project/NLP_K35/xlnntn_hp2_friend/data/mrDuc_data/Images/UzpfSTY3MTc0OTU2NDpWSzoyNzc0Mzg5Mjk0NTI1Mjc4OQ==_1.jpg
/images/UzpfSTY3MTc0OTU2NDpWSzoyNzc0Mzg5Mjk0NTI1Mjc4OQ==_0.jpg	0.263159	one_text_contains_the_other	"#金文 #青銅器拓片釋義 #函皇父盤 #不僅書法

函皇父盤（《殷周金文集成》10164）
「函皇父盤」西周晚期，1933年出土於扶風縣法門鎮上康村銅器窖藏，現藏陝西歷史博物館；口徑38.2公分，高11.5公分，窄沿方唇，淺腹，附耳，圈足，下沿有邊圈，口下飾大小相間的重環紋。內底鑄銘文5行39字。

銘文：
圅（函）皇父乍（作）琱（周）㜏般（盤）/盉尊器，鼎簋一具，自/豕鼎降十又一、簋八，/兩罍、兩壺，琱（周）㜏其/邁（萬）年子子孫孫永寶用。
************************************************
*附：于右任先生舊藏有岐山出土《函皇父鼎》諸器全形拓六紙。悉數由陝西歷史博物館匭藏。于老於民國廿九年（1940）曾延請馬衡、郭沫若、傅斯年三位近代史學家作過考釋，在皇父鼎盤簋等拓本上皆留有三位元大家的題跋文字。
其第二紙即函皇父盤，中間為「函皇父盤銘文」，５行39 字（重文2字），其左側是郭沫若對銘文的識讀，旁為題跋及鈐印：右函皇父盤銘，計共三十九字。皇父諸器中，以此銘最為完具，銘中盤居首位，大率以此為主器也。琱，函皇父匜作周，▲即㜏字，亦即妘字，王國維謂即《小雅· 十月之交》之豔妻，皇父之女，周厲之妻也。民國二十九年元月十二日晨，沫若拜識。朱紅鈐印「郭沫若」。左側右側為馬衡題跋，右下角為于右任題跋。
*********************************************
附：張俠臨「函皇父盤」
***********************************************
*仔細觀察下，才發現原來「罍」字，早在先前的「函皇父鼎」中，已有「金」字部首（在四個田字中左）。"	函皇父盤	/mnt/Suran_database/Users/thanhthanh_workspace/Project/NLP_K35/xlnntn_hp2_friend/data/mrDuc_data/Images/UzpfSTY3MTc0OTU2NDpWSzoyNzc0Mzg5Mjk0NTI1Mjc4OQ==_0.jpg
/images/UzpfSTEwMDAwMDM2NjMwMzY2NTpWSzoyNzc0OTgxOTA5Nzk5MzUwNw==_0.jpg	0.86244	high_directional_coverage	"2026-08-13週三
一剪梅·舟過吳江 宋 蔣捷
一片春愁待酒澆。江上舟
搖，樓上簾招。秋娘渡與泰
娘橋，風又飄飄，雨又蕭蕭。
何日歸家洗客袍？銀字笙
調，心字香燒。流光容易把
人拋，紅了櫻桃，綠了芭蕉。"	"一
片
春
愁
待
酒
澆
江
上
舟
搖
樓
上
簾
招
秋
娘
渡
與
泰
娘
橋
風
又
飄
飄
雨
又
蕭
蕭
何
日
歸
家
洗
客
袍
銀
字
笙
調
心
字
香
燒
流
光
容
易
把
人
拋
紅
了
櫻
桃
綠
了
蕉
一
剪
梅
·
舟
過
吳
江
宋
蔣
捷
丙
午
秋
楚
黎
書"	/mnt/Suran_database/Users/thanhthanh_workspace/Project/NLP_K35/xlnntn_hp2_friend/data/mrDuc_data/Images/UzpfSTEwMDAwMDM2NjMwMzY2NTpWSzoyNzc0OTgxOTA5Nzk5MzUwNw==_0.jpg
/images/UzpfSTEwMDAwMDAxMzMyMjE5ODpWSzoyNzc0Mzc0MTE1ODYwMTMwMQ==_3.jpg	0.872691	high_directional_coverage	"銀燭秋光冷畫屏，輕羅小扇撲流螢。
天階夜色涼如水，臥看牽牛織女星。
杜牧 七夕👈"	"銀
燭
秋
光
冷
畫
屏
輕
羅
小
扇
撲
流
螢
天
階
夜
色
涼
如
水
臥
看
牽
牛
織
女
星
杜牧
秋夕
庚子
立秋後
三日
沐渭"	/mnt/Suran_database/Users/thanhthanh_workspace/Project/NLP_K35/xlnntn_hp2_friend/data/mrDuc_data/Images/UzpfSTEwMDAwMDAxMzMyMjE5ODpWSzoyNzc0Mzc0MTE1ODYwMTMwMQ==_3.jpg
/images/UzpfSTYxNTUzOTIxNjgxMDE1OlZLOjI3NzM4OTMyOTcyNDE1NDUz_0.jpg	0.403627	one_text_contains_the_other	杜甫 江南逢李龜年￼	"岐王宅裏尋常見
崔九堂前幾度聞
正是江南好風景
落花時節又逢君
岐王宅裏尋常見
崔九堂前幾
度聞
正是江南好風景
落花
時
節又逢君
杜甫江南逢李龜年
李秋學松"	/mnt/Suran_database/Users/thanhthanh_workspace/Project/NLP_K35/xlnntn_hp2_friend/data/mrDuc_data/Images/UzpfSTYxNTUzOTIxNjgxMDE1OlZLOjI3NzM4OTMyOTcyNDE1NDUz_0.jpg
/images/UzpfSTEwMDAwMDAxMzMyMjE5ODpWSzoyNzc0Mzc0MTE1ODYwMTMwMQ==_1.jpg	0.851026	high_directional_coverage	"銀燭秋光冷畫屏，輕羅小扇撲流螢。
天階夜色涼如水，臥看牽牛織女星。
杜牧 七夕👈"	"銀燭秋光冷畫屏
輕羅小扇撲流螢
天階夜色涼如水
臥看牽牛織女星
冰渭
三日
立秋後
丙子
秋夕
杜牧"	/mnt/Suran_database/Users/thanhthanh_workspace/Project/NLP_K35/xlnntn_hp2_friend/data/mrDuc_data/Images/UzpfSTEwMDAwMDAxMzMyMjE5ODpWSzoyNzc0Mzc0MTE1ODYwMTMwMQ==_1.jpg
/images/UzpfSTEwMDAwMDg3OTY0NjE5MDpWSzoyNzczODM1MDI2NTgwNzA1Nw==_0.jpg	0.685999	high_directional_coverage	"1150812
半世浮沉夢幾時故人重相逢
一壺春酒暖何妨策馬且看花
23x60cmx2"	"半世浮沉夢幾時
故人重相逢
聚散隨緣
一咲看萍
策馬且朝蒼
一壺春酒暖何妨
淇興書
丙申秋月"	/mnt/Suran_database/Users/thanhthanh_workspace/Project/NLP_K35/xlnntn_hp2_friend/data/mrDuc_data/Images/UzpfSTEwMDAwMDg3OTY0NjE5MDpWSzoyNzczODM1MDI2NTgwNzA1Nw==_0.jpg
/images/UzpfSTEwMDAwMDY5MDI2MjM3MTpWSzoyNzcwOTc4ODM0MTk5NjU4Mw==_0.jpg	0.51	one_text_contains_the_other	"一件事很重要要說三遍
‘’安然居住‘’說了 九遍！

#聖經 #耶和華 #掌權 #救恩 #保護"	"安
然
居
住"	/mnt/Suran_database/Users/thanhthanh_workspace/Project/NLP_K35/xlnntn_hp2_friend/data/mrDuc_data/Images/UzpfSTEwMDAwMDY5MDI2MjM3MTpWSzoyNzcwOTc4ODM0MTk5NjU4Mw==_0.jpg
/images/UzpfSTEwMDAwMDAxMzMyMjE5ODpWSzoyNzcyNTcwNDIyMDQwNDk5NQ==_0.jpg	0.607878	one_text_contains_the_other	"李白 月下獨酌 #標心隸意😄
花間一壺酒，獨酌無相親。
舉杯邀明月，對影成三人。
月既不解飲，影徒隨我身。
暫伴月將影，行樂須及春。
我歌月徘徊，我舞影零亂。
醒時同交歡，醉後各分散。
永結無情遊，相期邈雲漢。"	"花
間
一
壺
酒
獨
酌
無
相
親
舉
杯
邀
明
月
對
影
成
三
人
月
既
不
解"	/mnt/Suran_database/Users/thanhthanh_workspace/Project/NLP_K35/xlnntn_hp2_friend/data/mrDuc_data/Images/UzpfSTEwMDAwMDAxMzMyMjE5ODpWSzoyNzcyNTcwNDIyMDQwNDk5NQ==_0.jpg
/images/UzpfSTEwMDAxMjE0MzgyODk2OTpWSzoyNzczNjg2OTczNTk1NTExMA==_7.jpg	0.600199	combined_score_above_threshold	"李白 將進酒 行書毛筆字帖

君不見黃河之水天上來，奔流到海不復回。
君不見高堂明鏡悲白髮，朝如青絲暮成雪。
人生得意須盡歡，莫使金樽空對月。
天生我材必有用，千金散盡還復來。
烹羊宰牛且為樂，會須一飲三百杯。
岑夫子，丹丘生，將進酒，杯莫停。
與君歌一曲，請君為我傾耳聽。
鐘鼓饌玉不足貴，但願長醉不復醒。
古來聖賢皆寂寞，惟有飲者留其名。
陳王昔時宴平樂，斗酒十千恣歡謔。
主人何為言少錢，徑須沽取對君酌。
五花馬，千金裘，呼兒將出換美酒，
與爾同銷萬古愁。"	"將進酒
君
不
見
黃
河
之
水
天
上
流
到
海
不
復
迴
君
不
見
高
堂
明
鏡
悲
白
髮
朝
如
青
絲
暮
成
雪
人
生
得
意
須
盡
歡
莫
使
金
尊
空
對
月
生
我
材
必
有
散
盡
還
復
來
烹
羊
宰
又
三
百
杯"	/mnt/Suran_database/Users/thanhthanh_workspace/Project/NLP_K35/xlnntn_hp2_friend/data/mrDuc_data/Images/UzpfSTEwMDAxMjE0MzgyODk2OTpWSzoyNzczNjg2OTczNTk1NTExMA==_7.jpg
/images/UzpfSTEwMDAwMDM2OTIxMDcyNTpWSzoyNzczNjc4MzkyNTk2MzY5MQ==_0.jpg	1.0	one_text_contains_the_other	滄海一粟。今天的練習02	"滄
海
一
粟"	/mnt/Suran_database/Users/thanhthanh_workspace/Project/NLP_K35/xlnntn_hp2_friend/data/mrDuc_data/Images/UzpfSTEwMDAwMDM2OTIxMDcyNTpWSzoyNzczNjc4MzkyNTk2MzY5MQ==_0.jpg
/images/UzpfSTEwMDAwMDAxMzMyMjE5ODpWSzoyNzcyNTcwNDIyMDQwNDk5NQ==_3.jpg	0.607878	one_text_contains_the_other	"李白 月下獨酌 #標心隸意😄
花間一壺酒，獨酌無相親。
舉杯邀明月，對影成三人。
月既不解飲，影徒隨我身。
暫伴月將影，行樂須及春。
我歌月徘徊，我舞影零亂。
醒時同交歡，醉後各分散。
永結無情遊，相期邈雲漢。"	"飲
影
徒
隨
我
身
暫
伴
月
將
影
行
樂
須
及
春
我
歌
月
徘
徊
我
舞
影"	/mnt/Suran_database/Users/thanhthanh_workspace/Project/NLP_K35/xlnntn_hp2_friend/data/mrDuc_data/Images/UzpfSTEwMDAwMDAxMzMyMjE5ODpWSzoyNzcyNTcwNDIyMDQwNDk5NQ==_3.jpg
/images/UzpfSTEwMDAxMjE0MzgyODk2OTpWSzoyNzczNjg2OTczNTk1NTExMA==_9.jpg	0.584798	combined_score_above_threshold	"李白 將進酒 行書毛筆字帖

君不見黃河之水天上來，奔流到海不復回。
君不見高堂明鏡悲白髮，朝如青絲暮成雪。
人生得意須盡歡，莫使金樽空對月。
天生我材必有用，千金散盡還復來。
烹羊宰牛且為樂，會須一飲三百杯。
岑夫子，丹丘生，將進酒，杯莫停。
與君歌一曲，請君為我傾耳聽。
鐘鼓饌玉不足貴，但願長醉不復醒。
古來聖賢皆寂寞，惟有飲者留其名。
陳王昔時宴平樂，斗酒十千恣歡謔。
主人何為言少錢，徑須沽取對君酌。
五花馬，千金裘，呼兒將出換美酒，
與爾同銷萬古愁。"	"海
不
鏡
悲
白
髮
朝
雪
人
生
得
意
須
盡
歡
尊
空
對
月
天
生
我
材
必
有
千
金
散
盡
還
復
來
烹
羊
宰
牛
且
爲
樂
會
須
一
飲
三
百
杯
岑
夫
丘
生
將
進
酒
莫
停
與
君
歌
一
曲
君"	/mnt/Suran_database/Users/thanhthanh_workspace/Project/NLP_K35/xlnntn_hp2_friend/data/mrDuc_data/Images/UzpfSTEwMDAxMjE0MzgyODk2OTpWSzoyNzczNjg2OTczNTk1NTExMA==_9.jpg
/images/UzpfSTEwMDAwMDAxMzMyMjE5ODpWSzoyNzcyNTcwNDIyMDQwNDk5NQ==_2.jpg	0.592153	combined_score_above_threshold	"李白 月下獨酌 #標心隸意😄
花間一壺酒，獨酌無相親。
舉杯邀明月，對影成三人。
月既不解飲，影徒隨我身。
暫伴月將影，行樂須及春。
我歌月徘徊，我舞影零亂。
醒時同交歡，醉後各分散。
永結無情遊，相期邈雲漢。"	"飲
影
徒
隨
我
身
暫
伴
月
將
影
行
樂
須
春
我
歌
月
徘
徊
我
舞
影"	/mnt/Suran_database/Users/thanhthanh_workspace/Project/NLP_K35/xlnntn_hp2_friend/data/mrDuc_data/Images/UzpfSTEwMDAwMDAxMzMyMjE5ODpWSzoyNzcyNTcwNDIyMDQwNDk5NQ==_2.jpg
/images/UzpfSTEwMDAwMDM2OTIxMDcyNTpWSzoyNzczNjc4MDUyOTI5NzM2NA==_0.jpg	0.602626	combined_score_above_threshold	露白蟾明又到秋，佳期幽會兩悠悠，夢牽情役幾時休？記得泥人微斂黛，無言斜倚小書摟，暗思前事不勝愁。今天的練習01	"露華蟾影入分秋佳期幽會兩悠悠莫將情役幾
時休記得泥人冰紋黛無言下斜倚小橋暗思
為子不勝愁
五代詞人顧敻浣溪沙丙午秋月之吉"	/mnt/Suran_database/Users/thanhthanh_workspace/Project/NLP_K35/xlnntn_hp2_friend/data/mrDuc_data/Images/UzpfSTEwMDAwMDM2OTIxMDcyNTpWSzoyNzczNjc4MDUyOTI5NzM2NA==_0.jpg
/images/UzpfSTEwMDAxMjE0MzgyODk2OTpWSzoyNzczNjg2OTczNTk1NTExMA==_8.jpg	0.594418	combined_score_above_threshold	"李白 將進酒 行書毛筆字帖

君不見黃河之水天上來，奔流到海不復回。
君不見高堂明鏡悲白髮，朝如青絲暮成雪。
人生得意須盡歡，莫使金樽空對月。
天生我材必有用，千金散盡還復來。
烹羊宰牛且為樂，會須一飲三百杯。
岑夫子，丹丘生，將進酒，杯莫停。
與君歌一曲，請君為我傾耳聽。
鐘鼓饌玉不足貴，但願長醉不復醒。
古來聖賢皆寂寞，惟有飲者留其名。
陳王昔時宴平樂，斗酒十千恣歡謔。
主人何為言少錢，徑須沽取對君酌。
五花馬，千金裘，呼兒將出換美酒，
與爾同銷萬古愁。"	"曲
譜
饌
玉
不
足
復
醒
古
來
聖
賢
皆
寂
寞
唯
有
飲
者
留
其
名
陳
王
昔
時
宴
平
樂
斗
酒
十
千
恣
歡
謔
主
人
何
為
言
少
錢
徑
須
沽
取
對
君
酌
五
花
馬
千
金
裘
呼
兒
將
出
換
美
人"	/mnt/Suran_database/Users/thanhthanh_workspace/Project/NLP_K35/xlnntn_hp2_friend/data/mrDuc_data/Images/UzpfSTEwMDAxMjE0MzgyODk2OTpWSzoyNzczNjg2OTczNTk1NTExMA==_8.jpg
/images/UzpfSTYxNTczOTk5Nzk4MzcwOlZLOjI3NzIzNDk3NjcwNjI1NjUw_0.jpg	0.895183	high_directional_coverage	"唐 李白 ＜將進酒＞

君不見，黃河之水天上來，奔流到海不復回。

君不見，高堂明鏡悲白髮，朝如青絲暮成雪。"	"君不見黃河之水天上
來奔流到海不復回
君不見高堂明鏡悲白
髮朝如青絲暮成雪
唐李白將進酒敬書"	/mnt/Suran_database/Users/thanhthanh_workspace/Project/NLP_K35/xlnntn_hp2_friend/data/mrDuc_data/Images/UzpfSTYxNTczOTk5Nzk4MzcwOlZLOjI3NzIzNDk3NjcwNjI1NjUw_0.jpg
/images/UzpfSTEwMDAwMDAxMzMyMjE5ODpWSzoyNzczMDQxNzI3NjYwMDM1Ng==_3.jpg	0.658258	high_directional_coverage	"結廬在人境，而無車馬喧。
問君何能爾？心遠地自偏。
採菊東籬下，悠然見南山。
山氣日夕佳，飛鳥相與還。
此中有真意，欲辨已忘言。
陶淵明 飲酒 其五
#沐湑的中山篆"	"結
廬
在
人
境
而
無
車
馬
喧
問
君
何
能
爾
心
遠
地
自
偏
采
菊
東
籬"	/mnt/Suran_database/Users/thanhthanh_workspace/Project/NLP_K35/xlnntn_hp2_friend/data/mrDuc_data/Images/UzpfSTEwMDAwMDAxMzMyMjE5ODpWSzoyNzczMDQxNzI3NjYwMDM1Ng==_3.jpg
/images/UzpfSTEwMDAwMDA5NDY5MjQ5NDpWSzoyNzczMTczNDg2NjQ2ODU5Nw==_0.jpg	0.608807	combined_score_above_threshold	"**大家早安**

**髮的心事遂成濃霧**

**當夜**

**綻放**

**如花**

〈**綻放〉尹玲 詩**

**張威龍 習書**"	"撥雲心
事遂成
濃霧當
狂綻放
如花
尹玲詩
丙子夏
張彧書"	/mnt/Suran_database/Users/thanhthanh_workspace/Project/NLP_K35/xlnntn_hp2_friend/data/mrDuc_data/Images/UzpfSTEwMDAwMDA5NDY5MjQ5NDpWSzoyNzczMTczNDg2NjQ2ODU5Nw==_0.jpg
/images/UzpfSTEwMDAwMDM2OTIxMDcyNTpWSzoyNzcyNTE0Njk4Mzc5NDA1Mg==_0.jpg	1.0	one_text_contains_the_other	澄心淨慮。今天的練習02	"澄
心
淨
慮"	/mnt/Suran_database/Users/thanhthanh_workspace/Project/NLP_K35/xlnntn_hp2_friend/data/mrDuc_data/Images/UzpfSTEwMDAwMDM2OTIxMDcyNTpWSzoyNzcyNTE0Njk4Mzc5NDA1Mg==_0.jpg
/images/UzpfSTEwMDAwNjk5OTg0Mzk5MjpWSzoyNzczMDM2MzMyMzI3MjQxOA==_0.jpg	0.634299	high_directional_coverage	"書友早安愉悅😃
習字塗鴉 分享🙏
辛棄疾《西江月. 夜行黃沙道中》
明月別枝驚鵲，清風半夜鳴蟬。
稻花香里說豐年，聽取蛙聲一片。
✍️於:烘爐茶壺"	"明
月
別
枝
驚
鵲
清
風
半
夜
鳴
蟬
稻
花
香
里
說
豐
年
聽
取
蛙
聲
一
片
辛
棄
疾
詩
丙
子
夏
林
淑"	/mnt/Suran_database/Users/thanhthanh_workspace/Project/NLP_K35/xlnntn_hp2_friend/data/mrDuc_data/Images/UzpfSTEwMDAwNjk5OTg0Mzk5MjpWSzoyNzczMDM2MzMyMzI3MjQxOA==_0.jpg
/images/UzpfSTEwMDAwMDAxMzMyMjE5ODpWSzoyNzcyNTcwNDIyMDQwNDk5NQ==_4.jpg	0.607878	one_text_contains_the_other	"李白 月下獨酌 #標心隸意😄
花間一壺酒，獨酌無相親。
舉杯邀明月，對影成三人。
月既不解飲，影徒隨我身。
暫伴月將影，行樂須及春。
我歌月徘徊，我舞影零亂。
醒時同交歡，醉後各分散。
永結無情遊，相期邈雲漢。"	"花
間
一
壺
酒
獨
酌
無
相
親
舉
杯
邀
明
月
對
影
成
三
人
月
既
不
解"	/mnt/Suran_database/Users/thanhthanh_workspace/Project/NLP_K35/xlnntn_hp2_friend/data/mrDuc_data/Images/UzpfSTEwMDAwMDAxMzMyMjE5ODpWSzoyNzcyNTcwNDIyMDQwNDk5NQ==_4.jpg
/images/UzpfSTYxNTg2OTI4MjY3NTAwOlZLOjI3NzMzMTI1MjU5NjYyODkx_0.jpg	0.648352	combined_score_above_threshold	二兩桃花釀作酒，萬杯不及你溫柔。	"二
两
桃
花
酿
作
酒
万
杯
不
及
你
温
柔"	/mnt/Suran_database/Users/thanhthanh_workspace/Project/NLP_K35/xlnntn_hp2_friend/data/mrDuc_data/Images/UzpfSTYxNTg2OTI4MjY3NTAwOlZLOjI3NzMzMTI1MjU5NjYyODkx_0.jpg
/images/UzpfSTEwMDAwMDAxMzMyMjE5ODpWSzoyNzcyMjM4MDAyMDczNzQxNQ==_0.jpg	0.64132	one_text_contains_the_other	"李白 月下獨酌
花間一壺酒，獨酌無相親。
舉杯邀明月，對影成三人。
月既不解飲，影徒隨我身。
暫伴月將影，行樂須及春。
我歌月徘徊，我舞影零亂。
醒時同交歡，醉後各分散。
永結無情遊，相期邈雲漢。"	"暫
伴
月
將
影
行
樂
須
及
春
我
歌
月
徘
徊
我
舞
影
零
亂
醒
時
同
交
歡
醉
後"	/mnt/Suran_database/Users/thanhthanh_workspace/Project/NLP_K35/xlnntn_hp2_friend/data/mrDuc_data/Images/UzpfSTEwMDAwMDAxMzMyMjE5ODpWSzoyNzcyMjM4MDAyMDczNzQxNQ==_0.jpg
/images/UzpfSTEwMDAwMDAxMzMyMjE5ODpWSzoyNzcyMjM4MDAyMDczNzQxNQ==_4.jpg	0.672859	one_text_contains_the_other	"李白 月下獨酌
花間一壺酒，獨酌無相親。
舉杯邀明月，對影成三人。
月既不解飲，影徒隨我身。
暫伴月將影，行樂須及春。
我歌月徘徊，我舞影零亂。
醒時同交歡，醉後各分散。
永結無情遊，相期邈雲漢。"	"花
間
一
壺
酒
獨
酌
無
相
親
舉
杯
邀
明
月
對
影
成
三
人
月
既
不
解
飲
影
徒
隨
我
身"	/mnt/Suran_database/Users/thanhthanh_workspace/Project/NLP_K35/xlnntn_hp2_friend/data/mrDuc_data/Images/UzpfSTEwMDAwMDAxMzMyMjE5ODpWSzoyNzcyMjM4MDAyMDczNzQxNQ==_4.jpg
/images/UzpfSTEwMDAwMDAxMzMyMjE5ODpWSzoyNzcyMjM4MDAyMDczNzQxNQ==_1.jpg	0.672859	one_text_contains_the_other	"李白 月下獨酌
花間一壺酒，獨酌無相親。
舉杯邀明月，對影成三人。
月既不解飲，影徒隨我身。
暫伴月將影，行樂須及春。
我歌月徘徊，我舞影零亂。
醒時同交歡，醉後各分散。
永結無情遊，相期邈雲漢。"	"花間一壺酒獨酌
無相親舉杯邀明
月對影成三人月既
不解飲影徒隨我身"	/mnt/Suran_database/Users/thanhthanh_workspace/Project/NLP_K35/xlnntn_hp2_friend/data/mrDuc_data/Images/UzpfSTEwMDAwMDAxMzMyMjE5ODpWSzoyNzcyMjM4MDAyMDczNzQxNQ==_1.jpg
/images/UzpfSTEwMDAwMDM2OTIxMDcyNTpWSzoyNzcyNTE0MzAyMDQ2MTExNQ==_0.jpg	0.871429	high_directional_coverage	惟義是敦，與時俱適。今天的練習01	"惟義是敦
與時俱通"	/mnt/Suran_database/Users/thanhthanh_workspace/Project/NLP_K35/xlnntn_hp2_friend/data/mrDuc_data/Images/UzpfSTEwMDAwMDM2OTIxMDcyNTpWSzoyNzcyNTE0MzAyMDQ2MTExNQ==_0.jpg
/images/UzpfSTEwMDAxMjE0MzgyODk2OTpWSzoyNzczNjg2OTczNTk1NTExMA==_6.jpg	0.594958	combined_score_above_threshold	"李白 將進酒 行書毛筆字帖

君不見黃河之水天上來，奔流到海不復回。
君不見高堂明鏡悲白髮，朝如青絲暮成雪。
人生得意須盡歡，莫使金樽空對月。
天生我材必有用，千金散盡還復來。
烹羊宰牛且為樂，會須一飲三百杯。
岑夫子，丹丘生，將進酒，杯莫停。
與君歌一曲，請君為我傾耳聽。
鐘鼓饌玉不足貴，但願長醉不復醒。
古來聖賢皆寂寞，惟有飲者留其名。
陳王昔時宴平樂，斗酒十千恣歡謔。
主人何為言少錢，徑須沽取對君酌。
五花馬，千金裘，呼兒將出換美酒，
與爾同銷萬古愁。"	"曲
詩
饌
玉
不
足
但
復
醒
古
來
聖
賢
皆
寂
寞
有
飲
者
留
其
名
陳
王
昔
時
平
樂
斗
酒
十
千
恣
歡
謔
主
人
何
為
言
少
錢
徑
須
沽
取
對
君
五
馬
千
金
裘
呼
兒
將
同
銷
萬
古
愁"	/mnt/Suran_database/Users/thanhthanh_workspace/Project/NLP_K35/xlnntn_hp2_friend/data/mrDuc_data/Images/UzpfSTEwMDAxMjE0MzgyODk2OTpWSzoyNzczNjg2OTczNTk1NTExMA==_6.jpg
/images/UzpfSTEwMDAwMTM0MDk2MzU3OTpWSzoyNzcyNjM3MzQwNzAwNDc0Mw==_0.jpg	0.51	one_text_contains_the_other	浪迹天涯	"待我了無牽挂
許你浪迹天涯
丙申年季夏
书"	/mnt/Suran_database/Users/thanhthanh_workspace/Project/NLP_K35/xlnntn_hp2_friend/data/mrDuc_data/Images/UzpfSTEwMDAwMTM0MDk2MzU3OTpWSzoyNzcyNjM3MzQwNzAwNDc0Mw==_0.jpg
/images/UzpfSTEwMDA4OTA0MzM2NTY5MDpWSzoyNzcxNjk4NzEyMTI3NjcwNQ==_0.jpg	0.355488	one_text_contains_the_other	定風波。蘇軾詞	"定風波
蘇軾詞
莫聽
穿林打葉聲
何妨吟嘯
且徐行
竹杖芒鞋輕勝馬
誰怕
一蓑煙雨任平生
料峭春
風吹酒醒
微冷山頭斜照卻相迎
回首向來蕭瑟處
歸去
也無
風雨也晴
丙子年之夏
金山堂書"	/mnt/Suran_database/Users/thanhthanh_workspace/Project/NLP_K35/xlnntn_hp2_friend/data/mrDuc_data/Images/UzpfSTEwMDA4OTA0MzM2NTY5MDpWSzoyNzcxNjk4NzEyMTI3NjcwNQ==_0.jpg
/images/UzpfSTEwMDAwMDM2OTIxMDcyNTpWSzoyNzcxMjUyNjQ2NTA1NjEwNA==_0.jpg	0.822375	high_directional_coverage	風撼芳菲滿院香，四簾慵卷日初長，鬢雲垂枕響微鍠。春夢未成愁寂寂，佳期難會信茫茫。萬般心，千點淚，泣蘭堂。今天的練習03	"風撼芳菲滿院香四簾慵卷日初
長鬢雲垂枕響金鐺春夢未成
愁寂々佳期難會信茫々萬般心
千點淚泣蘭堂
五代詞人孫光憲浣溪沙
丙午之夏"	/mnt/Suran_database/Users/thanhthanh_workspace/Project/NLP_K35/xlnntn_hp2_friend/data/mrDuc_data/Images/UzpfSTEwMDAwMDM2OTIxMDcyNTpWSzoyNzcxMjUyNjQ2NTA1NjEwNA==_0.jpg
/images/UzpfSTEwMDAwMDM2NjMwMzY2NTpWSzoyNzcyMjM0OTI4MDc0MDQ4OQ==_0.jpg	0.716005	combined_score_above_threshold	"2026-08-11週二
秋風引 劉禹錫
何處秋風至？
蕭蕭送雁羣。
朝來入庭樹，
孤客最先聞。"	"何
處
秋
風
至
蕭
々
送
雁
群
朝
來
入
庭
樹
孤
客
最
先
聞
劉禹錫
秋風引
丙午秋"	/mnt/Suran_database/Users/thanhthanh_workspace/Project/NLP_K35/xlnntn_hp2_friend/data/mrDuc_data/Images/UzpfSTEwMDAwMDM2NjMwMzY2NTpWSzoyNzcyMjM0OTI4MDc0MDQ4OQ==_0.jpg
/images/UzpfSTEwMDAwNzI5MzE4NTg0MTpWSzoyNzcxOTEyMDg3NDM5NjY2Mw==_0.jpg	0.76198	high_directional_coverage	"宋代/朱熹/觀書有感
半畝方塘一鑒開，天光雲影共徘徊。
問渠那得清如許？謂有源頭活水來。"	"半
畝
方
塘
一
鑑
開
天
光
雲
影
共
徘
徊
問
渠
那
得
清
如
許
為
有
源
頭
活
水
來
南宋
朱熹
觀書有感
傅坪書"	/mnt/Suran_database/Users/thanhthanh_workspace/Project/NLP_K35/xlnntn_hp2_friend/data/mrDuc_data/Images/UzpfSTEwMDAwNzI5MzE4NTg0MTpWSzoyNzcxOTEyMDg3NDM5NjY2Mw==_0.jpg
/images/UzpfSTYxNTg2OTI4MjY3NTAwOlZLOjI3NzA4OTA2MTg4NzUxNDY1_0.jpg	0.751111	high_directional_coverage	人生天地間，忽如遠行客。	"人生天地间
忽如远行客"	/mnt/Suran_database/Users/thanhthanh_workspace/Project/NLP_K35/xlnntn_hp2_friend/data/mrDuc_data/Images/UzpfSTYxNTg2OTI4MjY3NTAwOlZLOjI3NzA4OTA2MTg4NzUxNDY1_0.jpg
/images/UzpfSTEwMDAwMDA5NDY5MjQ5NDpWSzoyNzcwODc4ODk3MjA5NjUyMA==_0.jpg	0.700323	high_directional_coverage	"※大家午安

月光搖碎竹影
搖不碎 誰
寂寞芳心
夢裡的相思
〈思春〉張威龍 詩書 34×69cm"	"月光搖碎竹影
搖不碎誰
寂寞芳心
夢裡的相思
思遠
丙子夏夜
月圓日
張載法書"	/mnt/Suran_database/Users/thanhthanh_workspace/Project/NLP_K35/xlnntn_hp2_friend/data/mrDuc_data/Images/UzpfSTEwMDAwMDA5NDY5MjQ5NDpWSzoyNzcwODc4ODk3MjA5NjUyMA==_0.jpg
/images/UzpfSTEwMDAxMDMwNDc2NjAwNDpWSzoyNzY5ODcwMDA3NjQzODc0Mw==_0.jpg	0.76423	high_directional_coverage	"登高懐遠得真悟
静坐神清不染塵"	"登高懷遠得真
悟靜坐神清不
染塵
芮秀珍"	/mnt/Suran_database/Users/thanhthanh_workspace/Project/NLP_K35/xlnntn_hp2_friend/data/mrDuc_data/Images/UzpfSTEwMDAxMDMwNDc2NjAwNDpWSzoyNzY5ODcwMDA3NjQzODc0Mw==_0.jpg
/images/UzpfSTEwMDAwMDM2OTIxMDcyNTpWSzoyNzcwMTcwMDI3MjgwNTM5MA==_0.jpg	1.0	one_text_contains_the_other	山川佳色澄懸鏡，松桂清陰靜讀書。今天的練習01	"山川佳色澄懸鏡
松桂清陰靜讀書"	/mnt/Suran_database/Users/thanhthanh_workspace/Project/NLP_K35/xlnntn_hp2_friend/data/mrDuc_data/Images/UzpfSTEwMDAwMDM2OTIxMDcyNTpWSzoyNzcwMTcwMDI3MjgwNTM5MA==_0.jpg
/images/UzpfSTEwMDAwMDM2OTIxMDcyNTpWSzoyNzcwMTcwNzM4OTQ3MTM0NQ==_0.jpg	0.653827	high_directional_coverage	靜想離愁暗淚零，欲棲雲雨計難成，少年多是薄情人。萬種保持圖永遠，一般模樣負神明，到頭何處問平生。。今天的練習03	"都想輕狂暗渡零落姬梧雲雨計難
成少年易爲薄情人萬種保持圖
永誓一般模樣負神明到頭何變
問平生
五代詞人孫光憲浣溪沙 丙午夏"	/mnt/Suran_database/Users/thanhthanh_workspace/Project/NLP_K35/xlnntn_hp2_friend/data/mrDuc_data/Images/UzpfSTEwMDAwMDM2OTIxMDcyNTpWSzoyNzcwMTcwNzM4OTQ3MTM0NQ==_0.jpg
/images/UzpfSTEwMDAwMDM2OTIxMDcyNTpWSzoyNzY2NDY4NTM1MzE3MzU0OQ==_0.jpg	0.663736	combined_score_above_threshold	世上豈無千里馬，人中難得九方皋。今天的練習0	"世上有無千里馬
手中難得方知罕"	/mnt/Suran_database/Users/thanhthanh_workspace/Project/NLP_K35/xlnntn_hp2_friend/data/mrDuc_data/Images/UzpfSTEwMDAwMDM2OTIxMDcyNTpWSzoyNzY2NDY4NTM1MzE3MzU0OQ==_0.jpg
/images/UzpfSTYxNTUzOTIxNjgxMDE1OlZLOjI3Njg5ODA4MjU3MzI3OTI1_0.jpg	0.866578	one_text_contains_the_other	"浩蕩離愁白日斜
吟鞭東指即天涯
落紅不是無情物
化作春泥更護花"	"浩蕩離愁白日斜 吟鞭東
指即天涯落紅不是無情
物化作春泥更護花
龔自珍雜詩其五
辛丑夏學松"	/mnt/Suran_database/Users/thanhthanh_workspace/Project/NLP_K35/xlnntn_hp2_friend/data/mrDuc_data/Images/UzpfSTYxNTUzOTIxNjgxMDE1OlZLOjI3Njg5ODA4MjU3MzI3OTI1_0.jpg
/images/UzpfSTEwMDAwMDg3OTY0NjE5MDpWSzoyNzY3MTYxNjY0NTgxMzc1Mw==_0.jpg	0.609067	high_directional_coverage	1150807七里香勾英雄魂。四神湯暖俠客腸	"七
里
香
句
喚
雄
魂
人间美味
南岛沙理
四
神
湯
暖
俠
客
腸
丙申初秋
學興书"	/mnt/Suran_database/Users/thanhthanh_workspace/Project/NLP_K35/xlnntn_hp2_friend/data/mrDuc_data/Images/UzpfSTEwMDAwMDg3OTY0NjE5MDpWSzoyNzY3MTYxNjY0NTgxMzc1Mw==_0.jpg
/images/UzpfSTU0MjM2Mjc2MDpWSzoyNzY5MDE0MjUxNzI5NDQ5OQ==_2.jpg	0.552167	one_text_contains_the_other	"#作如是觀

#練字養心 #行草創作 #金剛經"	"作
如
是
ericleung.space
觀"	/mnt/Suran_database/Users/thanhthanh_workspace/Project/NLP_K35/xlnntn_hp2_friend/data/mrDuc_data/Images/UzpfSTU0MjM2Mjc2MDpWSzoyNzY5MDE0MjUxNzI5NDQ5OQ==_2.jpg
/images/UzpfSTU0MjM2Mjc2MDpWSzoyNzY5MDE0MjUxNzI5NDQ5OQ==_0.jpg	0.552167	one_text_contains_the_other	"#作如是觀

#練字養心 #行草創作 #金剛經"	"ericleung.space
作如是觀"	/mnt/Suran_database/Users/thanhthanh_workspace/Project/NLP_K35/xlnntn_hp2_friend/data/mrDuc_data/Images/UzpfSTU0MjM2Mjc2MDpWSzoyNzY5MDE0MjUxNzI5NDQ5OQ==_0.jpg
/images/UzpfSTEwMDAwMDAxMzMyMjE5ODpWSzoyNzY2OTA3MjUwMjczNDgzNA==_1.jpg	0.746786	high_directional_coverage	一聲啼鳥煙林靜 數點梅花玉雪嬌👈	"一聲啼鳥憬林靜
數點梅花帶雪嬌
丙申
殊清"	/mnt/Suran_database/Users/thanhthanh_workspace/Project/NLP_K35/xlnntn_hp2_friend/data/mrDuc_data/Images/UzpfSTEwMDAwMDAxMzMyMjE5ODpWSzoyNzY2OTA3MjUwMjczNDgzNA==_1.jpg
/images/UzpfSTU0MjM2Mjc2MDpWSzoyNzY5MDE0MjUxNzI5NDQ5OQ==_1.jpg	0.552167	one_text_contains_the_other	"#作如是觀

#練字養心 #行草創作 #金剛經"	"作
如
是
觀"	/mnt/Suran_database/Users/thanhthanh_workspace/Project/NLP_K35/xlnntn_hp2_friend/data/mrDuc_data/Images/UzpfSTU0MjM2Mjc2MDpWSzoyNzY5MDE0MjUxNzI5NDQ5OQ==_1.jpg
/images/UzpfSTYxNTczOTk5Nzk4MzcwOlZLOjI3Njg5MTM4ODc0MDYxNTMw_0.jpg	0.696212	combined_score_above_threshold	"宋•方岳 《立秋》

秋日尋詩獨自行，
藕花香冷水風情。
一涼轉覺詩難做，
付與梧桐夜雨聲。"	"秋日尋詩獨自筇
只憑冷水風情一涼轉
覺後難收付與梧桐夜
雨聲
宋方岳詩秋谷"	/mnt/Suran_database/Users/thanhthanh_workspace/Project/NLP_K35/xlnntn_hp2_friend/data/mrDuc_data/Images/UzpfSTYxNTczOTk5Nzk4MzcwOlZLOjI3Njg5MTM4ODc0MDYxNTMw_0.jpg
/images/UzpfSTEwMDAwMDM2OTIxMDcyNTpWSzoyNzY3NjM0MDk5ODY3NDY1MQ==_0.jpg	0.912088	high_directional_coverage	庭下已生書帶草, 玉中自有辟邪香。今天的練習01	"庭下已生書帶艸
玉中自有辟邪香"	/mnt/Suran_database/Users/thanhthanh_workspace/Project/NLP_K35/xlnntn_hp2_friend/data/mrDuc_data/Images/UzpfSTEwMDAwMDM2OTIxMDcyNTpWSzoyNzY3NjM0MDk5ODY3NDY1MQ==_0.jpg
/images/UzpfSTEwMDAwMDAxMzMyMjE5ODpWSzoyNzY1NjYxMjkzMDY0NzQ1OA==_3.jpg	0.605478	combined_score_above_threshold	"採桑子①李煜
亭前春逐紅英盡②，舞態徘徊③。
細雨霏微④，不放雙眉時暫開⑤。
綠窗冷靜芳音斷⑥，香印成灰⑦。
可奈情懷⑧，欲睡朦朧入夢來。
#練隸不像的王福庵"	"亭
前
暮
逐
紅
英
盡
舞
態
悲
回
絳
雨
霏
微
不
放
雙
眉
時
暫
開
綠
窗"	/mnt/Suran_database/Users/thanhthanh_workspace/Project/NLP_K35/xlnntn_hp2_friend/data/mrDuc_data/Images/UzpfSTEwMDAwMDAxMzMyMjE5ODpWSzoyNzY1NjYxMjkzMDY0NzQ1OA==_3.jpg
/images/UzpfSTEwMDAwMDM2OTIxMDcyNTpWSzoyNzY4ODY0NDg1MDc3NzU5OQ==_0.jpg	0.793294	high_directional_coverage	雪堂遷客。不得文章力。賦寫曹劉興廢，千古事、泯陳跡。望中磯岸赤。直下江濤白。半夜一聲長嘯，悲天地、爲予窄。今天的練習03	"雪堂遥客不得文章力賦寫曹劉
興廢千古事泯陳迹望中磯岸赤
直下江濤白半夜一聲長嘯悲天地
為子容
宋人辛稼軒霜天曉角
丙午夏"	/mnt/Suran_database/Users/thanhthanh_workspace/Project/NLP_K35/xlnntn_hp2_friend/data/mrDuc_data/Images/UzpfSTEwMDAwMDM2OTIxMDcyNTpWSzoyNzY4ODY0NDg1MDc3NzU5OQ==_0.jpg
/images/UzpfSTEwMDAwMDAxMzMyMjE5ODpWSzoyNzY1NjYxMjkzMDY0NzQ1OA==_1.jpg	0.605478	combined_score_above_threshold	"採桑子①李煜
亭前春逐紅英盡②，舞態徘徊③。
細雨霏微④，不放雙眉時暫開⑤。
綠窗冷靜芳音斷⑥，香印成灰⑦。
可奈情懷⑧，欲睡朦朧入夢來。
#練隸不像的王福庵"	"亭
前
葉
逐
紅
英
盡
舞
態
裴
回
納
雨
霏
微
不
放
雙
眉
時
暫
開
綠
窗"	/mnt/Suran_database/Users/thanhthanh_workspace/Project/NLP_K35/xlnntn_hp2_friend/data/mrDuc_data/Images/UzpfSTEwMDAwMDAxMzMyMjE5ODpWSzoyNzY1NjYxMjkzMDY0NzQ1OA==_1.jpg
/images/UzpfSTEwMDAwMDM2OTIxMDcyNTpWSzoyNzY3NjM0NTYyMjAwNzUyMg==_0.jpg	1.0	one_text_contains_the_other	晝耕夜誦。今天的練習02	晝耕夜誦	/mnt/Suran_database/Users/thanhthanh_workspace/Project/NLP_K35/xlnntn_hp2_friend/data/mrDuc_data/Images/UzpfSTEwMDAwMDM2OTIxMDcyNTpWSzoyNzY3NjM0NTYyMjAwNzUyMg==_0.jpg
/images/UzpfSTYxNTUzOTIxNjgxMDE1OlZLOjI3NjM4NDI1MDk5MTMyOTA4_0.jpg	0.816047	high_directional_coverage	"忘憂草  含笑花  勸君聞早冠宜掛
那裏也能言陸賈
那裏也良謀子牙
那裏也豪氣張華
千古是非心  一夕漁樵話"	"忘憂艸含咲花勸君聞早
冠宜挂那裏也能言陸賈那裏
也良謀子牙那裡也豪氣張華
千古是非心一夕漁樵話
白樸慶東原 辛丑之春 奧松"	/mnt/Suran_database/Users/thanhthanh_workspace/Project/NLP_K35/xlnntn_hp2_friend/data/mrDuc_data/Images/UzpfSTYxNTUzOTIxNjgxMDE1OlZLOjI3NjM4NDI1MDk5MTMyOTA4_0.jpg
/images/UzpfSTEwMDAwMDAxMzMyMjE5ODpWSzoyNzY2OTEzNDg5NjA2MTkyOA==_4.jpg	0.499177	one_text_contains_the_other	"#就篆不停😄希望賺的是錢💰
劉禹錫 陋室銘"	"諸
葛
廬
西
蜀
子
雲
亭
孔
子
云
何
陋
之
有
劉禹錫
陋室銘
丙午春分一日
沐渭"	/mnt/Suran_database/Users/thanhthanh_workspace/Project/NLP_K35/xlnntn_hp2_friend/data/mrDuc_data/Images/UzpfSTEwMDAwMDAxMzMyMjE5ODpWSzoyNzY2OTEzNDg5NjA2MTkyOA==_4.jpg
/images/UzpfSTY3MTc0OTU2NDpWSzoyNzY2OTQ5OTg4MjY5MjA5Ng==_2.jpg	0.276099	one_text_contains_the_other	"#金文 #青銅器拓片釋義 #函皇父簋 #不僅書法

圅皇父簋（函皇父簋）

「圅皇父簋」1933 年陝西省扶風縣上康村窖藏出土（共四件）：1 件收藏於陝西歷史博物館，1 件收藏於美國三藩市亞洲藝術博物館，1 件收藏於日本奈良天理參考館，1 件不明去向。
銘文字數：蓋器同銘，各4行36字，（含兩個重文符號）。
器形紋飾：弇口鼓腹獸首環耳圈足，蓋沿、口沿及圈足飾重環紋，腹飾瓦楞紋。
著錄：吳大澄《愙齋集古錄》10·14、劉心源《奇觚室吉金文述》、羅振玉《三代吉金文存》、《殷周金文集成》4141、4142、4143等。（楊樹達《積微居金文說》）。

铭文：
圅（函）皇父乍（作）琱（周）㜏般（盤）盉尊器簋具，自豕鼎降十，又簋八，兩罍，兩壺，琱（周）㜏其邁（萬）年，子子孫孫永寶用。"	函皇父簋	/mnt/Suran_database/Users/thanhthanh_workspace/Project/NLP_K35/xlnntn_hp2_friend/data/mrDuc_data/Images/UzpfSTY3MTc0OTU2NDpWSzoyNzY2OTQ5OTg4MjY5MjA5Ng==_2.jpg
/images/UzpfSTEwMDAwMDAyOTcyMDEwOTpWSzoyNzY3NjI0MjY2NTM1MTE1MQ==_2.jpg	0.939419	one_text_contains_the_other	"尋尋覓覓，冷冷清清，悽悽慘慘戚戚。
乍暖還寒時候，最難將息。

三杯兩盞淡酒，怎敵他、晚來風急！

雁過也，正傷心，卻是舊時相識。

滿地黃花堆積，憔悴損，如今有誰堪摘？

守著窗兒，獨自怎生得黑！

梧桐更兼細雨，到黃昏、點點滴滴。

這次第，怎一個愁字了得！"	"尋尋覓覓冷冷清清悽悽慘慘
戚戚乍暖還寒時候最
難將息三杯兩盞淡
酒怎敵他晚來風急
雁過也正傷心卻是舊
時相識滿地黃花堆積
憔悴損如今有誰堪摘
守著窗兒獨自怎生得
黑梧桐更兼細雨到
黃昏點點滴滴這次第
怎一個愁字了得
李清照聲聲慢秋情
丙申年夏月蕭良材書"	/mnt/Suran_database/Users/thanhthanh_workspace/Project/NLP_K35/xlnntn_hp2_friend/data/mrDuc_data/Images/UzpfSTEwMDAwMDAyOTcyMDEwOTpWSzoyNzY3NjI0MjY2NTM1MTE1MQ==_2.jpg
/images/UzpfSTY3MTc0OTU2NDpWSzoyNzY2OTQ5OTg4MjY5MjA5Ng==_7.jpg	0.276099	one_text_contains_the_other	"#金文 #青銅器拓片釋義 #函皇父簋 #不僅書法

圅皇父簋（函皇父簋）

「圅皇父簋」1933 年陝西省扶風縣上康村窖藏出土（共四件）：1 件收藏於陝西歷史博物館，1 件收藏於美國三藩市亞洲藝術博物館，1 件收藏於日本奈良天理參考館，1 件不明去向。
銘文字數：蓋器同銘，各4行36字，（含兩個重文符號）。
器形紋飾：弇口鼓腹獸首環耳圈足，蓋沿、口沿及圈足飾重環紋，腹飾瓦楞紋。
著錄：吳大澄《愙齋集古錄》10·14、劉心源《奇觚室吉金文述》、羅振玉《三代吉金文存》、《殷周金文集成》4141、4142、4143等。（楊樹達《積微居金文說》）。

铭文：
圅（函）皇父乍（作）琱（周）㜏般（盤）盉尊器簋具，自豕鼎降十，又簋八，兩罍，兩壺，琱（周）㜏其邁（萬）年，子子孫孫永寶用。"	函皇父簋	/mnt/Suran_database/Users/thanhthanh_workspace/Project/NLP_K35/xlnntn_hp2_friend/data/mrDuc_data/Images/UzpfSTY3MTc0OTU2NDpWSzoyNzY2OTQ5OTg4MjY5MjA5Ng==_7.jpg
/images/UzpfSTEwMDAwMDAyOTcyMDEwOTpWSzoyNzY3NjI0MjY2NTM1MTE1MQ==_1.jpg	0.876944	high_directional_coverage	"尋尋覓覓，冷冷清清，悽悽慘慘戚戚。
乍暖還寒時候，最難將息。

三杯兩盞淡酒，怎敵他、晚來風急！

雁過也，正傷心，卻是舊時相識。

滿地黃花堆積，憔悴損，如今有誰堪摘？

守著窗兒，獨自怎生得黑！

梧桐更兼細雨，到黃昏、點點滴滴。

這次第，怎一個愁字了得！"	"尋々覓々冷々清々悽々慘々
戚々乍暖還寒時候最
難將息三杯兩盞淡
酒怎敵他晚來風急
雁過也正傷心卻是舊
時相識滿地黃花堆積
憔悴損如今有誰堪摘
守著窗兒獨自怎生得
黑梧桐更兼細雨到
黃昏點々滴々這次第
怎一箇愁字了得
李清照聲々慢秋情
丙戌年夏月蕭良書"	/mnt/Suran_database/Users/thanhthanh_workspace/Project/NLP_K35/xlnntn_hp2_friend/data/mrDuc_data/Images/UzpfSTEwMDAwMDAyOTcyMDEwOTpWSzoyNzY3NjI0MjY2NTM1MTE1MQ==_1.jpg
/images/UzpfSTEwMDAwMDU5MzExMzI1ODpWSzoyNzY3MzAwNzExMjM0MTM3Mw==_1.jpg	0.370238	one_text_contains_the_other	周邦彥 / 夜遊宮	"葉下斜陽照水捲輕浪沈
沈千里橋下酸風射眸子
立多時看黃昏燈火市
古屋寒窗底聽幾片井
桐飛墜不意單衾再三
起有誰知為蕭娘書一紙
周邦彥夜遊宮
山嵐書"	/mnt/Suran_database/Users/thanhthanh_workspace/Project/NLP_K35/xlnntn_hp2_friend/data/mrDuc_data/Images/UzpfSTEwMDAwMDU5MzExMzI1ODpWSzoyNzY3MzAwNzExMjM0MTM3Mw==_1.jpg
/images/UzpfSTEwMDAxNjg4Mjk5NjczMzpWSzoyNzY0OTM2NTIwODAzODg5Nw==_0.jpg	0.7949	high_directional_coverage	"4尺行書立軸！ 見笑！
迢迢牽牛星 ，皎皎河漢女 。

纖纖擢素手 ，札札弄機杼 。

終日不成章 ，泣涕零如雨 。

河漢清且淺， 相去復幾許 。

盈盈一水間， 脈脈不得語。"	"迢迢牽牛星皎皎河漢女纖纖擢素手札札弄
機杼終日不成章泣涕零如雨河漢清
且淺相去復幾許盈盈一水間脈脈不得語
嘉靖十九年三月三日丙午夏日奉公老台詞意八巴陵唐書"	/mnt/Suran_database/Users/thanhthanh_workspace/Project/NLP_K35/xlnntn_hp2_friend/data/mrDuc_data/Images/UzpfSTEwMDAxNjg4Mjk5NjczMzpWSzoyNzY0OTM2NTIwODAzODg5Nw==_0.jpg
/images/UzpfSTEwMDAwMDU5MzExMzI1ODpWSzoyNzY3MzAwNzExMjM0MTM3Mw==_0.jpg	0.370238	one_text_contains_the_other	周邦彥 / 夜遊宮	"葉下斜陽照水澹輕浪沈
沈々画橋与酸風射眸子
立多時看黃昏燈火市
古屋寒窗底聽幾片井
桐飛墜不怨單衣寒再三
起有誰知為蕭娘書一紙
周邦彥夜遊宮
山嵐書"	/mnt/Suran_database/Users/thanhthanh_workspace/Project/NLP_K35/xlnntn_hp2_friend/data/mrDuc_data/Images/UzpfSTEwMDAwMDU5MzExMzI1ODpWSzoyNzY3MzAwNzExMjM0MTM3Mw==_0.jpg
/images/UzpfSTEwMDAwMDM2OTIxMDcyNTpWSzoyNzY2NDY4ODQ0OTgzOTkwNg==_0.jpg	1.0	one_text_contains_the_other	恍然大悟。今天的練習02	"恍
然
大
悟"	/mnt/Suran_database/Users/thanhthanh_workspace/Project/NLP_K35/xlnntn_hp2_friend/data/mrDuc_data/Images/UzpfSTEwMDAwMDM2OTIxMDcyNTpWSzoyNzY2NDY4ODQ0OTgzOTkwNg==_0.jpg
/images/UzpfSTEwMDAwMDU5MzExMzI1ODpWSzoyNzY3MzAwNzExMjM0MTM3Mw==_3.jpg	0.371943	one_text_contains_the_other	周邦彥 / 夜遊宮	"葉下斜陽照水捲輕浪沈
沈々里橋上酸風射眸子
立多時看黄昏燈火市
古屋寒窗底聽幾片井
桐飛墜不意單衾再三
起有誰知為蕭娘書一紙
周邦彥夜遊宮
山嵐書"	/mnt/Suran_database/Users/thanhthanh_workspace/Project/NLP_K35/xlnntn_hp2_friend/data/mrDuc_data/Images/UzpfSTEwMDAwMDU5MzExMzI1ODpWSzoyNzY3MzAwNzExMjM0MTM3Mw==_3.jpg
/images/UzpfSTYxNTUzOTIxNjgxMDE1OlZLOjI3NjYyNzUyODMwMDMzNDY4_0.jpg	0.866812	high_directional_coverage	"峯巒如聚  波濤如怒  山河表裏潼關路
望西都  意躊躇
傷心秦漢經行處  宮闕萬間都做了土
興  百姓苦  亡  百姓苦"	"峯巒如聚波濤如怒山河表
裏潼關路望西都意躊躇傷
心秦漢行經處宮闕萬間都
做了土興百姓苦亡百姓苦
張養浩山坡羊潼關懷古壬寅冬學松"	/mnt/Suran_database/Users/thanhthanh_workspace/Project/NLP_K35/xlnntn_hp2_friend/data/mrDuc_data/Images/UzpfSTYxNTUzOTIxNjgxMDE1OlZLOjI3NjYyNzUyODMwMDMzNDY4_0.jpg
/images/UzpfSTEwMDAwMDU5MzExMzI1ODpWSzoyNzY3MzAwNzExMjM0MTM3Mw==_2.jpg	0.36858	one_text_contains_the_other	周邦彥 / 夜遊宮	"葉下斜陽照水漣輕浪沈
沈子裏橋占酸風射眸子
立多時看黃昏慘火市
古屋寒窗底聽幾寒井
桐飛墜不意單衣寒再三
起有誰知為蕭娘書一紙
周邦彥夜遊宮
山嵐書"	/mnt/Suran_database/Users/thanhthanh_workspace/Project/NLP_K35/xlnntn_hp2_friend/data/mrDuc_data/Images/UzpfSTEwMDAwMDU5MzExMzI1ODpWSzoyNzY3MzAwNzExMjM0MTM3Mw==_2.jpg
/images/UzpfSTEwMDAwNzI5MzE4NTg0MTpWSzoyNzY1Nzg0NzE2Mzg1NzM2OA==_0.jpg	0.955125	high_directional_coverage	"雲淡風輕近午天，傍花隨柳過前川。
時人不識余心樂，將謂偷閒學少年。宋/程顥/春日偶成"	"雲
淡
風
輕
近
午
天
傍
花
隨
柳
過
前
川
時
人
不
識
余
心
樂
將
謂
偷
閒
學
少
年
程
顥
春
日
偶
成
焯
忠"	/mnt/Suran_database/Users/thanhthanh_workspace/Project/NLP_K35/xlnntn_hp2_friend/data/mrDuc_data/Images/UzpfSTEwMDAwNzI5MzE4NTg0MTpWSzoyNzY1Nzg0NzE2Mzg1NzM2OA==_0.jpg
/images/UzpfSTEwMDAwMDM2OTIxMDcyNTpWSzoyNzY2NDY5MjExOTgzOTUzOQ==_0.jpg	0.602238	combined_score_above_threshold	閣兒幽靜處，圍爐面小窗。好似鬥頭兒坐，梅煙炷、返魂香。對火怯夜冷，猛飲消漏長。飲罷且收拾睡，斜月照、滿林霜。今天的練習03	"閣兒幽靜處圍爐面小窗好似山家
臥聽松風吹送暖衾炭火却寒夜
冷極將消漏長飲罷且收拾睡斜
月照滿林霜
宋靖書録霜天曉角丙午之夏"	/mnt/Suran_database/Users/thanhthanh_workspace/Project/NLP_K35/xlnntn_hp2_friend/data/mrDuc_data/Images/UzpfSTEwMDAwMDM2OTIxMDcyNTpWSzoyNzY2NDY5MjExOTgzOTUzOQ==_0.jpg
/images/UzpfSTEwMDAxMDMwNDc2NjAwNDpWSzoyNzYzNjQxMDk4OTMzNDMxOQ==_0.jpg	0.744152	high_directional_coverage	"山有煙雲千古秀
地無霜雪四時春
『行書練習』"	"山
有
煙
雲
千
古
秀
地
無
霜
雪
四
時
春
丙子冬麦杰书"	/mnt/Suran_database/Users/thanhthanh_workspace/Project/NLP_K35/xlnntn_hp2_friend/data/mrDuc_data/Images/UzpfSTEwMDAxMDMwNDc2NjAwNDpWSzoyNzYzNjQxMDk4OTMzNDMxOQ==_0.jpg
/images/UzpfSTYxNTg2OTI4MjY3NTAwOlZLOjI3NjQ2MDgyODkxNzAwNDYy_0.jpg	0.816416	one_text_contains_the_other	人間無常，律己則安	"人間無常
律己則安
每日學書法"	/mnt/Suran_database/Users/thanhthanh_workspace/Project/NLP_K35/xlnntn_hp2_friend/data/mrDuc_data/Images/UzpfSTYxNTg2OTI4MjY3NTAwOlZLOjI3NjQ2MDgyODkxNzAwNDYy_0.jpg
/images/UzpfSTEwMDAwMDM2OTIxMDcyNTpWSzoyNzY1MDMwNDY1Nzk0NDk1Mg==_0.jpg	1.0	one_text_contains_the_other	得趣在形骸以外，娛懷於天地之初。今天的練習01	"得趣在形骸以外
娛懷於天地之初"	/mnt/Suran_database/Users/thanhthanh_workspace/Project/NLP_K35/xlnntn_hp2_friend/data/mrDuc_data/Images/UzpfSTEwMDAwMDM2OTIxMDcyNTpWSzoyNzY1MDMwNDY1Nzk0NDk1Mg==_0.jpg
/images/UzpfSTEwMDAwNTI1MjQzNDExNDpWSzoyNzY0OTg5MTQyNDY1Mjk0Mg==_0.jpg	0.634556	combined_score_above_threshold	"*李白名句   李白上李邕
*〈大鵬一日同風起，扶搖直上九萬里〉。

假令風歇時下來，猶能簸卻滄溟水。

＜世人見我恆殊調，聞餘大言皆冷笑＞。 

〈宣父猶能畏後生，丈夫未可輕年少〉。

*李白年輕作品。

*面對李邕嗆味十足，年少氣盛不是一般。

*這是李白的自信，我不是池中物。

*雖然大家不恥我誇大言論，我的格調就是與眾不同，那又怎樣?

*邕老，給我記住，後生可畏。

*全詩皆名句，試寫之。"	"大鵬一日同風起扶搖直上九萬
里假令風歇時下來猶能簸卻
滄溟水世人見我恒殊調
聞余大言皆冷笑宣父猶能
畏後生丈夫未可輕年少
丁酉年"	/mnt/Suran_database/Users/thanhthanh_workspace/Project/NLP_K35/xlnntn_hp2_friend/data/mrDuc_data/Images/UzpfSTEwMDAwNTI1MjQzNDExNDpWSzoyNzY0OTg5MTQyNDY1Mjk0Mg==_0.jpg
/images/UzpfSTEwMDAwMDM2NjMwMzY2NTpWSzoyNzY0Njc1MDU2ODMwMDM2MQ==_0.jpg	0.713029	combined_score_above_threshold	"2026-08-05週三
逢俠者 錢起
燕趙悲歌士，
相逢劇孟家。
寸心言不盡，
前路日將斜。"	"燕
趙
多
佳
士
相
逢
劇
孟
家
寸
心
言
不
盡
前
路
日
將
斜
逢
俠
者
錢
起
丙
夏
碧
翥"	/mnt/Suran_database/Users/thanhthanh_workspace/Project/NLP_K35/xlnntn_hp2_friend/data/mrDuc_data/Images/UzpfSTEwMDAwMDM2NjMwMzY2NTpWSzoyNzY0Njc1MDU2ODMwMDM2MQ==_0.jpg
/images/UzpfSTEwMDAwMDM2OTIxMDcyNTpWSzoyNzY1MDMxMTY4Nzk0NDI0OQ==_0.jpg	0.603024	combined_score_above_threshold	橫陰漠漠。似覺羅衣薄。正是海棠時候，紗窗外、東風惡。惜春春寂寞。尋花花冷落。不會這些情味，元不是、念離索。今天的練習03	"横陰漠漠
似覺羅衣薄
正是海棠
時候
分外和东风恶
惜春：寂寞
尋花：冷落
不会這些情味
无人说
念奴娇
宋姜子野霜天晓角
丙午之夏"	/mnt/Suran_database/Users/thanhthanh_workspace/Project/NLP_K35/xlnntn_hp2_friend/data/mrDuc_data/Images/UzpfSTEwMDAwMDM2OTIxMDcyNTpWSzoyNzY1MDMxMTY4Nzk0NDI0OQ==_0.jpg
/images/UzpfSTEwMDAxMDMwNDc2NjAwNDpWSzoyNzY0OTQ5NTQ4NDY5MjUzNg==_0.jpg	0.767033	high_directional_coverage	"取捨終有度
得失本無常
行書練習🌿"	"取捨終有度
得失本無常
貞秀淨書"	/mnt/Suran_database/Users/thanhthanh_workspace/Project/NLP_K35/xlnntn_hp2_friend/data/mrDuc_data/Images/UzpfSTEwMDAxMDMwNDc2NjAwNDpWSzoyNzY0OTQ5NTQ4NDY5MjUzNg==_0.jpg
/images/UzpfSTEwMDAwMDAyOTcyMDEwOTpWSzoyNzY0NjY0MTgyMTY0NDU2OQ==_0.jpg	0.877624	high_directional_coverage	李清照《聲聲慢・秋情》原文為：「尋尋覓覓，冷冷清清，悽悽慘慘戚戚。乍暖還寒時候，最難將息。三杯兩盞淡酒，怎敵他、晚來風急！雁過也，正傷心，卻是舊時相識。滿地黃花堆積，憔悴損，如今有誰堪摘？守著窗兒，獨自怎生得黑！梧桐更兼細雨，到黃昏、點點滴滴。這次第，怎一個愁字了得！	"尋尋覓覓冷冷清清
悽悽戚戚乍暖還寒
時候最難將息三
杯兩盞淡酒怎敵
他晚來風急雁過
正傷心卻是舊時相
識滿地黃花堆積
憔悴損如今有誰
堪摘守著窗兒獨
自怎生得黑梧桐更
兼細雨到黃昏
點點滴滴這次第怎一
箇愁字了得
李清照聲聲慢秋情
丙戌年夏月蕭良材書"	/mnt/Suran_database/Users/thanhthanh_workspace/Project/NLP_K35/xlnntn_hp2_friend/data/mrDuc_data/Images/UzpfSTEwMDAwMDAyOTcyMDEwOTpWSzoyNzY0NjY0MTgyMTY0NDU2OQ==_0.jpg
/images/UzpfSTYxNTczOTk5Nzk4MzcwOlZLOjI3NjM2NjUwMDUyNjQzNzQ2_0.jpg	0.928505	one_text_contains_the_other	"＜網路勵志文＞

知其代價不退，
見其艱難仍往。
天意未必由我，
此心始終由我。"	"知其代價不退
見其艱難仍往
天意未必由我
此心始終由我"	/mnt/Suran_database/Users/thanhthanh_workspace/Project/NLP_K35/xlnntn_hp2_friend/data/mrDuc_data/Images/UzpfSTYxNTczOTk5Nzk4MzcwOlZLOjI3NjM2NjUwMDUyNjQzNzQ2_0.jpg
/images/UzpfSTEwMDAwMzUzNjA0MTQ0NzpWSzoyNzY0Mjg1NzI3MjAyMzAyNA==_0.jpg	0.610606	combined_score_above_threshold	"#感謝書友欣賞

行草 唐 杜牧 送人🙏☕😎

鴛鴦帳裏暖芙蓉
低泣關山幾萬重
明鏡半邊釵一股
此生何處不相逢"	"鴛鴦帳裡暖芙蓉
幾度溪山路萬重
明鏡半遮釵一股
此生何處不相逢
魚玄機送人
丙子春
海鷗"	/mnt/Suran_database/Users/thanhthanh_workspace/Project/NLP_K35/xlnntn_hp2_friend/data/mrDuc_data/Images/UzpfSTEwMDAwMzUzNjA0MTQ0NzpWSzoyNzY0Mjg1NzI3MjAyMzAyNA==_0.jpg
/images/UzpfSTEwMDAwMDM2OTIxMDcyNTpWSzoyNzYzNzk1OTcxOTE3OTQ0Ng==_0.jpg	1.0	one_text_contains_the_other	彰往察來。今天的練習02	"彰
往
察
來"	/mnt/Suran_database/Users/thanhthanh_workspace/Project/NLP_K35/xlnntn_hp2_friend/data/mrDuc_data/Images/UzpfSTEwMDAwMDM2OTIxMDcyNTpWSzoyNzYzNzk1OTcxOTE3OTQ0Ng==_0.jpg
/images/UzpfSTEwMDAwMDM2OTIxMDcyNTpWSzoyNzYxNTEyNjY1NDc5NjA4Ng==_0.jpg	1.0	one_text_contains_the_other	嫉惡如讎。今天的練習02	"嫉
惡
如
讎"	/mnt/Suran_database/Users/thanhthanh_workspace/Project/NLP_K35/xlnntn_hp2_friend/data/mrDuc_data/Images/UzpfSTEwMDAwMDM2OTIxMDcyNTpWSzoyNzYxNTEyNjY1NDc5NjA4Ng==_0.jpg
/images/UzpfSTEwMDAwMDM2OTIxMDcyNTpWSzoyNzYzNzk2NDgyMjUxMjI2OQ==_0.jpg	0.611786	combined_score_above_threshold	玉粲冰寒。月痕侵畫闌。客裡安愁無地，為徙倚、到更殘。問花花不言。嗅香香欲闌。消得個溫存處，三六曲、翠屏間。今天的練習03	"玉粲冰寒月痕侵畫闌独裹安
愁無地為造待玉更抄問花不
言嗅香只閙消得個温存憂三分
曲翠屏間
宋人黃機霜天曉角
丙午之夏"	/mnt/Suran_database/Users/thanhthanh_workspace/Project/NLP_K35/xlnntn_hp2_friend/data/mrDuc_data/Images/UzpfSTEwMDAwMDM2OTIxMDcyNTpWSzoyNzYzNzk2NDgyMjUxMjI2OQ==_0.jpg
/images/UzpfSTYxNTY0MzE2NDM3MTkzOlZLOjI3NjMyOTEyNTc5Njg0MTYw_0.jpg	0.614219	combined_score_above_threshold	小扇面 見賢思齊	"見賢思齊
德和"	/mnt/Suran_database/Users/thanhthanh_workspace/Project/NLP_K35/xlnntn_hp2_friend/data/mrDuc_data/Images/UzpfSTYxNTY0MzE2NDM3MTkzOlZLOjI3NjMyOTEyNTc5Njg0MTYw_0.jpg
/images/UzpfSTEwMDAwMDg3OTY0NjE5MDpWSzoyNzYzNDA0MDU2MjkwNDY5NQ==_0.jpg	0.871505	high_directional_coverage	"1150804太平時節英雄懶。白雲深處老僧閑
11x68cm x2"	"太平時節英雄懶
丙午夏
白雲深處老僧閑
傳雲"	/mnt/Suran_database/Users/thanhthanh_workspace/Project/NLP_K35/xlnntn_hp2_friend/data/mrDuc_data/Images/UzpfSTEwMDAwMDg3OTY0NjE5MDpWSzoyNzYzNDA0MDU2MjkwNDY5NQ==_0.jpg
/images/UzpfSTEwMDAwMDM2OTIxMDcyNTpWSzoyNzYyNTkwNzQwNzA1MTM0NA==_0.jpg	1.0	one_text_contains_the_other	靜觀自得。今天的練習02	"靜
觀
自
得"	/mnt/Suran_database/Users/thanhthanh_workspace/Project/NLP_K35/xlnntn_hp2_friend/data/mrDuc_data/Images/UzpfSTEwMDAwMDM2OTIxMDcyNTpWSzoyNzYyNTkwNzQwNzA1MTM0NA==_0.jpg
/images/UzpfSTEwMDAwMDU5MzExMzI1ODpWSzoyNzYyNTg3NDI2MDM4Nzk5Mg==_0.jpg	0.428724	one_text_contains_the_other	王灣 / 次北固山下	"客路
青山外
行舟綠水
前
潮平
兩岸闊
風正一帆
懸
海
日生殘夜
江春入
舊年
鄉書
何處
達歸
雁洛陽邊
王灣
次北固山下
山嵐書"	/mnt/Suran_database/Users/thanhthanh_workspace/Project/NLP_K35/xlnntn_hp2_friend/data/mrDuc_data/Images/UzpfSTEwMDAwMDU5MzExMzI1ODpWSzoyNzYyNTg3NDI2MDM4Nzk5Mg==_0.jpg
/images/UzpfSTEwMDAwMDM2OTIxMDcyNTpWSzoyNzYyNTkwNDAxMDM4NTAxNw==_0.jpg	0.89697	high_directional_coverage	有恒可以入聖，無欲然後得剛。今天的練習01	"有
恆
可
以
入
聖
無
欲
然
後
得
剛"	/mnt/Suran_database/Users/thanhthanh_workspace/Project/NLP_K35/xlnntn_hp2_friend/data/mrDuc_data/Images/UzpfSTEwMDAwMDM2OTIxMDcyNTpWSzoyNzYyNTkwNDAxMDM4NTAxNw==_0.jpg
/images/UzpfSTEwMDAwMDU5MzExMzI1ODpWSzoyNzYyNTg3NDI2MDM4Nzk5Mg==_3.jpg	0.428724	one_text_contains_the_other	王灣 / 次北固山下	"客路青山外行舟綠水
前潮平兩岸闊風正一帆
懸海日生殘月江春入
舊年鄉書何處達歸
雁洛陽邊
王灣次北固山下
山嵐書"	/mnt/Suran_database/Users/thanhthanh_workspace/Project/NLP_K35/xlnntn_hp2_friend/data/mrDuc_data/Images/UzpfSTEwMDAwMDU5MzExMzI1ODpWSzoyNzYyNTg3NDI2MDM4Nzk5Mg==_3.jpg
/images/UzpfSTEwMDAwMDU5MzExMzI1ODpWSzoyNzYyNTg3NDI2MDM4Nzk5Mg==_1.jpg	0.428724	one_text_contains_the_other	王灣 / 次北固山下	"客路青山外行舟綠水
前潮平兩岸闊風正一帆
懸海日生殘夜江春入
舊年鄉書何處達歸
雁洛陽邊
王灣次北固山下
山嵐書"	/mnt/Suran_database/Users/thanhthanh_workspace/Project/NLP_K35/xlnntn_hp2_friend/data/mrDuc_data/Images/UzpfSTEwMDAwMDU5MzExMzI1ODpWSzoyNzYyNTg3NDI2MDM4Nzk5Mg==_1.jpg
/images/UzpfSTEwMDAwMDU5MzExMzI1ODpWSzoyNzYyNTg3NDI2MDM4Nzk5Mg==_2.jpg	0.428724	one_text_contains_the_other	王灣 / 次北固山下	"客路青山外行舟綠水
前潮平兩岸闊風正一帆
懸海日生殘夜江春入
舊年鄉書何處達歸
雁洛陽邊
王灣次北固山下
山嵐書"	/mnt/Suran_database/Users/thanhthanh_workspace/Project/NLP_K35/xlnntn_hp2_friend/data/mrDuc_data/Images/UzpfSTEwMDAwMDU5MzExMzI1ODpWSzoyNzYyNTg3NDI2MDM4Nzk5Mg==_2.jpg
/images/UzpfSTEwMDAwMDAxMzMyMjE5ODpWSzoyNzYyMDIwNjYwNzYyMTQyNA==_0.jpg	0.883947	high_directional_coverage	"少小離家老大回，鄉音無改鬢毛衰。
兒童相見不相識，笑問客從何處來。
賀知章 回鄉偶書 其一"	"少小離家老大
回鄉音無改
鬢毛衰兒童
相見不相識
笑問客從何處來
賀知章
賀知章回鄉偶書
立秋四日
沐清"	/mnt/Suran_database/Users/thanhthanh_workspace/Project/NLP_K35/xlnntn_hp2_friend/data/mrDuc_data/Images/UzpfSTEwMDAwMDAxMzMyMjE5ODpWSzoyNzYyMDIwNjYwNzYyMTQyNA==_0.jpg
/images/UzpfSTEwMDAwMDAxMzMyMjE5ODpWSzoyNzYyMDI1MTcyNzYxNjkxMg==_1.jpg	0.844259	high_directional_coverage	"城闕輔三秦，風煙望五津。👈
與君離別意，同是宦遊人。
海內存知己，天涯若比鄰。
無爲在歧路，兒女共沾巾。
王勃 送杜少府之任蜀州

日月兩輪天地眼 詩書萬卷聖賢心👉"	"城闕輔三秦風煙望
五津與君離別意同
是宦遊人海內存知
己天涯若比鄰無
爲在歧路兒女共沾
巾
王勃送杜少府之任蜀
丙申秋吉日
沐渭"	/mnt/Suran_database/Users/thanhthanh_workspace/Project/NLP_K35/xlnntn_hp2_friend/data/mrDuc_data/Images/UzpfSTEwMDAwMDAxMzMyMjE5ODpWSzoyNzYyMDI1MTcyNzYxNjkxMg==_1.jpg
/images/UzpfSTEwMDAwMDY5MDI2MjM3MTpWSzoyNzYyMTYwMTUwNDE0ODYwMQ==_0.jpg	0.378571	one_text_contains_the_other	平安的約	"我必與他們立
平安的約使惡
獸潛境內斷絕
他們就必安居
躺臥在林中
以西結書卅四章二十五節"	/mnt/Suran_database/Users/thanhthanh_workspace/Project/NLP_K35/xlnntn_hp2_friend/data/mrDuc_data/Images/UzpfSTEwMDAwMDY5MDI2MjM3MTpWSzoyNzYyMTYwMTUwNDE0ODYwMQ==_0.jpg
/images/UzpfSTEwMDAwMDAxMzMyMjE5ODpWSzoyNzYyMDIwNjYwNzYyMTQyNA==_2.jpg	0.926341	one_text_contains_the_other	"少小離家老大回，鄉音無改鬢毛衰。
兒童相見不相識，笑問客從何處來。
賀知章 回鄉偶書 其一"	"少
小
離
家
老
大
回
鄉
音
無
改
鬢
毛
衰
兒
童
相
見
不
相
識
笑
問
客
從
何
處
來
賀知章回鄉偶書其一丙午
立秋前日 沐渭"	/mnt/Suran_database/Users/thanhthanh_workspace/Project/NLP_K35/xlnntn_hp2_friend/data/mrDuc_data/Images/UzpfSTEwMDAwMDAxMzMyMjE5ODpWSzoyNzYyMDIwNjYwNzYyMTQyNA==_2.jpg
/images/UzpfSTEwMDAwMDAxMzMyMjE5ODpWSzoyNzYyMDI1MTcyNzYxNjkxMg==_2.jpg	0.58224	combined_score_above_threshold	"城闕輔三秦，風煙望五津。👈
與君離別意，同是宦遊人。
海內存知己，天涯若比鄰。
無爲在歧路，兒女共沾巾。
王勃 送杜少府之任蜀州

日月兩輪天地眼 詩書萬卷聖賢心👉"	"城
阙
辅
三
秦
风
烟
望
五
津
与
君
离
别
意
同
是
宦
游
人
海
内
存
知
己
天
涯
若
比
邻
无
为
在
歧
路
儿
女
共
沾
巾
王勃送杜少府之任蜀
丙戌秋分后
沐清"	/mnt/Suran_database/Users/thanhthanh_workspace/Project/NLP_K35/xlnntn_hp2_friend/data/mrDuc_data/Images/UzpfSTEwMDAwMDAxMzMyMjE5ODpWSzoyNzYyMDI1MTcyNzYxNjkxMg==_2.jpg
/images/UzpfSTEwMDAwMDAxMzMyMjE5ODpWSzoyNzYyMDIwNjYwNzYyMTQyNA==_3.jpg	0.918139	one_text_contains_the_other	"少小離家老大回，鄉音無改鬢毛衰。
兒童相見不相識，笑問客從何處來。
賀知章 回鄉偶書 其一"	"少小離家老大
回鄉音無改
鬢毛衰兒童
相見不相識
笑問客從何
處來
賀知章回鄉偶書其一丙午
立秋前四日沐渭"	/mnt/Suran_database/Users/thanhthanh_workspace/Project/NLP_K35/xlnntn_hp2_friend/data/mrDuc_data/Images/UzpfSTEwMDAwMDAxMzMyMjE5ODpWSzoyNzYyMDIwNjYwNzYyMTQyNA==_3.jpg
/images/UzpfSTEwMDAwNzI5MzE4NTg0MTpWSzoyNzYyMTY1NDExNzQ3NjY3Mw==_0.jpg	0.914211	high_directional_coverage	"節錄黃帝內經
虛邪賊風，避之有時，恬惔虛無，
真氣從之，精神內守，病安從來？
志閑而少欲，心安而不懼，形勞而不倦，
氣從以順，各從其欲，皆得所願。
故美其食，任其服，樂其俗，
高下不相慕，其民故曰樸。"	"虛
邪
賊
風
避
之
有
時
恬
惔
虛
无
真
氣
從
之
精
神
內
守
病
安
從
來
志
閑
而
少
欲
心
安
而
不
懼
形
勞
而
不
倦
氣
從
以
順
各
其
欲
皆
得
所
願
故
美
其
食
任
其
服
樂
其
俗
高
下
不
相
慕
其
民
故
曰
樸
節
錄
黃
帝
內
經
傳
恒
書"	/mnt/Suran_database/Users/thanhthanh_workspace/Project/NLP_K35/xlnntn_hp2_friend/data/mrDuc_data/Images/UzpfSTEwMDAwNzI5MzE4NTg0MTpWSzoyNzYyMTY1NDExNzQ3NjY3Mw==_0.jpg
/images/UzpfSTEwMDAwMDAxMzMyMjE5ODpWSzoyNzYyMDIwNjYwNzYyMTQyNA==_1.jpg	0.883947	high_directional_coverage	"少小離家老大回，鄉音無改鬢毛衰。
兒童相見不相識，笑問客從何處來。
賀知章 回鄉偶書 其一"	"少小離家老大
回鄉音無改
鬢毛衰兒童
相見不相識
笑問客從何
處來
賀知章回鄉偶書西平
立秋前四日
沐清"	/mnt/Suran_database/Users/thanhthanh_workspace/Project/NLP_K35/xlnntn_hp2_friend/data/mrDuc_data/Images/UzpfSTEwMDAwMDAxMzMyMjE5ODpWSzoyNzYyMDIwNjYwNzYyMTQyNA==_1.jpg
/images/UzpfSTEwMDAwMDM2NjMwMzY2NTpWSzoyNzYxMjc0MTMxNTAzNDYyMA==_0.jpg	0.738182	combined_score_above_threshold	"2026-08-02
週日習書

春眠 孟浩然
春眠不覺曉，
處處聞啼鳥。
夜來風雨聲，
花落知多少。"	"春眠不覺曉
處處聞啼鳥
夜來風雨聲
花落知多少
孟浩然春眠
丙子冬煜金禪書"	/mnt/Suran_database/Users/thanhthanh_workspace/Project/NLP_K35/xlnntn_hp2_friend/data/mrDuc_data/Images/UzpfSTEwMDAwMDM2NjMwMzY2NTpWSzoyNzYxMjc0MTMxNTAzNDYyMA==_0.jpg
/images/UzpfSTEwMDAwNDY3ODcxMTEyOTpWSzoyNzU4ODMzOTE5NDE0MTQ5OQ==_0.jpg	0.443178	one_text_contains_the_other	蘇軾《題西林壁》。	"横看成嶺側成峰
遠近高低各不同不識
廬山真面目只緣身
在此山中
宋蘇軾題西林壁
丙午宗宸"	/mnt/Suran_database/Users/thanhthanh_workspace/Project/NLP_K35/xlnntn_hp2_friend/data/mrDuc_data/Images/UzpfSTEwMDAwNDY3ODcxMTEyOTpWSzoyNzU4ODMzOTE5NDE0MTQ5OQ==_0.jpg
/images/UzpfSTEwMDAwMDU5MzExMzI1ODpWSzoyNzYwMDg3MjQyOTU1NDg0Mg==_0.jpg	0.52668	one_text_contains_the_other	祖詠 / 終南望餘雪	"終南陰嶺秀積雪浮
雲端林表明霽色
城中增暮寒
祖詠終南望餘雪
小嵐書"	/mnt/Suran_database/Users/thanhthanh_workspace/Project/NLP_K35/xlnntn_hp2_friend/data/mrDuc_data/Images/UzpfSTEwMDAwMDU5MzExMzI1ODpWSzoyNzYwMDg3MjQyOTU1NDg0Mg==_0.jpg
/images/UzpfSTEwMDAwMDU5MzExMzI1ODpWSzoyNzYwMDg3MjQyOTU1NDg0Mg==_1.jpg	0.52668	one_text_contains_the_other	祖詠 / 終南望餘雪	"終南陰嶺秀積雪浮
雲端林表明霽色
城中增暮寒
祖詠終南望餘雪
小嵐書"	/mnt/Suran_database/Users/thanhthanh_workspace/Project/NLP_K35/xlnntn_hp2_friend/data/mrDuc_data/Images/UzpfSTEwMDAwMDU5MzExMzI1ODpWSzoyNzYwMDg3MjQyOTU1NDg0Mg==_1.jpg
/images/UzpfSTEwMDAwMDA5NDY5MjQ5NDpWSzoyNzYwMTk2OTIwMjc3ODQ5OA==_0.jpg	0.711074	high_directional_coverage	"**大家午安**

**願你歸來仍少年  不負韶華意萬千**

**〈晚風殘照〉歌曲，甚是喜歡，截兩句書之。**

**張威龍 習書2026/8/1**"	"願你歸
來仍少年
不負韶華
意氣平
“晚風殘照”歌也甚是
喜歡截此兩句書之
丙申夏張晟記"	/mnt/Suran_database/Users/thanhthanh_workspace/Project/NLP_K35/xlnntn_hp2_friend/data/mrDuc_data/Images/UzpfSTEwMDAwMDA5NDY5MjQ5NDpWSzoyNzYwMTk2OTIwMjc3ODQ5OA==_0.jpg
/images/UzpfSTEwMDAwMDM2OTIxMDcyNTpWSzoyNzYwNTQ3OTc4NTc2MDc3Mw==_0.jpg	1.0	one_text_contains_the_other	薄靄籠花天欲暮，良夜清風月滿湖。今天的練習01	"薄
靄
籠
花
天
欲
暮
良
夜
清
風
月
滿
湖"	/mnt/Suran_database/Users/thanhthanh_workspace/Project/NLP_K35/xlnntn_hp2_friend/data/mrDuc_data/Images/UzpfSTEwMDAwMDM2OTIxMDcyNTpWSzoyNzYwNTQ3OTc4NTc2MDc3Mw==_0.jpg
/images/UzpfSTEwMDAwMDgwMjE5MTgwMjpWSzoyNzU5ODQ0ODgzNjQ2Mzg2OA==_0.jpg	0.446169	one_text_contains_the_other	20260801書法練習	"20260801書法練習
感覺有壓力~
就讓自己休息
丙午之夏吉時吳紹瑋書
If you feel stressed.
Give yourself a break."	/mnt/Suran_database/Users/thanhthanh_workspace/Project/NLP_K35/xlnntn_hp2_friend/data/mrDuc_data/Images/UzpfSTEwMDAwMDgwMjE5MTgwMjpWSzoyNzU5ODQ0ODgzNjQ2Mzg2OA==_0.jpg
/images/UzpfSTEwMDAwMDM2OTIxMDcyNTpWSzoyNzU4MTA2Mzk2ODIwMjM1NQ==_0.jpg	0.71829	high_directional_coverage	吳頭楚尾，一棹人千里，休說舊愁新恨，長亭樹，今如此。 宦遊吾倦矣，玉人留我醉，明日萬花寒食，得且住，為佳耳。今天的練習03	"吴
頭
楚
尾
一
棹
人
千
里
休
說
舊
愁
新
恨
長
亭
柳
今
如
此
宦
途
奔
倦
美
玉
人
為
我
破
明
日
落
花
寒
食
得
且
住
為
佳
耳
宋
辛
稼
軒
霜
天
曉
角
丙
午
夏"	/mnt/Suran_database/Users/thanhthanh_workspace/Project/NLP_K35/xlnntn_hp2_friend/data/mrDuc_data/Images/UzpfSTEwMDAwMDM2OTIxMDcyNTpWSzoyNzU4MTA2Mzk2ODIwMjM1NQ==_0.jpg
/images/UzpfSTEwMDAwMDM2OTIxMDcyNTpWSzoyNzU5MzEwODQ5MzY2NDU2OQ==_0.jpg	1.0	one_text_contains_the_other	細品人生。今天的練習02	"細
品
人
生"	/mnt/Suran_database/Users/thanhthanh_workspace/Project/NLP_K35/xlnntn_hp2_friend/data/mrDuc_data/Images/UzpfSTEwMDAwMDM2OTIxMDcyNTpWSzoyNzU5MzEwODQ5MzY2NDU2OQ==_0.jpg
/images/UzpfSTEwMDAwMDM0MDE0MDI3NjpWSzoyNzU5ODU1OTc1OTc4NjEwOQ==_0.jpg	0.582279	high_directional_coverage	"《春江花月錦繡》／張若虛／唐代
鴻雁長飛光不度 魚龍潛躍水成文
資料來源：AI"	"《春江花月夜》张若虚 唐代
鴻雁長飛光不度
鴻雁長飛光不度
魚龍潛躍水成文
魚龍潛躍水成文
丙申六月十九方栋书"	/mnt/Suran_database/Users/thanhthanh_workspace/Project/NLP_K35/xlnntn_hp2_friend/data/mrDuc_data/Images/UzpfSTEwMDAwMDM0MDE0MDI3NjpWSzoyNzU5ODU1OTc1OTc4NjEwOQ==_0.jpg
/images/UzpfSTEwMDAwMjgwNzA5MDE0OTpWSzoyNzYwNTk5MjI2MjM3NjE5Mg==_0.jpg	0.860702	high_directional_coverage	"無題
唐-李商隱

昨夜星辰昨夜風，畫樓西畔桂堂東。

身無彩鳳雙飛翼，心有靈犀一點通。

隔座送鉤春酒暖，分曹射覆蠟燈紅。

嗟余聽鼓應官去，走馬蘭臺類轉蓬。"	"昨夜星辰昨夜風畫樓西畔桂堂東
身無彩鳳雙飛翼心有靈犀一點通
隔座送鉤春酒暖分曹射覆蠟燈紅
嗟余聽鼓應官去走馬蘭台類轉蓬
唐李商隐诗无题丙子之夏许忠淳"	/mnt/Suran_database/Users/thanhthanh_workspace/Project/NLP_K35/xlnntn_hp2_friend/data/mrDuc_data/Images/UzpfSTEwMDAwMjgwNzA5MDE0OTpWSzoyNzYwNTk5MjI2MjM3NjE5Mg==_0.jpg
/images/UzpfSTEwMDAxNjg4Mjk5NjczMzpWSzoyNzU5Mjg2NzIwMDM1NTM2NQ==_0.jpg	0.737332	high_directional_coverage	"4 尺行書立軸！見笑！
簾外雨潺潺，春意闌珊，羅衾不耐五更寒。夢里不知身是客，一晌貪歡。獨自莫任欄，無限江山，別時容易見時難。

流水落花春去也，天上人間。"	"簾外雨潺潺
春意闌珊
羅衾不耐五
更寒
不知身是客
一晌貪歡
獨自莫憑欄
無限江山
別時容易
見時難
天上人間
李煜詞一首
丙子夏日書于
昌平"	/mnt/Suran_database/Users/thanhthanh_workspace/Project/NLP_K35/xlnntn_hp2_friend/data/mrDuc_data/Images/UzpfSTEwMDAxNjg4Mjk5NjczMzpWSzoyNzU5Mjg2NzIwMDM1NTM2NQ==_0.jpg
/images/UzpfSTU0MjM2Mjc2MDpWSzoyNzU5MjMxMzAwMDQxMDc4NQ==_2.jpg	0.546395	one_text_contains_the_other	"【原文】
一受其成形，不化以待盡；
與物相刃相靡，其行盡如馳，而莫之能止，
不亦悲乎！

《莊子.齊物論》
 
【白話譯文】
人一旦稟受氣化而擁有形體，執持此身、固守自我而不隨自然變化，唯有等待生命力逐漸耗盡；
終身與外物相互衝擊、相互磨蝕，生命歲月疾馳不歇，沒有力量可以讓它停下，這難道不是莫大的悲哀嗎？

#練字養心"	"一受其成形
不化以待盡
與物相刃相
靡其行盡如
馳而莫之能
止不亦悲乎
ericleung.space"	/mnt/Suran_database/Users/thanhthanh_workspace/Project/NLP_K35/xlnntn_hp2_friend/data/mrDuc_data/Images/UzpfSTU0MjM2Mjc2MDpWSzoyNzU5MjMxMzAwMDQxMDc4NQ==_2.jpg
/images/UzpfSTU0MjM2Mjc2MDpWSzoyNzU5MjMxMzAwMDQxMDc4NQ==_1.jpg	0.546395	one_text_contains_the_other	"【原文】
一受其成形，不化以待盡；
與物相刃相靡，其行盡如馳，而莫之能止，
不亦悲乎！

《莊子.齊物論》
 
【白話譯文】
人一旦稟受氣化而擁有形體，執持此身、固守自我而不隨自然變化，唯有等待生命力逐漸耗盡；
終身與外物相互衝擊、相互磨蝕，生命歲月疾馳不歇，沒有力量可以讓它停下，這難道不是莫大的悲哀嗎？

#練字養心"	"一受其成形
不化以待盡
與物相刃相
靡其行盡如
馳而莫之能
止不亦悲乎
ericleung.space"	/mnt/Suran_database/Users/thanhthanh_workspace/Project/NLP_K35/xlnntn_hp2_friend/data/mrDuc_data/Images/UzpfSTU0MjM2Mjc2MDpWSzoyNzU5MjMxMzAwMDQxMDc4NQ==_1.jpg
/images/UzpfSTEwMDAwMDM2OTIxMDcyNTpWSzoyNzU5MzExMzEwMzY2NDEwOA==_0.jpg	0.582087	combined_score_above_threshold	香莓幽徑滑。 縈繞秋曲折。 簾額紅搖波影，魚驚墜、暗吹沫。 浪闊。 輕棹撥。 武陵曾話別。 一點菸紅春小，桃花夢、半林月。今天的練習03	"香
莓
画
逕
滑
縈
繞
秋
步
折
篔
簹
紅
搖
波
新
魚
驚
陰
晴
吹
沫
浪
闊
輕
橈
擬
武
陵
舊
話
別
一
殢
煙
紅
春
小
桃
源
夢
半
林
月
宋
人
吳
文
英
霜
天
曉
角
丙
午
夏"	/mnt/Suran_database/Users/thanhthanh_workspace/Project/NLP_K35/xlnntn_hp2_friend/data/mrDuc_data/Images/UzpfSTEwMDAwMDM2OTIxMDcyNTpWSzoyNzU5MzExMzEwMzY2NDEwOA==_0.jpg
/images/UzpfSTEwMDAwNzI5MzE4NTg0MTpWSzoyNzU4NzMzODkxNzU3NDg2MA==_0.jpg	0.698338	high_directional_coverage	"《道藏‧洞玄經》：
寵辱不驚，肝木以寧。
動靜以敬，心火自定。
食飲有節，脾土不泄。
沉默寡言，肺金自全。
恬淡無欲，腎水自足。"	"寵
辱
不
驚
肝
木
以
寧
動
靜
以
敬
心
火
自
定
食
飲
有
節
脾
土
不
瀉
沉
默
寡
言
肺
金
自
全
恬
淡
無
欲
腎
水
自
足
道
藏
中
有
洞
玄
經
一
卷
言
五
行
修
練
之
術
遠
取
之
物
近
取
之
身
誠
之
上
至
道
足
以
却
病
延
年
也
甲
辰
仲
春
傅
卿
書"	/mnt/Suran_database/Users/thanhthanh_workspace/Project/NLP_K35/xlnntn_hp2_friend/data/mrDuc_data/Images/UzpfSTEwMDAwNzI5MzE4NTg0MTpWSzoyNzU4NzMzODkxNzU3NDg2MA==_0.jpg
/images/UzpfSTU0MjM2Mjc2MDpWSzoyNzU5MjMxMzAwMDQxMDc4NQ==_4.jpg	0.546395	one_text_contains_the_other	"【原文】
一受其成形，不化以待盡；
與物相刃相靡，其行盡如馳，而莫之能止，
不亦悲乎！

《莊子.齊物論》
 
【白話譯文】
人一旦稟受氣化而擁有形體，執持此身、固守自我而不隨自然變化，唯有等待生命力逐漸耗盡；
終身與外物相互衝擊、相互磨蝕，生命歲月疾馳不歇，沒有力量可以讓它停下，這難道不是莫大的悲哀嗎？

#練字養心"	"一受其成形
不化以待盡
與物相刃相
靡其行盡如
馳而莫之能
止不亦悲乎
ericleung.space"	/mnt/Suran_database/Users/thanhthanh_workspace/Project/NLP_K35/xlnntn_hp2_friend/data/mrDuc_data/Images/UzpfSTU0MjM2Mjc2MDpWSzoyNzU5MjMxMzAwMDQxMDc4NQ==_4.jpg
/images/UzpfSTEwMDAwMDAxMzMyMjE5ODpWSzoyNzU4NTY3MDgyNzc0MTY2OQ==_1.jpg	0.807401	one_text_contains_the_other	"崔護 題都城南庄👈
去年今日此門中，人面桃花相映紅。
人面不知何處去，桃花依舊笑春風。 
#中山篆"	"去
年
今
日
此
門
中
人
面
桃
花
相
映
紅
人
面
崔護題都城南庄
去年今日此門中人面桃花相映紅
人面不知何處去桃花依舊笑春風
丙申春后七日
沐清"	/mnt/Suran_database/Users/thanhthanh_workspace/Project/NLP_K35/xlnntn_hp2_friend/data/mrDuc_data/Images/UzpfSTEwMDAwMDAxMzMyMjE5ODpWSzoyNzU4NTY3MDgyNzc0MTY2OQ==_1.jpg
/images/UzpfSTEwMDAwNjk5OTg0Mzk5MjpWSzoyNzU4NTk0MzI4NDM4MTA5MA==_0.jpg	0.646545	combined_score_above_threshold	"書友早安愉悅😃
習字塗鴉 分享🙏
君子之行:
靜以修身儉以養德
非淡泊無以明志，
非寧靜無以致遠。
✍️於:烘爐茶壺"	"御錦
君
子
之
行
靜
以
修
身
儉
以
養
德
非
淡
泊
無
以
明
志
非
寧
靜
無
以
致
遠
丙申夏月
楊帆書
楊帆之印"	/mnt/Suran_database/Users/thanhthanh_workspace/Project/NLP_K35/xlnntn_hp2_friend/data/mrDuc_data/Images/UzpfSTEwMDAwNjk5OTg0Mzk5MjpWSzoyNzU4NTk0MzI4NDM4MTA5MA==_0.jpg
/images/UzpfSTYxNTczOTk5Nzk4MzcwOlZLOjI3NTc0NTA4NTM1NTI0NTY1_0.jpg	0.937969	one_text_contains_the_other	"<網路勵志文>

心存善念百事安，
與人方便路自寬。
厚德載物行天下，
福澤綿長歲月歡。"	"心
存
善
念
百
事
安
與
人
方
便
路
自
寬
厚
德
載
物
行
天
下
福
澤
綿
長
歲
月
歡"	/mnt/Suran_database/Users/thanhthanh_workspace/Project/NLP_K35/xlnntn_hp2_friend/data/mrDuc_data/Images/UzpfSTYxNTczOTk5Nzk4MzcwOlZLOjI3NTc0NTA4NTM1NTI0NTY1_0.jpg
/images/UzpfSTEwMDAwMDAxMzMyMjE5ODpWSzoyNzU4NTYyODMyMTA3OTI1Mw==_1.jpg	0.676268	high_directional_coverage	"崔護 題都城南庄👈
去年今日此門中，人面桃花相映紅。
人面不知何處去，桃花依舊笑春風。 

雪後園林水邊樓閣 辛棄疾👉
落花微雨芳草斜陽 賀鑄"	"去
年
今
日
此
門
人
面
桃花
相
映
紅
人
面
不
知
何
處
去
桃
花
依
舊
笑
春
風
崔
護
題
都
城
南
莊
沐
涓"	/mnt/Suran_database/Users/thanhthanh_workspace/Project/NLP_K35/xlnntn_hp2_friend/data/mrDuc_data/Images/UzpfSTEwMDAwMDAxMzMyMjE5ODpWSzoyNzU4NTYyODMyMTA3OTI1Mw==_1.jpg
/images/UzpfSTEwMDAwMDM2OTIxMDcyNTpWSzoyNzU4MTA1ODQ2MTUzNjIzOQ==_0.jpg	0.830719	one_text_contains_the_other	新得園林栽樹法，喜聞子弟讀書聲。今天的練習01	"新
得
園
林
栽
樹
法
喜
聞
子
弟
讀
書
聲
丙午之夏
葉吉臻書"	/mnt/Suran_database/Users/thanhthanh_workspace/Project/NLP_K35/xlnntn_hp2_friend/data/mrDuc_data/Images/UzpfSTEwMDAwMDM2OTIxMDcyNTpWSzoyNzU4MTA1ODQ2MTUzNjIzOQ==_0.jpg
/images/UzpfSTEwMDAwMDAxMzMyMjE5ODpWSzoyNzU4NTY3MDgyNzc0MTY2OQ==_0.jpg	0.807401	one_text_contains_the_other	"崔護 題都城南庄👈
去年今日此門中，人面桃花相映紅。
人面不知何處去，桃花依舊笑春風。 
#中山篆"	"去
紅
人
面
年
相
不
知
今
映
何
處
日
花
之
桃
崔護題都城南庄去年今日此門中人面桃花相映紅
人面不知何處去桃花依舊笑春風
丙子春后七日
沐濡"	/mnt/Suran_database/Users/thanhthanh_workspace/Project/NLP_K35/xlnntn_hp2_friend/data/mrDuc_data/Images/UzpfSTEwMDAwMDAxMzMyMjE5ODpWSzoyNzU4NTY3MDgyNzc0MTY2OQ==_0.jpg
/images/UzpfSTEwMDAwMDM2NjMwMzY2NTpWSzoyNzU4NTkwODkyNzcxNzg1OQ==_5.jpg	0.805204	high_directional_coverage	"2026-07-31週五
今天週五，祝大家順心愉快。

神的孩子 盛曉玫
神的孩子，不要沮喪，舉目
向上望。 神在天上，不分晝
夜，時時看顧你。 雖遇艱難，
雖有愁苦，仍在祂手裡， 祂
必叫萬物互相效力，使你
福杯滿溢。 不要看環境，不
要看自己，凡專心倚靠祂
的必重新得力。 每個禱告
神都垂聽，千萬別放棄。 永
遠不要忘記你要忠心走
到底。
https://youtu.be/wKocQSeJ_0M?si=U77tou1uIjDnmBXX

常用漢字
390
陸驢呂鋁

論語金句：
三、處世與智慧（51–75）
61. 君子慎終追遠，民德歸厚矣

使徒行傳16:10-11.
箴言31:14-17."	"神的孩子不要沮喪舉目
向上望神在天上不分晝
夜時時看顧你雖遇艱難
雖有愁苦仍在祂手裡祂
必叫萬物互相效力使你
福杯滿溢不要看環境不
要看自己凡專心倚靠祂
的必重新得力每個禱告
神都垂聽千萬別放棄永
遠不要忘記你要忠心走
到底
神的孩子盧曉玫丙午友賢祥書"	/mnt/Suran_database/Users/thanhthanh_workspace/Project/NLP_K35/xlnntn_hp2_friend/data/mrDuc_data/Images/UzpfSTEwMDAwMDM2NjMwMzY2NTpWSzoyNzU4NTkwODkyNzcxNzg1OQ==_5.jpg
/images/UzpfSTEwMDAwNzI5MzE4NTg0MTpWSzoyNzYwMDE1ODQ3NjI5MjkwNA==_0.jpg	0.638125	combined_score_above_threshold	"平居所以自養而不敢輕用。
弱者養之，以至於剛；
虛者養之，以至於充。
信於久屈之中，而用於至足之後；
流於既溢之餘，而發於持滿之末。
博觀而約取，厚積而薄發。"	"平
居
所
以
自
養
而
不
敢
剛
虛
者
養
之
以
至
於
充
至
足
之
後
流
於
既
溢
之
觀
而
約
取
厚
積
而
薄
發
節
取
稼
說
送
張
琥
蘇
軾
詞
甲
辰
孟
春
傅"	/mnt/Suran_database/Users/thanhthanh_workspace/Project/NLP_K35/xlnntn_hp2_friend/data/mrDuc_data/Images/UzpfSTEwMDAwNzI5MzE4NTg0MTpWSzoyNzYwMDE1ODQ3NjI5MjkwNA==_0.jpg
/images/UzpfSTEwMDAwMDAxMzMyMjE5ODpWSzoyNzU3NDEwMjk1NTU2NTEyMw==_2.jpg	0.825709	one_text_contains_the_other	"海上生明月，天涯共此時。
情人怨遙夜，竟夕起相思。
滅燭憐光滿，披衣覺露滋。
不堪盈手贈，還寢夢佳期。
[唐] 張九齡《望月懷遠》"	"海上生明月天涯共
此時情人怨遙夜竟
夕起相思滅燭憐
光滿披衣覺露滋"	/mnt/Suran_database/Users/thanhthanh_workspace/Project/NLP_K35/xlnntn_hp2_friend/data/mrDuc_data/Images/UzpfSTEwMDAwMDAxMzMyMjE5ODpWSzoyNzU3NDEwMjk1NTU2NTEyMw==_2.jpg
/images/UzpfSTEwMDAwMDM0MDE0MDI3NjpWSzoyNzU3OTA1ODEzMTczNjI3Mg==_0.jpg	0.672935	combined_score_above_threshold	"有感
朝代：唐代
作者：白居易
全文：絕弦與斷絲，猶有卻續時。唯有衷腸斷，應無續得期。
資料來源：漢語網"	"《有感》白居易 唐代
絕弦與斷絲
猶有卻續時
唯有衷腸斷
應無續得期
丙午六月十六方柏棟"	/mnt/Suran_database/Users/thanhthanh_workspace/Project/NLP_K35/xlnntn_hp2_friend/data/mrDuc_data/Images/UzpfSTEwMDAwMDM0MDE0MDI3NjpWSzoyNzU3OTA1ODEzMTczNjI3Mg==_0.jpg
/images/UzpfSTEwMDAwMDAxMzMyMjE5ODpWSzoyNzU4NTY3MDgyNzc0MTY2OQ==_2.jpg	0.743977	one_text_contains_the_other	"崔護 題都城南庄👈
去年今日此門中，人面桃花相映紅。
人面不知何處去，桃花依舊笑春風。 
#中山篆"	"今
人
面
日
此
門
中
不
花
桃
相
映
紅
人
面
知
何
處
去
舊
去
桃
依
春
年
花
笑
風
崔護題都城南庄去年今日此門中人面桃花相映紅
人面不知何處去桃花依舊笑春風
丙申春后七日
沐清"	/mnt/Suran_database/Users/thanhthanh_workspace/Project/NLP_K35/xlnntn_hp2_friend/data/mrDuc_data/Images/UzpfSTEwMDAwMDAxMzMyMjE5ODpWSzoyNzU4NTY3MDgyNzc0MTY2OQ==_2.jpg
/images/UzpfSTEwMDAwMDM2NjMwMzY2NTpWSzoyNzU4NTkwODkyNzcxNzg1OQ==_9.jpg	0.794938	high_directional_coverage	"2026-07-31週五
今天週五，祝大家順心愉快。

神的孩子 盛曉玫
神的孩子，不要沮喪，舉目
向上望。 神在天上，不分晝
夜，時時看顧你。 雖遇艱難，
雖有愁苦，仍在祂手裡， 祂
必叫萬物互相效力，使你
福杯滿溢。 不要看環境，不
要看自己，凡專心倚靠祂
的必重新得力。 每個禱告
神都垂聽，千萬別放棄。 永
遠不要忘記你要忠心走
到底。
https://youtu.be/wKocQSeJ_0M?si=U77tou1uIjDnmBXX

常用漢字
390
陸驢呂鋁

論語金句：
三、處世與智慧（51–75）
61. 君子慎終追遠，民德歸厚矣

使徒行傳16:10-11.
箴言31:14-17."	"神
的
孩
子
不
要
沮
喪
舉
目
向
上
望
神
在
天
上
不
分
晝
夜
時
時
看
顧
你
雖
遇
艱
難
雖
有
愁
苦
仍
祂
手
裡
祂
必
叫
萬
物
互
相
效
力
使
你
福
杯
溢
不
要
看
環
境
不
要
看
自
己
凡
專
心
倚
靠
祂
的
必
重
新
得
力
每
個
禱
告
神
都
垂
聽
千
萬
別
放
棄
永
遠
不
要
忘
記
你
要
忠
心
走
到
底
神的孩子
盧曉玫
丙午夏
彭堅
書"	/mnt/Suran_database/Users/thanhthanh_workspace/Project/NLP_K35/xlnntn_hp2_friend/data/mrDuc_data/Images/UzpfSTEwMDAwMDM2NjMwMzY2NTpWSzoyNzU4NTkwODkyNzcxNzg1OQ==_9.jpg
/images/UzpfSTEwMDAwMDAxMzMyMjE5ODpWSzoyNzU3NDEwMjk1NTU2NTEyMw==_1.jpg	0.605499	high_directional_coverage	"海上生明月，天涯共此時。
情人怨遙夜，竟夕起相思。
滅燭憐光滿，披衣覺露滋。
不堪盈手贈，還寢夢佳期。
[唐] 張九齡《望月懷遠》"	"海上生明月天涯共
此时情人怨遥夜竟
夕起相思灭烛怜
光满披衣觉露滋"	/mnt/Suran_database/Users/thanhthanh_workspace/Project/NLP_K35/xlnntn_hp2_friend/data/mrDuc_data/Images/UzpfSTEwMDAwMDAxMzMyMjE5ODpWSzoyNzU3NDEwMjk1NTU2NTEyMw==_1.jpg
/images/UzpfSTEwMDAwNzI5MzE4NTg0MTpWSzoyNzU3NTQ5ODAwMjA5MjI4NQ==_0.jpg	0.918972	high_directional_coverage	"漢武帝/秋風辭
秋風起兮白雲飛，草木黃落兮雁南歸。
蘭有秀兮菊有芳，懷佳人兮不能忘。
泛樓船兮濟汾河，橫中流兮揚素波。
簫鼓鳴兮發棹歌，歡樂極兮哀情多。
少壯幾時兮奈老何！"	"秋風起兮白雲飛草木黃落兮
雁南歸蘭有秀兮菊有芳懷佳
人兮不能忘泛樓船兮濟汾河
橫中流兮揚素波簫鼓鳴兮發
棹歌歡樂極兮哀情多少壯幾
時乎奈老何
漢武帝秋風辭傅岠書"	/mnt/Suran_database/Users/thanhthanh_workspace/Project/NLP_K35/xlnntn_hp2_friend/data/mrDuc_data/Images/UzpfSTEwMDAwNzI5MzE4NTg0MTpWSzoyNzU3NTQ5ODAwMjA5MjI4NQ==_0.jpg
/images/UzpfSTEwMDAwMDAxMzMyMjE5ODpWSzoyNzU3NDEwMjk1NTU2NTEyMw==_0.jpg	0.619137	high_directional_coverage	"海上生明月，天涯共此時。
情人怨遙夜，竟夕起相思。
滅燭憐光滿，披衣覺露滋。
不堪盈手贈，還寢夢佳期。
[唐] 張九齡《望月懷遠》"	"光滿披衣覺露滋
不堪盈手贈還寢
夢佳期
張九齡望月懷遠
丙午大暑后五日
沐渭"	/mnt/Suran_database/Users/thanhthanh_workspace/Project/NLP_K35/xlnntn_hp2_friend/data/mrDuc_data/Images/UzpfSTEwMDAwMDAxMzMyMjE5ODpWSzoyNzU3NDEwMjk1NTU2NTEyMw==_0.jpg
/images/UzpfSTEwMDAwMDAxMzMyMjE5ODpWSzoyNzU4NTY3MDgyNzc0MTY2OQ==_5.jpg	0.743977	one_text_contains_the_other	"崔護 題都城南庄👈
去年今日此門中，人面桃花相映紅。
人面不知何處去，桃花依舊笑春風。 
#中山篆"	"去年今日
此門中人
面桃花相
映紅人面
不知何處
去桃花依
舊笑春風
崔護題都城南庄去年今日此門中人面桃花相映紅
人面不知何處去桃花依舊笑春風
庚子春后七日
沐涓"	/mnt/Suran_database/Users/thanhthanh_workspace/Project/NLP_K35/xlnntn_hp2_friend/data/mrDuc_data/Images/UzpfSTEwMDAwMDAxMzMyMjE5ODpWSzoyNzU4NTY3MDgyNzc0MTY2OQ==_5.jpg
/images/UzpfSTEwMDAwMDM2OTIxMDcyNTpWSzoyNzU0NTM5NzE1NTEwMjM3MA==_0.jpg	1.0	one_text_contains_the_other	意在筆先。今天的練習02	"意
在
筆
先"	/mnt/Suran_database/Users/thanhthanh_workspace/Project/NLP_K35/xlnntn_hp2_friend/data/mrDuc_data/Images/UzpfSTEwMDAwMDM2OTIxMDcyNTpWSzoyNzU0NTM5NzE1NTEwMjM3MA==_0.jpg
/images/UzpfSTEwMDAwMDM2OTIxMDcyNTpWSzoyNzU2ODUxODA1OTQ1Njk0Ng==_0.jpg	1.0	one_text_contains_the_other	分崩離析。今天的練習02	"分
崩
離
析"	/mnt/Suran_database/Users/thanhthanh_workspace/Project/NLP_K35/xlnntn_hp2_friend/data/mrDuc_data/Images/UzpfSTEwMDAwMDM2OTIxMDcyNTpWSzoyNzU2ODUxODA1OTQ1Njk0Ng==_0.jpg
/images/UzpfSTEwMDAwMDAxMzMyMjE5ODpWSzoyNzU3NDQ4MDAwMjE5NDA4NQ==_1.jpg	0.643494	high_directional_coverage	"菩薩蠻 晏幾道
江南未雪梅花白。憶梅人是江南客。
猶記舊相逢。淡煙微月中。
玉容長有信。一笑歸來近。
憶遠上樓時。晚雲和雁低。"	"江
南
未
雪
梅
花
白
憶
游
人
是
江
南
客
歸
期
舊
相
逢
淡
煙
微
畫
中
玉
容
亦
有
倩
一
笑"	/mnt/Suran_database/Users/thanhthanh_workspace/Project/NLP_K35/xlnntn_hp2_friend/data/mrDuc_data/Images/UzpfSTEwMDAwMDAxMzMyMjE5ODpWSzoyNzU3NDQ4MDAwMjE5NDA4NQ==_1.jpg
/images/UzpfSTYxNTY0MzE2NDM3MTkzOlZLOjI3NTU3ODUzODY3MTkwMDMy_0.jpg	0.341952	one_text_contains_the_other	德不孤，必有鄰	"德
不
孤
必
有
鄰
此句展示了孔子對道德觀念的信
念，他認為真正有道德的人，具有所
以過者化的道德感化力和人格魅
一定會找到志同道合的知音，亦自論
語里仁篇—有名言德不孤必有鄰
歲次丙午仲夏德根書於根城"	/mnt/Suran_database/Users/thanhthanh_workspace/Project/NLP_K35/xlnntn_hp2_friend/data/mrDuc_data/Images/UzpfSTYxNTY0MzE2NDM3MTkzOlZLOjI3NTU3ODUzODY3MTkwMDMy_0.jpg
/images/UzpfSTEwMDAxNjg4Mjk5NjczMzpWSzoyNzU1NzE0NjY5MzkyNzQxNg==_0.jpg	0.753056	high_directional_coverage	"行草小品一幅！見笑！
咬定青山不放鬆，立根原在破岩中。

千磨萬擊還堅勁，任爾東西南北風。"	"咬定青山不放鬆
立根原在破
岩中千磨萬
擊還堅勁
任爾東西南北風
丙午夏月五日
逸廬思齊書"	/mnt/Suran_database/Users/thanhthanh_workspace/Project/NLP_K35/xlnntn_hp2_friend/data/mrDuc_data/Images/UzpfSTEwMDAxNjg4Mjk5NjczMzpWSzoyNzU1NzE0NjY5MzkyNzQxNg==_0.jpg
/images/UzpfSTYxNTg2OTI4MjY3NTAwOlZLOjI3NTY1MTk2NjM2NDU1NzU1_0.jpg	0.482592	one_text_contains_the_other	十六字箴言	"十六字箴言
物来顺应
未来不迎
当时不杂
既往不恋
每日學書法"	/mnt/Suran_database/Users/thanhthanh_workspace/Project/NLP_K35/xlnntn_hp2_friend/data/mrDuc_data/Images/UzpfSTYxNTg2OTI4MjY3NTAwOlZLOjI3NTY1MTk2NjM2NDU1NzU1_0.jpg
/images/UzpfSTEwMDAwMzUzNjA0MTQ0NzpWSzoyNzU0OTQ4MzM4NDY5Mzc0Nw==_0.jpg	0.581811	combined_score_above_threshold	"#感謝書友欣賞

行草 唐 司空曙 秋園🙏☕😎

傷秋不是惜年華
別憶春風碧玉家
強向衰叢見芳意
茱萸紅實似繁花"	"傷秋不自惜年華
分付春風碧玉姿
強向衰翁咫尺地
茱萸紅實似繁花
唐司空曙秋園丙子楚檠書"	/mnt/Suran_database/Users/thanhthanh_workspace/Project/NLP_K35/xlnntn_hp2_friend/data/mrDuc_data/Images/UzpfSTEwMDAwMzUzNjA0MTQ0NzpWSzoyNzU0OTQ4MzM4NDY5Mzc0Nw==_0.jpg
/images/UzpfSTEwMDAwMDM2OTIxMDcyNTpWSzoyNzU1NjE5MDc0NDAyMzAxMQ==_0.jpg	1.0	one_text_contains_the_other	見善若渴。今天的練習02	"見
善
若
渴"	/mnt/Suran_database/Users/thanhthanh_workspace/Project/NLP_K35/xlnntn_hp2_friend/data/mrDuc_data/Images/UzpfSTEwMDAwMDM2OTIxMDcyNTpWSzoyNzU1NjE5MDc0NDAyMzAxMQ==_0.jpg
/images/UzpfSTEwMDAwMDM2NjMwMzY2NTpWSzoyNzU1NDM3NDY0NzUzNzk1NA==_0.jpg	0.583522	combined_score_above_threshold	"2026-07-28週二
登鸛雀樓 王之渙
白日依山盡，
黃河入海流。
欲窮千里目，
更上一層樓。"	"白日依山尽
黄河入海流
欲穷千里目
更上一层楼
王之渙登鸛雀樓
丙午夏
啟藩書"	/mnt/Suran_database/Users/thanhthanh_workspace/Project/NLP_K35/xlnntn_hp2_friend/data/mrDuc_data/Images/UzpfSTEwMDAwMDM2NjMwMzY2NTpWSzoyNzU1NDM3NDY0NzUzNzk1NA==_0.jpg
/images/UzpfSTEwMDAwMDM2OTIxMDcyNTpWSzoyNzU1NjE4ODE4NzM1NjYwMA==_0.jpg	0.927473	high_directional_coverage	窗含遠岫通書幌，雲當春風洗畫屏。今天的練習01	"窓含遠岫通書幌
雲當春風洗畫屏"	/mnt/Suran_database/Users/thanhthanh_workspace/Project/NLP_K35/xlnntn_hp2_friend/data/mrDuc_data/Images/UzpfSTEwMDAwMDM2OTIxMDcyNTpWSzoyNzU1NjE4ODE4NzM1NjYwMA==_0.jpg
/images/UzpfSTEwMDAwMDM2OTIxMDcyNTpWSzoyNzU2ODUyMTIwOTQ1NjYzMQ==_0.jpg	0.654871	high_directional_coverage	曉風搖幕。攲枕聞殘角。霜月可窗寒影，金猊冷、翠衾薄。舊恨無處著，新愁還又作。夜夜單于聲裏，燈花共、淚珠落。今天的練習03	"曉風挽幕敲枕間殘角霜月可
憐窗影折金猊冷絮衾薄舊恨無
處著新愁送又作夜々單衣聲
寒燈无共淚珠落
宋人張掄霜天曉角
丙午之夏"	/mnt/Suran_database/Users/thanhthanh_workspace/Project/NLP_K35/xlnntn_hp2_friend/data/mrDuc_data/Images/UzpfSTEwMDAwMDM2OTIxMDcyNTpWSzoyNzU2ODUyMTIwOTQ1NjYzMQ==_0.jpg
/images/UzpfSTYxNTUzOTIxNjgxMDE1OlZLOjI3NTQ1NTU3NjQ4NDE5NjU0_0.jpg	0.852941	high_directional_coverage	"厲兵秣馬磨新銳
夢回前朝洗舊戟￼"	"厲兵秣馬磨新銳
壬寅桂月凍墨
夢回前朝洗舊戟"	/mnt/Suran_database/Users/thanhthanh_workspace/Project/NLP_K35/xlnntn_hp2_friend/data/mrDuc_data/Images/UzpfSTYxNTUzOTIxNjgxMDE1OlZLOjI3NTQ1NTU3NjQ4NDE5NjU0_0.jpg
/images/UzpfSTEwMDAwMzUzNjA0MTQ0NzpWSzoyNzUzODU2ODIxMjQ1MTkzMQ==_0.jpg	0.740732	combined_score_above_threshold	"#感謝書友欣賞

行草 唐 李白 戲贈杜甫🙏☕😎

飯顆山頭逢杜甫
頂戴笠子日卓午
借問別來太瘦生
總為從前作詩苦"	"飯顆山頭逢杜甫
頂戴笠子日卓午
借問別來太瘦生
惣爲從前作詩苦
李白戲贈杜甫
丙子暮春
紹強"	/mnt/Suran_database/Users/thanhthanh_workspace/Project/NLP_K35/xlnntn_hp2_friend/data/mrDuc_data/Images/UzpfSTEwMDAwMzUzNjA0MTQ0NzpWSzoyNzUzODU2ODIxMjQ1MTkzMQ==_0.jpg
/images/UzpfSTEwMDAwMDM2OTIxMDcyNTpWSzoyNzU1NjE5NDkwNDAyMjU5NQ==_0.jpg	0.733014	high_directional_coverage	鞭影匆匆，又銅城驛東。 過雨碧羅天淨，才八月，響初鴻。 微風何寺鐘？ 夕曛嵐翠重。 十里魚山斷處，留一抹、棗林紅。今天的練習03	"鞭影匆々又銅鞮驛東過雨碧蘿西
天淨沙八月響初冷涼風何寺鐘
夕曛嵐翠重十里魚山沙處留
一抹棗林紅
清人朱彜尊詞天淨沙丙午之夏"	/mnt/Suran_database/Users/thanhthanh_workspace/Project/NLP_K35/xlnntn_hp2_friend/data/mrDuc_data/Images/UzpfSTEwMDAwMDM2OTIxMDcyNTpWSzoyNzU1NjE5NDkwNDAyMjU5NQ==_0.jpg
/images/UzpfSTEwMDAwMDM2OTIxMDcyNTpWSzoyNzUzNDc0MjUxMjgzNDUwMQ==_0.jpg	0.812121	high_directional_coverage	燈前酒味參禪，花裏琴聲佇雨。今天的練習01	"鐙前酒味參禪
筆裏琴聲佇雨"	/mnt/Suran_database/Users/thanhthanh_workspace/Project/NLP_K35/xlnntn_hp2_friend/data/mrDuc_data/Images/UzpfSTEwMDAwMDM2OTIxMDcyNTpWSzoyNzUzNDc0MjUxMjgzNDUwMQ==_0.jpg
/images/UzpfSTEwMDAwNjk5OTg0Mzk5MjpWSzoyNzU1MDQxOTg4MTI2Njc2NA==_0.jpg	0.580757	combined_score_above_threshold	"書友早安愉悅😃
習字塗鴉分亨。
書欲求精未易精，
當知功到自然成，
鍥而不捨水穿石，
按部就班是正行。
✍️於:烘爐茶壺"	"書藝求精未易精
當知
功到自然成
鍥而不捨
水穿石
拙即就非是
正行
書法論丙子盛夏楊澎書"	/mnt/Suran_database/Users/thanhthanh_workspace/Project/NLP_K35/xlnntn_hp2_friend/data/mrDuc_data/Images/UzpfSTEwMDAwNjk5OTg0Mzk5MjpWSzoyNzU1MDQxOTg4MTI2Njc2NA==_0.jpg
/images/UzpfSTEwMDAwMDM2OTIxMDcyNTpWSzoyNzU0NTQwMDE3MTc2ODczNQ==_0.jpg	0.900974	one_text_contains_the_other	晚晴風歇。一夜春威折。脈脈花疏天淡，雲來去、數枝雪。勝絕。愁亦絕。此情誰共說。惟有兩行低雁，知人倚、畫樓月。今天的練習03	"晚晴風歇一夜春威折脈脈花疏
天淡雲來去數枝雪勝絕愁亦絕
此情誰共說惟有兩行低雁知人
倚畫樓月
宋人范成大霜天曉角
丙午之夏"	/mnt/Suran_database/Users/thanhthanh_workspace/Project/NLP_K35/xlnntn_hp2_friend/data/mrDuc_data/Images/UzpfSTEwMDAwMDM2OTIxMDcyNTpWSzoyNzU0NTQwMDE3MTc2ODczNQ==_0.jpg
/images/UzpfSTEwMDAwMDM0MDE0MDI3NjpWSzoyNzU0NDY0NDAzNTE3NzY4Mg==_0.jpg	0.736945	high_directional_coverage	"暴雨
朝代：唐代
作者：韋莊
江村入夏多雷雨，曉作狂霖晚又晴。波浪不知深幾許，南湖今與北湖平。
資料來源：漢語網"	"《暴雨》
韋莊
唐代
江
村
入
夏
多
雷
雨
曉
作
狂
霖
晚
又
晴
波
浪
不
知
深
幾
許
南
湖
今
與
北
湖
平
丙
午
六
月
十
四
方柏棟"	/mnt/Suran_database/Users/thanhthanh_workspace/Project/NLP_K35/xlnntn_hp2_friend/data/mrDuc_data/Images/UzpfSTEwMDAwMDM0MDE0MDI3NjpWSzoyNzU0NDY0NDAzNTE3NzY4Mg==_0.jpg
/images/UzpfSTEwMDAwMjgwNzA5MDE0OTpWSzoyNzUwMTcwMTgwMjgwNTIzOQ==_0.jpg	0.609288	combined_score_above_threshold	"浪淘沙
唐-劉禹錫

九曲黃河萬里沙，浪淘風簸自天涯。

如今直上銀河去，同到牽牛織女家。"	"九曲黄河万里沙浪
淘风簸自天涯如今直
上银河去同到牵
牛织女家
刘禹锡诗绎峰"	/mnt/Suran_database/Users/thanhthanh_workspace/Project/NLP_K35/xlnntn_hp2_friend/data/mrDuc_data/Images/UzpfSTEwMDAwMjgwNzA5MDE0OTpWSzoyNzUwMTcwMTgwMjgwNTIzOQ==_0.jpg
/images/UzpfSTEwMDAwMDM2OTIxMDcyNTpWSzoyNzUyNDU0NjU5Mzg1NDA5Mw==_0.jpg	0.712641	high_directional_coverage	千樹桃花萬年藥，半潭秋水一房山。今天的練習01	"千樹桃花萬家春
半潭秋水一房山
丙午夏月
葉吉榮"	/mnt/Suran_database/Users/thanhthanh_workspace/Project/NLP_K35/xlnntn_hp2_friend/data/mrDuc_data/Images/UzpfSTEwMDAwMDM2OTIxMDcyNTpWSzoyNzUyNDU0NjU5Mzg1NDA5Mw==_0.jpg
/images/UzpfSTEwMDAwMDM2OTIxMDcyNTpWSzoyNzUyNDU0OTE0Mzg1MzgzOA==_0.jpg	1.0	one_text_contains_the_other	同舟共濟。今天的練習02	"同
舟
共
濟"	/mnt/Suran_database/Users/thanhthanh_workspace/Project/NLP_K35/xlnntn_hp2_friend/data/mrDuc_data/Images/UzpfSTEwMDAwMDM2OTIxMDcyNTpWSzoyNzUyNDU0OTE0Mzg1MzgzOA==_0.jpg
/images/UzpfSTEwMDAwNjk5OTg0Mzk5MjpWSzoyNzUyOTIxODg4NjcyMDE5Nw==_0.jpg	0.603851	combined_score_above_threshold	"書友早安愉悅😃
習字塗鴉分亨。
「處世必須克己短，交友應當學人長。」
✍️於:烘爐茶壺"	"時在丙子盛夏
處世必須克己短
交友應當學人長
撰於烘爐茶香齋敬書"	/mnt/Suran_database/Users/thanhthanh_workspace/Project/NLP_K35/xlnntn_hp2_friend/data/mrDuc_data/Images/UzpfSTEwMDAwNjk5OTg0Mzk5MjpWSzoyNzUyOTIxODg4NjcyMDE5Nw==_0.jpg
/images/UzpfSTEwMDAwMDM2OTIxMDcyNTpWSzoyNzUxNDM5MDI2ODIwMzA1OQ==_0.jpg	1.0	one_text_contains_the_other	既然得水豈可無竹，時或觀山亦當有亭。今天的練習01	"既然得水豈可無竹
時或觀山亦當有亭"	/mnt/Suran_database/Users/thanhthanh_workspace/Project/NLP_K35/xlnntn_hp2_friend/data/mrDuc_data/Images/UzpfSTEwMDAwMDM2OTIxMDcyNTpWSzoyNzUxNDM5MDI2ODIwMzA1OQ==_0.jpg
/images/UzpfSTEwMDAwMDM2OTIxMDcyNTpWSzoyNzUxNDM5NjAxMTUzNTgxOA==_0.jpg	0.737794	high_directional_coverage	鎖香亭榭。花艷烘春曾卜夜。空想芳游。不到秋涼不信愁。酒遲歌緩。月色平分窗一半。誰伴孤吟。手擘黃花碎卻心。今天的練習03	"鎖香亭榭花艷烘春曾卜夜野
遊不到秋涼不信愁遮歌緩月色
平分僊一半誰伴孤吟手擘黃花
碎却心
宋范石湖減字木蘭詞
丙午之夏"	/mnt/Suran_database/Users/thanhthanh_workspace/Project/NLP_K35/xlnntn_hp2_friend/data/mrDuc_data/Images/UzpfSTEwMDAwMDM2OTIxMDcyNTpWSzoyNzUxNDM5NjAxMTUzNTgxOA==_0.jpg
/images/UzpfSTEwMDAwMDM2OTIxMDcyNTpWSzoyNzUzNDc0NzY4OTUwMDY1MA==_0.jpg	0.716566	high_directional_coverage	微之謫去千餘里，太白無來十一年。 今日見名如見面，塵埃壁上破窗前。今天的練習03	"潄
齒
謫
去
千
餘
里
太
白
每
來
十
一
年
今
日
見
名
如
見
面
落
塵
壁
上
破
窻
前
唐
白
樂
天
詩
丙
午
之
夏"	/mnt/Suran_database/Users/thanhthanh_workspace/Project/NLP_K35/xlnntn_hp2_friend/data/mrDuc_data/Images/UzpfSTEwMDAwMDM2OTIxMDcyNTpWSzoyNzUzNDc0NzY4OTUwMDY1MA==_0.jpg
/images/UzpfSTEwMDAwMDM2OTIxMDcyNTpWSzoyNzUxNDM5MzE0NDg2OTQzOA==_0.jpg	1.0	one_text_contains_the_other	同甘共苦。今天的練習02	"同
甘
共
苦"	/mnt/Suran_database/Users/thanhthanh_workspace/Project/NLP_K35/xlnntn_hp2_friend/data/mrDuc_data/Images/UzpfSTEwMDAwMDM2OTIxMDcyNTpWSzoyNzUxNDM5MzE0NDg2OTQzOA==_0.jpg
/images/UzpfSTEwMDAwMDM2NjMwMzY2NTpWSzoyNzUyMzg2MTczNzI1NTkxMg==_0.jpg	0.681513	combined_score_above_threshold	"2026-07-25週六
假日習書

送陸判官琵琶峽 李白
水國秋風夜，
殊非遠別時。
長安如夢裏，
何日是歸期。"	"水國秋風夜
殊非遠別時
長安如夢裏
何日是歸期
李白送陸判官琵琶峽
丙午冬
怡瑩書"	/mnt/Suran_database/Users/thanhthanh_workspace/Project/NLP_K35/xlnntn_hp2_friend/data/mrDuc_data/Images/UzpfSTEwMDAwMDM2NjMwMzY2NTpWSzoyNzUyMzg2MTczNzI1NTkxMg==_0.jpg
/images/UzpfSTEwMDAwMzUzNjA0MTQ0NzpWSzoyNzQ5MzMwMTc0MDMxMTkxMg==_0.jpg	0.595449	combined_score_above_threshold	"#感謝書友欣賞

行草 唐 劉禹錫 傷桃源薛道士🙏☕😎

壇邊松在鶴巢空
白鹿閑行舊徑中
手植紅桃千樹發
滿山無主任春風"	"壇邊松在鶴巢空
白鹿來時度徑中
手植紅桃千樹發
滿山主任其人
唐劉禹錫游桃源詩一首庚子錄"	/mnt/Suran_database/Users/thanhthanh_workspace/Project/NLP_K35/xlnntn_hp2_friend/data/mrDuc_data/Images/UzpfSTEwMDAwMzUzNjA0MTQ0NzpWSzoyNzQ5MzMwMTc0MDMxMTkxMg==_0.jpg
/images/UzpfSTEwMDAwMDM2OTIxMDcyNTpWSzoyNzQ4ODE4OTI4MDgyMzE1OA==_0.jpg	0.593171	high_directional_coverage	虛竹幽蘭生靜氣，和風朗月喻天懷。今天的練習01	"雲竹幽蘭生靜氣
龢風霽月喻天懷
丙午五月端午前夕
葉恭綽"	/mnt/Suran_database/Users/thanhthanh_workspace/Project/NLP_K35/xlnntn_hp2_friend/data/mrDuc_data/Images/UzpfSTEwMDAwMDM2OTIxMDcyNTpWSzoyNzQ4ODE4OTI4MDgyMzE1OA==_0.jpg
/images/UzpfSTEwMDAwMDM2OTIxMDcyNTpWSzoyNzUwMDU0OTMzNjI1MzgxOQ==_0.jpg	0.76702	high_directional_coverage	故園東望路漫漫，雙袖龍鍾淚不乾。馬上相逢無紙筆，憑君傳語報平安。今天的練習03	"故園東望路漫，雙袖龍鍾淚
不乾馬上相逢無紙筆憑君傳
语报平安
唐人岑參詩逢入京使
丙午之夏"	/mnt/Suran_database/Users/thanhthanh_workspace/Project/NLP_K35/xlnntn_hp2_friend/data/mrDuc_data/Images/UzpfSTEwMDAwMDM2OTIxMDcyNTpWSzoyNzUwMDU0OTMzNjI1MzgxOQ==_0.jpg
/images/UzpfSTEwMDAxNjg4Mjk5NjczMzpWSzoyNzUxMDM2NjYwMTkzODc1OQ==_0.jpg	0.707725	high_directional_coverage	"4 尺行草直幅！見笑！
寒山轉蒼翠，秋水日潺浸。倚杖柴門外，臨風聽暮蝉。渡頭餘落日，墟里上孤煙。復值接與醉，狂歌五柳前。"	"寒
山
轉
蒼
翠
秋
水
日
湲
倚
杖
柴
門
外
臨
風
聽
暮
蟬
渡
頭
餘
落
日
墟
里
上
孤
煙
復
值
接
輿
醉
狂
歌
五
柳
前
丙
午
夏
月
康
有
爲
寫
於
鹿
南
官
舍
下
有
爲"	/mnt/Suran_database/Users/thanhthanh_workspace/Project/NLP_K35/xlnntn_hp2_friend/data/mrDuc_data/Images/UzpfSTEwMDAxNjg4Mjk5NjczMzpWSzoyNzUxMDM2NjYwMTkzODc1OQ==_0.jpg
/images/UzpfSTY3MTc0OTU2NDpWSzoyNzUwNjY3NDM2MjMwNzk4Mw==_2.jpg	0.259587	one_text_contains_the_other	"#金文 #青銅器拓片釋義 #虢季子白盤 #不僅書法

虢季子白盤（虢 guó，ㄍㄨㄛˊ）
*************************************************
「虢季子白盤」是西周時期的一件大型青銅器，中國國家一級文物，收藏在中國國家博物館，「晚清四大國寶」之一（大盂鼎、毛公鼎、散氏盤、虢季子白盤），也是首批禁止出境展覽的國寶之一。是目前發現的西周最大的青銅盤，盤底的銘文更被譽為「青銅器上的史詩」。 

「虢季子白盤」長137.2公分，寬86.5公分，高39.5公分，重達215.3公斤，需要七八個壯漢才能挪動。整體呈圓角長方形，四角圓弧，腹下內收，平底，四壁各有一對獸首銜環耳，紋飾有竊曲紋和波帶紋，看著像一個大浴缸。盤內底部鑄有銘文111字，分8行排列。

銘文記載了西周宣王十二年（前816），「虢國」將領「虢季子白」在洛水之北與「獫狁」（古代北方部族）作戰，斬敵500首級，俘虜50人，周王設宴慶功並賞賜車馬、弓矢、斧鉞 。語句以四字為主，用韻修飾，文辭優美，行文與《詩經》極為相似，書法清麗疏朗，是西周金文中的經典作品 。

「虢季子白盤」曾被農家當作馬槽使用，後被縣令徐燮所得，太平天國時期歸護王陳坤書收藏，同治三年（1864）被淮軍將領「劉銘傳」發現，帶回安徽老家收藏。抗日戰爭時期，劉銘傳後人為保護「虢季子白盤」將其深埋地下；1949年，劉銘傳第四代孫劉肅曾將「虢季子白盤」挖出獻給國家，現收藏於中國國家博物館。
***************************************************************
銘文：
隹十又二年。正月初吉丁亥。虢季子白乍寶盤。不（丕）顯子白▲（壯）。武于戎工（功）。經▲（維）四方。搏伐𠪚▲（狁）。于洛之陽。折首五百。執▲（訊）五十。是以先行。𧻚𧻚（桓桓）子白。獻▲（馘）于王。王孔加（嘉）子白義。王各（格）周廟，宣▲爰卿（饗）。王曰。白父。孔▲又（有）光。王睗（錫）乘馬。是用左（佐）王。睗（錫）用弓。彤矢其央。睗（錫）用戉（鉞）。用政（征）䜌（蠻）方。子子孫孫。萬年無彊。
*馘guó，ㄍㄨㄛˊ：古代戰爭時割取敵人左耳以獻功。
*****************************************************
據史料記載，「虢」是西周時期的一個諸侯國，位於今河南省三門峽附近。「虢季子白」是一位赫赫有名的貴族，以驍勇善戰著稱。「季」是中國古代兄弟排行（伯、仲、叔、季）的一種稱謂，在兄弟排行的第四位；「子白」就是這位虢國公子的名字。西周的歷史上他曾多次帶兵出征，他製作的銅盤「虢季子白盤」上，就是用銘文記錄了一場戰鬥。
*虢季子白，即虢宣公（?—?），姬姓，虢季氏，名子白，西周時期西虢國君主。
*********************************************
附：王福庵、司徒越、吳昌碩、羅振玉、童大年/臨「虢季子白盤」篆書作品。"	虢季子白盤	/mnt/Suran_database/Users/thanhthanh_workspace/Project/NLP_K35/xlnntn_hp2_friend/data/mrDuc_data/Images/UzpfSTY3MTc0OTU2NDpWSzoyNzUwNjY3NDM2MjMwNzk4Mw==_2.jpg
/images/UzpfSTY3MTc0OTU2NDpWSzoyNzUwNjY3NDM2MjMwNzk4Mw==_7.jpg	0.259587	one_text_contains_the_other	"#金文 #青銅器拓片釋義 #虢季子白盤 #不僅書法

虢季子白盤（虢 guó，ㄍㄨㄛˊ）
*************************************************
「虢季子白盤」是西周時期的一件大型青銅器，中國國家一級文物，收藏在中國國家博物館，「晚清四大國寶」之一（大盂鼎、毛公鼎、散氏盤、虢季子白盤），也是首批禁止出境展覽的國寶之一。是目前發現的西周最大的青銅盤，盤底的銘文更被譽為「青銅器上的史詩」。 

「虢季子白盤」長137.2公分，寬86.5公分，高39.5公分，重達215.3公斤，需要七八個壯漢才能挪動。整體呈圓角長方形，四角圓弧，腹下內收，平底，四壁各有一對獸首銜環耳，紋飾有竊曲紋和波帶紋，看著像一個大浴缸。盤內底部鑄有銘文111字，分8行排列。

銘文記載了西周宣王十二年（前816），「虢國」將領「虢季子白」在洛水之北與「獫狁」（古代北方部族）作戰，斬敵500首級，俘虜50人，周王設宴慶功並賞賜車馬、弓矢、斧鉞 。語句以四字為主，用韻修飾，文辭優美，行文與《詩經》極為相似，書法清麗疏朗，是西周金文中的經典作品 。

「虢季子白盤」曾被農家當作馬槽使用，後被縣令徐燮所得，太平天國時期歸護王陳坤書收藏，同治三年（1864）被淮軍將領「劉銘傳」發現，帶回安徽老家收藏。抗日戰爭時期，劉銘傳後人為保護「虢季子白盤」將其深埋地下；1949年，劉銘傳第四代孫劉肅曾將「虢季子白盤」挖出獻給國家，現收藏於中國國家博物館。
***************************************************************
銘文：
隹十又二年。正月初吉丁亥。虢季子白乍寶盤。不（丕）顯子白▲（壯）。武于戎工（功）。經▲（維）四方。搏伐𠪚▲（狁）。于洛之陽。折首五百。執▲（訊）五十。是以先行。𧻚𧻚（桓桓）子白。獻▲（馘）于王。王孔加（嘉）子白義。王各（格）周廟，宣▲爰卿（饗）。王曰。白父。孔▲又（有）光。王睗（錫）乘馬。是用左（佐）王。睗（錫）用弓。彤矢其央。睗（錫）用戉（鉞）。用政（征）䜌（蠻）方。子子孫孫。萬年無彊。
*馘guó，ㄍㄨㄛˊ：古代戰爭時割取敵人左耳以獻功。
*****************************************************
據史料記載，「虢」是西周時期的一個諸侯國，位於今河南省三門峽附近。「虢季子白」是一位赫赫有名的貴族，以驍勇善戰著稱。「季」是中國古代兄弟排行（伯、仲、叔、季）的一種稱謂，在兄弟排行的第四位；「子白」就是這位虢國公子的名字。西周的歷史上他曾多次帶兵出征，他製作的銅盤「虢季子白盤」上，就是用銘文記錄了一場戰鬥。
*虢季子白，即虢宣公（?—?），姬姓，虢季氏，名子白，西周時期西虢國君主。
*********************************************
附：王福庵、司徒越、吳昌碩、羅振玉、童大年/臨「虢季子白盤」篆書作品。"	虢季子白盤	/mnt/Suran_database/Users/thanhthanh_workspace/Project/NLP_K35/xlnntn_hp2_friend/data/mrDuc_data/Images/UzpfSTY3MTc0OTU2NDpWSzoyNzUwNjY3NDM2MjMwNzk4Mw==_7.jpg
/images/UzpfSTEwMDA4OTA0MzM2NTY5MDpWSzoyNzUwNTc3MDczOTA2NTAxMg==_0.jpg	0.293983	one_text_contains_the_other	將進酒。李白詞	"將進酒
李白詞
君不見黃河之水天上去
奔流到海不復回君不
見高堂明鏡悲白髮
朝如青絲暮成雪人生
得意須盡歡莫使金樽
空對月天生我材必有
用千金散盡還復來烹
羊宰牛且為樂會須一
飲三百杯岑夫子丹丘
生將進酒杯莫停與君
歌一曲請君為我傾耳
聽鐘鼓饌玉不足貴但
願長醉不願醒古來聖
賢皆寂寞惟有飲者留
其名陳王昔時宴平樂
斗酒十千恣讙謔主人
何為言少錢徑須沽取
對君酌五花馬千金裘
呼兒將出換美酒與爾
同銷萬古愁
丙申年之夏金熙書"	/mnt/Suran_database/Users/thanhthanh_workspace/Project/NLP_K35/xlnntn_hp2_friend/data/mrDuc_data/Images/UzpfSTEwMDA4OTA0MzM2NTY5MDpWSzoyNzUwNTc3MDczOTA2NTAxMg==_0.jpg
/images/UzpfSTEwMDAwMDM2OTIxMDcyNTpWSzoyNzQ3NzU3MjQ3NTIxODE3Mg==_0.jpg	1.0	one_text_contains_the_other	抱璞含真。今天的練習02	"抱
璞
含
真"	/mnt/Suran_database/Users/thanhthanh_workspace/Project/NLP_K35/xlnntn_hp2_friend/data/mrDuc_data/Images/UzpfSTEwMDAwMDM2OTIxMDcyNTpWSzoyNzQ3NzU3MjQ3NTIxODE3Mg==_0.jpg
/images/UzpfSTEwMDAwMDM2OTIxMDcyNTpWSzoyNzQ4ODE5NDc1MDgyMjYxMQ==_0.jpg	0.872876	high_directional_coverage	隱隱飛橋隔野煙，石磯西畔問漁船。桃花盡日隨流水，洞在清溪何處邊。今天的練習03	"隱々飛橋隔野煙石磯西畔問
漁船桃花盡日隨流水洞在清溪
何處邊
唐人張旭詩
丙午之夏"	/mnt/Suran_database/Users/thanhthanh_workspace/Project/NLP_K35/xlnntn_hp2_friend/data/mrDuc_data/Images/UzpfSTEwMDAwMDM2OTIxMDcyNTpWSzoyNzQ4ODE5NDc1MDgyMjYxMQ==_0.jpg
/images/UzpfSTEwMDAwMDM2OTIxMDcyNTpWSzoyNzQ3NzU3NTkxNTIxNzgyOA==_0.jpg	0.866578	one_text_contains_the_other	閨中少婦不知愁，春日凝妝上翠樓。忽見陌頭楊柳色，悔教夫婿覓封侯。今天的練習03	"閨中少婦不知愁春日凝妝上
翠樓忽見陌頭楊柳色悔教
夫婿覓封侯
唐人王昌齡詩閨怨
丙午之夏"	/mnt/Suran_database/Users/thanhthanh_workspace/Project/NLP_K35/xlnntn_hp2_friend/data/mrDuc_data/Images/UzpfSTEwMDAwMDM2OTIxMDcyNTpWSzoyNzQ3NzU3NTkxNTIxNzgyOA==_0.jpg
/images/UzpfSTEwMDAwMDM2OTIxMDcyNTpWSzoyNzQ4ODE5MjAzNzQ4OTU0OQ==_0.jpg	1.0	one_text_contains_the_other	從心所欲。今天的練習02	"從
心
所
欲"	/mnt/Suran_database/Users/thanhthanh_workspace/Project/NLP_K35/xlnntn_hp2_friend/data/mrDuc_data/Images/UzpfSTEwMDAwMDM2OTIxMDcyNTpWSzoyNzQ4ODE5MjAzNzQ4OTU0OQ==_0.jpg
/images/UzpfSTYxNTg2OTI4MjY3NTAwOlZLOjI3NDg0Mzk2ODg0NTM1NzMx_0.jpg	1.0	one_text_contains_the_other	"踏遍青山人未老，
風景這邊獨好。"	"踏遍青山人未老
風景這邊獨好"	/mnt/Suran_database/Users/thanhthanh_workspace/Project/NLP_K35/xlnntn_hp2_friend/data/mrDuc_data/Images/UzpfSTYxNTg2OTI4MjY3NTAwOlZLOjI3NDg0Mzk2ODg0NTM1NzMx_0.jpg
/images/UzpfSTEwMDAwNzI5MzE4NTg0MTpWSzoyNzQ4MzczMzc0NzkzNTM3OA==_0.jpg	0.77346	high_directional_coverage	"春宵一刻值千金，花有清香月有陰。
歌管樓台聲細細，鞦韆院落夜沉沉。宋/蘇軾/春宵"	"春
宵
一
刻
值
千
金
花
有
清
香
月
有
阴
歌
管
楼
台
声
细
细
鞦
韆
院
落
夜
沉
沉
宋
朝
蘇
軾
诗
春
宵
傅
坪
忠"	/mnt/Suran_database/Users/thanhthanh_workspace/Project/NLP_K35/xlnntn_hp2_friend/data/mrDuc_data/Images/UzpfSTEwMDAwNzI5MzE4NTg0MTpWSzoyNzQ4MzczMzc0NzkzNTM3OA==_0.jpg
/images/UzpfSTEwMDA4MTQ5Nzk3NTM4MTpWSzoyNzQ5NTU1NTMyNjc1MzIyMA==_1.jpg	0.285095	one_text_contains_the_other	臨散氏盤。	"用夨踐散邑迺即散用田履自瀗涉至于𦳚且邦𨔟
罰𤿪𬯎𤿪奠盩𰎰𬯎工翰同𠨧散从田庄且𠂤王𠨧
迺古大𨿽己邢且盩武新曰𢾎祥盩丁田𤿪或林賈中或盩丁田𣄰𠂤𨔟
于𨔟𠨧乂奔且𨔟𤿪𰎰新田𤿪西宮𠨧乂于新曰𢾎𬯎𤿪旅当下𥘏田𤿪田介十爽𨔟
𠨧于劉于𦳚且宮𠨧乂于射新𠨧𨔟𨔟大王于豆新同東過𠨧乂𥘏𨔟𠨧𠨧于中𨔟
丙午夏大暑臨散氏盤其体勢奇古生動有草篆之称丁敬"	/mnt/Suran_database/Users/thanhthanh_workspace/Project/NLP_K35/xlnntn_hp2_friend/data/mrDuc_data/Images/UzpfSTEwMDA4MTQ5Nzk3NTM4MTpWSzoyNzQ5NTU1NTMyNjc1MzIyMA==_1.jpg
/images/UzpfSTE0MTMwNjQ0MjY6Vks6Mjc0ODQ5MTUyNDQ0ODM4OTU=_0.jpg	0.709091	high_directional_coverage	知不足而奮進 望遠山而前行	"知
不
足
而
奋
进
望
远
山
而
前
行"	/mnt/Suran_database/Users/thanhthanh_workspace/Project/NLP_K35/xlnntn_hp2_friend/data/mrDuc_data/Images/UzpfSTE0MTMwNjQ0MjY6Vks6Mjc0ODQ5MTUyNDQ0ODM4OTU=_0.jpg
/images/UzpfSTEwMDAwMDM2OTIxMDcyNTpWSzoyNzQ2NDA4NTA1MzIzMzU4MQ==_0.jpg	1.0	one_text_contains_the_other	月從雪後皆奇夜，天向梅邊有別春。今天的練習01	"月從雪後皆奇夜
天向梅邊有別春"	/mnt/Suran_database/Users/thanhthanh_workspace/Project/NLP_K35/xlnntn_hp2_friend/data/mrDuc_data/Images/UzpfSTEwMDAwMDM2OTIxMDcyNTpWSzoyNzQ2NDA4NTA1MzIzMzU4MQ==_0.jpg
/images/UzpfSTEwMDAwNzI5MzE4NTg0MTpWSzoyNzUwNzk0MTEwODg0Nzk3NQ==_0.jpg	0.900518	high_directional_coverage	"東風嫋嫋泛崇光，香霧空濛月轉廊。
只恐夜深花睡去，故燒高燭照紅妝。宋/蘇軾/海棠"	"東風嫋嫋泛崇光香霧空濛月
轉廊只恐夜深花睡去故燒高
燭照紅粧
宋朝蘇軾詩海棠傅坪書"	/mnt/Suran_database/Users/thanhthanh_workspace/Project/NLP_K35/xlnntn_hp2_friend/data/mrDuc_data/Images/UzpfSTEwMDAwNzI5MzE4NTg0MTpWSzoyNzUwNzk0MTEwODg0Nzk3NQ==_0.jpg
/images/UzpfSTEwMDAwMDM2OTIxMDcyNTpWSzoyNzQ2NDA5MDgwMzIzMzAwNg==_0.jpg	0.664826	high_directional_coverage	故人具鷄黍，邀我至田家。緑樹村邊合，青山郭外斜。開軒面場圃，把酒話桑麻。待到重陽日，還來就菊花。今天的練習03	"故人具鷄黍邀我至田家绿树
村边合青山郭外斜开轩面场
圃把酒话桑麻待到重阳日还
来就菊花
唐孟浩然诗
丙午夏"	/mnt/Suran_database/Users/thanhthanh_workspace/Project/NLP_K35/xlnntn_hp2_friend/data/mrDuc_data/Images/UzpfSTEwMDAwMDM2OTIxMDcyNTpWSzoyNzQ2NDA5MDgwMzIzMzAwNg==_0.jpg
/images/UzpfSTEwMDAwNjk5OTg0Mzk5MjpWSzoyNzQ4Mjc2MjU0NDY5OTE2NQ==_0.jpg	0.592962	combined_score_above_threshold	"書友早安愉悅😃
習字塗鴉分亨🙏
「其身正，不令而行，其身不正，雖令不從。」
✍️於:烘爐茶壺"	"其
身
正
不
令
而
行
其
身
不
正
雖
令
不
從
丙
子
之
夏
楊
淅
書"	/mnt/Suran_database/Users/thanhthanh_workspace/Project/NLP_K35/xlnntn_hp2_friend/data/mrDuc_data/Images/UzpfSTEwMDAwNjk5OTg0Mzk5MjpWSzoyNzQ4Mjc2MjU0NDY5OTE2NQ==_0.jpg
/images/UzpfSTEwMDAwMTIyMzE1MzA5MjpWSzoyNzQ5ODIxMjU5MzE1NDE2MA==_2.jpg	0.599172	high_directional_coverage	7/23 丙午大暑思落雪	"落
雪
若
花
丙
午
夏
月
大
暑
思
遥
雪
慕
瀠
柔"	/mnt/Suran_database/Users/thanhthanh_workspace/Project/NLP_K35/xlnntn_hp2_friend/data/mrDuc_data/Images/UzpfSTEwMDAwMTIyMzE1MzA5MjpWSzoyNzQ5ODIxMjU5MzE1NDE2MA==_2.jpg
/images/UzpfSTEwMDAwMDM2OTIxMDcyNTpWSzoyNzQ1NTA1NTUyNzQ2OTg2Nw==_0.jpg	1.0	one_text_contains_the_other	瞻前顧後。今天的練習02	"瞻
前
顧
後"	/mnt/Suran_database/Users/thanhthanh_workspace/Project/NLP_K35/xlnntn_hp2_friend/data/mrDuc_data/Images/UzpfSTEwMDAwMDM2OTIxMDcyNTpWSzoyNzQ1NTA1NTUyNzQ2OTg2Nw==_0.jpg
/images/UzpfSTEwMDAwMjkxNTY4NzQwNTpWSzoyNzQ3MDA1ODQ5NTk2OTU3MA==_0.jpg	0.828671	high_directional_coverage	"三國，蜀漢，諸葛孔明《誡子書》。

夫君子之行，靜以修身，儉以養德。非澹泊無以明志，非寧靜無以致遠。夫學須靜也，才須學也，非學無以廣才，非志無以成學。慆慢則不能勵精，險躁則不能冶性。年與時馳，意與日去，遂成枯落，多不接世，悲守窮廬，將復何及！"	"非澹泊
無以明志
非寧靜
無以致遠
夫君子之行，靜以修身，
儉以養德，非澹泊無以明
志，非寧靜無以致遠。
夫學須靜也，才須學也，
非學無以廣才，非志無以
成學。慆慢則不能勵精，
險躁則不能治性。年與時
馳，意與日去，遂成枯落
，多不接世，悲守窮廬，
將復何及！
歲在癸卯秋月
馮雲鶴書
孔明誡子書
佩心女弟子"	/mnt/Suran_database/Users/thanhthanh_workspace/Project/NLP_K35/xlnntn_hp2_friend/data/mrDuc_data/Images/UzpfSTEwMDAwMjkxNTY4NzQwNTpWSzoyNzQ3MDA1ODQ5NTk2OTU3MA==_0.jpg
/images/UzpfSTEwMDAwMDM2OTIxMDcyNTpWSzoyNzQ3NzU2OTcwNTIxODQ0OQ==_0.jpg	0.591209	combined_score_above_threshold	藉甚聲花金鼎重，湛然心跡玉壺清。今天的練習01	"籍甚聲華金鼎重
湜然德器玉壺清"	/mnt/Suran_database/Users/thanhthanh_workspace/Project/NLP_K35/xlnntn_hp2_friend/data/mrDuc_data/Images/UzpfSTEwMDAwMDM2OTIxMDcyNTpWSzoyNzQ3NzU2OTcwNTIxODQ0OQ==_0.jpg
/images/UzpfSTEwMDAwMjkxNTY4NzQwNTpWSzoyNzQ3MDA1ODQ5NTk2OTU3MA==_1.jpg	0.817304	high_directional_coverage	"三國，蜀漢，諸葛孔明《誡子書》。

夫君子之行，靜以修身，儉以養德。非澹泊無以明志，非寧靜無以致遠。夫學須靜也，才須學也，非學無以廣才，非志無以成學。慆慢則不能勵精，險躁則不能冶性。年與時馳，意與日去，遂成枯落，多不接世，悲守窮廬，將復何及！"	"非澹泊
無以明志
非寧靜
無以致遠
夫君子之行，靜以修身，
儉以養德。非澹泊無以明
志，非寧靜無以致遠。
夫學須靜也，才須學也，
非學無以廣才，非志無
以成學。淫慢則不能勵精，
險躁則不能治性。年與時
馳，意與日去，遂成枯落
，多不接世，悲守窮廬，
將復何及！
歲在癸卯秋月
馮重陽書
孔明誡子書
佩心女弟子"	/mnt/Suran_database/Users/thanhthanh_workspace/Project/NLP_K35/xlnntn_hp2_friend/data/mrDuc_data/Images/UzpfSTEwMDAwMjkxNTY4NzQwNTpWSzoyNzQ3MDA1ODQ5NTk2OTU3MA==_1.jpg
/images/UzpfSTYxNTg2OTI4MjY3NTAwOlZLOjI3NDYxMjc4MDUwMTgwOTQ4_0.jpg	0.774048	high_directional_coverage	讀書品茶種花草，觀云聽雨品酒茶。	"讀書品茶種花草
觀雲聽雨品酒茶
己巳夏月小魚書"	/mnt/Suran_database/Users/thanhthanh_workspace/Project/NLP_K35/xlnntn_hp2_friend/data/mrDuc_data/Images/UzpfSTYxNTg2OTI4MjY3NTAwOlZLOjI3NDYxMjc4MDUwMTgwOTQ4_0.jpg
/images/UzpfSTEwMDAwMDM2OTIxMDcyNTpWSzoyNzQ1NTA1NzUzNzQ2OTY2Ng==_0.jpg	0.848824	one_text_contains_the_other	回樂峰前沙似雪，受降城外月如霜。不知何處吹蘆管，一夜征人盡望鄉。今天的練習03	"回樂峰前沙似雪受降城外月
如霜不知何處吹蘆管一夜征
人盡望鄉
唐李益詩夜上受降城聞笛
丙午夏"	/mnt/Suran_database/Users/thanhthanh_workspace/Project/NLP_K35/xlnntn_hp2_friend/data/mrDuc_data/Images/UzpfSTEwMDAwMDM2OTIxMDcyNTpWSzoyNzQ1NTA1NzUzNzQ2OTY2Ng==_0.jpg
/images/UzpfSTEwMDAwMDM2NjMwMzY2NTpWSzoyNzQ2MzcxNTQ2NjYwMzg3Mw==_0.jpg	0.714969	combined_score_above_threshold	"2026-07-20週一
蜀道難 李白
05
地崩山摧壯士死，
然後天梯石棧相鉤連。"	"地
崩
山
摧
壯
士
死
然
後
天
梯
石
棧
相
鉤
連
李白蜀道難
丙午冬
妙若禪書"	/mnt/Suran_database/Users/thanhthanh_workspace/Project/NLP_K35/xlnntn_hp2_friend/data/mrDuc_data/Images/UzpfSTEwMDAwMDM2NjMwMzY2NTpWSzoyNzQ2MzcxNTQ2NjYwMzg3Mw==_0.jpg
/images/UzpfSTEwMDAwMDA5NDY5MjQ5NDpWSzoyNzQ2MTMyNDA1MzUwOTY4MQ==_0.jpg	0.603345	combined_score_above_threshold	"大家午安
天若有情天亦老
張威龍 習書2026/7/20"	"天若
有情
天亦
老
丙子夏
張海書"	/mnt/Suran_database/Users/thanhthanh_workspace/Project/NLP_K35/xlnntn_hp2_friend/data/mrDuc_data/Images/UzpfSTEwMDAwMDA5NDY5MjQ5NDpWSzoyNzQ2MTMyNDA1MzUwOTY4MQ==_0.jpg
/images/UzpfSTEwMDAwMDM2OTIxMDcyNTpWSzoyNzQ0NDc1ODk3ODQ5OTUyMg==_0.jpg	0.674128	high_directional_coverage	醉醒何處可，延月鍵松扉。境寂心還定，天高夢不歸。一彈琴味永，三嘆瑟聲稀。翻羨孤飛雁，寒蘆任爾依。今天的練習03	"醉
醒
何
處
可
延
月
鎖
松
扉
境
寂
心
遠
邃
天
高
夢
不
歸
一
彈
琴
味
永
三
嘆
瑟
聲
稀
模
糊
雙
孤
雁
客
裏
情
懷
依
明
楊
守
禔
詩
丙
之
夏"	/mnt/Suran_database/Users/thanhthanh_workspace/Project/NLP_K35/xlnntn_hp2_friend/data/mrDuc_data/Images/UzpfSTEwMDAwMDM2OTIxMDcyNTpWSzoyNzQ0NDc1ODk3ODQ5OTUyMg==_0.jpg
/images/UzpfSTEwMDAwMDU5MzExMzI1ODpWSzoyNzQ2MDQ3MDkyMzU5NDk5NA==_0.jpg	0.377844	one_text_contains_the_other	李白 / 菩薩蠻	"平
林
漠
漠
煙
如
織
寒
山
一
帶
傷
心
碧
暝
色
入
高
樓
有
人
樓
上
愁
玉
階
空
佇
立
宿
鳥
歸
飛
急
何
處
是
歸
長
亭
更
短
亭
李
白
菩
薩
蠻
山
嵐
書"	/mnt/Suran_database/Users/thanhthanh_workspace/Project/NLP_K35/xlnntn_hp2_friend/data/mrDuc_data/Images/UzpfSTEwMDAwMDU5MzExMzI1ODpWSzoyNzQ2MDQ3MDkyMzU5NDk5NA==_0.jpg
/images/UzpfSTEwMDAwNzI5MzE4NTg0MTpWSzoyNzQ2MDU3NDQ1MzU4NDY0MQ==_0.jpg	0.897795	high_directional_coverage	"宋代/李清照/一剪梅
紅藕香殘玉簟秋。輕解羅裳，獨上蘭舟。雲中誰寄錦 書來，雁字回時，月滿西樓。
花自飄零水自流。一種相思，兩處閒愁。此情無計可消除，才下眉頭，卻上心頭。"	"紅
藕
香
殘
玉
簟
秋
輕
解
羅
裳
獨
上
蘭
舟
雲
中
誰
寄
錦
書
來
雁
字
回
時
月
滿
西
樓
花
自
飄
零
水
自
流
一
種
相
思
兩
處
閒
愁
此
情
無
計
可
消
除
纔
下
眉
頭
卻
上
心
頭
李
清
照
词
傅
评"	/mnt/Suran_database/Users/thanhthanh_workspace/Project/NLP_K35/xlnntn_hp2_friend/data/mrDuc_data/Images/UzpfSTEwMDAwNzI5MzE4NTg0MTpWSzoyNzQ2MDU3NDQ1MzU4NDY0MQ==_0.jpg
/images/UzpfSTEwMDAwMDU5MzExMzI1ODpWSzoyNzQ2MDQ3MDkyMzU5NDk5NA==_1.jpg	0.375582	one_text_contains_the_other	李白 / 菩薩蠻	"平
林
漠
漠
煙
如
織
寒
山
一
帶
傷
心
碧
暝
色
入
高
樓
有
人
樓
上
愁
玉
階
空
佇
立
宿
鳥
歸
飛
急
何
處
是
歸
程
長
亭
更
短
亭
李
白
菩
薩
蠻
山
嵐
書"	/mnt/Suran_database/Users/thanhthanh_workspace/Project/NLP_K35/xlnntn_hp2_friend/data/mrDuc_data/Images/UzpfSTEwMDAwMDU5MzExMzI1ODpWSzoyNzQ2MDQ3MDkyMzU5NDk5NA==_1.jpg
/images/UzpfSTEwMDAwMDU5MzExMzI1ODpWSzoyNzQ2MDQ3MDkyMzU5NDk5NA==_2.jpg	0.377844	one_text_contains_the_other	李白 / 菩薩蠻	"平
林
漠
漠
煙
如
織
寒
山
一
帶
傷
心
碧
瞑
色
入
高
樓
有
人
樓
上
愁
玉
階
空
伫
立
宿
鳥
歸
飛
急
何
處
是
程
長
亭
更
短
亭
李
白
菩
薩
蠻
山
嵐
書"	/mnt/Suran_database/Users/thanhthanh_workspace/Project/NLP_K35/xlnntn_hp2_friend/data/mrDuc_data/Images/UzpfSTEwMDAwMDU5MzExMzI1ODpWSzoyNzQ2MDQ3MDkyMzU5NDk5NA==_2.jpg
/images/UzpfSTEwMDAwMjgwNzA5MDE0OTpWSzoyNzQzMjM5NjMzMzA2OTEyMA==_0.jpg	0.807057	high_directional_coverage	"聞軍官收河南河北
唐-杜甫

劍外忽傳收薊北，

初聞涕淚滿衣裳。

卻看妻子愁何在，

漫捲詩書喜欲狂。

白日放歌須縱酒，

青春作伴好還鄉。

即從巴峽穿巫峽，

便下襄陽向洛陽。"	"劍外忽傳收薊北初聞涕淚滿衣裳卻看妻子
愁何在漫卷詩書喜欲狂白日放歌須縱酒青
春作伴好還鄉即從巴峽穿巫峽便下襄陽
白汲陽
唐杜甫詩聞官軍收河南河北丙子初秋徐志深"	/mnt/Suran_database/Users/thanhthanh_workspace/Project/NLP_K35/xlnntn_hp2_friend/data/mrDuc_data/Images/UzpfSTEwMDAwMjgwNzA5MDE0OTpWSzoyNzQzMjM5NjMzMzA2OTEyMA==_0.jpg
/images/UzpfSTEwMDAwMDM2OTIxMDcyNTpWSzoyNzQ1NTA1MzU0NDEzNjczMg==_0.jpg	0.683348	high_directional_coverage	上陽宮裏斷腸時。春半如秋意轉迷。獨坐沙窗刺繡遲。淚沾衣。不見人歸見燕歸。今天的練習01	"上陽宮裏斷腸時春半如秋意轉迷
獨生紗隱刺繡手復沾衣而不見人歸見
燕遯
宋人汪元量詩
丙午夏月之吉"	/mnt/Suran_database/Users/thanhthanh_workspace/Project/NLP_K35/xlnntn_hp2_friend/data/mrDuc_data/Images/UzpfSTEwMDAwMDM2OTIxMDcyNTpWSzoyNzQ1NTA1MzU0NDEzNjczMg==_0.jpg
/images/UzpfSTEwMDAwMDU5MzExMzI1ODpWSzoyNzQ2MDQ3MDkyMzU5NDk5NA==_3.jpg	0.375582	one_text_contains_the_other	李白 / 菩薩蠻	"平
林
漠
漠
煙
如
織
寒
山
一
帶
傷
心
碧
暝
色
入
高
樓
有
人
樓
上
愁
玉
階
空
佇
立
宿
鳥
歸
飛
急
何
處
是
歸
程
長
亭
更
短
亭
李
白
菩
薩
蠻
山
嵐
書"	/mnt/Suran_database/Users/thanhthanh_workspace/Project/NLP_K35/xlnntn_hp2_friend/data/mrDuc_data/Images/UzpfSTEwMDAwMDU5MzExMzI1ODpWSzoyNzQ2MDQ3MDkyMzU5NDk5NA==_3.jpg
/images/UzpfSTEwMDAwMDM2NjMwMzY2NTpWSzoyNzQ1MzA3NzcwMTAwMDk4Mw==_0.jpg	0.802002	high_directional_coverage	"2026-07-19週日
中華字經
132
珊瑚貝殼，瑪瑙鹼礬。
琉瑤玲瓏，睦瑞暈眩。
籮紋簸箕，溯篙暮栓。"	"珊
瑚
貝
殼
瑪
瑙
鹼
礬
琉
瑤
玲
瓏
睦
瑞
暈
眩
籮
紋
簸
箕
溯
篙
暮
栓
中
華
字
經
第
四
十
五
頁
游
祥"	/mnt/Suran_database/Users/thanhthanh_workspace/Project/NLP_K35/xlnntn_hp2_friend/data/mrDuc_data/Images/UzpfSTEwMDAwMDM2NjMwMzY2NTpWSzoyNzQ1MzA3NzcwMTAwMDk4Mw==_0.jpg
/images/UzpfSTEwMDAxMDMwNDc2NjAwNDpWSzoyNzQ0MjM1MDI5MjA3MzcyNA==_0.jpg	0.775163	high_directional_coverage	"風聲度竹有琴韻
月影寫梅無墨痕
行書練習"	"風
聲
度
竹
有
琴
韻
月
影
寫
梅
無
墨
痕
古八秀珍"	/mnt/Suran_database/Users/thanhthanh_workspace/Project/NLP_K35/xlnntn_hp2_friend/data/mrDuc_data/Images/UzpfSTEwMDAxMDMwNDc2NjAwNDpWSzoyNzQ0MjM1MDI5MjA3MzcyNA==_0.jpg
/images/UzpfSTEwMDAwMDM2OTIxMDcyNTpWSzoyNzQ0NDc1NTkzMTgzMzE2MA==_0.jpg	1.0	one_text_contains_the_other	桃紅柳綠。今天的練習02	"桃
紅
柳
綠"	/mnt/Suran_database/Users/thanhthanh_workspace/Project/NLP_K35/xlnntn_hp2_friend/data/mrDuc_data/Images/UzpfSTEwMDAwMDM2OTIxMDcyNTpWSzoyNzQ0NDc1NTkzMTgzMzE2MA==_0.jpg
/images/UzpfSTEwMDAwMDA5NDY5MjQ5NDpWSzoyNzQ1MjgwOTg3NzY5NDQzMg==_2.jpg	0.649641	high_directional_coverage	"大家午安
日復一日花開落

詩酒趁年華

青春易逝 生命無常  蟬聲唧唧最知了

(隨意塗鴉 網友們不必太在意喔)

張威龍 習書/攝影2026/7/19"	"日復一日
花開落
詩酒趁
年華
青春易逝生命無常
蟬聲叩叩最知了
丙申夏張武誌"	/mnt/Suran_database/Users/thanhthanh_workspace/Project/NLP_K35/xlnntn_hp2_friend/data/mrDuc_data/Images/UzpfSTEwMDAwMDA5NDY5MjQ5NDpWSzoyNzQ1MjgwOTg3NzY5NDQzMg==_2.jpg
/images/UzpfSTEwMDAwNzI5MzE4NTg0MTpWSzoyNzQ1MDQ2NDIxNDU5NTY2NQ==_0.jpg	0.858065	high_directional_coverage	"宋代/李清照/武陵春·春晚
風住塵香花已盡，日晚倦梳頭。物是人非事事休，欲語淚先流。
聞說雙溪春尚好，也擬泛輕舟。只恐雙溪舴艋舟，載不動許多愁。"	"風住塵香花已盡日晚倦梳頭物是人非事事休欲
語淚先流聞說雙溪春尚好也擬泛輕舟只恐雙溪
舴艋舟載不動許多愁
李清照詞武陵春丁酉傅坪書"	/mnt/Suran_database/Users/thanhthanh_workspace/Project/NLP_K35/xlnntn_hp2_friend/data/mrDuc_data/Images/UzpfSTEwMDAwNzI5MzE4NTg0MTpWSzoyNzQ1MDQ2NDIxNDU5NTY2NQ==_0.jpg
/images/UzpfSTEwMDAwMzUzNjA0MTQ0NzpWSzoyNzM5MzcxOTk4MzYwMzQyMg==_0.jpg	0.734707	combined_score_above_threshold	"#感謝書友欣賞

行草 唐 杜甫 絕句漫興九首 其二🙏☕😎

手種桃李非無主
野老墻低還似家
恰似春風相欺得
夜來吹折數枝花"	"手種桃李非無主
野老牆低還似家
恰似春風相欺得
夜來吹折數枝花
杜甫
絕句漫興九首之二
栗原錦鐘"	/mnt/Suran_database/Users/thanhthanh_workspace/Project/NLP_K35/xlnntn_hp2_friend/data/mrDuc_data/Images/UzpfSTEwMDAwMzUzNjA0MTQ0NzpWSzoyNzM5MzcxOTk4MzYwMzQyMg==_0.jpg
/images/UzpfSTEwMDAwMDU5MzExMzI1ODpWSzoyNzQ0MzgyMTk0ODU5MzIyNQ==_1.jpg	0.371291	one_text_contains_the_other	晏殊 / 清平樂	"紅箋小字說盡平生意鴻雁在
雲魚在水惆悵此情難寄斜
陽獨倚西樓遙山恰對簾
鉤人面不知何處綠波依舊
東流晏殊清平樂
小嵐書"	/mnt/Suran_database/Users/thanhthanh_workspace/Project/NLP_K35/xlnntn_hp2_friend/data/mrDuc_data/Images/UzpfSTEwMDAwMDU5MzExMzI1ODpWSzoyNzQ0MzgyMTk0ODU5MzIyNQ==_1.jpg
/images/UzpfSTEwMDAwMDM2OTIxMDcyNTpWSzoyNzQ0NDc1MzI0MTgzMzQyOQ==_0.jpg	0.875556	high_directional_coverage	琴伴庭前月，衣無世外塵。今天的練習01	"琴
伴
庭
前
月
衣
無
沾
外
塵"	/mnt/Suran_database/Users/thanhthanh_workspace/Project/NLP_K35/xlnntn_hp2_friend/data/mrDuc_data/Images/UzpfSTEwMDAwMDM2OTIxMDcyNTpWSzoyNzQ0NDc1MzI0MTgzMzQyOQ==_0.jpg
/images/UzpfSTEwMDAwMDU5MzExMzI1ODpWSzoyNzQ0MzgyMTk0ODU5MzIyNQ==_0.jpg	0.371291	one_text_contains_the_other	晏殊 / 清平樂	"紅箋小字説盡平生意鴻雁在
雲魚在水惆悵此情難寄斜
陽獨倚西樓遙山恰對簾
鉤人面不知何處綠波依舊
東流
晏殊清平樂
小嵐書"	/mnt/Suran_database/Users/thanhthanh_workspace/Project/NLP_K35/xlnntn_hp2_friend/data/mrDuc_data/Images/UzpfSTEwMDAwMDU5MzExMzI1ODpWSzoyNzQ0MzgyMTk0ODU5MzIyNQ==_0.jpg
/images/UzpfSTEwMDAwMDU5MzExMzI1ODpWSzoyNzQ0MzI3OTY3MTk4MDc4Ng==_0.jpg	0.462258	one_text_contains_the_other	白居易 / 花非花	"花非花霧非霧夜半
來天明去來如春夢幾
多時去似朝雲無覓
處
白居易 花非花
山嵐書"	/mnt/Suran_database/Users/thanhthanh_workspace/Project/NLP_K35/xlnntn_hp2_friend/data/mrDuc_data/Images/UzpfSTEwMDAwMDU5MzExMzI1ODpWSzoyNzQ0MzI3OTY3MTk4MDc4Ng==_0.jpg
/images/UzpfSTEwMDAwMDU5MzExMzI1ODpWSzoyNzQ0MzI3OTY3MTk4MDc4Ng==_1.jpg	0.462258	one_text_contains_the_other	白居易 / 花非花	"花非花霧非霧夜半
來天明去來如春夢幾
多時去似朝雲無覓
處
白居易花非花
山嵐書"	/mnt/Suran_database/Users/thanhthanh_workspace/Project/NLP_K35/xlnntn_hp2_friend/data/mrDuc_data/Images/UzpfSTEwMDAwMDU5MzExMzI1ODpWSzoyNzQ0MzI3OTY3MTk4MDc4Ng==_1.jpg
/images/UzpfSTEwMDAwMDA5NDY5MjQ5NDpWSzoyNzQ0MjQ0NTk5MjA2NDE1NA==_3.jpg	0.624175	high_directional_coverage	"大家午安
孤星伴月無寂寞   流水清風自在心
昨夜星辰昨夜風，「孤星弦月」桂堂東。仰望夏夜靜寂之美，恬淡於心 ，記之！   (隨意塗鴉 網友們不必太在意喔)
張威龍 習書/攝影2026/7/18"	"孤星
伴月
華實
清香
德風
自在心
昨夜星辰昨夜風
孤星弦月桂堂东
仰望夏夜静寂之美
怡然於心記之
丙子夏張茂龍"	/mnt/Suran_database/Users/thanhthanh_workspace/Project/NLP_K35/xlnntn_hp2_friend/data/mrDuc_data/Images/UzpfSTEwMDAwMDA5NDY5MjQ5NDpWSzoyNzQ0MjQ0NTk5MjA2NDE1NA==_3.jpg
/images/UzpfSTEwMDAwMDM2NjMwMzY2NTpWSzoyNzQ0MTgxMjAyNTQ2MDg4NA==_0.jpg	0.647252	combined_score_above_threshold	"2026-07-18週六
蜀道難 李白
04
西當太白有鳥道，
可以橫絶峨嵋巔。"	"西
當
太
白
有
鳥
道
可
以
橫
絕
峨
嵋
巔
李白
蜀道難
丙午夏
紹彭書"	/mnt/Suran_database/Users/thanhthanh_workspace/Project/NLP_K35/xlnntn_hp2_friend/data/mrDuc_data/Images/UzpfSTEwMDAwMDM2NjMwMzY2NTpWSzoyNzQ0MTgxMjAyNTQ2MDg4NA==_0.jpg
/images/UzpfSTEwMDAwMDM2OTIxMDcyNTpWSzoyNzQzMjMwODc4NjQxMTIwOA==_0.jpg	0.694505	combined_score_above_threshold	禹陵風雨思王會，越國山川出霸才。今天的練習01	"避
秦
氛
雨
眾
王
會
越
國
山
川
出
霸
才"	/mnt/Suran_database/Users/thanhthanh_workspace/Project/NLP_K35/xlnntn_hp2_friend/data/mrDuc_data/Images/UzpfSTEwMDAwMDM2OTIxMDcyNTpWSzoyNzQzMjMwODc4NjQxMTIwOA==_0.jpg
/images/UzpfSTEwMDAwMDM2OTIxMDcyNTpWSzoyNzQzMjMxMjEwNjQxMDg3Ng==_0.jpg	1.0	one_text_contains_the_other	水落石出。今天的練習02	"水
落
石
出"	/mnt/Suran_database/Users/thanhthanh_workspace/Project/NLP_K35/xlnntn_hp2_friend/data/mrDuc_data/Images/UzpfSTEwMDAwMDM2OTIxMDcyNTpWSzoyNzQzMjMxMjEwNjQxMDg3Ng==_0.jpg
/images/UzpfSTEwMDAwMzUzNjA0MTQ0NzpWSzoyNzM2MzU3NzM3NjYxNzY4Mw==_0.jpg	0.714313	combined_score_above_threshold	"#感謝書友欣賞

行草 唐 賀知章 回鄉偶書二首 其一🙏☕😎

離別家鄉歲月多
歸來人事半消磨
惟有門前鑑湖水
春風不減舊時波"	"離
別
家
鄉
歲
月
多
近
來
人
事
半
消
磨
唯
有
門
前
鏡
湖
水
春
風
不
減
舊
時
波
唐
賀
知
章
回
鄉
偶
書
其
二"	/mnt/Suran_database/Users/thanhthanh_workspace/Project/NLP_K35/xlnntn_hp2_friend/data/mrDuc_data/Images/UzpfSTEwMDAwMzUzNjA0MTQ0NzpWSzoyNzM2MzU3NzM3NjYxNzY4Mw==_0.jpg
/images/UzpfSTEwMDAwMjgwNzA5MDE0OTpWSzoyNzQxMDk5NDUyODU0MjYzNA==_0.jpg	0.796207	high_directional_coverage	"大林寺桃花
唐-白居易

人間四月芳菲盡，山寺桃花始盛開。

長恨春歸無覓處，不知轉入此中來。"	"人
間
四
月
芳
菲
盡
山
寺
桃
花
始
盛
開
長
恨
春
歸
無
覓
處
不
知
轉
入
此
中
來
丙子初秋
亦波"	/mnt/Suran_database/Users/thanhthanh_workspace/Project/NLP_K35/xlnntn_hp2_friend/data/mrDuc_data/Images/UzpfSTEwMDAwMjgwNzA5MDE0OTpWSzoyNzQxMDk5NDUyODU0MjYzNA==_0.jpg
/images/UzpfSTEwMDAwMDM2OTIxMDcyNTpWSzoyNzQyMTM3MDI2MDgzODM5NA==_0.jpg	1.0	one_text_contains_the_other	筆墨縱橫生雅趣，胸懷坦蕩自逍遙。今天的練習01	"筆墨縱橫生雅趣
胸懷坦蕩自逍遙"	/mnt/Suran_database/Users/thanhthanh_workspace/Project/NLP_K35/xlnntn_hp2_friend/data/mrDuc_data/Images/UzpfSTEwMDAwMDM2OTIxMDcyNTpWSzoyNzQyMTM3MDI2MDgzODM5NA==_0.jpg
/images/UzpfSTEwMDAxNjg4Mjk5NjczMzpWSzoyNzQyMTA1Njc2NDIwMzA3Nw==_0.jpg	0.830303	high_directional_coverage	大草：隨風潛入夜，潤物細無聲！	"隨
風
潛
入
夜
潤
物
細
無
聲
少石"	/mnt/Suran_database/Users/thanhthanh_workspace/Project/NLP_K35/xlnntn_hp2_friend/data/mrDuc_data/Images/UzpfSTEwMDAxNjg4Mjk5NjczMzpWSzoyNzQyMTA1Njc2NDIwMzA3Nw==_0.jpg
/images/UzpfSTEwMDAwMDM2NjMwMzY2NTpWSzoyNzQyMDkxODI1NzU1MDI2MQ==_0.jpg	0.701252	combined_score_above_threshold	"2026-07-16週四
蜀道難 李白
03
爾來四萬八千歲，不與秦塞通人煙。"	"爾
來
四
萬
八
千
歲
不
與
秦
塞
通
人
煙
李白
蜀道難
丙午冬
啓雅書"	/mnt/Suran_database/Users/thanhthanh_workspace/Project/NLP_K35/xlnntn_hp2_friend/data/mrDuc_data/Images/UzpfSTEwMDAwMDM2NjMwMzY2NTpWSzoyNzQyMDkxODI1NzU1MDI2MQ==_0.jpg
/images/UzpfSTEwMDAwMDM2OTIxMDcyNTpWSzoyNzQyMTM3NTU2MDgzNzg2NA==_0.jpg	0.745536	high_directional_coverage	自讀西湖處士詩，年年臨水看幽姿。晴窗畫出橫斜影，絕勝前村夜雪時。今天的練習03	"自讀西湖處士詩年々臨水看
幽姿晴窗忽見橫斜影絕勝前
村後雪時
宋陈與義詩
丙午夏月三吉"	/mnt/Suran_database/Users/thanhthanh_workspace/Project/NLP_K35/xlnntn_hp2_friend/data/mrDuc_data/Images/UzpfSTEwMDAwMDM2OTIxMDcyNTpWSzoyNzQyMTM3NTU2MDgzNzg2NA==_0.jpg
/images/UzpfSTEwMDAwMDIzNjMzMDkyMDpWSzoyNzQxODgyODIyNzc1OTI2NA==_0.jpg	0.715015	one_text_contains_the_other	德不孤,必有鄰 / 孔丘《論語·里仁篇》	"德
不
孤
必
有
鄰"	/mnt/Suran_database/Users/thanhthanh_workspace/Project/NLP_K35/xlnntn_hp2_friend/data/mrDuc_data/Images/UzpfSTEwMDAwMDIzNjMzMDkyMDpWSzoyNzQxODgyODIyNzc1OTI2NA==_0.jpg
/images/UzpfSTEwMDAwMzI4NDg3MDY0MDpWSzoyNzQzMDI1NTU4MzI4MzE5NQ==_1.jpg	0.702595	high_directional_coverage	"詩人巧妙地將採蓮少女的美麗與大自然融爲一體。全詩生動活潑，富於詩情畫意，饒有生活情趣…

荷葉羅裙一色裁，
芙蓉向臉兩邊開。
亂入池中看不見，
聞歌始覺有人來。
- 王昌齡 採蓮曲"	"荷葉羅裙一色裁芙蓉向臉
兩邊開亂入池中看不見
聞歌始覺有人來
王昌齡採蓮曲丙子"	/mnt/Suran_database/Users/thanhthanh_workspace/Project/NLP_K35/xlnntn_hp2_friend/data/mrDuc_data/Images/UzpfSTEwMDAwMzI4NDg3MDY0MDpWSzoyNzQzMDI1NTU4MzI4MzE5NQ==_1.jpg
/images/UzpfSTEwMDAwMDM2OTIxMDcyNTpWSzoyNzQxMTMxMDY0NTE3NzY4OQ==_0.jpg	1.0	one_text_contains_the_other	允執厥中。今天的練習02	"允
執
厥
中"	/mnt/Suran_database/Users/thanhthanh_workspace/Project/NLP_K35/xlnntn_hp2_friend/data/mrDuc_data/Images/UzpfSTEwMDAwMDM2OTIxMDcyNTpWSzoyNzQxMTMxMDY0NTE3NzY4OQ==_0.jpg
/images/UzpfSTEwMDAwMzUzNjA0MTQ0NzpWSzoyNzM4MzIyMjM4Nzk4NjUxNQ==_0.jpg	0.726774	combined_score_above_threshold	"#感謝書友欣賞

行草 唐 李涉 中秋夜君山臺望月🙏☕😎

大堤花裏錦江前
詩酒同遊四十年
不料中秋最明夜
洞庭湖上見當天"	"大堤花裏錦江前
詩酒同遊四十年
不料中秋最明夜
洞庭湖上見當天
庚申中秋夜於港島
丙子李錫"	/mnt/Suran_database/Users/thanhthanh_workspace/Project/NLP_K35/xlnntn_hp2_friend/data/mrDuc_data/Images/UzpfSTEwMDAwMzUzNjA0MTQ0NzpWSzoyNzM4MzIyMjM4Nzk4NjUxNQ==_0.jpg
/images/UzpfSTEwMDAwNzI5MzE4NTg0MTpWSzoyNzQwNjIwNzU0MjM1NDY2Ng==_0.jpg	0.887366	high_directional_coverage	"半畝方塘一鑒開，天光雲影共徘徊。
問渠那得清如許？謂有源頭活水來。宋/朱熹/觀書有感"	"半
畝
方
塘
一
鑑
開
天
光
雲
影
共
徘
徊
問
渠
那
得
清
如
許
爲
有
源
頭
活
水
來
南宋
朱熹
觀書
有感
傅
鐸
書"	/mnt/Suran_database/Users/thanhthanh_workspace/Project/NLP_K35/xlnntn_hp2_friend/data/mrDuc_data/Images/UzpfSTEwMDAwNzI5MzE4NTg0MTpWSzoyNzQwNjIwNzU0MjM1NDY2Ng==_0.jpg
/images/UzpfSTEwMDAwMDM2OTIxMDcyNTpWSzoyNzQxMTMxMzMyMTg0NDA4OA==_0.jpg	0.747911	high_directional_coverage	杜宇一聲春盡，萬紫千紅隤損。蜂蝶亂紛紛，枉銷魂！疲乏鶯歌漸遠，憔悴荼蘼含怨。淒雨鎖重樓，幾多愁。今天的練習03	"杜宇一聲春盡萬紫千紅隨損
蜂蝶亂紛紛狂銷魂瘦卻鶯歌漸
遠憔悴荼蘼含怨灑向鎖重樓
幾多愁
令人旋恬淡韶華怨
丙午之夏"	/mnt/Suran_database/Users/thanhthanh_workspace/Project/NLP_K35/xlnntn_hp2_friend/data/mrDuc_data/Images/UzpfSTEwMDAwMDM2OTIxMDcyNTpWSzoyNzQxMTMxMzMyMTg0NDA4OA==_0.jpg
/images/UzpfSTYxNTg2OTI4MjY3NTAwOlZLOjI3NDA3NjI2Mzk1NTQ2MTE0_0.jpg	0.956614	high_directional_coverage	"春有百花秋有月，夏有涼風冬有雪。
莫將閑事掛心頭，便是人間好時節。"	"春有百花秋有月
夏有涼風冬有雪
莫將閒事掛心頭
便是人間好時節"	/mnt/Suran_database/Users/thanhthanh_workspace/Project/NLP_K35/xlnntn_hp2_friend/data/mrDuc_data/Images/UzpfSTYxNTg2OTI4MjY3NTAwOlZLOjI3NDA3NjI2Mzk1NTQ2MTE0_0.jpg
/images/UzpfSTEwMDAwMDU5MzExMzI1ODpWSzoyNzM5OTgyMzA5Mjk5MzExMQ==_0.jpg	0.46828	one_text_contains_the_other	孟浩然 / 春曉	"春眠不覺曉處處聞啼
鳥夜來風雨聲花落知
多少
孟浩然春曉
山嵐書"	/mnt/Suran_database/Users/thanhthanh_workspace/Project/NLP_K35/xlnntn_hp2_friend/data/mrDuc_data/Images/UzpfSTEwMDAwMDU5MzExMzI1ODpWSzoyNzM5OTgyMzA5Mjk5MzExMQ==_0.jpg
/images/UzpfSTEwMDAwMDU5MzExMzI1ODpWSzoyNzM5OTgyMzA5Mjk5MzExMQ==_1.jpg	0.46828	one_text_contains_the_other	孟浩然 / 春曉	"春眠不覺曉處處聞啼
鳥夜來風雨聲花落知
多少
孟浩然春曉
山嵐書"	/mnt/Suran_database/Users/thanhthanh_workspace/Project/NLP_K35/xlnntn_hp2_friend/data/mrDuc_data/Images/UzpfSTEwMDAwMDU5MzExMzI1ODpWSzoyNzM5OTgyMzA5Mjk5MzExMQ==_1.jpg
/images/UzpfSTEwMDAwMDM2OTIxMDcyNTpWSzoyNzM4MDgzNjMwMTU1ODQ1Nw==_0.jpg	1.0	one_text_contains_the_other	子瞻翰墨擅天下，諸葛風流無古今。今天的練習0	"子瞻翰墨擅天下
諸葛風流無古今"	/mnt/Suran_database/Users/thanhthanh_workspace/Project/NLP_K35/xlnntn_hp2_friend/data/mrDuc_data/Images/UzpfSTEwMDAwMDM2OTIxMDcyNTpWSzoyNzM4MDgzNjMwMTU1ODQ1Nw==_0.jpg
/images/UzpfSTEwMDAwMDM2OTIxMDcyNTpWSzoyNzM5OTM5NTQwOTcwMjU0Ng==_0.jpg	1.0	one_text_contains_the_other	道似行雲流水，德如霽月光風。今天的練習01	"道
似
行
雲
流
水
德
如
霽
月
光
風"	/mnt/Suran_database/Users/thanhthanh_workspace/Project/NLP_K35/xlnntn_hp2_friend/data/mrDuc_data/Images/UzpfSTEwMDAwMDM2OTIxMDcyNTpWSzoyNzM5OTM5NTQwOTcwMjU0Ng==_0.jpg
/images/UzpfSTEwMDAwMDM2OTIxMDcyNTpWSzoyNzM4OTczMTk5MDY2ODg4OA==_0.jpg	1.0	one_text_contains_the_other	退思補過。今天的練習02	退思補過	/mnt/Suran_database/Users/thanhthanh_workspace/Project/NLP_K35/xlnntn_hp2_friend/data/mrDuc_data/Images/UzpfSTEwMDAwMDM2OTIxMDcyNTpWSzoyNzM4OTczMTk5MDY2ODg4OA==_0.jpg
/images/UzpfSTEwMDAwMDM2OTIxMDcyNTpWSzoyNzM5OTM5NzQyNjM2OTAxMQ==_0.jpg	1.0	one_text_contains_the_other	似蘭斯馨。今天的練習02	"似
蘭
斯
馨"	/mnt/Suran_database/Users/thanhthanh_workspace/Project/NLP_K35/xlnntn_hp2_friend/data/mrDuc_data/Images/UzpfSTEwMDAwMDM2OTIxMDcyNTpWSzoyNzM5OTM5NzQyNjM2OTAxMQ==_0.jpg
/images/UzpfSTEwMDAwMDM0MDE0MDI3NjpWSzoyNzM5OTkwMDQ5NjMxODcwNA==_0.jpg	0.788026	high_directional_coverage	"《明史.宋纁傳》
言官極論得失，
要使人主動心；
縱罪及言官，
上意猶有所儆省。
資料來源：漢語網"	"《明史·宋纁傳》
言官極論得失
要使人主動心
縱罪及言官
上意猶有所儆省
丙午六月初二方柏棟"	/mnt/Suran_database/Users/thanhthanh_workspace/Project/NLP_K35/xlnntn_hp2_friend/data/mrDuc_data/Images/UzpfSTEwMDAwMDM0MDE0MDI3NjpWSzoyNzM5OTkwMDQ5NjMxODcwNA==_0.jpg
/images/UzpfSTEwMDAwMTg3NjEwMzgxMDpWSzoyNzQwMzk4NjQwNTkxMDExMw==_1.jpg	0.902679	one_text_contains_the_other	"五嶽歸來也看山
#印心書法

#祝福書法"	"五
嶽
歸
來
也
看
山
彬
葉"	/mnt/Suran_database/Users/thanhthanh_workspace/Project/NLP_K35/xlnntn_hp2_friend/data/mrDuc_data/Images/UzpfSTEwMDAwMTg3NjEwMzgxMDpWSzoyNzQwMzk4NjQwNTkxMDExMw==_1.jpg
/images/UzpfSTEwMDAwMDM2OTIxMDcyNTpWSzoyNzM5OTM5OTgzOTcwMjEwMw==_0.jpg	0.581092	combined_score_above_threshold	金屋舊題煩乙子，蜜脾新采賴蜂臣。 蜻蜓蛺蝶無情思，隨例顛忙過一春。今天的練習03	"金屋舊遊頻天子宮牌新採
賴蜂臣蜻蜓蜘蛛無情思隨例
顛忙過一春
宋秦觀詩春日五首其五
丙午之夏"	/mnt/Suran_database/Users/thanhthanh_workspace/Project/NLP_K35/xlnntn_hp2_friend/data/mrDuc_data/Images/UzpfSTEwMDAwMDM2OTIxMDcyNTpWSzoyNzM5OTM5OTgzOTcwMjEwMw==_0.jpg
/images/UzpfSTEwMDAwMDM2NjMwMzY2NTpWSzoyNzM5NjkwMDcwNjYxODY4Mw==_0.jpg	0.649067	combined_score_above_threshold	"2026-07-14週二
蜀道難 李白
02
蠶叢及魚鳧，開國何茫然！"	"蠶叢及魚鳧
開國何茫然
李白蜀道難丙午冬敬書"	/mnt/Suran_database/Users/thanhthanh_workspace/Project/NLP_K35/xlnntn_hp2_friend/data/mrDuc_data/Images/UzpfSTEwMDAwMDM2NjMwMzY2NTpWSzoyNzM5NjkwMDcwNjYxODY4Mw==_0.jpg
/images/UzpfSTEwMDAwMDM2NjMwMzY2NTpWSzoyNzM4ODU5OTk4MDc4MjA4OQ==_0.jpg	0.754284	high_directional_coverage	"2026-07-13週一
中華字經
129
鑰匙紐扣，兜袋帷簾。
盒套箱櫃，瓦罐盂痰。
纜缸皂具，杯筷碟碗。"	"鑰
匙
紐
扣
兜
袋
帷
簾
盆
套
箱
櫃
瓦
罐
盂
痰
纜
缸
皂
具
杯
筷
碟
碗
中華字經一二九
丙午夏
友之書"	/mnt/Suran_database/Users/thanhthanh_workspace/Project/NLP_K35/xlnntn_hp2_friend/data/mrDuc_data/Images/UzpfSTEwMDAwMDM2NjMwMzY2NTpWSzoyNzM4ODU5OTk4MDc4MjA4OQ==_0.jpg
/images/UzpfSTEwMDAwMDM2OTIxMDcyNTpWSzoyNzM4OTczNTUzMDY2ODUzNA==_0.jpg	0.679958	high_directional_coverage	曉登赤木口，萬壑怒生風。良馬猶驚險，衰身欲墮空。籌邊不計苦，淨虜豈言功。沙里三杯酒，出山見月東。今天的練習03	"曉登赤木口萬壑怒生風良馬猶驚
險衰身始隨屯策足不計苦淨室豈
言功沙裏三松徑出山見月東
鄂人楊守敬書
丙午夏月之吉"	/mnt/Suran_database/Users/thanhthanh_workspace/Project/NLP_K35/xlnntn_hp2_friend/data/mrDuc_data/Images/UzpfSTEwMDAwMDM2OTIxMDcyNTpWSzoyNzM4OTczNTUzMDY2ODUzNA==_0.jpg
/images/UzpfSTEwMDAwNzI5MzE4NTg0MTpWSzoyNzM4NTA4NzA0NzgwMDA0OQ==_0.jpg	0.890059	high_directional_coverage	"大其心，容天下之物；
虛其心，受天下之善；
平其心，論天下之事；
潛其心，觀天下之理；
定其心，應天下之變。明代/呂坤/呻吟語"	"大
其
心
容
天
下
之
物
虚
其
心
受
天
下
之
善
平
其
心
論
天
下
之
事
潜
其
心
觀
天
下
之
理
定
其
心
應
天
下
之
變
明
呂
坤
呻
語
博
坪
書"	/mnt/Suran_database/Users/thanhthanh_workspace/Project/NLP_K35/xlnntn_hp2_friend/data/mrDuc_data/Images/UzpfSTEwMDAwNzI5MzE4NTg0MTpWSzoyNzM4NTA4NzA0NzgwMDA0OQ==_0.jpg
/images/UzpfSTEwMDAwMDM2OTIxMDcyNTpWSzoyNzM4MDg0Mzk4NDg5MTAyMg==_0.jpg	0.861035	high_directional_coverage	官身幾日閒，世事何時足。君貌不常紅，我鬢無重綠。榴花滿盞香，金縷多情曲。且盡眼中歡，莫嘆時光促。今天的練習03	"官身幾日閑世事何時足君貌
不長紅我鬢無重綠榴花滿盞
香金縷多情曲且盡眼中歡莫
嘆時光促
宋晏幾道生查子
丙午夏"	/mnt/Suran_database/Users/thanhthanh_workspace/Project/NLP_K35/xlnntn_hp2_friend/data/mrDuc_data/Images/UzpfSTEwMDAwMDM2OTIxMDcyNTpWSzoyNzM4MDg0Mzk4NDg5MTAyMg==_0.jpg
/images/UzpfSTEwMDAwMDM0MDE0MDI3NjpWSzoyNzM3OTY3OTk3MTY3NDA5MA==_0.jpg	0.717857	high_directional_coverage	"宋．歐陽修〈醉翁亭記〉：「峰回路轉，有亭翼然，臨於泉上者，醉翁亭也。」
資料來源：國家教育研究院"	"宋·歐陽修《醉翁亭記》
峰回路轉
有亭翼然
臨於泉上者
醉翁亭也
丙午五月廿八方柏棟"	/mnt/Suran_database/Users/thanhthanh_workspace/Project/NLP_K35/xlnntn_hp2_friend/data/mrDuc_data/Images/UzpfSTEwMDAwMDM0MDE0MDI3NjpWSzoyNzM3OTY3OTk3MTY3NDA5MA==_0.jpg
/images/UzpfSTEwMDAwMjgwNzA5MDE0OTpWSzoyNzM2NTk2MjcxMzA0NTgxNg==_0.jpg	0.792042	high_directional_coverage	"峨眉山月歌
唐-李白

峨眉山月半輪秋，影入平羌江水流。

夜發清溪向三峽，思君不見下渝州。"	"峨眉山月半輪秋影
入平羌江水流夜發
清溪向三峽思君不見
下渝州
唐李白詩丙子初秋志洋"	/mnt/Suran_database/Users/thanhthanh_workspace/Project/NLP_K35/xlnntn_hp2_friend/data/mrDuc_data/Images/UzpfSTEwMDAwMjgwNzA5MDE0OTpWSzoyNzM2NTk2MjcxMzA0NTgxNg==_0.jpg
/images/UzpfSTEwMDAwMDM2OTIxMDcyNTpWSzoyNzM2OTk2NTQ2MjY0NTU0MQ==_0.jpg	0.672059	high_directional_coverage	狂花頃刻香，晚蝶纏綿意。 天與短因緣，聚散常容易。 傳唱入離聲，惱亂雙蛾翠。 遊子不堪聞，正是衷腸事。今天的練習03	"狂客頃刻东晚晴 纏綿意 天與短因
緣聚散常容易憑唱入新聲惱亂
雙蛾翠畫予不堪問叵是衷腸事
宋人晏幾道生查子
丙午之夏"	/mnt/Suran_database/Users/thanhthanh_workspace/Project/NLP_K35/xlnntn_hp2_friend/data/mrDuc_data/Images/UzpfSTEwMDAwMDM2OTIxMDcyNTpWSzoyNzM2OTk2NTQ2MjY0NTU0MQ==_0.jpg
/images/UzpfSTEwMDAwMDM2OTIxMDcyNTpWSzoyNzI4NjU0NTQwNDMyMDg4MQ==_0.jpg	0.656622	high_directional_coverage	留春不住。恰似年光無味處。滿眼飛英。彈指東風太淺情。箏弦未穩。學得新聲難破恨。轉枕花前。且佔香紅一夜眠。今天的練習03	"留
春
不
住
恰
似
年
光
無
味
處
眼
底
花
枝
彈
指
東
風
太
淺
情
等
閒
孤
負
愁
學
得
新
聲
被
恨
轉
枕
花
前
且
佔
紅
一
板
眠
宋
晏
幾
道
減
字
木
蘭
花
丙
午
夏
月"	/mnt/Suran_database/Users/thanhthanh_workspace/Project/NLP_K35/xlnntn_hp2_friend/data/mrDuc_data/Images/UzpfSTEwMDAwMDM2OTIxMDcyNTpWSzoyNzI4NjU0NTQwNDMyMDg4MQ==_0.jpg
/images/UzpfSTEwMDAwMDM2NjMwMzY2NTpWSzoyNzM2Njc2NzAwOTYzMjA1Mw==_0.jpg	0.721389	combined_score_above_threshold	"2026-07-11週六
中華字經
128
第二課 器物36
謄蠟印刷，贈寄郵件。
本戳硬釘，契函札箋。
瑣屑賬簿，濟賜牒翰。"	"謄
蠟
印
刷
贈
寄
郵
件
本
戳
硬
釘
契
函
札
箋
瑣
屑
賬
簿
濟
賜
牒
翰
中華字經一二八丙午冬友珍書"	/mnt/Suran_database/Users/thanhthanh_workspace/Project/NLP_K35/xlnntn_hp2_friend/data/mrDuc_data/Images/UzpfSTEwMDAwMDM2NjMwMzY2NTpWSzoyNzM2Njc2NzAwOTYzMjA1Mw==_0.jpg
/images/UzpfSTEwMDAwNjU2NzAxMjA2MTpWSzoyNzM2NDcwNzE0OTgzODAzOQ==_0.jpg	0.589708	high_directional_coverage	"無二齋篆刻

 

菩提

 

佛教語，梵語音譯，覺悟之意

 

為能看透世間真相、斷除煩惱的大智慧

 

六祖慧能偈：

 

菩提本無樹

 

明鏡亦非台

 

本來無一物

 

何處惹塵埃"	"菩提
菩提本無樹
明鏡亦非台
本來無一物
何處惹塵埃
無二齋手工刻印"	/mnt/Suran_database/Users/thanhthanh_workspace/Project/NLP_K35/xlnntn_hp2_friend/data/mrDuc_data/Images/UzpfSTEwMDAwNjU2NzAxMjA2MTpWSzoyNzM2NDcwNzE0OTgzODAzOQ==_0.jpg
/images/UzpfSTEwMDAwMDM2OTIxMDcyNTpWSzoyNzM1OTAzNDQ0MzczODY0Mw==_0.jpg	1.0	one_text_contains_the_other	水心雲影閑相照，林下泉聲靜自來。今天的練習01	"水
心
雲
影
閑
相
照
林
下
泉
聲
靜
自
來"	/mnt/Suran_database/Users/thanhthanh_workspace/Project/NLP_K35/xlnntn_hp2_friend/data/mrDuc_data/Images/UzpfSTEwMDAwMDM2OTIxMDcyNTpWSzoyNzM1OTAzNDQ0MzczODY0Mw==_0.jpg
/images/UzpfSTEwMDAwMDU5MzExMzI1ODpWSzoyNzM1NTExOTE3MDc5NjgzNw==_0.jpg	0.407736	one_text_contains_the_other	王維漢江臨泛	"楚塞三湘接荊門九
派通江流天地外山
色有無中郡邑浮前
浦波瀾動遠空襄
陽好風日留醉與山
翁王維漢江臨泛
山嵐書"	/mnt/Suran_database/Users/thanhthanh_workspace/Project/NLP_K35/xlnntn_hp2_friend/data/mrDuc_data/Images/UzpfSTEwMDAwMDU5MzExMzI1ODpWSzoyNzM1NTExOTE3MDc5NjgzNw==_0.jpg
/images/UzpfSTEwMDAwMDM2OTIxMDcyNTpWSzoyNzI5NTIwMzAyMzQ1NTExOQ==_0.jpg	1.0	one_text_contains_the_other	過猶不及。今天的練習02	"過
猶
不
及"	/mnt/Suran_database/Users/thanhthanh_workspace/Project/NLP_K35/xlnntn_hp2_friend/data/mrDuc_data/Images/UzpfSTEwMDAwMDM2OTIxMDcyNTpWSzoyNzI5NTIwMzAyMzQ1NTExOQ==_0.jpg
/images/UzpfSTEwMDAwMDU5MzExMzI1ODpWSzoyNzM1NTExOTE3MDc5NjgzNw==_1.jpg	0.407736	one_text_contains_the_other	王維漢江臨泛	"楚
塞
三
湘
接
荊
門
九
派
通
江
流
天
地
外
山
色
有
無
中
郡
邑
浮
前
浦
波
瀾
動
遠
空
襄
陽
好
風
日
留
醉
與
山
翁
王
維
漢
江
臨
泛
山
嵐
書"	/mnt/Suran_database/Users/thanhthanh_workspace/Project/NLP_K35/xlnntn_hp2_friend/data/mrDuc_data/Images/UzpfSTEwMDAwMDU5MzExMzI1ODpWSzoyNzM1NTExOTE3MDc5NjgzNw==_1.jpg
/images/UzpfSTEwMDAwMDM2OTIxMDcyNTpWSzoyNzM1OTAzNzA1MDQwNTA0OQ==_0.jpg	1.0	one_text_contains_the_other	夏有涼風。今天的練習02	"夏
有
涼
風"	/mnt/Suran_database/Users/thanhthanh_workspace/Project/NLP_K35/xlnntn_hp2_friend/data/mrDuc_data/Images/UzpfSTEwMDAwMDM2OTIxMDcyNTpWSzoyNzM1OTAzNzA1MDQwNTA0OQ==_0.jpg
/images/UzpfSTEwMDAwMDU5MzExMzI1ODpWSzoyNzM1NTExOTE3MDc5NjgzNw==_2.jpg	0.407736	one_text_contains_the_other	王維漢江臨泛	"楚
塞
三
湘
接
荊
門
九
派
通
江
流
天
地
外
山
色
有
無
中
郡
邑
浮
前
浦
波
瀾
動
遠
空
襄
陽
好
風
日
留
醉
與
山
翁
王
維
漢
江
臨
泛
山
嵐
書"	/mnt/Suran_database/Users/thanhthanh_workspace/Project/NLP_K35/xlnntn_hp2_friend/data/mrDuc_data/Images/UzpfSTEwMDAwMDU5MzExMzI1ODpWSzoyNzM1NTExOTE3MDc5NjgzNw==_2.jpg
/images/UzpfSTEwMDAwMDU5MzExMzI1ODpWSzoyNzM1NTExOTE3MDc5NjgzNw==_3.jpg	0.407736	one_text_contains_the_other	王維漢江臨泛	"楚
塞
三
湘
接
荊
門
九
派
通
江
流
天
地
外
山
色
有
無
中
郡
邑
浮
前
浦
波
瀾
動
遠
空
襄
陽
好
風
日
留
醉
與
山
翁
王
維
漢
江
臨
泛
小
嵐
書"	/mnt/Suran_database/Users/thanhthanh_workspace/Project/NLP_K35/xlnntn_hp2_friend/data/mrDuc_data/Images/UzpfSTEwMDAwMDU5MzExMzI1ODpWSzoyNzM1NTExOTE3MDc5NjgzNw==_3.jpg
/images/UzpfSTEwMDAwMDAyOTcyMDEwOTpWSzoyNzM1NjU1MTMzMDY1MzYyMQ==_0.jpg	0.580746	combined_score_above_threshold	"隆中對第二段：孫權據江東
今操已擁百萬之眾，挾天子而令諸侯，此誠不可與爭鋒。孫權據有江東，已歷三世，國險而民附，賢能為之用，此可以為援而不可圖也。"	"今操已擁百萬之眾挾天子而令諸侯此誠不可与
争锋孙权据有江东已历三世国险而民附贤能
为之用此可以为援而不可图也
諸葛亮隆中對
歲次丙午夏蕭良材書"	/mnt/Suran_database/Users/thanhthanh_workspace/Project/NLP_K35/xlnntn_hp2_friend/data/mrDuc_data/Images/UzpfSTEwMDAwMDAyOTcyMDEwOTpWSzoyNzM1NjU1MTMzMDY1MzYyMQ==_0.jpg
/images/UzpfSTEwMDAwODQwODMxNzg4NDpWSzoyNzM1ODQwMDU3MDQ2ODY5Nw==_0.jpg	0.267612	one_text_contains_the_other	“書家之『正宗、大家、名家、正源、傍流 』”	"“書家之『正宗、大家、名家、正源、傍流』”
書法家分五等級，有『正宗、大家、名家、正源、傍流』，人的資質
有高下之分，未必能具備眾多的優點和長處，所之修行有深、有淺，那
能盡善盡美，明代書法家項穆在《書法雅言.品格》，根據書家各自
的擅長和特殊的技能，大概分為五等，為『正宗、大家、名家、正源、
傍流』。
項穆於之向『正宗、大家、名家、正源、傍流』的寫到:
「正宗」:會古通今，不激不勵;規矩諳練，骨態清和;眾體兼能天然
逸出;巍然端雅，奕矣奇鮮。此謂大成已集，妙入時中，繼往開來，
永垂模軌。
「大家」:篆隸章草，種種皆知;執使轉用，優優合度;數點眾畫，形
質頓殊;各字終篇，勢態迥別;脫胎易骨，變相改觀。猶之世祿巨室，
方寶盈藏，時出俱陳，煥驚神目。
「名家」:真行諸體彼劣此優;速勁遲工，清秀豐麗;或鼓骨格，或炫
標姿;意氣不同，性真悉露。譬之醫卜相術，聲譽廣馳，本色偏工，
藝成獨步。
「正源」:溫而未厲，恭而少安;威而寡夷，清而欠潤;屈伸背向，儼
具儀刑;揮灑張馳，恪遵典則。猶之清白舊家，恪導典則。猶之清白
舊家，循良子弟，未弦新業，不墜先聲。
「傍流」:縱放悍怒，賈巧露鋒;標置狂顛，恣來肆往;引倫蛇掛，頓
擬蜲踔;或枯瘦巉岩，或濃肥而氾濫。譬之異卉奇珍，驚時駭俗，山
雉片翰如鳳，海鯨一鬣似龍也，斯謂傍流。
在之項穆說『正宗、大家、名家、正源、傍流』陳述的解譯:
「正宗」:融貫古今，不激昂，不凌厲;熟知法理，骨氣態度表現清靜
平和;擅長各種字形字體，流露逸趣;巍然端莊，極其神奇活潑。如
此水準可稱之得上集大成者，其妙處隨時符合中道，繼往開來，留存永
久的典範。
「大家」:熟知篆書、隸書、章草、等各種字形字體，了解執、使、轉、
用等用筆的要領;很多點劃並列出現時，其形體和氣息具豐富之變化;
每一個字，乃至全篇的字，其體勢、姿態迥然有別;有脫胎換骨之奇妙，
極千變萬化之能事。似比世襲俸祿的大戶人家藏有許多來自各地方的
寶物，不時的拿出來擺放陳列，令人炫目驚心。
「名家」:各種字形字體，各有表現優劣之處。或快速而有力，或慢而
整齊;或清新秀麗，或豐腴豔美;或振作有骨氣，或顯示風彩姿美;雖
形態精神各不相同，但為真實情感充分顯露。如似醫卜相術之士，聲
名遠播，而其人的確有獨一無二的技藝。
「正源」:溫和而不夠果斷，莊重卻稍歉安祥;威嚴而缺少平和，清瘦
卻歉缺潤澤;伸縮向北，嚴格地符合法度;揮灑張弛，謹慎地遵從定律則。
好似清白之沒落人家，遵守法制，儘管沒能開立新局，但也沒有使先人
的名聲下墜。
「傍流」:放縱剽悍，強盛氣勢;賣弄技巧，暴露鋒芒;標榜癲狂，往
來恣肆;豎畫就像掛在樹上的蛇，頓筆如同蹲著的蛤蟆;或枯瘦而險峭，
或濃重而散漫，如像特株的花草和奇怪的物品，能使眾人大感驚詫，如
同山雞只有幾片羽毛像鳳，海鯨只有一條魚鬐像龍。
項穆又對其進一步講述，寫至:「夫正宗尚矣，大家其博，名家其專乎，
正源其謹，傍流其肆乎。欲其博也先專，與其肆也甯謹。由謹而專，
自專而博，規矩通審，志氣平和，寢食不忘，心手無厭雖未必妙入正宗，
端越乎名家之列矣。」意思為正宗為上，大家廣博，名家專一，正源嚴
密謹慎，傍流肆意放縱。要想淵博，先要專一;與其肆意放縱，不如
正宗的境界，但一定能夠超越名家的行列。"	/mnt/Suran_database/Users/thanhthanh_workspace/Project/NLP_K35/xlnntn_hp2_friend/data/mrDuc_data/Images/UzpfSTEwMDAwODQwODMxNzg4NDpWSzoyNzM1ODQwMDU3MDQ2ODY5Nw==_0.jpg
/images/UzpfSTEwMDAwMDM0MDE0MDI3NjpWSzoyNzM0ODA5MzY3ODE2NjA1Mw==_0.jpg	0.762293	high_directional_coverage	"丙午五月二十五練字
宋．陸游〈夜泊水村〉詩：「老子猶堪絕大漠，諸君何至泣新亭？」---資料來源：國家教育研究院
宋·楊萬里《新亭送客》：“柏壁置人添一笑；楚囚對泣后千年。” --- 資料來源：漢語網"	"宋·陸游《夜泊水村》詩
老子猶堪絕大漠
諸君何至泣新亭
宋·楊萬里《新亭送客》
丙午五月廿五方柏書
柏壁置人添一笑
楚囚對泣后千年"	/mnt/Suran_database/Users/thanhthanh_workspace/Project/NLP_K35/xlnntn_hp2_friend/data/mrDuc_data/Images/UzpfSTEwMDAwMDM0MDE0MDI3NjpWSzoyNzM0ODA5MzY3ODE2NjA1Mw==_0.jpg
/images/UzpfSTEwMDAwMDM0MDE0MDI3NjpWSzoyNzM0ODkxMzQ4ODA4NDA3Mg==_0.jpg	0.88459	high_directional_coverage	"《虞美人.春花秋月何時了》／李煜／五代

春花秋月何時了？
往事知多少。
小樓昨夜又東風，
故國不堪回首月明中。
雕欄玉砌應猶在，
只是朱顏改。
問君能有幾多愁，
洽似一江春水向東流。

資料來源：漢語網"	"《虞美人·春花秋月何時了》李煜 五代
春花秋月何時了？
往事知多少。
小樓昨夜又東風，
故國不堪回首月明中。
雕欄玉砌應猶在，
只是朱顏改。
問君能有幾多愁？
恰似一江春水向東流。
丙午五月廿五方柏棟"	/mnt/Suran_database/Users/thanhthanh_workspace/Project/NLP_K35/xlnntn_hp2_friend/data/mrDuc_data/Images/UzpfSTEwMDAwMDM0MDE0MDI3NjpWSzoyNzM0ODkxMzQ4ODA4NDA3Mg==_0.jpg
/images/UzpfSTEwMDAwMDM2OTIxMDcyNTpWSzoyNzM0ODc1Nzg0MTQzMjk3MA==_0.jpg	0.744837	high_directional_coverage	輕勻兩臉花，淡掃雙眉柳。會寫錦箋時，學弄朱弦後。 今春玉釧寬，昨夜羅裙皺。無計奈情何，且醉金盃酒。今天的練習03	"輕勻杏臉花淡掃雙眉柳會寫
錦箋時學弄朱弦瘦今來玉削
寬昨妝羅裙皺無計奈情何且醉
金杯酒
宋晏殊道生書于丙午之夏"	/mnt/Suran_database/Users/thanhthanh_workspace/Project/NLP_K35/xlnntn_hp2_friend/data/mrDuc_data/Images/UzpfSTEwMDAwMDM2OTIxMDcyNTpWSzoyNzM0ODc1Nzg0MTQzMjk3MA==_0.jpg
/images/UzpfSTEwMDAwODQwODMxNzg4NDpWSzoyNzM0Nzc1OTUzNDg2NjEzNA==_1.jpg	0.277957	one_text_contains_the_other	我看幾篇書譜之些感觸，同朋友分享	"我看幾篇書譜之些感觸，同朋友分享
1
在於書法智慧，是在歷代書法論述，又稱 書譜，此各位該是非常清楚
的，若友人有看書譜，這有之我在看歷代書法論述，較有感觸的一些觀
點，同朋友分享，有：
明代 書法家 項穆 在《書法雅言》在說至 中華文字起源，寫到：「洛
龜呈書，此天地開文字也。 羲畫八卦，文列六爻，此聖王啟文字也，
若乃龍鳳龜麟之名，穗雲蝌蚪之號，篆籀嗣作，古隸爰興，時易代新，
不可彈述，信後傳今，篆隸焉爾，曆周及秦，自漢逮晉，真行迭起，章
草侵孽，文字菁華，敷宣盡矣。」意思是背有文字的神龜從洛水中出現，
此就是天地開啟文字的端倪，伏羲氏演畫八卦，周文王排列六爻，此就
是聖賢君王開啟文字之源頭。至於龍書、鳳書、龜書、麟書的名目，
八穗書、雲書蝌蚪書之字體，篆書的出現，隸書的興趣興起，世易時移，
不可盡述，雖然傳說中的字體很多，但延續到後世，傳遞到今天的，只
有篆書和隸書，從周代到秦代，從漢代到晉代，楷書、行書相繼形成，
章草也漸漸形成了漢字的主要字體幾乎完全地鋪陳和流布開來。此為
明代 書法家 項穆 說至之 中華文字起源 的論說。
書法具教育和審美的功能，在西晉 書法家 成公綏 《隸書體》寫到：「章
周道之郁郁，表唐、虞之耀煥。」意思為書寫功用，在表彰周代 文王、
武王 郁郁之道，又表達唐堯、虞舜的光耀鼎盛 。成公綏 強調美術有
之教育和審美的功用。
師法古，明代 書法家 董其昌 強調 『妙在能合』，必須去經歷傳統書
法和理論，應該對傳統書法進行分析、概括、頓悟，能苦心力學將傳統
書法的優點學到手。董其昌 認為有遵循從延傳知識，可免暗中摸索，可
較容易得取門徑，會較有效的吸收到藝術的養份。
書法，注意線條，在清代 書法家 朱和羹 於《臨池心解》寫至：「作字
須有操縱。」意思為書法寫繪是有控制支配。告知，在寫線條，要注意
用筆之力道的輕重、速度的快慢，重視其流暢度與美感
書法，有主筆，在書寫，提醒，在字之結構配置，要注意有主筆，東漢
書法家 劉熙 說：「畫山者必有主峰，為諸峰所拱向；作字者必有主筆，
為餘筆所拱向。主筆有差，則餘筆皆敗。故善書者必爭此一筆。」意思
為山的描繪必畫最突出的主峰，諸山朝向主山前呼後擁拱照護衛；寫字
的人必有 主筆，其餘筆也必須前呼後擁拱照護衛，主筆表現有失誤，"	/mnt/Suran_database/Users/thanhthanh_workspace/Project/NLP_K35/xlnntn_hp2_friend/data/mrDuc_data/Images/UzpfSTEwMDAwODQwODMxNzg4NDpWSzoyNzM0Nzc1OTUzNDg2NjEzNA==_1.jpg
/images/UzpfSTEwMDAwMDM2OTIxMDcyNTpWSzoyNzMzODI3MzEwOTE0ODExMA==_0.jpg	0.808479	high_directional_coverage	遠山眉黛長，細柳腰肢嫋。妝罷立春風，一笑千金少。歸去鳳城時，說與青樓道。遍看潁川花，不似師師好。今天的練習03	"遠山眉黛長細柳腰肢裊粧罷立春
風一笑千金少歸去鳳城時說與青梅
道遍看潁川花不似師々好
宋人晏幾道生查子
丙午之夏"	/mnt/Suran_database/Users/thanhthanh_workspace/Project/NLP_K35/xlnntn_hp2_friend/data/mrDuc_data/Images/UzpfSTEwMDAwMDM2OTIxMDcyNTpWSzoyNzMzODI3MzEwOTE0ODExMA==_0.jpg
/images/UzpfSTEwMDAwMDM2OTIxMDcyNTpWSzoyNzM0ODc1MjgyNDc2NjgwNQ==_0.jpg	0.671111	combined_score_above_threshold	花木多佳趣，壺觴騁雅懷。今天的練習01	"春
水
多
佳
趣
壺
觴
騁
懷
寬"	/mnt/Suran_database/Users/thanhthanh_workspace/Project/NLP_K35/xlnntn_hp2_friend/data/mrDuc_data/Images/UzpfSTEwMDAwMDM2OTIxMDcyNTpWSzoyNzM0ODc1MjgyNDc2NjgwNQ==_0.jpg
/images/UzpfSTEwMDAwMDM2OTIxMDcyNTpWSzoyNzI5NTE5OTk5MDEyMjA4OQ==_0.jpg	0.927473	high_directional_coverage	靜居陋室觀天下，閑坐書齋閱古今。今天的練習01	"静居陋室觀天下
閑坐書齋閱古今"	/mnt/Suran_database/Users/thanhthanh_workspace/Project/NLP_K35/xlnntn_hp2_friend/data/mrDuc_data/Images/UzpfSTEwMDAwMDM2OTIxMDcyNTpWSzoyNzI5NTE5OTk5MDEyMjA4OQ==_0.jpg
/images/UzpfSTEwMDAwMDM2OTIxMDcyNTpWSzoyNzMzODI2Nzk5MjQ4MTk1NQ==_0.jpg	1.0	one_text_contains_the_other	雲外古松威鳳舞，人間脩竹老龍鍾。今天的練習01	"雲
外
古
松
威
鳳
舞
人
間
脩
竹
老
龍
鍾"	/mnt/Suran_database/Users/thanhthanh_workspace/Project/NLP_K35/xlnntn_hp2_friend/data/mrDuc_data/Images/UzpfSTEwMDAwMDM2OTIxMDcyNTpWSzoyNzMzODI2Nzk5MjQ4MTk1NQ==_0.jpg
/images/UzpfSTEwMDAwMDM0MDE0MDI3NjpWSzoyNzMzOTQwOTAzNTcwMTE4NA==_0.jpg	0.700952	high_directional_coverage	"丙午五月二十四練字
驚天地 泣鬼神"	"丙午五月廿四
驚天地
泣鬼神
方柏楠"	/mnt/Suran_database/Users/thanhthanh_workspace/Project/NLP_K35/xlnntn_hp2_friend/data/mrDuc_data/Images/UzpfSTEwMDAwMDM0MDE0MDI3NjpWSzoyNzMzOTQwOTAzNTcwMTE4NA==_0.jpg
/images/UzpfSTEwMDAwMDM0MDE0MDI3NjpWSzoyNzMzODEwMTkyOTE2NTIyOA==_0.jpg	0.742091	high_directional_coverage	"出自於文天祥的《過零丁洋》
辛苦遭逢起一經，干戈寥落四周星。山河破碎風飄絮，身世浮沉雨打萍。
資料來源：漢語網"	"出自《過零丁洋》
文天祥
南宋
辛苦遭逢起一經
干戈寥落四周星
山河破碎風飄絮
身世浮沉雨打萍
丙午五月廿四方柏棟"	/mnt/Suran_database/Users/thanhthanh_workspace/Project/NLP_K35/xlnntn_hp2_friend/data/mrDuc_data/Images/UzpfSTEwMDAwMDM0MDE0MDI3NjpWSzoyNzMzODEwMTkyOTE2NTIyOA==_0.jpg
/images/UzpfSTEwMDAwMDM2OTIxMDcyNTpWSzoyNzMzMTc2MTc1MzEzMjU3OQ==_0.jpg	1.0	one_text_contains_the_other	琴瑟在御。今天的練習02	"琴
瑟
在
御"	/mnt/Suran_database/Users/thanhthanh_workspace/Project/NLP_K35/xlnntn_hp2_friend/data/mrDuc_data/Images/UzpfSTEwMDAwMDM2OTIxMDcyNTpWSzoyNzMzMTc2MTc1MzEzMjU3OQ==_0.jpg
/images/UzpfSTEwMDAwMDM0MDE0MDI3NjpWSzoyNzMzODMwOTkxNTgxMTA5Ng==_0.jpg	0.68623	combined_score_above_threshold	"宋·蘇軾《前赤壁賦》：“其聲嗚嗚然；如怨如慕；如泣如訴；余音裊裊；不絕如縷。” 
資料來源：漢語網"	"宋·蘇軾《前赤壁賦》
其
聲
嗚
嗚
然
如
怨
如
慕
如
泣
如
訴
餘
音
嫋
嫋
不
絕
如
縷
丙午春月廿四方栢棟"	/mnt/Suran_database/Users/thanhthanh_workspace/Project/NLP_K35/xlnntn_hp2_friend/data/mrDuc_data/Images/UzpfSTEwMDAwMDM0MDE0MDI3NjpWSzoyNzMzODMwOTkxNTgxMTA5Ng==_0.jpg
/images/UzpfSTEwMDAwMDU5MzExMzI1ODpWSzoyNzMzNzY5MjE5MjUzOTUzNQ==_1.jpg	0.433315	one_text_contains_the_other	王維鹿柴	"空山不見人但聞人語
響返景入深林復照
青苔上
王維鹿柴
山嵐書"	/mnt/Suran_database/Users/thanhthanh_workspace/Project/NLP_K35/xlnntn_hp2_friend/data/mrDuc_data/Images/UzpfSTEwMDAwMDU5MzExMzI1ODpWSzoyNzMzNzY5MjE5MjUzOTUzNQ==_1.jpg
/images/UzpfSTEwMDAwMDM0MDE0MDI3NjpWSzoyNzMzOTEzMDMxNTcyOTA1Ng==_0.jpg	0.884634	high_directional_coverage	"東漢.崔瑗（字子玉）座右銘
無道人之短，無說己之長。
施人慎勿念，受施慎勿忘。
世譽不足慕，唯仁為紀綱。
隱心而後動，謗議庸何傷？
無使名過實，守愚聖所臧。
在涅貴不緇，曖曖內含光。
柔弱生之徒，老氏誡剛強。
疾惡過乃嚴，愛而忘其醜。
戒之在捷徑，逕省義非長。
與時皆逐逐，慾望常過量。
慎言節飲食，知足勝不祥。
行之苟有恆，久久自芬芳。
資料來源：維基文庫"	"東漢·崔瑗
座右銘
無道人之短，無說己之長。
施人慎勿念，受施慎勿忘。
世譽不足慕，唯仁為紀綱。
隱心而後動，謗議庸何傷？
無使名過實，守愚聖所臧。
在涅貴不緇，曖曖內含光。
柔弱生之徒，老氏誡剛強。
疢惡過乃嚴，愛而忘其醜。
戒之在捷徑，逯省義非常。
與時皆逐逐，慼慼常過量。
慎言節飲食，知足勝不祥。
行之苟有恆，久久自芬芳。
丙午五月廿四方柏棟"	/mnt/Suran_database/Users/thanhthanh_workspace/Project/NLP_K35/xlnntn_hp2_friend/data/mrDuc_data/Images/UzpfSTEwMDAwMDM0MDE0MDI3NjpWSzoyNzMzOTEzMDMxNTcyOTA1Ng==_0.jpg
/images/UzpfSTEwMDAwMDU5MzExMzI1ODpWSzoyNzMzNzY5MjE5MjUzOTUzNQ==_0.jpg	0.433315	one_text_contains_the_other	王維鹿柴	"空山不見人但聞人語
響返景入深林復照
青苔上
王維鹿柴
山嵐書"	/mnt/Suran_database/Users/thanhthanh_workspace/Project/NLP_K35/xlnntn_hp2_friend/data/mrDuc_data/Images/UzpfSTEwMDAwMDU5MzExMzI1ODpWSzoyNzMzNzY5MjE5MjUzOTUzNQ==_0.jpg
/images/UzpfSTEwMDAwMDM2OTIxMDcyNTpWSzoyNzMxNzY1MTU3NDU0MzU5Nw==_0.jpg	1.0	one_text_contains_the_other	太平有象人同樂，天地無私物自春。今天的練習01	"太平有象人同樂
天地無私物自春"	/mnt/Suran_database/Users/thanhthanh_workspace/Project/NLP_K35/xlnntn_hp2_friend/data/mrDuc_data/Images/UzpfSTEwMDAwMDM2OTIxMDcyNTpWSzoyNzMxNzY1MTU3NDU0MzU5Nw==_0.jpg
/images/UzpfSTU0MjM2Mjc2MDpWSzoyNzMyODg4OTY1MDA4NjQ1Ng==_2.jpg	0.849734	high_directional_coverage	"今日 #小暑，抄詩一首。

夜熱依然午熱同，開門小立月明中。
竹深樹密蟲鳴處，時有微涼不是風。
宋.楊萬里《#夏夜追涼》

#練字養心"	"夜熱依然午熱同
開門小立月明中
竹深樹密蟲鳴處
時有微涼不是風
宋楊萬里 夏夜追涼
丙申年仲夏 錦堂書"	/mnt/Suran_database/Users/thanhthanh_workspace/Project/NLP_K35/xlnntn_hp2_friend/data/mrDuc_data/Images/UzpfSTU0MjM2Mjc2MDpWSzoyNzMyODg4OTY1MDA4NjQ1Ng==_2.jpg
/images/UzpfSTU0MjM2Mjc2MDpWSzoyNzMyODg4OTY1MDA4NjQ1Ng==_1.jpg	0.78577	high_directional_coverage	"今日 #小暑，抄詩一首。

夜熱依然午熱同，開門小立月明中。
竹深樹密蟲鳴處，時有微涼不是風。
宋.楊萬里《#夏夜追涼》

#練字養心"	"夜熱依然午熱同
開門小立月明中
竹深樹密虫鳴𮆀
時有微涼不是風
宋楊萬里 夏夜追涼
丙申年仲夏錦堂書
ericleung.space"	/mnt/Suran_database/Users/thanhthanh_workspace/Project/NLP_K35/xlnntn_hp2_friend/data/mrDuc_data/Images/UzpfSTU0MjM2Mjc2MDpWSzoyNzMyODg4OTY1MDA4NjQ1Ng==_1.jpg
/images/UzpfSTYxNTg2OTI4MjY3NTAwOlZLOjI3MzM1MjA1NTAyNzg4MjA0_0.jpg	0.827778	one_text_contains_the_other	見山見海見自己	"微少美意
見山見海見自己"	/mnt/Suran_database/Users/thanhthanh_workspace/Project/NLP_K35/xlnntn_hp2_friend/data/mrDuc_data/Images/UzpfSTYxNTg2OTI4MjY3NTAwOlZLOjI3MzM1MjA1NTAyNzg4MjA0_0.jpg
/images/UzpfSTU0MjM2Mjc2MDpWSzoyNzMyODg4OTY1MDA4NjQ1Ng==_3.jpg	0.817752	high_directional_coverage	"今日 #小暑，抄詩一首。

夜熱依然午熱同，開門小立月明中。
竹深樹密蟲鳴處，時有微涼不是風。
宋.楊萬里《#夏夜追涼》

#練字養心"	"夜熱依然午熱同
開門小立月明中
竹深樹密虫鳴處
時有微涼不是風
宋楊萬里夏夜追涼
丙申年仲夏錦堂書"	/mnt/Suran_database/Users/thanhthanh_workspace/Project/NLP_K35/xlnntn_hp2_friend/data/mrDuc_data/Images/UzpfSTU0MjM2Mjc2MDpWSzoyNzMyODg4OTY1MDA4NjQ1Ng==_3.jpg
/images/UzpfSTU0MjM2Mjc2MDpWSzoyNzMyODg4OTY1MDA4NjQ1Ng==_0.jpg	0.78577	high_directional_coverage	"今日 #小暑，抄詩一首。

夜熱依然午熱同，開門小立月明中。
竹深樹密蟲鳴處，時有微涼不是風。
宋.楊萬里《#夏夜追涼》

#練字養心"	"夜熱依然午熱同
開門小立月明中
竹深樹密虫鳴处
時有微涼不是風
宋楊萬里夏夜追涼
丙午年仲夏錦堂書
ericleung.space"	/mnt/Suran_database/Users/thanhthanh_workspace/Project/NLP_K35/xlnntn_hp2_friend/data/mrDuc_data/Images/UzpfSTU0MjM2Mjc2MDpWSzoyNzMyODg4OTY1MDA4NjQ1Ng==_0.jpg
/images/UzpfSTEwMDAwMDM0MDE0MDI3NjpWSzoyNzMxNTkxNjI5ODA1MDQ1OA==_0.jpg	0.701914	high_directional_coverage	"摘自《懊惱》／作者：孟郊／唐 
好詩更相嫉，劍戟生牙關。前賢死已久，猶在咀嚼間。
資料來源：維基文庫"	"摘自《懊惱》 孟郊 唐
好詩更相嫉
劍戟生牙闠
前賢死已久
猶在咀嚼間
丙申五月廿六方柏榦"	/mnt/Suran_database/Users/thanhthanh_workspace/Project/NLP_K35/xlnntn_hp2_friend/data/mrDuc_data/Images/UzpfSTEwMDAwMDM0MDE0MDI3NjpWSzoyNzMxNTkxNjI5ODA1MDQ1OA==_0.jpg
/images/UzpfSTEwMDAwMDA5NDY5MjQ5NDpWSzoyNzMxMzUzMjMzMTYyMjE4OA==_0.jpg	0.647114	high_directional_coverage	"大家午安

行到水窮處，坐看雲起時。

張威龍  習書/攝影 2026/7/6"	"行
到
水
窮
處
坐
看
雲
起
時
丙
子
夏
張
彧
書"	/mnt/Suran_database/Users/thanhthanh_workspace/Project/NLP_K35/xlnntn_hp2_friend/data/mrDuc_data/Images/UzpfSTEwMDAwMDA5NDY5MjQ5NDpWSzoyNzMxMzUzMjMzMTYyMjE4OA==_0.jpg
/images/UzpfSTYxNTg2OTI4MjY3NTAwOlZLOjI3MzEzNzY4ODk0OTMxODY1_0.jpg	1.0	one_text_contains_the_other	此去經年，山是山，我是我。#書法	"此去經年
山是山
我是我"	/mnt/Suran_database/Users/thanhthanh_workspace/Project/NLP_K35/xlnntn_hp2_friend/data/mrDuc_data/Images/UzpfSTYxNTg2OTI4MjY3NTAwOlZLOjI3MzEzNzY4ODk0OTMxODY1_0.jpg
/images/UzpfSTEwMDAwMDM2NjMwMzY2NTpWSzoyNzMxNjE4MDU2MTM1NzM2NQ==_0.jpg	0.773601	high_directional_coverage	"2026-07-06週一
長恨歌 白居易
30（終）
「在天願作比翼鳥，
在地願為連理枝。」
天長地久有時盡，
此恨綿綿無絕期。"	"在天願作比翼鳥、
在地願為連理枝、
天長地久有時盡、
此恨綿々無絕期、
白居易長恨歌終
丙午冬 紹先書"	/mnt/Suran_database/Users/thanhthanh_workspace/Project/NLP_K35/xlnntn_hp2_friend/data/mrDuc_data/Images/UzpfSTEwMDAwMDM2NjMwMzY2NTpWSzoyNzMxNjE4MDU2MTM1NzM2NQ==_0.jpg
/images/UzpfSTYxNTUxNjc3MjkzMjM3OlZLOjI3MzE0NTc1Nzk0ODUxMTc1_0.jpg	0.709367	high_directional_coverage	"寫下杜牧的泊秦淮，一筆一畫，讓心慢慢靜下來。
煙籠寒水月籠沙，夜泊秦淮近酒家。
商女不知亡國恨，隔江猶唱後庭花。

字還有進步空間，但享受書寫的過程，才是最大的收穫"	"泊秦淮
煙籠寒水月籠沙
夜泊秦淮近酒家
商女不知亡國恨
隔江猶唱後庭花"	/mnt/Suran_database/Users/thanhthanh_workspace/Project/NLP_K35/xlnntn_hp2_friend/data/mrDuc_data/Images/UzpfSTYxNTUxNjc3MjkzMjM3OlZLOjI3MzE0NTc1Nzk0ODUxMTc1_0.jpg
/images/UzpfSTEwMDAwMDM0MDE0MDI3NjpWSzoyNzMwNjEwODAzNTY5Nzk1MQ==_0.jpg	0.826086	high_directional_coverage	"出自《玉樓春》／晏殊／北宋
無情不似多情苦，
一寸還成千萬縷。
天涯地角有窮時，
只有相思無盡處。
資料來源：漢語網"	"出自《玉樓春》
晏殊
北宋
無情不似多情苦
一寸還成千萬縷
天涯地角有窮時
只有相思無盡處
丙午五月廿一方柏博"	/mnt/Suran_database/Users/thanhthanh_workspace/Project/NLP_K35/xlnntn_hp2_friend/data/mrDuc_data/Images/UzpfSTEwMDAwMDM0MDE0MDI3NjpWSzoyNzMwNjEwODAzNTY5Nzk1MQ==_0.jpg
/images/UzpfSTEwMDAwMDM2OTIxMDcyNTpWSzoyNzI5NTIwNjcxNjc4ODA4Mw==_0.jpg	0.771131	high_directional_coverage	冰棹風船雪滿篷，詩人醉臥水晶宮。追程未到君休問，且啟瓊窗看玉峰。今天的練習03	"冰棹風船雪滿蓬詩人醉臥水
晶宮追程未到君休問且放瓊
瑤看玉峰
宋人楊萬里詩
丙午之夏"	/mnt/Suran_database/Users/thanhthanh_workspace/Project/NLP_K35/xlnntn_hp2_friend/data/mrDuc_data/Images/UzpfSTEwMDAwMDM2OTIxMDcyNTpWSzoyNzI5NTIwNjcxNjc4ODA4Mw==_0.jpg
/images/UzpfSTEwMDA4OTA0MzM2NTY5MDpWSzoyNzI5ODYyMjc4MzExMzE0Mw==_0.jpg	0.308415	one_text_contains_the_other	浣溪沙。晏殊	"classicalchineseliterature.org
尋找
宋
晏殊
詞
中
浣溪沙
晏殊的其他作品...
讀
註
賞
語譯
書籤
粵
普
循環
00:00
00:35
一曲新詞酒一杯。去年天氣舊亭
臺。夕陽西下幾時迴?
無可奈何花落去，似曾相識燕歸
來!小園香徑獨徘徊。
延伸閱讀:
^中華經典資源庫^ 程水金 講解 晏殊 浣溪沙 27分(普)「經 哔哩哔哩
連結」
^百家講壇^ 楊雨 講解 晏殊 38分 (普)「經 Youtube 連結」
同意"	/mnt/Suran_database/Users/thanhthanh_workspace/Project/NLP_K35/xlnntn_hp2_friend/data/mrDuc_data/Images/UzpfSTEwMDA4OTA0MzM2NTY5MDpWSzoyNzI5ODYyMjc4MzExMzE0Mw==_0.jpg
/images/UzpfSTEwMDA4OTA0MzM2NTY5MDpWSzoyNzI5ODYyMjc4MzExMzE0Mw==_1.jpg	0.308415	one_text_contains_the_other	浣溪沙。晏殊	"classicalchineseliterature.org
尋找
宋
晏殊
詞
中
浣溪沙
晏殊的其他作品...
讀
註
賞
語譯
書籤
粵
普
循環
00:00
00:35
一曲新詞酒一盃。去年天氣舊亭
臺。夕陽西下幾時迴？
無可奈何花落去，似曾相識燕歸
來！小園香徑獨徘徊。
延伸閱讀：
^中華經典資源庫^ 程水金 講解 晏殊 浣溪沙 27分 (普)「經 嗶哩嗶哩連結」
^百家講壇^ 楊雨 講解 晏殊 38分 (普)「經 Youtube 連結」
同意"	/mnt/Suran_database/Users/thanhthanh_workspace/Project/NLP_K35/xlnntn_hp2_friend/data/mrDuc_data/Images/UzpfSTEwMDA4OTA0MzM2NTY5MDpWSzoyNzI5ODYyMjc4MzExMzE0Mw==_1.jpg
/images/UzpfSTEwMDAwMDM2OTIxMDcyNTpWSzoyNzMwODE1NTk2ODgyNjQ5MQ==_0.jpg	1.0	one_text_contains_the_other	磨杵成針。今天的練習02	"磨
杵
成
針"	/mnt/Suran_database/Users/thanhthanh_workspace/Project/NLP_K35/xlnntn_hp2_friend/data/mrDuc_data/Images/UzpfSTEwMDAwMDM2OTIxMDcyNTpWSzoyNzMwODE1NTk2ODgyNjQ5MQ==_0.jpg
/images/UzpfSTEwMDAwMDM2OTIxMDcyNTpWSzoyNzMwODE1OTQ5NTQ5MjgwNQ==_0.jpg	0.78715	high_directional_coverage	千花百草。送得春歸了。拾蕊人稀紅漸少。葉底杏青梅小。小瓊閒抱琵琶。雪香微透輕紗。正好一枝嬌豔，當筵獨佔韶華。今天的練習03	"千花百草送得春歸了拾蕊人
稀紅漸少葉底杏青梅小瓊閨
慵整琵琶雪面冰肌透輕紗正好一枝
嬌艷當筵獨佔韶華
宋晏幾道清平樂
丙午夏"	/mnt/Suran_database/Users/thanhthanh_workspace/Project/NLP_K35/xlnntn_hp2_friend/data/mrDuc_data/Images/UzpfSTEwMDAwMDM2OTIxMDcyNTpWSzoyNzMwODE1OTQ5NTQ5MjgwNQ==_0.jpg
/images/UzpfSTEwMDAwMDM2NjMwMzY2NTpWSzoyNzMwNTI1MTU5MjQ1MDI2Mg==_0.jpg	0.802002	high_directional_coverage	"2026-07-05週日
中華字經
125
艾滋侵略，瘟疫擴散。
腫瘤癌症，勞憊疲倦。
警惕疾病，診恙預患。"	"艾
滋
侵
略
瘟
疫
擴
散
腫
瘤
癌
症
勞
憊
疲
倦
警
惕
疾
病
診
恙
預
患
中
華
字
經
節
丙
午
夏
双
煜
書"	/mnt/Suran_database/Users/thanhthanh_workspace/Project/NLP_K35/xlnntn_hp2_friend/data/mrDuc_data/Images/UzpfSTEwMDAwMDM2NjMwMzY2NTpWSzoyNzMwNTI1MTU5MjQ1MDI2Mg==_0.jpg
/images/UzpfSTEwMDAwMDA5NDY5MjQ5NDpWSzoyNzMwNDI5MTMxOTIxMjk1Ng==_0.jpg	0.783531	high_directional_coverage	"**大家午安**

**落霞與孤鶩齊飛 ，秋水共長天一色。**

**昨日漫步埤塘，霞光萬千，夜鷺紛飛，終於體悟古人此情此景。**

**張威龍  習書2026/7/5**"	"落
霞
與
孤
鶩
齊
飛
秋
水
共
長
天
一
色
昨日
漫
步
埤
塘
霞
光
萬
子
夜
鷺
絲
群
終
於
體
悟
古
人
此
情
此
景
丙
子
夏
張
益
乾"	/mnt/Suran_database/Users/thanhthanh_workspace/Project/NLP_K35/xlnntn_hp2_friend/data/mrDuc_data/Images/UzpfSTEwMDAwMDA5NDY5MjQ5NDpWSzoyNzMwNDI5MTMxOTIxMjk1Ng==_0.jpg
/images/UzpfSTEwMDAwMDM2NjMwMzY2NTpWSzoyNzI5MjIxMzYxMDQyMDcyNw==_0.jpg	0.790503	high_directional_coverage	"2026-07-03週五
長恨歌 白居易
29
臨別殷勤重寄詞，
詞中有誓兩心知，
七月七日長生殿，
夜半無人私語時："	"臨別殷勤重寄詞、
詞中有誓兩相知、
七月七日長生殿、
夜半無人私語時、
白居易長恨歌丙午冬書"	/mnt/Suran_database/Users/thanhthanh_workspace/Project/NLP_K35/xlnntn_hp2_friend/data/mrDuc_data/Images/UzpfSTEwMDAwMDM2NjMwMzY2NTpWSzoyNzI5MjIxMzYxMDQyMDcyNw==_0.jpg
/images/UzpfSTEwMDAwNzI5MzE4NTg0MTpWSzoyNzI5MDU4NzQzNzI1MDAxMQ==_0.jpg	0.878491	high_directional_coverage	"千山鳥飛絕，萬徑人蹤滅。
孤舟蓑笠翁，獨釣寒江雪。柳宗元/江雪"	"千山鳥飛絕萬逕人蹤滅孤舟
蓑笠翁獨釣寒江雪
唐詩柳宗元江雪
傅輝忠"	/mnt/Suran_database/Users/thanhthanh_workspace/Project/NLP_K35/xlnntn_hp2_friend/data/mrDuc_data/Images/UzpfSTEwMDAwNzI5MzE4NTg0MTpWSzoyNzI5MDU4NzQzNzI1MDAxMQ==_0.jpg
/images/UzpfSTEwMDAwMDE4MjQyNTQyMjpWSzoyNzI5MDYwMzc3NzI0ODM3Nw==_0.jpg	0.82775	high_directional_coverage	"靜默【幽窗】
樓台帶晚陰，車馬亂愁侵。
鬧市喧如沸，幽窗靜可尋。
月開方外境，風遣法中音。
坐久塵機息，清波照我心。"	"樓臺帶晚陰車馬亂愁侵
鬧市喧如沸幽窻靜可尋
月開方外境風遣法中音
坐久塵機息清波照我心
丙午年梅月於新竹靜默"	/mnt/Suran_database/Users/thanhthanh_workspace/Project/NLP_K35/xlnntn_hp2_friend/data/mrDuc_data/Images/UzpfSTEwMDAwMDE4MjQyNTQyMjpWSzoyNzI5MDYwMzc3NzI0ODM3Nw==_0.jpg
/images/UzpfSTEwMDAwMDAyOTcyMDEwOTpWSzoyNzI4MTc3MTEwODEzMTY0NA==_0.jpg	0.818395	high_directional_coverage	"如夢令
李清照

 

昨夜雨疏風驟，濃睡不消殘酒。

試問捲簾人，卻道海棠依舊。

知否？知否？應是綠肥紅瘦。"	"昨夜雨疏風驟濃睡不消殘酒試
問卷簾人卻道海棠依舊知否
知否應是綠肥紅瘦
李清照如夢令
丙午夏蕭良材書"	/mnt/Suran_database/Users/thanhthanh_workspace/Project/NLP_K35/xlnntn_hp2_friend/data/mrDuc_data/Images/UzpfSTEwMDAwMDAyOTcyMDEwOTpWSzoyNzI4MTc3MTEwODEzMTY0NA==_0.jpg
/images/UzpfSTEwMDAwMDM2OTIxMDcyNTpWSzoyNzI3NDcxNjMwNTUwMzc5MQ==_0.jpg	0.808371	high_directional_coverage	鶯初解語，最是一年春好處。微雨如酥，草色遙看近卻無。 休辭醉倒，花不看開人易老。莫待春回，顛倒紅英間綠苔。今天的練習03	"鶯初解語最是一年春好處微雨
如酥草色遙看近卻無休說酴醾
花下不看開人易老莫待春回顛倒
紅英间綠苔
宋蘇東坡減字木蘭花
丙午夏"	/mnt/Suran_database/Users/thanhthanh_workspace/Project/NLP_K35/xlnntn_hp2_friend/data/mrDuc_data/Images/UzpfSTEwMDAwMDM2OTIxMDcyNTpWSzoyNzI3NDcxNjMwNTUwMzc5MQ==_0.jpg
/images/UzpfSTEwMDAwMDM2OTIxMDcyNTpWSzoyNzI3NDcxMjMyODgzNzUyMg==_0.jpg	1.0	one_text_contains_the_other	眾安道泰。今天的練習02	"眾
安
道
泰"	/mnt/Suran_database/Users/thanhthanh_workspace/Project/NLP_K35/xlnntn_hp2_friend/data/mrDuc_data/Images/UzpfSTEwMDAwMDM2OTIxMDcyNTpWSzoyNzI3NDcxMjMyODgzNzUyMg==_0.jpg
/images/UzpfSTEwMDAwMDM2OTIxMDcyNTpWSzoyNzI4NjUzODYxNzY1NDg5Mw==_0.jpg	0.586843	combined_score_above_threshold	金鞭美少年，去躍青驄馬。牽繫玉樓人，繡被春寒夜。消息未歸來，寒食梨花謝。無處說相思，背面鞦韆下。今天的練習01	"金鞭美少年去躍青驄馬牽繫玉樓人
綉被春寒夜消息未歸也寒窗無奈處
说与野棠花秋千下
宋人晏幾道生查子
丙午之夏"	/mnt/Suran_database/Users/thanhthanh_workspace/Project/NLP_K35/xlnntn_hp2_friend/data/mrDuc_data/Images/UzpfSTEwMDAwMDM2OTIxMDcyNTpWSzoyNzI4NjUzODYxNzY1NDg5Mw==_0.jpg
/images/UzpfSTEwMDAwMDM2OTIxMDcyNTpWSzoyNzI3NDcwODk4ODgzNzg1Ng==_0.jpg	0.923333	high_directional_coverage	和仍不同君子之德，定而後安大學所先。今天的練習01	"和而不同君子之德
定而後安大學所先"	/mnt/Suran_database/Users/thanhthanh_workspace/Project/NLP_K35/xlnntn_hp2_friend/data/mrDuc_data/Images/UzpfSTEwMDAwMDM2OTIxMDcyNTpWSzoyNzI3NDcwODk4ODgzNzg1Ng==_0.jpg
/images/UzpfSTEwMDAwMDU5MzExMzI1ODpWSzoyNzI3MzM0MzI0MjMwNzc2NA==_0.jpg	0.462258	one_text_contains_the_other	張志和漁歌子	"西塞山前白鷺飛
桃花流水鱖魚肥
張志和
漁歌子
青箬笠綠蓑衣
斜風細雨不須歸
山嵐"	/mnt/Suran_database/Users/thanhthanh_workspace/Project/NLP_K35/xlnntn_hp2_friend/data/mrDuc_data/Images/UzpfSTEwMDAwMDU5MzExMzI1ODpWSzoyNzI3MzM0MzI0MjMwNzc2NA==_0.jpg
/images/UzpfSTEwMDAwMDM0MDE0MDI3NjpWSzoyNzI3MjU4OTkxNTcxNjQzMA==_0.jpg	0.811237	high_directional_coverage	"北宋王安石《諸葛武侯》「慟哭楊顒為一言，餘風今日更誰傳。區區庸蜀支吳魏，不是虛心豈得賢。」
資料來源：AI"	"北宋·王安石《諸葛武侯》
慟哭楊顯爲一言
餘風今日更誰傳
區區庸蜀支吳魏
不是虛心豈得賢
丙午五月十八方柏棟"	/mnt/Suran_database/Users/thanhthanh_workspace/Project/NLP_K35/xlnntn_hp2_friend/data/mrDuc_data/Images/UzpfSTEwMDAwMDM0MDE0MDI3NjpWSzoyNzI3MjU4OTkxNTcxNjQzMA==_0.jpg
/images/UzpfSTEwMDAwNzI5MzE4NTg0MTpWSzoyNzI2ODE3MTE3OTQ5MTYzNw==_0.jpg	0.826947	high_directional_coverage	"紅豆生南國，春來發幾枝。
願君多採擷，此物最相思。王維/相思"	"紅
豆
生
南
國
春
来
發
幾
枝
願
君
多
采
擷
此
物
最
相
思
唐詩王維相思
傅焯忠"	/mnt/Suran_database/Users/thanhthanh_workspace/Project/NLP_K35/xlnntn_hp2_friend/data/mrDuc_data/Images/UzpfSTEwMDAwNzI5MzE4NTg0MTpWSzoyNzI2ODE3MTE3OTQ5MTYzNw==_0.jpg
/images/UzpfSTEwMDAwMDA5NDY5MjQ5NDpWSzoyNzI2ODcwMTM2Mjc3MTk1Mg==_0.jpg	0.698184	high_directional_coverage	"大家早安

一念花開落

心境清明

萬般自在

無人不如來

張威龍 習書2026/7/2"	"一念花開落
心境清明
萬般自在
無人亦如來
丙子夏張茂誌"	/mnt/Suran_database/Users/thanhthanh_workspace/Project/NLP_K35/xlnntn_hp2_friend/data/mrDuc_data/Images/UzpfSTEwMDAwMDA5NDY5MjQ5NDpWSzoyNzI2ODcwMTM2Mjc3MTk1Mg==_0.jpg
/images/UzpfSTEwMDAwMDM2OTIxMDcyNTpWSzoyNzI1MTc2Nzk1MTEzMTk2MA==_0.jpg	0.912088	high_directional_coverage	無事且從閒處樂，有書時向靜中觀。今天的練習01	"無事且遣閒處樂
有書時向靜中觀"	/mnt/Suran_database/Users/thanhthanh_workspace/Project/NLP_K35/xlnntn_hp2_friend/data/mrDuc_data/Images/UzpfSTEwMDAwMDM2OTIxMDcyNTpWSzoyNzI1MTc2Nzk1MTEzMTk2MA==_0.jpg
/images/UzpfSTEwMDAwMDM2OTIxMDcyNTpWSzoyNzI2NDc3MzQyNjQ5ODA3OQ==_0.jpg	0.606593	combined_score_above_threshold	友如作畫須求澹，山似論文不喜平。今天的練習01	"尋常作畫須樂濃
山谷論文不喜平"	/mnt/Suran_database/Users/thanhthanh_workspace/Project/NLP_K35/xlnntn_hp2_friend/data/mrDuc_data/Images/UzpfSTEwMDAwMDM2OTIxMDcyNTpWSzoyNzI2NDc3MzQyNjQ5ODA3OQ==_0.jpg
/images/UzpfSTEwMDAwMDM2NjMwMzY2NTpWSzoyNzI2MTM2NDg5MzUwNTU5OQ==_0.jpg	0.814974	high_directional_coverage	"2026-07-01週三
長恨歌 白居易
28
釵留一股合一扇，
釵擘黃金合分鈿。
但教心似金鈿堅，
天上人間會相見。"	"釵留一股合一扇、
釵擘黃金合分鈿、
但教心似金鈿堅、
天上人間會相見。
白居易長恨歌丙戌冬至書"	/mnt/Suran_database/Users/thanhthanh_workspace/Project/NLP_K35/xlnntn_hp2_friend/data/mrDuc_data/Images/UzpfSTEwMDAwMDM2NjMwMzY2NTpWSzoyNzI2MTM2NDg5MzUwNTU5OQ==_0.jpg
/images/UzpfSTEwMDAwNDE4MzAzOTE2MDpWSzoyNzI1NjgwMjQxMDYyODUxNA==_0.jpg	0.949048	one_text_contains_the_other	世事洞明皆學問 人情練達即文章	"世
事
洞
明
皆
學
問
人
情
練
達
即
文
章
信安"	/mnt/Suran_database/Users/thanhthanh_workspace/Project/NLP_K35/xlnntn_hp2_friend/data/mrDuc_data/Images/UzpfSTEwMDAwNDE4MzAzOTE2MDpWSzoyNzI1NjgwMjQxMDYyODUxNA==_0.jpg
/images/UzpfSTEwMDAwMDM2OTIxMDcyNTpWSzoyNzI1MTc3MDk1NDQ2NDk5Mw==_0.jpg	1.0	one_text_contains_the_other	仁者不憂。今天的練習02	"仁
者
不
憂"	/mnt/Suran_database/Users/thanhthanh_workspace/Project/NLP_K35/xlnntn_hp2_friend/data/mrDuc_data/Images/UzpfSTEwMDAwMDM2OTIxMDcyNTpWSzoyNzI1MTc3MDk1NDQ2NDk5Mw==_0.jpg
/images/UzpfSTEwMDAwMDA5NDY5MjQ5NDpWSzoyNzI1NTQyMDA3MDc2Njc0OA==_0.jpg	0.784192	high_directional_coverage	"大家早安

春有百花秋有月， 夏有涼風冬有雪； 

若無閒事掛心頭， 便是人間好時節。 

宋 無門慧開禪師  張威龍 習書2021冬"	"春有
百花秋
有月
夏有
涼風
冬有
雪若
無事
掛心頭
便是
人間好
時節
宋無門慧開
禪師詩
二〇二一辛丑冬
湛岳書"	/mnt/Suran_database/Users/thanhthanh_workspace/Project/NLP_K35/xlnntn_hp2_friend/data/mrDuc_data/Images/UzpfSTEwMDAwMDA5NDY5MjQ5NDpWSzoyNzI1NTQyMDA3MDc2Njc0OA==_0.jpg
/images/UzpfSTEwMDAwMDM2OTIxMDcyNTpWSzoyNzI0MDQ0MTY2ODkzMTI1NQ==_0.jpg	0.82403	one_text_contains_the_other	鏡湖流水漾清波，狂客歸舟逸興多。 山陰道士如相見，應寫黃庭換白鵝。今天的練習01	"鏡湖流水漾清波狂客歸舟逸興多
山陰道士如相見應寫黃庭換白鵝
李白送賀賓客歸越
歲次丙午夏月
葉吉榮"	/mnt/Suran_database/Users/thanhthanh_workspace/Project/NLP_K35/xlnntn_hp2_friend/data/mrDuc_data/Images/UzpfSTEwMDAwMDM2OTIxMDcyNTpWSzoyNzI0MDQ0MTY2ODkzMTI1NQ==_0.jpg
/images/UzpfSTEwMDAwMDM2NjMwMzY2NTpWSzoyNzI1MDMzNjU2NDYwODQzMg==_0.jpg	0.726093	high_directional_coverage	"2026-06-30週二
中華字經
123
疙瘩痘疹，膿瘡禿癬。
癩疥搔癢，疤痕愈痊。
幀頻催聵，瘴瘧殖閹。"	"疙
瘩
痘
疹
膿
瘡
秃
癬
癩
疥
搔
癢
疤
痕
愈
痊
愼
頻
催
聵
瘴
瘧
殖
閹
中
華
字
經
以
丙
午
夏
敬
靜
書"	/mnt/Suran_database/Users/thanhthanh_workspace/Project/NLP_K35/xlnntn_hp2_friend/data/mrDuc_data/Images/UzpfSTEwMDAwMDM2NjMwMzY2NTpWSzoyNzI1MDMzNjU2NDYwODQzMg==_0.jpg
/images/UzpfSTEwMDAwODQwODMxNzg4NDpWSzoyNzI0OTM0MDQ2ODA0MTM3NQ==_0.jpg	0.297039	one_text_contains_the_other	"**""閒暇聊聊美院課堂之講的『 書畫藝術的起源』""**"	"""閒暇聊聊美院課堂之講的『書畫藝術的起源』""
在 藝術的起源 的陳述，應該對美院的朋友於就學程之在《藝術學概
論》有讀到， 藝術的起源 是人類精神史的核心，最早可追溯至舊石
器時代。考古證據表明，大約在 4 萬至 10 萬年前....什麼、什
麼.................. 什麼、什麼.....的。
在 藝術的起源 並非單一因素造成，學界普遍從以下幾個核心維度來探
究其發展脈絡：
1. 巫術與宗教信仰 (Magic & Religion)
原始藝術很大程度上與控制自然、祈求生存有關。
2. 審美需求與裝飾本能 (Aesthetics)
對於美的追求是人類的本能。除了壁畫，早期智人會在工具上雕刻對稱
的幾何圖形，或使用獸牙、貝殼製作裝飾品。
3. 遊戲與精力過剩 (Play Theory)
德國藝術史學家格羅塞 (Ernst Grosse) 等學者認為，藝術起源於遊
戲。
4. 情感表達與溝通 (Communication & Emotion)
藝術是一種將抽象的精神世界轉化為具象物質的技術。
今天就閒聊~若在談『書畫藝術的起源』，提到中華文字和圖畫的起源
的題目，於美院之課堂，也許有會提至宋代《宣和畫譜》有講，宋代
《宣和畫譜》寫到:「河出圖，洛出書，而龜龍之畫始著見於時，後世
乃有蟲鳥之作，而龜龍之大體，猶未鑿也。逮至有虞，彰施五色而作
繪宗彝，以是制象因之而漸分。」意思是黃河出圖畫，洛水出文字，
而龜龍的畫，便就在這時見到，之後乃有蟲鳥形象的文字，龜龍字畫的
重要道理，尚處於蒙昧未形成狀態，到了虞時期，用五种色彩繪製天地，
因此製作形象而漸分別。
從此指到，黃河中有一匹繪圖案在背上的龍馬，洛水裡是有背上文字的
烏龜，這就是文字、圖畫的起源，再後才有蟲鳥形象的圖文、圖象繪製
的起源之解說。
圖：清代 玉器《龍馬負書》；唐代 銅器《龍龜銅盆》局部 龜"	/mnt/Suran_database/Users/thanhthanh_workspace/Project/NLP_K35/xlnntn_hp2_friend/data/mrDuc_data/Images/UzpfSTEwMDAwODQwODMxNzg4NDpWSzoyNzI0OTM0MDQ2ODA0MTM3NQ==_0.jpg
/images/UzpfSTEwMDAwMDA5NDY5MjQ5NDpWSzoyNzI0Nzg5OTkxNDg1MjA5Nw==_0.jpg	0.603345	combined_score_above_threshold	"大家午安
人生快意酒一杯
張威龍 習書2026/6/30"	"人生快
意酒一杯
丙子夏張盛書"	/mnt/Suran_database/Users/thanhthanh_workspace/Project/NLP_K35/xlnntn_hp2_friend/data/mrDuc_data/Images/UzpfSTEwMDAwMDA5NDY5MjQ5NDpWSzoyNzI0Nzg5OTkxNDg1MjA5Nw==_0.jpg
/images/UzpfSTEwMDAwMDM2OTIxMDcyNTpWSzoyNzI0MDQ0OTA0ODkzMDUxNw==_0.jpg	0.666435	high_directional_coverage	花前獨佔春風早，長愛江梅。秀豔清杯。芳意先愁鳳管催。尋香已閒人後，此恨難裁。更晚須來。卻恐初開勝未開。今天的練習03	"花前獨占春風早獨麗江梅秀
豔清標自是先秋愁鳳管催歸急已
聞人後此恨難裁更晚須來却恐
初開勝未開
宋晏殊詞采桑子
丙午三夏"	/mnt/Suran_database/Users/thanhthanh_workspace/Project/NLP_K35/xlnntn_hp2_friend/data/mrDuc_data/Images/UzpfSTEwMDAwMDM2OTIxMDcyNTpWSzoyNzI0MDQ0OTA0ODkzMDUxNw==_0.jpg
/images/UzpfSTEwMDAwMDA5NDY5MjQ5NDpWSzoyNzI0ODQyMDMxMTQ2NjcyNA==_0.jpg	0.719711	high_directional_coverage	"**大家 晚餐愉快**

**蝶 演繹梁祝情愛的昇華**

**翼 開展不忘初心的輪迴**

**生 生世世不離不棄**

**花 開花謝 歲歲年年**

**雅和 袁外〈蝶翼生花〉海棠之美  張威龍 詩書2026/6/30**"	"蝶
演繹累世情愛的昇華
翼
開展不忘初心的輪迴
生生世世不離不棄
花開花謝歲歲年年
聽歌
意外入蝶翼知花之美
丙子夏
張武誌"	/mnt/Suran_database/Users/thanhthanh_workspace/Project/NLP_K35/xlnntn_hp2_friend/data/mrDuc_data/Images/UzpfSTEwMDAwMDA5NDY5MjQ5NDpWSzoyNzI0ODQyMDMxMTQ2NjcyNA==_0.jpg
/images/UzpfSTEwMDAwMDM2OTIxMDcyNTpWSzoyNzI1MTc3NDM0Nzc5Nzk4Nw==_0.jpg	0.81013	high_directional_coverage	長亭晚送。都似綠窗前日夢。小字還家。恰應紅燈昨夜花。 良時易過。半鏡流年春欲破。往事難忘。一枕高樓到夕陽。今天的練習03	"長
亭
晚
送
人
歸
後
似
綠
窗
前
日
夢
字
還
家
恰
應
紅
燈
昨
夜
花
良
易
過
半
鏡
流
年
春
衫
破
往
事
難
忘
一
枕
高
樓
到
夕
陽
宋
晏
幾
道
減
字
木
蘭
花
丙
午
夏"	/mnt/Suran_database/Users/thanhthanh_workspace/Project/NLP_K35/xlnntn_hp2_friend/data/mrDuc_data/Images/UzpfSTEwMDAwMDM2OTIxMDcyNTpWSzoyNzI1MTc3NDM0Nzc5Nzk4Nw==_0.jpg
/images/UzpfSTEwMDAwMjgwNzA5MDE0OTpWSzoyNzIxNjEwODM1ODAzMTI1Mw==_0.jpg	0.628231	combined_score_above_threshold	"謝公亭
唐-李白

謝（公）亭離別處，風景每生愁。

客散青天月，山空碧水流。

池花春映日，窗竹夜鳴秋。

今古一相接，長歌懷舊遊。"	"谢公离别处风景每生愁客散青天月山
空碧水流池花春映日窗竹夜鸣秋今古
一相接长歌怀旧游
唐李白诗谢公亭 丙子之夏伴林书"	/mnt/Suran_database/Users/thanhthanh_workspace/Project/NLP_K35/xlnntn_hp2_friend/data/mrDuc_data/Images/UzpfSTEwMDAwMjgwNzA5MDE0OTpWSzoyNzIxNjEwODM1ODAzMTI1Mw==_0.jpg
/images/UzpfSTEwMDAwMDM2NjMwMzY2NTpWSzoyNzIzNjgxMTgyOTI5NDIzOQ==_0.jpg	0.798739	high_directional_coverage	"2026-06-29週一
長恨歌 白居易
27
回頭下望人寰處，
不見長安見塵霧。
唯將舊物表深情，
鈿合金釵寄將去。"	"回頭下望人寰處，
不見長安見塵霧，
唯將舊物表深情，
鈿合金釵寄將去，
白居易長恨歌
丙午夏
楚兰祥書"	/mnt/Suran_database/Users/thanhthanh_workspace/Project/NLP_K35/xlnntn_hp2_friend/data/mrDuc_data/Images/UzpfSTEwMDAwMDM2NjMwMzY2NTpWSzoyNzIzNjgxMTgyOTI5NDIzOQ==_0.jpg
/images/UzpfSTEwMDAwMjgwNzA5MDE0OTpWSzoyNzIwNDc4MjkxOTE2Mzc5Nw==_0.jpg	0.627224	combined_score_above_threshold	"漢江臨泛
唐-王維

楚塞三湘接，荊門九派通。

江流天地外，山色有無中。

郡邑浮前浦，波瀾動遠空。

襄陽好風日，留醉與山翁。"	"楚
塞
三
湘
接
荆
门
九
派
通
江
流
天
地
外
山
色
有
无
中
郡
邑
浮
前
浦
波
澜
动
远
空
襄
阳
好
风
日
留
醉
与
山
翁
唐
王
维
诗
丙
子
之
夏
得
安
书"	/mnt/Suran_database/Users/thanhthanh_workspace/Project/NLP_K35/xlnntn_hp2_friend/data/mrDuc_data/Images/UzpfSTEwMDAwMjgwNzA5MDE0OTpWSzoyNzIwNDc4MjkxOTE2Mzc5Nw==_0.jpg
/images/UzpfSTEwMDAwMDM2OTIxMDcyNTpWSzoyNzIyOTM2MjA2NjcwNTg4Mg==_0.jpg	0.639113	high_directional_coverage	日消殘醉柔吟裏，夢入青藤古木間。今天的練習01	"日消殘醉閑唫裏
夢人青藤古木間
丙午夏月
葉吉城"	/mnt/Suran_database/Users/thanhthanh_workspace/Project/NLP_K35/xlnntn_hp2_friend/data/mrDuc_data/Images/UzpfSTEwMDAwMDM2OTIxMDcyNTpWSzoyNzIyOTM2MjA2NjcwNTg4Mg==_0.jpg
/images/UzpfSTEwMDAwMDM2NjMwMzY2NTpWSzoyNzIyNjM5MzkzNzAwMjY5NQ==_0.jpg	0.67175	combined_score_above_threshold	"2026-06-28週日
中華字經
122
胳膊臃弛，脛肢抖顫。
齲牙皺膚，肪膘冗綻。
第十一課 疾病20
憨傻痴呆，聾啞癱瘓。"	"胳
膊
臃
弛
脛
肢
抖
顫
齲
牙
跛
膚
肪
膘
冗
綻
憨
傻
呆
聾
啞
癱
瘓
中華字經
丙申冬
妙之書"	/mnt/Suran_database/Users/thanhthanh_workspace/Project/NLP_K35/xlnntn_hp2_friend/data/mrDuc_data/Images/UzpfSTEwMDAwMDM2NjMwMzY2NTpWSzoyNzIyNjM5MzkzNzAwMjY5NQ==_0.jpg
/images/UzpfSTEwMDAwMDM0MDE0MDI3NjpWSzoyNzIyNjU0NzEyNjk4NzM3Ng==_0.jpg	0.820882	high_directional_coverage	"《誰學得》／徐積／宋代
飽則高歌醉即眠，
只知頭白不知年。
江繞屋，水隨船，
買得風光不著錢。
資料來源：漢語網"	"《誰學得》
徐積
宋代
飽則高歌醉即眠
只知頭白不知年
江繞屋
水隨船
買得風光不著錢
丙子五月西方柏楳"	/mnt/Suran_database/Users/thanhthanh_workspace/Project/NLP_K35/xlnntn_hp2_friend/data/mrDuc_data/Images/UzpfSTEwMDAwMDM0MDE0MDI3NjpWSzoyNzIyNjU0NzEyNjk4NzM3Ng==_0.jpg
/images/UzpfSTEwMDAwMDM0MDE0MDI3NjpWSzoyNzIyMDk1MTg4NDIxMzU2Nw==_0.jpg	0.769224	high_directional_coverage	"《風雲》／馬榮成／香港／當代
劍宗～至高無上劍法
萬氣自生
氣沖廢穴（劍衝廢穴）
萬劍歸宗
資料來源：AI"	"《風雲》
馬榮成
香港
至高無上劍法
萬氣自生
氣沖廢穴
(劍衝廢穴)
萬劍歸宗
丙午五月十四方柏棟"	/mnt/Suran_database/Users/thanhthanh_workspace/Project/NLP_K35/xlnntn_hp2_friend/data/mrDuc_data/Images/UzpfSTEwMDAwMDM0MDE0MDI3NjpWSzoyNzIyMDk1MTg4NDIxMzU2Nw==_0.jpg
/images/UzpfSTEwMDAwMjgwNzA5MDE0OTpWSzoyNzE5Mjc2MzY3MDM2NTcyMg==_0.jpg	0.778254	high_directional_coverage	"浣溪沙
宋-晏殊

一向年光有限身

等閒離別易銷魂

酒筵歌席莫辭頻

滿目山河空念遠

落花風雨更傷春

不如憐取眼前人"	"一
向
年
光
有
限
身
等
閑
離
別
易
銷
席
莫
辭
頻
滿
目
山
河
空
念
遠
落
花
風
更
傷
春
不
如
憐
取
眼
前
人
宋
晏
殊
诗
浣
溪
沙
丙
子
之
夜
拜"	/mnt/Suran_database/Users/thanhthanh_workspace/Project/NLP_K35/xlnntn_hp2_friend/data/mrDuc_data/Images/UzpfSTEwMDAwMjgwNzA5MDE0OTpWSzoyNzE5Mjc2MzY3MDM2NTcyMg==_0.jpg
/images/UzpfSTEwMDAwMDM0MDE0MDI3NjpWSzoyNzIyMDk1MTg4NDIxMzU2Nw==_1.jpg	0.769224	high_directional_coverage	"《風雲》／馬榮成／香港／當代
劍宗～至高無上劍法
萬氣自生
氣沖廢穴（劍衝廢穴）
萬劍歸宗
資料來源：AI"	"《風雲》馬榮成 香港
至高無上劍法
萬氣自生
氣沖廢穴(劍衝廢穴)
萬劍歸宗
丙午五月十四方栢棟"	/mnt/Suran_database/Users/thanhthanh_workspace/Project/NLP_K35/xlnntn_hp2_friend/data/mrDuc_data/Images/UzpfSTEwMDAwMDM0MDE0MDI3NjpWSzoyNzIyMDk1MTg4NDIxMzU2Nw==_1.jpg
/images/UzpfSTEwMDAwMDM2OTIxMDcyNTpWSzoyNzIxNzQxMjE3MTIzNDIwNQ==_0.jpg	0.853175	high_directional_coverage	知(智)者不惑。今天的練習02	知者不惑	/mnt/Suran_database/Users/thanhthanh_workspace/Project/NLP_K35/xlnntn_hp2_friend/data/mrDuc_data/Images/UzpfSTEwMDAwMDM2OTIxMDcyNTpWSzoyNzIxNzQxMjE3MTIzNDIwNQ==_0.jpg
/images/UzpfSTEwMDAwNzI5MzE4NTg0MTpWSzoyNzIxMDM4OTk1NTI2OTc2MA==_0.jpg	0.833893	high_directional_coverage	"鋤禾日當午，汗滴禾下土。
誰知盤中餐，粒粒皆辛苦。李紳/憫農"	"鋤
禾
日
當
午
汗
滴
禾
下
土
誰
知
盤
中
餐
粒
皆
辛
苦
清
坪
書"	/mnt/Suran_database/Users/thanhthanh_workspace/Project/NLP_K35/xlnntn_hp2_friend/data/mrDuc_data/Images/UzpfSTEwMDAwNzI5MzE4NTg0MTpWSzoyNzIxMDM4OTk1NTI2OTc2MA==_0.jpg
/images/UzpfSTEwMDAwMDAyOTcyMDEwOTpWSzoyNzE5MDE5NTE0Mzk1NTkwOA==_0.jpg	0.372175	one_text_contains_the_other	但願人長久，千里共嬋娟	"明月幾時有把酒問青天不知天上宮闕今夕
是何年我欲乘風歸去又恐瓊樓玉宇高
處不勝寒起舞弄清影何似在人間
轉朱閣低綺戶照無眠不應有恨何事長向別
時圓人有悲歡離合月有陰晴圓缺此事
古難全但願人長久千里共嬋娟
东坡居士水调歌头
丙子之夏莉良书"	/mnt/Suran_database/Users/thanhthanh_workspace/Project/NLP_K35/xlnntn_hp2_friend/data/mrDuc_data/Images/UzpfSTEwMDAwMDAyOTcyMDEwOTpWSzoyNzE5MDE5NTE0Mzk1NTkwOA==_0.jpg
/images/UzpfSTEwMDAwMDM2NjMwMzY2NTpWSzoyNzIxMjUyMjI5ODM4OTg1OQ==_0.jpg	0.798825	high_directional_coverage	"2026-06-27週六
長恨歌 白居易
26
含情凝睇謝君王，
一別音容兩渺茫。
昭陽殿裡恩愛絕，
蓬萊宮中日月長。"	"含情凝睇謝君王
一別音容兩渺茫
昭陽殿裏恩愛絕
蓬萊宮中日月長
白居易長恨歌丙子冬"	/mnt/Suran_database/Users/thanhthanh_workspace/Project/NLP_K35/xlnntn_hp2_friend/data/mrDuc_data/Images/UzpfSTEwMDAwMDM2NjMwMzY2NTpWSzoyNzIxMjUyMjI5ODM4OTg1OQ==_0.jpg
/images/UzpfSTEwMDAwMDM2OTIxMDcyNTpWSzoyNzIwNjI2MzY5NTY4MjM4Ng==_0.jpg	1.0	one_text_contains_the_other	自勝者強。今天的練習02	"自
勝
者
強"	/mnt/Suran_database/Users/thanhthanh_workspace/Project/NLP_K35/xlnntn_hp2_friend/data/mrDuc_data/Images/UzpfSTEwMDAwMDM2OTIxMDcyNTpWSzoyNzIwNjI2MzY5NTY4MjM4Ng==_0.jpg
/images/UzpfSTEwMDAwMDM2OTIxMDcyNTpWSzoyNzIwNjI2MTEzOTAxNTk3NQ==_0.jpg	0.663736	combined_score_above_threshold	酒熟梅黃橫竹影，詩成墨澹潤花香。今天的練習01	"酒熟梅黄横竹影
诗成墨澹润花香"	/mnt/Suran_database/Users/thanhthanh_workspace/Project/NLP_K35/xlnntn_hp2_friend/data/mrDuc_data/Images/UzpfSTEwMDAwMDM2OTIxMDcyNTpWSzoyNzIwNjI2MTEzOTAxNTk3NQ==_0.jpg
/images/UzpfSTEwMDAwMDM2OTIxMDcyNTpWSzoyNzE5NTE2MDI1MzQ1OTM5Nw==_0.jpg	0.659597	high_directional_coverage	雨到中宵歇，心知逗曉晴。 排雲數峰出，漏日半江明。 風借輕帆便，天催嬾客行。 不應樟鎮酒，無意待人傾。今天的練習01	"雨到中宵歇心知逗曉晴撥雲數峰出漏日半
江明風借輕飄便天催慵懶行不應檉柳下
立待人傾
宋人楊萬里詩
歲在丙午仲夏之月
蕭吉書"	/mnt/Suran_database/Users/thanhthanh_workspace/Project/NLP_K35/xlnntn_hp2_friend/data/mrDuc_data/Images/UzpfSTEwMDAwMDM2OTIxMDcyNTpWSzoyNzE5NTE2MDI1MzQ1OTM5Nw==_0.jpg
/images/UzpfSTYxNTUxNjc3MjkzMjM3OlZLOjI3MjA0MTA1MDA5MjMxNTg4_0.jpg	0.921795	high_directional_coverage	欲買桂花同載酒，終不似，少年遊	"欲買桂花同載酒
終不似少年游"	/mnt/Suran_database/Users/thanhthanh_workspace/Project/NLP_K35/xlnntn_hp2_friend/data/mrDuc_data/Images/UzpfSTYxNTUxNjc3MjkzMjM3OlZLOjI3MjA0MTA1MDA5MjMxNTg4_0.jpg
/images/UzpfSTEwMDAwMDM2OTIxMDcyNTpWSzoyNzE5NTE2MjkzNjc5MjQ2Mg==_0.jpg	1.0	one_text_contains_the_other	蕩思八荒。今天的練習02	"蕩
思
八
荒"	/mnt/Suran_database/Users/thanhthanh_workspace/Project/NLP_K35/xlnntn_hp2_friend/data/mrDuc_data/Images/UzpfSTEwMDAwMDM2OTIxMDcyNTpWSzoyNzE5NTE2MjkzNjc5MjQ2Mg==_0.jpg
/images/UzpfSTEwMDAwMDA5NDY5MjQ5NDpWSzoyNzE5MDcwMjE0MzkwNTIwOA==_2.jpg	0.586102	combined_score_above_threshold	"大家晚安好夢

落葉無聲  繁華悄然

夜色燃起相思無盡

執筆書心事  難成

半盞殘燈對空城

笑看紅塵

夜雨隨筆 張威龍   塗鴉/攝影 2026/6/25"	"落葉無聲
繁華惜逝
狂風吹却相思寒
執筆書一事難成
半盞殘燈對空城
漫步在紅塵
丙午夜雨隨筆
張茂治"	/mnt/Suran_database/Users/thanhthanh_workspace/Project/NLP_K35/xlnntn_hp2_friend/data/mrDuc_data/Images/UzpfSTEwMDAwMDA5NDY5MjQ5NDpWSzoyNzE5MDcwMjE0MzkwNTIwOA==_2.jpg
/images/UzpfSTEwMDAwMDA5NDY5MjQ5NDpWSzoyNzE5MjUxMjI4MDM5MDg2MQ==_0.jpg	0.642193	high_directional_coverage	"大家晚安
一盞清茶參禪味
半壺濁酒悟世情
丙午夏夜 外頭滂沱大雨
張威龍 習書2026/6/25"	"一盞清茶參禪味
半壺濁酒悟世情
丙子夏夜於郎溪宅書
張武書"	/mnt/Suran_database/Users/thanhthanh_workspace/Project/NLP_K35/xlnntn_hp2_friend/data/mrDuc_data/Images/UzpfSTEwMDAwMDA5NDY5MjQ5NDpWSzoyNzE5MjUxMjI4MDM5MDg2MQ==_0.jpg
/images/UzpfSTEwMDAwMDA5NDY5MjQ5NDpWSzoyNzE5MDcwMjE0MzkwNTIwOA==_0.jpg	0.626454	combined_score_above_threshold	"大家晚安好夢

落葉無聲  繁華悄然

夜色燃起相思無盡

執筆書心事  難成

半盞殘燈對空城

笑看紅塵

夜雨隨筆 張威龍   塗鴉/攝影 2026/6/25"	"落葉無聲
繁華悄然
秋色染却相思夢寒
執筆書心事難成
半窗殘燈對空城
送君紅塵
丙午夜雨臨筆
張彧書"	/mnt/Suran_database/Users/thanhthanh_workspace/Project/NLP_K35/xlnntn_hp2_friend/data/mrDuc_data/Images/UzpfSTEwMDAwMDA5NDY5MjQ5NDpWSzoyNzE5MDcwMjE0MzkwNTIwOA==_0.jpg
/images/UzpfSTEwMDAwNDE4MzAzOTE2MDpWSzoyNzE5NTIyNjM2Njc4NjExOQ==_0.jpg	0.969667	one_text_contains_the_other	發上等願 結中等緣 享下等福 擇高處立 尋平處坐 向寬處行。	"發
上
等
願
結
中
等
緣
享
下
等
福
擇
高
處
立
尋
平
處
坐
向
寬
處
行
信安"	/mnt/Suran_database/Users/thanhthanh_workspace/Project/NLP_K35/xlnntn_hp2_friend/data/mrDuc_data/Images/UzpfSTEwMDAwNDE4MzAzOTE2MDpWSzoyNzE5NTIyNjM2Njc4NjExOQ==_0.jpg
/images/UzpfSTEwMDAwMDM2OTIxMDcyNTpWSzoyNzA5ODM2ODkxMzEzODUzMg==_0.jpg	1.0	one_text_contains_the_other	酌酒賦詩相料理，種花移石自殷勤。今天的練習01	"酌酒賦詩相料理
種花移石自殷勤"	/mnt/Suran_database/Users/thanhthanh_workspace/Project/NLP_K35/xlnntn_hp2_friend/data/mrDuc_data/Images/UzpfSTEwMDAwMDM2OTIxMDcyNTpWSzoyNzA5ODM2ODkxMzEzODUzMg==_0.jpg
/images/UzpfSTEwMDAwMDM2OTIxMDcyNTpWSzoyNzE4MTc5MzAxNDc5NjEyMQ==_0.jpg	0.700235	high_directional_coverage	可憐嬌小。掌上承恩早。把鏡不知人易老。欲沾朱長好。畫堂秋月佳期。藏鉤賭酒歸遲。紅燭淚前低語，綠箋花裡新詞。今天的練習03	"可憐嬌小掌上承恩早把鏡不知
人易老歌佔朱顏長好離堂秋月
佳期藏鈎賭酒歸遲留取帳前低
語綠窗花裏新詞
宋晏幾道清平樂丙午三夏"	/mnt/Suran_database/Users/thanhthanh_workspace/Project/NLP_K35/xlnntn_hp2_friend/data/mrDuc_data/Images/UzpfSTEwMDAwMDM2OTIxMDcyNTpWSzoyNzE4MTc5MzAxNDc5NjEyMQ==_0.jpg
/images/UzpfSTEwMDAwNzI5MzE4NTg0MTpWSzoyNzE4ODQyNTAwNzQ2NjI1NQ==_0.jpg	0.825606	high_directional_coverage	"求木之長者，必固其根本；
欲流之遠者，必浚其泉源。魏徵/諫太宗十思疏"	"求
木
之
長
者
必
固
其
根
本
欲
流
之
遠
者
必
浚
其
泉
源
浩
书"	/mnt/Suran_database/Users/thanhthanh_workspace/Project/NLP_K35/xlnntn_hp2_friend/data/mrDuc_data/Images/UzpfSTEwMDAwNzI5MzE4NTg0MTpWSzoyNzE4ODQyNTAwNzQ2NjI1NQ==_0.jpg
/images/UzpfSTEwMDAwMDM2OTIxMDcyNTpWSzoyNzE4MTc3Nzk3MTQ2NDI5Mg==_0.jpg	0.730681	high_directional_coverage	漢樂小壺天地闊，和風雅苑雪梅香。今天的練習0１	"漢樂小壺天地闊
龢風雅苑雪梅香
丙午立夏後一日
葉吉燦"	/mnt/Suran_database/Users/thanhthanh_workspace/Project/NLP_K35/xlnntn_hp2_friend/data/mrDuc_data/Images/UzpfSTEwMDAwMDM2OTIxMDcyNTpWSzoyNzE4MTc3Nzk3MTQ2NDI5Mg==_0.jpg
/images/UzpfSTEwMDAwMDM2OTIxMDcyNTpWSzoyNzE3MTY0MjcxNTgxMTE1MQ==_0.jpg	0.671111	combined_score_above_threshold	隹驥千霜壽，不爭一日長。今天的練習01	"受
籙
千
霜
壽
不
爭
弌
日
長"	/mnt/Suran_database/Users/thanhthanh_workspace/Project/NLP_K35/xlnntn_hp2_friend/data/mrDuc_data/Images/UzpfSTEwMDAwMDM2OTIxMDcyNTpWSzoyNzE3MTY0MjcxNTgxMTE1MQ==_0.jpg
/images/UzpfSTEwMDAwMzUzNjA0MTQ0NzpWSzoyNzE3NDY2MTM4MjE3NTk1MQ==_0.jpg	0.682163	combined_score_above_threshold	"#感謝書友欣賞

行書 宋 陸游 讀韓致光詩集🙏☕😎

渺莽江湖萬里秋
玉峰老子弄孤舟
猶勝宿直金鑾夜
凜凜常懷潑酢憂"	"渺莽江湖萬里秋
玉峰老子一孤舟
猶勝宿直金鑾夜
凜々常懷歲暮憂
宋陸游讀韓致光詩集己巳冬月偶錄"	/mnt/Suran_database/Users/thanhthanh_workspace/Project/NLP_K35/xlnntn_hp2_friend/data/mrDuc_data/Images/UzpfSTEwMDAwMzUzNjA0MTQ0NzpWSzoyNzE3NDY2MTM4MjE3NTk1MQ==_0.jpg
/images/UzpfSTEwMDAwMDA5NDY5MjQ5NDpWSzoyNzE3ODQxNDg1MTgwMDYwNA==_0.jpg	0.77372	high_directional_coverage	"大家午安
人去樓空
一輪明月枝頭冷
寂寞無人問
獨自拭淚痕
張威龍 塗鴉2026/6/24"	"人去樓空
一輪明月枝頭冷
寂寞無人問
獨自拭淚痕
丙子夏張盛畫"	/mnt/Suran_database/Users/thanhthanh_workspace/Project/NLP_K35/xlnntn_hp2_friend/data/mrDuc_data/Images/UzpfSTEwMDAwMDA5NDY5MjQ5NDpWSzoyNzE3ODQxNDg1MTgwMDYwNA==_0.jpg
/images/UzpfSTEwMDAwMDM2OTIxMDcyNTpWSzoyNzE4MTc4MjA5ODEzMDU0Ng==_0.jpg	1.0	one_text_contains_the_other	信馬由繮。今天的練習0２	"信
馬
由
繮"	/mnt/Suran_database/Users/thanhthanh_workspace/Project/NLP_K35/xlnntn_hp2_friend/data/mrDuc_data/Images/UzpfSTEwMDAwMDM2OTIxMDcyNTpWSzoyNzE4MTc4MjA5ODEzMDU0Ng==_0.jpg
/images/UzpfSTEwMDAwMDAyOTcyMDEwOTpWSzoyNzE3MTMxMzQ3NTg0NDA3NQ==_0.jpg	0.807785	high_directional_coverage	"納蘭性德《木蘭花令·擬古決絕詞柬友》
人生若只如初見，何事秋風悲畫扇。

等閒變卻故人心，卻道故人心易變。

驪山語罷清宵半，淚雨零鈴終不怨。

何如薄倖錦衣郎，比翼連枝當日願。"	"人生若只如初見何事秋風悲畫扇等閒變却
故人心卻道故人心易變驪山語罷清宵半淚雨
零鈴終不怨何如薄倖錦衣郎比翼連枝當日願
納蘭性德木蘭花令擬古決絕詞
庚子孟夏許先生己酉秋良材"	/mnt/Suran_database/Users/thanhthanh_workspace/Project/NLP_K35/xlnntn_hp2_friend/data/mrDuc_data/Images/UzpfSTEwMDAwMDAyOTcyMDEwOTpWSzoyNzE3MTMxMzQ3NTg0NDA3NQ==_0.jpg
/images/UzpfSTEwMDAwMDM2NjMwMzY2NTpWSzoyNzE4MDQ3ODg5ODI2MDg2Ng==_0.jpg	0.619463	combined_score_above_threshold	"2026-06-24週三
中華字經
120
蒿葦蔫苫，曇螢茸盎。
藴蒂莢芯，蓓蕾琳琅。
第十課 生理12
腔膛臟腑，脾腎髓膽。"	"葛
葦
蔫
苫
曇
瑩
茸
盎
蘊
蒂
莢
芯
蓓
蕾
琳
琅
腔
膛
臟
腑
脾
腎
髓
膽
中
華
字
經
一八〇
丙子
夏
啟
陸
書"	/mnt/Suran_database/Users/thanhthanh_workspace/Project/NLP_K35/xlnntn_hp2_friend/data/mrDuc_data/Images/UzpfSTEwMDAwMDM2NjMwMzY2NTpWSzoyNzE4MDQ3ODg5ODI2MDg2Ng==_0.jpg
/images/UzpfSTEwMDAwMDM2OTIxMDcyNTpWSzoyNzE3MTY0ODgxOTE0Mzg3NA==_0.jpg	0.895445	high_directional_coverage	煙輕雨小。紫陌香塵少。謝客池塘生綠草。一夜紅梅先老。旋題羅帶新詩。重尋楊柳佳期。強半春寒去後，幾番花信來時。今天的練習03	"煙輕雨小紫陌香塵少謝客池塘
生綠草一夜紅梅先老旋題羅帶
新詩重寄楊柳佳期強半春寒
去後幾番花信來時
宋晏幾道清平樂
丙子之夏"	/mnt/Suran_database/Users/thanhthanh_workspace/Project/NLP_K35/xlnntn_hp2_friend/data/mrDuc_data/Images/UzpfSTEwMDAwMDM2OTIxMDcyNTpWSzoyNzE3MTY0ODgxOTE0Mzg3NA==_0.jpg
/images/UzpfSTEwMDAwMDM2NjMwMzY2NTpWSzoyNzE2ODA1OTIxOTUwMjgzNA==_0.jpg	0.806749	high_directional_coverage	"2026-06-23週二
長恨歌 白居易
24
攬衣推枕起徘徊，
珠箔銀屏迤邐開。
雲鬢半偏新睡覺，
花冠不整下堂來。"	"攬衣推枕起徘徊
珠箔銀屏迤邐開
雲鬢半偏新睡覺
花冠不整下堂來
白居易長恨歌丙子冬楚祥書"	/mnt/Suran_database/Users/thanhthanh_workspace/Project/NLP_K35/xlnntn_hp2_friend/data/mrDuc_data/Images/UzpfSTEwMDAwMDM2NjMwMzY2NTpWSzoyNzE2ODA1OTIxOTUwMjgzNA==_0.jpg
/images/UzpfSTYxNTczOTk5Nzk4MzcwOlZLOjI3MTUzMzUzMTE3NjQwMTEx_0.jpg	0.459164	one_text_contains_the_other	"人情似水分高下，
世事如雲任卷舒。

越長大越明白，人與人之間的緣分有深有淺，勉強不來；世俗的紛紛擾擾，就像天上的雲一樣變幻莫測。既然左右不了，不如學會看淡，視無常為常態。
往後餘生，隨緣聚散，隨遇而安。☕️✨"	"人情似水分高下
世事如雲任卷舒"	/mnt/Suran_database/Users/thanhthanh_workspace/Project/NLP_K35/xlnntn_hp2_friend/data/mrDuc_data/Images/UzpfSTYxNTczOTk5Nzk4MzcwOlZLOjI3MTUzMzUzMTE3NjQwMTEx_0.jpg
/images/UzpfSTEwMDAwNDE4MzAzOTE2MDpWSzoyNzE2MDAyMjE1MDMwNjU0MQ==_0.jpg	0.844762	high_directional_coverage	世事 豈能盡如人意 但求無愧我心	"豈能盡如人意
世事
但求無愧我心
信安"	/mnt/Suran_database/Users/thanhthanh_workspace/Project/NLP_K35/xlnntn_hp2_friend/data/mrDuc_data/Images/UzpfSTEwMDAwNDE4MzAzOTE2MDpWSzoyNzE2MDAyMjE1MDMwNjU0MQ==_0.jpg
/images/UzpfSTEwMDAwMzI4NDg3MDY0MDpWSzoyNzE1NDUyNjU0NzUyMjc2OA==_0.jpg	0.360764	one_text_contains_the_other	"「觀功念恩」
是一種轉化心念的修行態度，意指在日常生活中學習看見他人的優點與付出（觀功），並常懷感恩之心（念恩）"	"觀
功
念
恩"	/mnt/Suran_database/Users/thanhthanh_workspace/Project/NLP_K35/xlnntn_hp2_friend/data/mrDuc_data/Images/UzpfSTEwMDAwMzI4NDg3MDY0MDpWSzoyNzE1NDUyNjU0NzUyMjc2OA==_0.jpg
/images/UzpfSTEwMDAwMDAyOTcyMDEwOTpWSzoyNzEyMjAwNTUzNzQ0MTUzNg==_0.jpg	0.636822	combined_score_above_threshold	"紅梅
南枝向暖北枝寒，

一種春風有兩般。

憑仗高樓莫吹笛，

大家留取倚欄杆。

出自《摭遺》）

紅梅

丁鶴年〔元〕

姑射仙人鍊玉砂，

丹光晴貫洞中霞。

無端半夜東風起，

吹作江南第一花。"	"南枝向暖北枝寒一種春風有兩般憑仗東風吹
玉笛大家留得住不將姑射仙人鍊玉砂丹光晴
暎洞中霞氣瑞如雪忽起吹作江南半面春
林熈"	/mnt/Suran_database/Users/thanhthanh_workspace/Project/NLP_K35/xlnntn_hp2_friend/data/mrDuc_data/Images/UzpfSTEwMDAwMDAyOTcyMDEwOTpWSzoyNzEyMjAwNTUzNzQ0MTUzNg==_0.jpg
/images/UzpfSTEwMDAwMDM2OTIxMDcyNTpWSzoyNzEzNzIzNTY4NTkxODUyMQ==_0.jpg	1.0	one_text_contains_the_other	鸞鳳和鳴。今天的練習02	"鸞
鳳
和
鳴"	/mnt/Suran_database/Users/thanhthanh_workspace/Project/NLP_K35/xlnntn_hp2_friend/data/mrDuc_data/Images/UzpfSTEwMDAwMDM2OTIxMDcyNTpWSzoyNzEzNzIzNTY4NTkxODUyMQ==_0.jpg
/images/UzpfSTYxNTg2OTI4MjY3NTAwOlZLOjI3MTU0ODQ4NDU3NDkwNTc3_0.jpg	0.610714	one_text_contains_the_other	指點江山。	"指
點
江
山
李鐸自書
丁巳秋月"	/mnt/Suran_database/Users/thanhthanh_workspace/Project/NLP_K35/xlnntn_hp2_friend/data/mrDuc_data/Images/UzpfSTYxNTg2OTI4MjY3NTAwOlZLOjI3MTU0ODQ4NDU3NDkwNTc3_0.jpg
/images/UzpfSTY3MTc0OTU2NDpWSzoyNzE1Mjg3MTcyNzY4ODI1MA==_0.jpg	0.253939	one_text_contains_the_other	"#篆書 #銅器拓片釋義 #新莽嘉量 #不僅書法

漢 新莽嘉量（新嘉量）
******************************************************
「新莽嘉量」是西元9年新朝頒佈的標準量器，由劉歆設計，現藏於臺北故宮博物院‌。它是王莽度量衡改革的實物見證，被譽為「國之瑰寶」。‌‌

*「王莽篡漢」：（西漢）漢元帝皇后王政君，皆以外戚輔政，輔佐了四個皇帝。外戚王莽憑藉姑母王政君，廣結名士和將相大臣，深得人心，來投奔他的，不論遠近、出身，一概收用，讓他們做官。為了收買人心，自己的生活十分儉樸，把封邑的錢和糧，都贈送出去，籠絡人心。漢哀帝死後，王莽官居大司馬，以太后名義執掌軍政大權，立漢平帝，並把自己的女兒嫁給漢平帝做皇后，漸漸在朝中大權獨攬。元始五年（西元5年），漢平帝死，王莽指使同黨向太皇太后王政君上書，要求讓他代天子臨朝。王政君無奈，只有順從要求，由王莽攝政，稱為「攝皇帝」。元始6年，王莽改年號為「居攝元年」；三月，王莽立年僅兩歲的劉嬰為皇太子，號稱「孺子嬰」，以效仿周公攝政舊事，為代漢做準備。
王莽開中國歷史上通過「符命」禪讓作皇帝的先河（王莽代漢稱帝符命圖讖出現。梓潼人哀章製作銅匱，內有《天帝行璽金匱圖》、《赤帝行璽某傳予黃帝金策書》，偽託漢高祖遺命，令王莽稱帝）；於是王莽到高帝祠廟接受銅匱，戴上王冠覲見太皇太后，坐在未央宮，定國號為「新」，改長安為常安，作為「新朝」都城。至此，西漢滅亡，王莽達到了他的托古改制（包括土地改革、币制改革、商业改革和官名县名改革）、篡漢自立的政治野心。

王莽（生卒年不詳），字雅叔，西漢天水郡（今甘肅省天水市）人。幼年習武，年長後從軍，曾參與討伐匈奴之戰，後入朝宿衛皇宮。至始元元年（前86）昭帝劉弗陵繼立後，王莽升任衛尉（九卿之一），主掌皇宮警衛，深得輔政大將軍霍光信任。
*********************************************************
「嘉量」是中國古代標準量器。據《周禮·考工記》載：「栗氏為量，改煎金錫則不耗，不耗然後權之；權之然後准之；准之然後量之；量之以為鬴。深尺，內方尺而圜。其外，其實一鬴，其臀一寸，其實一豆；其耳三寸，其實一升。重一鈞。其聲中黃鐘之宮。槩而不稅。」其銘曰：「時文思索，允臻其極，嘉量既成，以觀四國，永啟厥後，茲器維則。」這是最早記載「嘉量」的文獻。「新莽嘉量」根據上述記載，以「黃鐘律」為基準設計，並採用圓周率（約3.1547），作為王莽推行度量衡改革的標準器，其精密鑄造工藝和完整保存狀態為研究漢代計量制度提供實物依據。
********************************************************
「新莽嘉量」採用五量一體結構，主體包含「斛、斗、升、合、龠」五個容量單位元，其進制體系：2龠等於1合，10合等於1升，10升等於1斗，10斗等於1斛。「斛」容積達1620立方寸（約20097.5毫升）。
銅器，高25.6公分，圓筒形，樸素無飾。器身外鑄有249字銘文，分別記述度量衡改革詔令及容積計算方法，採用「垂腳方正」（筆劃下部拖長）小篆字體書寫，形成獨特書寫特徵。
*器身正中的圓柱體的上部為「斛」，下部為「斗」，左耳為「升」，右耳上截為「合」，下截為「龠」。

新莽度量衡器屢見於考古發現，山東鄒城邾國故城遺址的漢代水井出土有新莽銅衡（J3：39）、銅權（J3：49）、方版（J3：40、41）等，其詔書銘文與嘉量所載內容相同（另文）。
************************************************************
銘文:
黃帝初祖，德帀于虞。虞帝始祖，德帀于新。歲在大樑，龍集戊辰。戊辰直定，天命有民。據土德受，正號既真。改正建丑，長壽隆崇。同律度量衡，稽當前人。龍在己巳，歲次實沉。初班天下，萬國永遵。子子孫孫，享傳億年。

釋義：
黃帝是我的初祖，他的美德彙集到虞帝，虞帝是我的先祖，他的美德又輾轉彙集到了新朝。戊辰年（西漢初始元年，西元8年）歲星（木星）運行到了大樑之次，北斗星的斗柄正指向蒼龍星系，天下安定，上天命我繼承漢代的天下，擁有所有的臣民，於是建立國號，即真天子位，以建醜之月作為歲首，社稷長壽興隆。制定統一的度量衡標準，考察精細且合乎前人的制度，在歲星運行到實沉之次的己巳年 （新朝始建國元年，西元9年），把新朝的度量衡制詔告天下，令各郡國遵照執行，讓子孫後世，享有天下，而傳之於億年萬代。
****************************************************
附：羅振玉臨新莽嘉量銘文
羅振玉（1866—1940），初名寶鈺（振鈺），字式如、叔蘊、叔言，號雪堂，晚號貞松老人、松翁。祖籍浙江省上虞縣永豐鄉，出生于江蘇省淮安。中國近代農學家、教育家、考古學家、金石學家、敦煌學家、目錄學家、校勘學家、古文字學家。

羅振玉一生著作達189種，校刊書籍642種。編著有《貞松堂歷代名人法書》《高昌壁畫精華》《殷墟書契》《殷墟書契菁華》《三代吉金文存》等。"	新莽嘉量	/mnt/Suran_database/Users/thanhthanh_workspace/Project/NLP_K35/xlnntn_hp2_friend/data/mrDuc_data/Images/UzpfSTY3MTc0OTU2NDpWSzoyNzE1Mjg3MTcyNzY4ODI1MA==_0.jpg
/images/UzpfSTY3MTc0OTU2NDpWSzoyNzE1Mjg3MTcyNzY4ODI1MA==_3.jpg	0.253939	one_text_contains_the_other	"#篆書 #銅器拓片釋義 #新莽嘉量 #不僅書法

漢 新莽嘉量（新嘉量）
******************************************************
「新莽嘉量」是西元9年新朝頒佈的標準量器，由劉歆設計，現藏於臺北故宮博物院‌。它是王莽度量衡改革的實物見證，被譽為「國之瑰寶」。‌‌

*「王莽篡漢」：（西漢）漢元帝皇后王政君，皆以外戚輔政，輔佐了四個皇帝。外戚王莽憑藉姑母王政君，廣結名士和將相大臣，深得人心，來投奔他的，不論遠近、出身，一概收用，讓他們做官。為了收買人心，自己的生活十分儉樸，把封邑的錢和糧，都贈送出去，籠絡人心。漢哀帝死後，王莽官居大司馬，以太后名義執掌軍政大權，立漢平帝，並把自己的女兒嫁給漢平帝做皇后，漸漸在朝中大權獨攬。元始五年（西元5年），漢平帝死，王莽指使同黨向太皇太后王政君上書，要求讓他代天子臨朝。王政君無奈，只有順從要求，由王莽攝政，稱為「攝皇帝」。元始6年，王莽改年號為「居攝元年」；三月，王莽立年僅兩歲的劉嬰為皇太子，號稱「孺子嬰」，以效仿周公攝政舊事，為代漢做準備。
王莽開中國歷史上通過「符命」禪讓作皇帝的先河（王莽代漢稱帝符命圖讖出現。梓潼人哀章製作銅匱，內有《天帝行璽金匱圖》、《赤帝行璽某傳予黃帝金策書》，偽託漢高祖遺命，令王莽稱帝）；於是王莽到高帝祠廟接受銅匱，戴上王冠覲見太皇太后，坐在未央宮，定國號為「新」，改長安為常安，作為「新朝」都城。至此，西漢滅亡，王莽達到了他的托古改制（包括土地改革、币制改革、商业改革和官名县名改革）、篡漢自立的政治野心。

王莽（生卒年不詳），字雅叔，西漢天水郡（今甘肅省天水市）人。幼年習武，年長後從軍，曾參與討伐匈奴之戰，後入朝宿衛皇宮。至始元元年（前86）昭帝劉弗陵繼立後，王莽升任衛尉（九卿之一），主掌皇宮警衛，深得輔政大將軍霍光信任。
*********************************************************
「嘉量」是中國古代標準量器。據《周禮·考工記》載：「栗氏為量，改煎金錫則不耗，不耗然後權之；權之然後准之；准之然後量之；量之以為鬴。深尺，內方尺而圜。其外，其實一鬴，其臀一寸，其實一豆；其耳三寸，其實一升。重一鈞。其聲中黃鐘之宮。槩而不稅。」其銘曰：「時文思索，允臻其極，嘉量既成，以觀四國，永啟厥後，茲器維則。」這是最早記載「嘉量」的文獻。「新莽嘉量」根據上述記載，以「黃鐘律」為基準設計，並採用圓周率（約3.1547），作為王莽推行度量衡改革的標準器，其精密鑄造工藝和完整保存狀態為研究漢代計量制度提供實物依據。
********************************************************
「新莽嘉量」採用五量一體結構，主體包含「斛、斗、升、合、龠」五個容量單位元，其進制體系：2龠等於1合，10合等於1升，10升等於1斗，10斗等於1斛。「斛」容積達1620立方寸（約20097.5毫升）。
銅器，高25.6公分，圓筒形，樸素無飾。器身外鑄有249字銘文，分別記述度量衡改革詔令及容積計算方法，採用「垂腳方正」（筆劃下部拖長）小篆字體書寫，形成獨特書寫特徵。
*器身正中的圓柱體的上部為「斛」，下部為「斗」，左耳為「升」，右耳上截為「合」，下截為「龠」。

新莽度量衡器屢見於考古發現，山東鄒城邾國故城遺址的漢代水井出土有新莽銅衡（J3：39）、銅權（J3：49）、方版（J3：40、41）等，其詔書銘文與嘉量所載內容相同（另文）。
************************************************************
銘文:
黃帝初祖，德帀于虞。虞帝始祖，德帀于新。歲在大樑，龍集戊辰。戊辰直定，天命有民。據土德受，正號既真。改正建丑，長壽隆崇。同律度量衡，稽當前人。龍在己巳，歲次實沉。初班天下，萬國永遵。子子孫孫，享傳億年。

釋義：
黃帝是我的初祖，他的美德彙集到虞帝，虞帝是我的先祖，他的美德又輾轉彙集到了新朝。戊辰年（西漢初始元年，西元8年）歲星（木星）運行到了大樑之次，北斗星的斗柄正指向蒼龍星系，天下安定，上天命我繼承漢代的天下，擁有所有的臣民，於是建立國號，即真天子位，以建醜之月作為歲首，社稷長壽興隆。制定統一的度量衡標準，考察精細且合乎前人的制度，在歲星運行到實沉之次的己巳年 （新朝始建國元年，西元9年），把新朝的度量衡制詔告天下，令各郡國遵照執行，讓子孫後世，享有天下，而傳之於億年萬代。
****************************************************
附：羅振玉臨新莽嘉量銘文
羅振玉（1866—1940），初名寶鈺（振鈺），字式如、叔蘊、叔言，號雪堂，晚號貞松老人、松翁。祖籍浙江省上虞縣永豐鄉，出生于江蘇省淮安。中國近代農學家、教育家、考古學家、金石學家、敦煌學家、目錄學家、校勘學家、古文字學家。

羅振玉一生著作達189種，校刊書籍642種。編著有《貞松堂歷代名人法書》《高昌壁畫精華》《殷墟書契》《殷墟書契菁華》《三代吉金文存》等。"	新莽嘉量	/mnt/Suran_database/Users/thanhthanh_workspace/Project/NLP_K35/xlnntn_hp2_friend/data/mrDuc_data/Images/UzpfSTY3MTc0OTU2NDpWSzoyNzE1Mjg3MTcyNzY4ODI1MA==_3.jpg
/images/UzpfSTEwMDAwMDM2NjMwMzY2NTpWSzoyNzE1ODY5MDc3Mzc3MzAxMg==_0.jpg	0.732442	high_directional_coverage	"2026-06-22週一
中華字經
119
薔薇翩躚，莆菏蔚茫。
芭蕉蒲扇，斑竹篾筐。
藩茹藹藍，赤芍榛橡。"	"薔
薇
翩
躚
蒲
荷
蔚
茫
芭
蕉
蒲
扇
斑
竹
篾
筐
藩
茹
藹
藍
赤
芍
榛
橡
中
華
字
經
時
丙
午
夏
友
琴
書"	/mnt/Suran_database/Users/thanhthanh_workspace/Project/NLP_K35/xlnntn_hp2_friend/data/mrDuc_data/Images/UzpfSTEwMDAwMDM2NjMwMzY2NTpWSzoyNzE1ODY5MDc3Mzc3MzAxMg==_0.jpg
/images/UzpfSTEwMDAwMDM2OTIxMDcyNTpWSzoyNzE0ODA4MjQzNDgzMzg0Ng==_0.jpg	1.0	one_text_contains_the_other	聞過則喜。今天的練習02	"聞
過
則
喜"	/mnt/Suran_database/Users/thanhthanh_workspace/Project/NLP_K35/xlnntn_hp2_friend/data/mrDuc_data/Images/UzpfSTEwMDAwMDM2OTIxMDcyNTpWSzoyNzE0ODA4MjQzNDgzMzg0Ng==_0.jpg
/images/UzpfSTY3MTc0OTU2NDpWSzoyNzE1Mjg3MTcyNzY4ODI1MA==_5.jpg	0.253939	one_text_contains_the_other	"#篆書 #銅器拓片釋義 #新莽嘉量 #不僅書法

漢 新莽嘉量（新嘉量）
******************************************************
「新莽嘉量」是西元9年新朝頒佈的標準量器，由劉歆設計，現藏於臺北故宮博物院‌。它是王莽度量衡改革的實物見證，被譽為「國之瑰寶」。‌‌

*「王莽篡漢」：（西漢）漢元帝皇后王政君，皆以外戚輔政，輔佐了四個皇帝。外戚王莽憑藉姑母王政君，廣結名士和將相大臣，深得人心，來投奔他的，不論遠近、出身，一概收用，讓他們做官。為了收買人心，自己的生活十分儉樸，把封邑的錢和糧，都贈送出去，籠絡人心。漢哀帝死後，王莽官居大司馬，以太后名義執掌軍政大權，立漢平帝，並把自己的女兒嫁給漢平帝做皇后，漸漸在朝中大權獨攬。元始五年（西元5年），漢平帝死，王莽指使同黨向太皇太后王政君上書，要求讓他代天子臨朝。王政君無奈，只有順從要求，由王莽攝政，稱為「攝皇帝」。元始6年，王莽改年號為「居攝元年」；三月，王莽立年僅兩歲的劉嬰為皇太子，號稱「孺子嬰」，以效仿周公攝政舊事，為代漢做準備。
王莽開中國歷史上通過「符命」禪讓作皇帝的先河（王莽代漢稱帝符命圖讖出現。梓潼人哀章製作銅匱，內有《天帝行璽金匱圖》、《赤帝行璽某傳予黃帝金策書》，偽託漢高祖遺命，令王莽稱帝）；於是王莽到高帝祠廟接受銅匱，戴上王冠覲見太皇太后，坐在未央宮，定國號為「新」，改長安為常安，作為「新朝」都城。至此，西漢滅亡，王莽達到了他的托古改制（包括土地改革、币制改革、商业改革和官名县名改革）、篡漢自立的政治野心。

王莽（生卒年不詳），字雅叔，西漢天水郡（今甘肅省天水市）人。幼年習武，年長後從軍，曾參與討伐匈奴之戰，後入朝宿衛皇宮。至始元元年（前86）昭帝劉弗陵繼立後，王莽升任衛尉（九卿之一），主掌皇宮警衛，深得輔政大將軍霍光信任。
*********************************************************
「嘉量」是中國古代標準量器。據《周禮·考工記》載：「栗氏為量，改煎金錫則不耗，不耗然後權之；權之然後准之；准之然後量之；量之以為鬴。深尺，內方尺而圜。其外，其實一鬴，其臀一寸，其實一豆；其耳三寸，其實一升。重一鈞。其聲中黃鐘之宮。槩而不稅。」其銘曰：「時文思索，允臻其極，嘉量既成，以觀四國，永啟厥後，茲器維則。」這是最早記載「嘉量」的文獻。「新莽嘉量」根據上述記載，以「黃鐘律」為基準設計，並採用圓周率（約3.1547），作為王莽推行度量衡改革的標準器，其精密鑄造工藝和完整保存狀態為研究漢代計量制度提供實物依據。
********************************************************
「新莽嘉量」採用五量一體結構，主體包含「斛、斗、升、合、龠」五個容量單位元，其進制體系：2龠等於1合，10合等於1升，10升等於1斗，10斗等於1斛。「斛」容積達1620立方寸（約20097.5毫升）。
銅器，高25.6公分，圓筒形，樸素無飾。器身外鑄有249字銘文，分別記述度量衡改革詔令及容積計算方法，採用「垂腳方正」（筆劃下部拖長）小篆字體書寫，形成獨特書寫特徵。
*器身正中的圓柱體的上部為「斛」，下部為「斗」，左耳為「升」，右耳上截為「合」，下截為「龠」。

新莽度量衡器屢見於考古發現，山東鄒城邾國故城遺址的漢代水井出土有新莽銅衡（J3：39）、銅權（J3：49）、方版（J3：40、41）等，其詔書銘文與嘉量所載內容相同（另文）。
************************************************************
銘文:
黃帝初祖，德帀于虞。虞帝始祖，德帀于新。歲在大樑，龍集戊辰。戊辰直定，天命有民。據土德受，正號既真。改正建丑，長壽隆崇。同律度量衡，稽當前人。龍在己巳，歲次實沉。初班天下，萬國永遵。子子孫孫，享傳億年。

釋義：
黃帝是我的初祖，他的美德彙集到虞帝，虞帝是我的先祖，他的美德又輾轉彙集到了新朝。戊辰年（西漢初始元年，西元8年）歲星（木星）運行到了大樑之次，北斗星的斗柄正指向蒼龍星系，天下安定，上天命我繼承漢代的天下，擁有所有的臣民，於是建立國號，即真天子位，以建醜之月作為歲首，社稷長壽興隆。制定統一的度量衡標準，考察精細且合乎前人的制度，在歲星運行到實沉之次的己巳年 （新朝始建國元年，西元9年），把新朝的度量衡制詔告天下，令各郡國遵照執行，讓子孫後世，享有天下，而傳之於億年萬代。
****************************************************
附：羅振玉臨新莽嘉量銘文
羅振玉（1866—1940），初名寶鈺（振鈺），字式如、叔蘊、叔言，號雪堂，晚號貞松老人、松翁。祖籍浙江省上虞縣永豐鄉，出生于江蘇省淮安。中國近代農學家、教育家、考古學家、金石學家、敦煌學家、目錄學家、校勘學家、古文字學家。

羅振玉一生著作達189種，校刊書籍642種。編著有《貞松堂歷代名人法書》《高昌壁畫精華》《殷墟書契》《殷墟書契菁華》《三代吉金文存》等。"	新莽嘉量	/mnt/Suran_database/Users/thanhthanh_workspace/Project/NLP_K35/xlnntn_hp2_friend/data/mrDuc_data/Images/UzpfSTY3MTc0OTU2NDpWSzoyNzE1Mjg3MTcyNzY4ODI1MA==_5.jpg
/images/UzpfSTEwMDAwMDA5NDY5MjQ5NDpWSzoyNzE1NjYzNDY2NzMxMTk1Ng==_0.jpg	0.602375	combined_score_above_threshold	"大家晚安
萬丈繁華終是夢
清風兩袖笑人間
張威龍 習書2026/6/22"	"萬丈繁華终是夢
清風兩袖笑人間
丙子夏张盛治"	/mnt/Suran_database/Users/thanhthanh_workspace/Project/NLP_K35/xlnntn_hp2_friend/data/mrDuc_data/Images/UzpfSTEwMDAwMDA5NDY5MjQ5NDpWSzoyNzE1NjYzNDY2NzMxMTk1Ng==_0.jpg
/images/UzpfSTY3MTc0OTU2NDpWSzoyNzE1Mjg3MTcyNzY4ODI1MA==_9.jpg	0.253939	one_text_contains_the_other	"#篆書 #銅器拓片釋義 #新莽嘉量 #不僅書法

漢 新莽嘉量（新嘉量）
******************************************************
「新莽嘉量」是西元9年新朝頒佈的標準量器，由劉歆設計，現藏於臺北故宮博物院‌。它是王莽度量衡改革的實物見證，被譽為「國之瑰寶」。‌‌

*「王莽篡漢」：（西漢）漢元帝皇后王政君，皆以外戚輔政，輔佐了四個皇帝。外戚王莽憑藉姑母王政君，廣結名士和將相大臣，深得人心，來投奔他的，不論遠近、出身，一概收用，讓他們做官。為了收買人心，自己的生活十分儉樸，把封邑的錢和糧，都贈送出去，籠絡人心。漢哀帝死後，王莽官居大司馬，以太后名義執掌軍政大權，立漢平帝，並把自己的女兒嫁給漢平帝做皇后，漸漸在朝中大權獨攬。元始五年（西元5年），漢平帝死，王莽指使同黨向太皇太后王政君上書，要求讓他代天子臨朝。王政君無奈，只有順從要求，由王莽攝政，稱為「攝皇帝」。元始6年，王莽改年號為「居攝元年」；三月，王莽立年僅兩歲的劉嬰為皇太子，號稱「孺子嬰」，以效仿周公攝政舊事，為代漢做準備。
王莽開中國歷史上通過「符命」禪讓作皇帝的先河（王莽代漢稱帝符命圖讖出現。梓潼人哀章製作銅匱，內有《天帝行璽金匱圖》、《赤帝行璽某傳予黃帝金策書》，偽託漢高祖遺命，令王莽稱帝）；於是王莽到高帝祠廟接受銅匱，戴上王冠覲見太皇太后，坐在未央宮，定國號為「新」，改長安為常安，作為「新朝」都城。至此，西漢滅亡，王莽達到了他的托古改制（包括土地改革、币制改革、商业改革和官名县名改革）、篡漢自立的政治野心。

王莽（生卒年不詳），字雅叔，西漢天水郡（今甘肅省天水市）人。幼年習武，年長後從軍，曾參與討伐匈奴之戰，後入朝宿衛皇宮。至始元元年（前86）昭帝劉弗陵繼立後，王莽升任衛尉（九卿之一），主掌皇宮警衛，深得輔政大將軍霍光信任。
*********************************************************
「嘉量」是中國古代標準量器。據《周禮·考工記》載：「栗氏為量，改煎金錫則不耗，不耗然後權之；權之然後准之；准之然後量之；量之以為鬴。深尺，內方尺而圜。其外，其實一鬴，其臀一寸，其實一豆；其耳三寸，其實一升。重一鈞。其聲中黃鐘之宮。槩而不稅。」其銘曰：「時文思索，允臻其極，嘉量既成，以觀四國，永啟厥後，茲器維則。」這是最早記載「嘉量」的文獻。「新莽嘉量」根據上述記載，以「黃鐘律」為基準設計，並採用圓周率（約3.1547），作為王莽推行度量衡改革的標準器，其精密鑄造工藝和完整保存狀態為研究漢代計量制度提供實物依據。
********************************************************
「新莽嘉量」採用五量一體結構，主體包含「斛、斗、升、合、龠」五個容量單位元，其進制體系：2龠等於1合，10合等於1升，10升等於1斗，10斗等於1斛。「斛」容積達1620立方寸（約20097.5毫升）。
銅器，高25.6公分，圓筒形，樸素無飾。器身外鑄有249字銘文，分別記述度量衡改革詔令及容積計算方法，採用「垂腳方正」（筆劃下部拖長）小篆字體書寫，形成獨特書寫特徵。
*器身正中的圓柱體的上部為「斛」，下部為「斗」，左耳為「升」，右耳上截為「合」，下截為「龠」。

新莽度量衡器屢見於考古發現，山東鄒城邾國故城遺址的漢代水井出土有新莽銅衡（J3：39）、銅權（J3：49）、方版（J3：40、41）等，其詔書銘文與嘉量所載內容相同（另文）。
************************************************************
銘文:
黃帝初祖，德帀于虞。虞帝始祖，德帀于新。歲在大樑，龍集戊辰。戊辰直定，天命有民。據土德受，正號既真。改正建丑，長壽隆崇。同律度量衡，稽當前人。龍在己巳，歲次實沉。初班天下，萬國永遵。子子孫孫，享傳億年。

釋義：
黃帝是我的初祖，他的美德彙集到虞帝，虞帝是我的先祖，他的美德又輾轉彙集到了新朝。戊辰年（西漢初始元年，西元8年）歲星（木星）運行到了大樑之次，北斗星的斗柄正指向蒼龍星系，天下安定，上天命我繼承漢代的天下，擁有所有的臣民，於是建立國號，即真天子位，以建醜之月作為歲首，社稷長壽興隆。制定統一的度量衡標準，考察精細且合乎前人的制度，在歲星運行到實沉之次的己巳年 （新朝始建國元年，西元9年），把新朝的度量衡制詔告天下，令各郡國遵照執行，讓子孫後世，享有天下，而傳之於億年萬代。
****************************************************
附：羅振玉臨新莽嘉量銘文
羅振玉（1866—1940），初名寶鈺（振鈺），字式如、叔蘊、叔言，號雪堂，晚號貞松老人、松翁。祖籍浙江省上虞縣永豐鄉，出生于江蘇省淮安。中國近代農學家、教育家、考古學家、金石學家、敦煌學家、目錄學家、校勘學家、古文字學家。

羅振玉一生著作達189種，校刊書籍642種。編著有《貞松堂歷代名人法書》《高昌壁畫精華》《殷墟書契》《殷墟書契菁華》《三代吉金文存》等。"	新莽嘉量	/mnt/Suran_database/Users/thanhthanh_workspace/Project/NLP_K35/xlnntn_hp2_friend/data/mrDuc_data/Images/UzpfSTY3MTc0OTU2NDpWSzoyNzE1Mjg3MTcyNzY4ODI1MA==_9.jpg
/images/UzpfSTEwMDAwODYwODA2ODk3NzpWSzoyNzE1NzUxMjY1Mzg5MDgyNA==_1.jpg	0.290487	one_text_contains_the_other	般若波羅蜜多心經🌲	"般若波羅蜜多心經
觀自在菩薩行深般若波羅蜜多時照見五蘊皆空度一切苦厄舍利子色不異空空不異
色色即是空空即是色受想行識亦復如是舍利子是諸法空相不生不滅不垢不淨不增不減是故空中無色無受想行識
無眼耳鼻舌身意無色聲香味觸法無眼界乃至無意識界無無明亦無無明盡乃至無老死亦無老死盡無苦集滅道無智
亦無得以無所得故菩提薩埵依般若波羅蜜多故心無罣礙無罣礙故無有恐怖遠離顛倒夢想究竟涅槃三世諸佛依般
若波羅蜜多故得阿耨多羅三藐三菩提故知般若波羅蜜多是大神咒是大明咒是無上咒是無等等咒能除一切苦真實
不虛故說般若波羅蜜多咒即說咒曰揭諦揭諦波羅揭諦波羅僧揭諦菩提薩婆訶
紫微大帝聖誕溪和生恭書"	/mnt/Suran_database/Users/thanhthanh_workspace/Project/NLP_K35/xlnntn_hp2_friend/data/mrDuc_data/Images/UzpfSTEwMDAwODYwODA2ODk3NzpWSzoyNzE1NzUxMjY1Mzg5MDgyNA==_1.jpg
/images/UzpfSTEwMDAwMDM2OTIxMDcyNTpWSzoyNzE0ODA3OTMzNDgzNDE1Ng==_0.jpg	0.873551	one_text_contains_the_other	樽中有味不為賢即為聖，燈下無事非讀老亦讀莊。今天的練習01	"樽中有味不為賢即為聖
燈下無事非讀老亦讀莊
丙午閏
蕭吉峰揮汗"	/mnt/Suran_database/Users/thanhthanh_workspace/Project/NLP_K35/xlnntn_hp2_friend/data/mrDuc_data/Images/UzpfSTEwMDAwMDM2OTIxMDcyNTpWSzoyNzE0ODA3OTMzNDgzNDE1Ng==_0.jpg
/images/UzpfSTYxNTY5NjY3NzQwNDM0OlZLOjI3MTI5MTgxODUwMDU3MjM4_0.jpg	1.0	one_text_contains_the_other	聽君一席話 勝似一席話	"聽
君
一
席
話
勝
似
一
席
話"	/mnt/Suran_database/Users/thanhthanh_workspace/Project/NLP_K35/xlnntn_hp2_friend/data/mrDuc_data/Images/UzpfSTYxNTY5NjY3NzQwNDM0OlZLOjI3MTI5MTgxODUwMDU3MjM4_0.jpg
/images/UzpfSTEwMDAwMDM2OTIxMDcyNTpWSzoyNzEzNzIzMDMwOTI1MjM5Mg==_0.jpg	0.894452	high_directional_coverage	*春未老*，*風細柳斜斜*。試上超然臺上看，半壕春水一城花。煙雨暗千家。 寒食後，酒醒卻諮嗟。休對故人思故國，且將新火試新茶。詩酒趁年華。今天的練習01	"春未老風細柳斜斜試上超然臺看半壕春水一
城花煙雨暗千家寒食後酒醒卻咨嗟休對故人
思故國且將新火試新茶詩酒趁年華
宋人蘇東坡望江南
丙申蜀"	/mnt/Suran_database/Users/thanhthanh_workspace/Project/NLP_K35/xlnntn_hp2_friend/data/mrDuc_data/Images/UzpfSTEwMDAwMDM2OTIxMDcyNTpWSzoyNzEzNzIzMDMwOTI1MjM5Mg==_0.jpg
/images/UzpfSTEwMDAwMDM2OTIxMDcyNTpWSzoyNzEyNTM5MzczMzc2OTM4Mw==_0.jpg	0.779625	high_directional_coverage	百年過半學忘情，綺語芟除手亦生。因甚對花情未了，杜鵑顏色正傾城。今天的練習03	"百年過半學忘情綺語芟除
手不生因甚萬花情未了杜鵑
顏色已傾城
蜀人楊守禮詩
丙午夏"	/mnt/Suran_database/Users/thanhthanh_workspace/Project/NLP_K35/xlnntn_hp2_friend/data/mrDuc_data/Images/UzpfSTEwMDAwMDM2OTIxMDcyNTpWSzoyNzEyNTM5MzczMzc2OTM4Mw==_0.jpg
/images/UzpfSTEwMDAyNjc2MjQ1NDI0ODpWSzoyNzEzMjI1ODM0OTc0OTU4OA==_0.jpg	0.498447	one_text_contains_the_other	人生六要	"人生六要
厚道正直謙虛
孝順善良寬容
鍾新題"	/mnt/Suran_database/Users/thanhthanh_workspace/Project/NLP_K35/xlnntn_hp2_friend/data/mrDuc_data/Images/UzpfSTEwMDAyNjc2MjQ1NDI0ODpWSzoyNzEzMjI1ODM0OTc0OTU4OA==_0.jpg
/images/UzpfSTEwMDAwMjgwNzA5MDE0OTpWSzoyNzEyMDY3NzkyNzU3NDI5Nw==_0.jpg	0.886621	high_directional_coverage	"臨江仙
明-楊慎

滾滾長江東逝水，浪花淘盡英雄。是非成敗轉頭空。青山依舊在，幾度夕陽紅。　　

白髮漁樵江渚上，慣看秋月春風。一壺濁酒喜相逢。古今多少事，都付笑談中。"	"滾滾長江東逝水浪花淘盡英雄是非
成敗轉頭空青山依舊在幾度夕陽紅白髮漁樵
江渚上慣看秋月春風一壺濁酒喜相逢古今多少
事付笑談中
楊焅炯臨江仙丙子冬仲秋書"	/mnt/Suran_database/Users/thanhthanh_workspace/Project/NLP_K35/xlnntn_hp2_friend/data/mrDuc_data/Images/UzpfSTEwMDAwMjgwNzA5MDE0OTpWSzoyNzEyMDY3NzkyNzU3NDI5Nw==_0.jpg
/images/UzpfSTEwMDAwMDM2NjMwMzY2NTpWSzoyNzEzMjE2OTIyNjQyNTE2Nw==_0.jpg	0.782404	high_directional_coverage	"2026-06-20週六
長恨歌 白居易
23
金闕西廂叩玉扃，
轉教小玉報雙成。
聞道漢家天子使，
九華帳裡夢魂驚。"	"金闕西廂叩玉扃
轉教小玉報雙成
聞道漢家天子使
九華帳裏夢魂驚
白居易長恨歌丙午夏檠書"	/mnt/Suran_database/Users/thanhthanh_workspace/Project/NLP_K35/xlnntn_hp2_friend/data/mrDuc_data/Images/UzpfSTEwMDAwMDM2NjMwMzY2NTpWSzoyNzEzMjE2OTIyNjQyNTE2Nw==_0.jpg
/images/UzpfSTEwMDAwMzUzNjA0MTQ0NzpWSzoyNzExODU3ODQ4NDQ1MDkwOA==_0.jpg	0.59979	combined_score_above_threshold	"#感謝書友欣賞

🎉端午佳節🎉應景詩🙏☕😎

行草 宋 許文通 端陽採擷

玉粽襲香千舸競
艾葉黃酒可驅邪
騎父稚子香囊佩
粉俏媳婦把景擷"	"玉粽襲香千舸競
艾葉黃酒可驅邪
騎父稚子香囊佩
粉黛媳婦把艾揪
录许文通端阳撰诗丙申仲夏伯钦"	/mnt/Suran_database/Users/thanhthanh_workspace/Project/NLP_K35/xlnntn_hp2_friend/data/mrDuc_data/Images/UzpfSTEwMDAwMzUzNjA0MTQ0NzpWSzoyNzExODU3ODQ4NDQ1MDkwOA==_0.jpg
/images/UzpfSTEwMDAwMDM2OTIxMDcyNTpWSzoyNzEyNTM5MDAzNzEwMzA4Ng==_0.jpg	1.0	one_text_contains_the_other	井底之蛙。今天的練習02	"井
底
之
蛙"	/mnt/Suran_database/Users/thanhthanh_workspace/Project/NLP_K35/xlnntn_hp2_friend/data/mrDuc_data/Images/UzpfSTEwMDAwMDM2OTIxMDcyNTpWSzoyNzEyNTM5MDAzNzEwMzA4Ng==_0.jpg
/images/UzpfSTEwMDAwMDM2OTIxMDcyNTpWSzoyNzEyNTM4Njg5NzEwMzQwMA==_0.jpg	0.912088	high_directional_coverage	萬物已隨秋氣改，一樽聊為晚涼開。今天的練習01	"萬物已隨秋氣改
一樽聊爲晚涼開"	/mnt/Suran_database/Users/thanhthanh_workspace/Project/NLP_K35/xlnntn_hp2_friend/data/mrDuc_data/Images/UzpfSTEwMDAwMDM2OTIxMDcyNTpWSzoyNzEyNTM4Njg5NzEwMzQwMA==_0.jpg
/images/UzpfSTE0NjE5MDA1NTI6Vks6MjcxMjE4NDM4ODA3OTEwMzU=_0.jpg	0.696667	high_directional_coverage	稀世臻品！	"稀
世
二
〇
二
一
石
臻
品"	/mnt/Suran_database/Users/thanhthanh_workspace/Project/NLP_K35/xlnntn_hp2_friend/data/mrDuc_data/Images/UzpfSTE0NjE5MDA1NTI6Vks6MjcxMjE4NDM4ODA3OTEwMzU=_0.jpg
/images/UzpfSTEwMDAwMDM2NjMwMzY2NTpWSzoyNzEyMTgzOTkwNzQ1ODA5OQ==_0.jpg	0.69424	high_directional_coverage	"2026-06-19週五
今天端午節，請幫我寫一首七言絕句。謝謝你。

丙午端午 by chatgpt
端陽粽香滿江城，
龍舟鼓急水雲驚。
艾葉門前驅百祟，
一杯雄酒祭忠靈。"	"端阳粽香满江城
龍舟鼓急水雲驚
艾葉門前驅百祟
一杯雄酒祭忠靈
丙午端午"	/mnt/Suran_database/Users/thanhthanh_workspace/Project/NLP_K35/xlnntn_hp2_friend/data/mrDuc_data/Images/UzpfSTEwMDAwMDM2NjMwMzY2NTpWSzoyNzEyMTgzOTkwNzQ1ODA5OQ==_0.jpg
/images/UzpfSTEwMDAwMDM0MDE0MDI3NjpWSzoyNzEyMDQ2NDY4MDkyODk1NQ==_2.jpg	0.668889	high_directional_coverage	"【明】王世貞《藝苑卮言》
「古詩之妙，妙在不著一字，盡得風流；語語可解，而又解之不確。」
「好詩之味，味在欲說還休，餘韻悠長；字字可品，而又品之無窮。」
資料來源：AI"	"明 王世貞《藝苑卮言》
古詩之妙妙在不
著一字盡得風流
語語可解而又解
之不確。
丙午五月初四方柏博"	/mnt/Suran_database/Users/thanhthanh_workspace/Project/NLP_K35/xlnntn_hp2_friend/data/mrDuc_data/Images/UzpfSTEwMDAwMDM0MDE0MDI3NjpWSzoyNzEyMDQ2NDY4MDkyODk1NQ==_2.jpg
/images/UzpfSTEwMDAwMDM0MDE0MDI3NjpWSzoyNzEyMDQ2NDY4MDkyODk1NQ==_3.jpg	0.584279	combined_score_above_threshold	"【明】王世貞《藝苑卮言》
「古詩之妙，妙在不著一字，盡得風流；語語可解，而又解之不確。」
「好詩之味，味在欲說還休，餘韻悠長；字字可品，而又品之無窮。」
資料來源：AI"	"出自《藝苑卮言》王世貞 明代
好詩之味，味在欲
說還休，餘韻悠長，
字字可品，而又品
之無窮。
丙午五月初五方柏棟"	/mnt/Suran_database/Users/thanhthanh_workspace/Project/NLP_K35/xlnntn_hp2_friend/data/mrDuc_data/Images/UzpfSTEwMDAwMDM0MDE0MDI3NjpWSzoyNzEyMDQ2NDY4MDkyODk1NQ==_3.jpg
/images/UzpfSTEwMDAwMDM0MDE0MDI3NjpWSzoyNzEyMDQ2NDY4MDkyODk1NQ==_1.jpg	0.668889	high_directional_coverage	"【明】王世貞《藝苑卮言》
「古詩之妙，妙在不著一字，盡得風流；語語可解，而又解之不確。」
「好詩之味，味在欲說還休，餘韻悠長；字字可品，而又品之無窮。」
資料來源：AI"	"明王世貞《藝苑卮言》
古詩之妙妙在不
著一字盡得風流
語語可解而又解
之不確。
丙午五月初四方柏搏"	/mnt/Suran_database/Users/thanhthanh_workspace/Project/NLP_K35/xlnntn_hp2_friend/data/mrDuc_data/Images/UzpfSTEwMDAwMDM0MDE0MDI3NjpWSzoyNzEyMDQ2NDY4MDkyODk1NQ==_1.jpg
/images/UzpfSTEwMDAwMDA5NDY5MjQ5NDpWSzoyNzEyMTE4NTc2MDg1Njg0Nw==_0.jpg	0.664349	high_directional_coverage	"大家 端午佳節快樂安康
〈荷香〉
萬種丰姿萬種情 晨光水媚眾人迎
天嬌絕色凋零日 留得蓮心不負卿

天氣炎熱 待在家塗鴉
張威龍 2026/6/19端午"	"荷香
多種丰姿
萬種情意光
水媚眾人迎
天嬌絕色凋零日
留得蓮心不負仰
丙子端午
張盛法"	/mnt/Suran_database/Users/thanhthanh_workspace/Project/NLP_K35/xlnntn_hp2_friend/data/mrDuc_data/Images/UzpfSTEwMDAwMDA5NDY5MjQ5NDpWSzoyNzEyMTE4NTc2MDg1Njg0Nw==_0.jpg
/images/UzpfSTEwMDAwMDM0MDE0MDI3NjpWSzoyNzEyMDQ2NDY4MDkyODk1NQ==_0.jpg	0.584279	combined_score_above_threshold	"【明】王世貞《藝苑卮言》
「古詩之妙，妙在不著一字，盡得風流；語語可解，而又解之不確。」
「好詩之味，味在欲說還休，餘韻悠長；字字可品，而又品之無窮。」
資料來源：AI"	"出自《藝苑卮言》王世貞 明代
好詩之味，味在欲
說還休，餘韻悠長，
字字可品，而又品
之無窮。
丙午五月初五方栢棟"	/mnt/Suran_database/Users/thanhthanh_workspace/Project/NLP_K35/xlnntn_hp2_friend/data/mrDuc_data/Images/UzpfSTEwMDAwMDM0MDE0MDI3NjpWSzoyNzEyMDQ2NDY4MDkyODk1NQ==_0.jpg
/images/UzpfSTEwMDAxNjU3OTY2OTM3NTpWSzoyNzExNzA1MTAwMTI3MDMyMw==_0.jpg	0.648496	high_directional_coverage	端午佳節快樂！	"五
五
端
午
粽
飄
香
佳節快樂
葉薌旺書"	/mnt/Suran_database/Users/thanhthanh_workspace/Project/NLP_K35/xlnntn_hp2_friend/data/mrDuc_data/Images/UzpfSTEwMDAxNjU3OTY2OTM3NTpWSzoyNzExNzA1MTAwMTI3MDMyMw==_0.jpg
/images/UzpfSTEwMDAwMDM2OTIxMDcyNTpWSzoyNzA4NjA3MzA4NzcwMTQ0OA==_0.jpg	0.851492	high_directional_coverage	留人不住,醉解蘭舟去,一棹碧濤春水, 過盡曉鶯啼, 渡頭楊柳青青,枝枝葉葉離情,此後錦書休寄,畫樓雲雨無憑.。今天的練習03	"留人不住醉解蘭舟去一棹碧濤
春水路過盡曉鶯啼處渡頭楊
柳青々枝々葉々離情此後錦書休
寄畫樓雲雨無憑
宋晏殊詞清平樂
丙午之夏"	/mnt/Suran_database/Users/thanhthanh_workspace/Project/NLP_K35/xlnntn_hp2_friend/data/mrDuc_data/Images/UzpfSTEwMDAwMDM2OTIxMDcyNTpWSzoyNzA4NjA3MzA4NzcwMTQ0OA==_0.jpg
/images/UzpfSTEwMDAwMDM2OTIxMDcyNTpWSzoyNzExMTU2NTMyMTgxODg5MQ==_0.jpg	0.767033	high_directional_coverage	漢世所重在經義，晉人嘗好為清談。今天的練習01	"漢
世
所
重
在
經
義
晉
人
尙
雅
在
清
談"	/mnt/Suran_database/Users/thanhthanh_workspace/Project/NLP_K35/xlnntn_hp2_friend/data/mrDuc_data/Images/UzpfSTEwMDAwMDM2OTIxMDcyNTpWSzoyNzExMTU2NTMyMTgxODg5MQ==_0.jpg
/images/UzpfSTEwMDAwMDM2OTIxMDcyNTpWSzoyNzExMTU3Mjk0MTgxODEyOQ==_0.jpg	0.827405	high_directional_coverage	幾年不踏仙洲路，夢入青藤古木間。好趁新秋一番雨，晝寒亭下弄潺湲 。今天的練習03	"幾年不踏仙源路夢入青藤古
木間好趁新秋一番雨書寒亭
下弄潺湲
宋朱熹詩丙午之夏"	/mnt/Suran_database/Users/thanhthanh_workspace/Project/NLP_K35/xlnntn_hp2_friend/data/mrDuc_data/Images/UzpfSTEwMDAwMDM2OTIxMDcyNTpWSzoyNzExMTU3Mjk0MTgxODEyOQ==_0.jpg
/images/UzpfSTEwMDAwMzI4NDg3MDY0MDpWSzoyNzEwNzQ2MzE0ODg5NTc3NQ==_0.jpg	0.736667	one_text_contains_the_other	祝福大家端午安康！	"端
午
安
康"	/mnt/Suran_database/Users/thanhthanh_workspace/Project/NLP_K35/xlnntn_hp2_friend/data/mrDuc_data/Images/UzpfSTEwMDAwMzI4NDg3MDY0MDpWSzoyNzEwNzQ2MzE0ODg5NTc3NQ==_0.jpg
/images/UzpfSTYxNTY5NjY3NzQwNDM0OlZLOjI3MTA4MzA5MDkyMTQ0NTE0_0.jpg	0.416923	one_text_contains_the_other	杜甫 春夜喜雨	"好雨知時節當春乃發生
隨風潛入夜潤物細無聲
野徑雲俱黑江船火獨
明曉看紅濕處花重錦
官城
杜甫春夜喜雨"	/mnt/Suran_database/Users/thanhthanh_workspace/Project/NLP_K35/xlnntn_hp2_friend/data/mrDuc_data/Images/UzpfSTYxNTY5NjY3NzQwNDM0OlZLOjI3MTA4MzA5MDkyMTQ0NTE0_0.jpg
/images/UzpfSTY3MTc0OTU2NDpWSzoyNzA5MDM4NjE0NzI3MDE0Mg==_1.jpg	0.267148	one_text_contains_the_other	"#金文 #青銅器拓片釋義 #邾公鐘 / #邾公釛鐘 #不僅書法

邾公鐘（鼄公鐘）之「邾公華鐘」
鼄（zhū，ㄓㄨˉ）：古同蛛；即文獻記載之「邾」。
*本文收編計三款：「邾公華鐘」、「邾公牼鐘」及「邾公釛鐘」。
*牼（kēng，ㄎㄥ）、釛（hé，ㄏㄜˊ）。
*****************************************************
邾公釛鐘

春秋晚期「邾公釛鐘」，上海博物館所藏；通高50.9公分，重量25.58公斤，甬部置旋，飾獸面紋，鼓部飾龍紋，鉦部鑄銘文。 

銘文：
陸終之孫邾公釛乍（作）氒（厥）禾（龢）鐘，用敬卹盟祀，旂（祈）年眉壽，用樂我嘉㝑（賓），及我正卿，揚君霝（靈）君以萬年。

大意：
陸終的子孫邾公釛，製作了龢鐘，用以恭敬對待盟誓祭祀，祈求長壽。用來娛樂我的嘉賓，以及我的正卿，宣揚君主的美名，直到萬年。
*******************************************************
*銘文中「釛」字的寫法比較特殊，有的文章也寫成「釺」或「鉏」，不同專家對具體是哪個字有過討論，但指的都是同一件器物。
*「邾公釛」，是古代邾國的一位國君；著名學者郭沫若認為「釛」字是「鉏」的古字，這位邾公釛很可能就是歷史上的邾定公（名貜且），他是邾文公的兒子。
*銘文開頭提到「陸終之孫」，說明邾國國君認為自己是上古傳說人物「陸終」的後代。"	邾公釛鐘	/mnt/Suran_database/Users/thanhthanh_workspace/Project/NLP_K35/xlnntn_hp2_friend/data/mrDuc_data/Images/UzpfSTY3MTc0OTU2NDpWSzoyNzA5MDM4NjE0NzI3MDE0Mg==_1.jpg
/images/UzpfSTY3MTc0OTU2NDpWSzoyNzA5MDM4NjE0NzI3MDE0Mg==_5.jpg	0.267148	one_text_contains_the_other	"#金文 #青銅器拓片釋義 #邾公鐘 / #邾公釛鐘 #不僅書法

邾公鐘（鼄公鐘）之「邾公華鐘」
鼄（zhū，ㄓㄨˉ）：古同蛛；即文獻記載之「邾」。
*本文收編計三款：「邾公華鐘」、「邾公牼鐘」及「邾公釛鐘」。
*牼（kēng，ㄎㄥ）、釛（hé，ㄏㄜˊ）。
*****************************************************
邾公釛鐘

春秋晚期「邾公釛鐘」，上海博物館所藏；通高50.9公分，重量25.58公斤，甬部置旋，飾獸面紋，鼓部飾龍紋，鉦部鑄銘文。 

銘文：
陸終之孫邾公釛乍（作）氒（厥）禾（龢）鐘，用敬卹盟祀，旂（祈）年眉壽，用樂我嘉㝑（賓），及我正卿，揚君霝（靈）君以萬年。

大意：
陸終的子孫邾公釛，製作了龢鐘，用以恭敬對待盟誓祭祀，祈求長壽。用來娛樂我的嘉賓，以及我的正卿，宣揚君主的美名，直到萬年。
*******************************************************
*銘文中「釛」字的寫法比較特殊，有的文章也寫成「釺」或「鉏」，不同專家對具體是哪個字有過討論，但指的都是同一件器物。
*「邾公釛」，是古代邾國的一位國君；著名學者郭沫若認為「釛」字是「鉏」的古字，這位邾公釛很可能就是歷史上的邾定公（名貜且），他是邾文公的兒子。
*銘文開頭提到「陸終之孫」，說明邾國國君認為自己是上古傳說人物「陸終」的後代。"	邾公釛鐘	/mnt/Suran_database/Users/thanhthanh_workspace/Project/NLP_K35/xlnntn_hp2_friend/data/mrDuc_data/Images/UzpfSTY3MTc0OTU2NDpWSzoyNzA5MDM4NjE0NzI3MDE0Mg==_5.jpg
/images/UzpfSTEwMDAwMjgwNzA5MDE0OTpWSzoyNzExMjc3Nzk4ODM2NDI5MQ==_0.jpg	0.649574	high_directional_coverage	"浣溪沙-端午
宋

蘇軾

輕汗微微透碧紈，

明朝端午浴芳蘭。

流香漲膩滿晴川。

彩線輕纏紅玉臂，

小符斜掛綠雲鬟。

佳人相見一千年。"	"輕
汗
微
透
碧
紈
一
年
流
香
漲
膩
滿
晴
川
彩
線
輕
纏
紅
玉
臂"	/mnt/Suran_database/Users/thanhthanh_workspace/Project/NLP_K35/xlnntn_hp2_friend/data/mrDuc_data/Images/UzpfSTEwMDAwMjgwNzA5MDE0OTpWSzoyNzExMjc3Nzk4ODM2NDI5MQ==_0.jpg
/images/UzpfSTY3MTc0OTU2NDpWSzoyNzA5MDM4NjE0NzI3MDE0Mg==_2.jpg	0.267148	one_text_contains_the_other	"#金文 #青銅器拓片釋義 #邾公鐘 / #邾公釛鐘 #不僅書法

邾公鐘（鼄公鐘）之「邾公華鐘」
鼄（zhū，ㄓㄨˉ）：古同蛛；即文獻記載之「邾」。
*本文收編計三款：「邾公華鐘」、「邾公牼鐘」及「邾公釛鐘」。
*牼（kēng，ㄎㄥ）、釛（hé，ㄏㄜˊ）。
*****************************************************
邾公釛鐘

春秋晚期「邾公釛鐘」，上海博物館所藏；通高50.9公分，重量25.58公斤，甬部置旋，飾獸面紋，鼓部飾龍紋，鉦部鑄銘文。 

銘文：
陸終之孫邾公釛乍（作）氒（厥）禾（龢）鐘，用敬卹盟祀，旂（祈）年眉壽，用樂我嘉㝑（賓），及我正卿，揚君霝（靈）君以萬年。

大意：
陸終的子孫邾公釛，製作了龢鐘，用以恭敬對待盟誓祭祀，祈求長壽。用來娛樂我的嘉賓，以及我的正卿，宣揚君主的美名，直到萬年。
*******************************************************
*銘文中「釛」字的寫法比較特殊，有的文章也寫成「釺」或「鉏」，不同專家對具體是哪個字有過討論，但指的都是同一件器物。
*「邾公釛」，是古代邾國的一位國君；著名學者郭沫若認為「釛」字是「鉏」的古字，這位邾公釛很可能就是歷史上的邾定公（名貜且），他是邾文公的兒子。
*銘文開頭提到「陸終之孫」，說明邾國國君認為自己是上古傳說人物「陸終」的後代。"	邾公釛鐘	/mnt/Suran_database/Users/thanhthanh_workspace/Project/NLP_K35/xlnntn_hp2_friend/data/mrDuc_data/Images/UzpfSTY3MTc0OTU2NDpWSzoyNzA5MDM4NjE0NzI3MDE0Mg==_2.jpg
/images/UzpfSTEwMDAwMTIyMzE1MzA5MjpWSzoyNzA4NDk5MDYyNDQ3NjM2MQ==_1.jpg	0.759078	high_directional_coverage	"6/16草堂仍著薜蘿遮
           地僻林深有幾家
           莫道春風吹不到
           門前依舊鳥銜花"	"草
堂
仍
著
薜
蘿
遮
地
僻
林
深
脊
發
家
莫
道
春
風
吹
不
到
門
前
依
舊
鳥
銜
𡵉
歲
在
丙
午
夏
月
嶺
南
榮
書
于
西
峽"	/mnt/Suran_database/Users/thanhthanh_workspace/Project/NLP_K35/xlnntn_hp2_friend/data/mrDuc_data/Images/UzpfSTEwMDAwMTIyMzE1MzA5MjpWSzoyNzA4NDk5MDYyNDQ3NjM2MQ==_1.jpg
/images/UzpfSTEwMDAwNDc0NzMwMzMwOTpWSzoyNzA4NjU2MDg1NzY1MjY3MQ==_0.jpg	0.838172	one_text_contains_the_other	欲買桂花同載酒，終不似，少年遊。	"欲買桂花
同載酒
終不似
少年遊
丙午仲夏陳富勇"	/mnt/Suran_database/Users/thanhthanh_workspace/Project/NLP_K35/xlnntn_hp2_friend/data/mrDuc_data/Images/UzpfSTEwMDAwNDc0NzMwMzMwOTpWSzoyNzA4NjU2MDg1NzY1MjY3MQ==_0.jpg
/images/UzpfSTEwMDAwMTIyMzE1MzA5MjpWSzoyNzA4NDk5MDYyNDQ3NjM2MQ==_0.jpg	0.591486	combined_score_above_threshold	"6/16草堂仍著薜蘿遮
           地僻林深有幾家
           莫道春風吹不到
           門前依舊鳥銜花"	"草
堂
仍
著
薜
蘿
發
家
莫
道
春
風
舊
鳥
銜
篘
歲
在
丙
午"	/mnt/Suran_database/Users/thanhthanh_workspace/Project/NLP_K35/xlnntn_hp2_friend/data/mrDuc_data/Images/UzpfSTEwMDAwMTIyMzE1MzA5MjpWSzoyNzA4NDk5MDYyNDQ3NjM2MQ==_0.jpg
/images/UzpfSTEwMDAwMDM2NjMwMzY2NTpWSzoyNzA5NDM1Njc2MDIwNjQxNA==_0.jpg	0.811492	high_directional_coverage	"2026-06-17週三
中華字經
118
杜鵑泣血，芙蓉吉祥。
茉莉馥郁，玫瑰刺芒。
坪埔萊茵，菲窺塢坊。"	"杜
鵑
泣
血
芙
蓉
吉
祥
茉
莉
馥
郁
玫
瑰
刺
芒
坪
埔
萊
茵
菲
窺
塢
坊
中
華
字
經
118
丙
午
友
蔭
指
書"	/mnt/Suran_database/Users/thanhthanh_workspace/Project/NLP_K35/xlnntn_hp2_friend/data/mrDuc_data/Images/UzpfSTEwMDAwMDM2NjMwMzY2NTpWSzoyNzA5NDM1Njc2MDIwNjQxNA==_0.jpg
/images/UzpfSTEwMDAwNjk5OTg0Mzk5MjpWSzoyNzEwNDAzODM4NTkwNDkxOA==_0.jpg	0.707836	high_directional_coverage	"書友早安愉悅😃
習字塗鴉分亨🙏
《早梅》唐，張謂
一樹寒梅白玉條，
迥臨村路傍溪橋。
不知近水花先發，
疑是經冬雪未銷。
✍️於:烘爐茶壺"	"一樹寒梅白玉條迥臨
村路傍溪橋不知近水
花先發疑是經冬
雪未銷
唐張謂早梅丙子夏錫書"	/mnt/Suran_database/Users/thanhthanh_workspace/Project/NLP_K35/xlnntn_hp2_friend/data/mrDuc_data/Images/UzpfSTEwMDAwNjk5OTg0Mzk5MjpWSzoyNzEwNDAzODM4NTkwNDkxOA==_0.jpg
/images/UzpfSTEwMDAwMDM2OTIxMDcyNTpWSzoyNzA5ODM3MjAzNjQ3MTU1Mw==_0.jpg	1.0	one_text_contains_the_other	陽光明媚。今天的練習02	陽光明媚	/mnt/Suran_database/Users/thanhthanh_workspace/Project/NLP_K35/xlnntn_hp2_friend/data/mrDuc_data/Images/UzpfSTEwMDAwMDM2OTIxMDcyNTpWSzoyNzA5ODM3MjAzNjQ3MTU1Mw==_0.jpg
/images/UzpfSTEwMDAwNjk5OTg0Mzk5MjpWSzoyNzA5MTU5OTM2MzgxNTQ4Nw==_0.jpg	0.610465	combined_score_above_threshold	"書友早安愉悅😃
習字塗鴉分亨🙏
我家洗硯池頭樹，朶朶花開淡墨痕。
不要人誇好顏色，只留清氣滿乾坤。
✍️於:烘爐茶壺"	"我家洗硯池邊樹朵，
花開淡墨痕不要人誇好顏
色只留清氣滿乾坤
王冕墨梅詩己亥夏錫昭書"	/mnt/Suran_database/Users/thanhthanh_workspace/Project/NLP_K35/xlnntn_hp2_friend/data/mrDuc_data/Images/UzpfSTEwMDAwNjk5OTg0Mzk5MjpWSzoyNzA5MTU5OTM2MzgxNTQ4Nw==_0.jpg
/images/UzpfSTEwMDAwMzI4NDg3MDY0MDpWSzoyNzA5MTEyMDMyMzg2MzM5MQ==_1.jpg	0.624538	combined_score_above_threshold	"李白诗以桃花潭水的深邃意境來隱喻著离别的深情。

李白 贈汪倫
李白乘舟將欲行，
忽聞岸上踏歌聲。
桃花潭水深千尺，
不及汪倫送我情。"	"藝
李白乘舟將欲行忽聞岸上
踏歌聲桃花潭水深千尺不及
汪倫送我情
辛丑仲春石开书于北京"	/mnt/Suran_database/Users/thanhthanh_workspace/Project/NLP_K35/xlnntn_hp2_friend/data/mrDuc_data/Images/UzpfSTEwMDAwMzI4NDg3MDY0MDpWSzoyNzA5MTEyMDMyMzg2MzM5MQ==_1.jpg
/images/UzpfSTEwMDAwMzI4NDg3MDY0MDpWSzoyNzA5MTEyMDMyMzg2MzM5MQ==_2.jpg	0.602155	high_directional_coverage	"李白诗以桃花潭水的深邃意境來隱喻著离别的深情。

李白 贈汪倫
李白乘舟將欲行，
忽聞岸上踏歌聲。
桃花潭水深千尺，
不及汪倫送我情。"	"李白乘舟将欲行忽闻岸上踏歌声
桃花潭水深千尺不及汪伦送我情
庚子"	/mnt/Suran_database/Users/thanhthanh_workspace/Project/NLP_K35/xlnntn_hp2_friend/data/mrDuc_data/Images/UzpfSTEwMDAwMzI4NDg3MDY0MDpWSzoyNzA5MTEyMDMyMzg2MzM5MQ==_2.jpg
/images/UzpfSTEwMDAwMDA5NDY5MjQ5NDpWSzoyNzA5MjQyNDI5MDM5OTY2MQ==_2.jpg	0.680114	high_directional_coverage	"大家早安  祝福 端午佳節快樂安康

〈蟬鳴〉

荷出水以涼盛夏

蟬大鳴以鬧豔陽

靜觀聆聽

世態炎涼俗念休

任萬事了然

隨緣過

張威龍  詩書攝影2026/6/17"	"蟬鳴
荷出水以涼盛夏
蟬大鳴以鬧豔陽
靜觀聆聽
世態炎涼俗念休
任憑風雨也
隨緣過
丙子夏
張茂法"	/mnt/Suran_database/Users/thanhthanh_workspace/Project/NLP_K35/xlnntn_hp2_friend/data/mrDuc_data/Images/UzpfSTEwMDAwMDA5NDY5MjQ5NDpWSzoyNzA5MjQyNDI5MDM5OTY2MQ==_2.jpg
/images/UzpfSTY3MTc0OTU2NDpWSzoyNzA3ODE4NTk0MTgyMzQ5Ng==_5.jpg	0.275739	one_text_contains_the_other	"#金文 #青銅器拓片釋義 #邾公鐘 / #邾公牼鐘 #不僅書法

邾公鐘（鼄公鐘）之「邾公牼鐘」
鼄（zhū，ㄓㄨˉ）：古同蛛；即文獻記載之「邾」。
*本文收編計三款：「邾公華鐘」、「邾公牼鐘」及「邾公釛鐘」。
*牼（kēng，ㄎㄥ）、釛（hé，ㄏㄜˊ）。
*************************************************************
邾公牼鐘

「邾公牼鐘」著錄於《殷周金文集成》149、150、151、152。春秋晚期時期的文物，現收藏於上海博物館。通高38.2公分、縱14.8公分、橫18.9公分、鼓間17公分、銑間21.4公分，重13.63公斤。

銘文：
隹（唯）王正月初吉辰才（在）乙亥，邾公牼擇厥吉金，玄鏐膚呂，自作龢鐘。曰：余畢龔（恭）威忌，鑄辝龢鐘二鍺，分器是寺（持），以樂其身，以宴大夫，以喜者（諸）士至於萬年。

*邾公牼：即邾國國君「邾宣公」，姓曹名牼，是邾國第14代君主，是「邾定公」的兒子，是「邾悼公」的父親，其在位時間是西元前572 年—西元前556 年。"	邾公牼鐘	/mnt/Suran_database/Users/thanhthanh_workspace/Project/NLP_K35/xlnntn_hp2_friend/data/mrDuc_data/Images/UzpfSTY3MTc0OTU2NDpWSzoyNzA3ODE4NTk0MTgyMzQ5Ng==_5.jpg
/images/UzpfSTEwMDAwMDM0MDE0MDI3NjpWSzoyNzA4NDg2NzAyNzgyMjA1NA==_0.jpg	0.810568	high_directional_coverage	"出自《蜀道難》 ／李白／唐  
連峰去天不盈尺，枯松倒掛倚絕壁。飛湍瀑流爭喧豗，砯崖轉石萬壑雷。
資料來源：漢語網"	"出自《蜀道難》李白唐代
連峰去天不盈尺
枯松倒掛倚絕壁
飛湍瀑流爭喧豗
砯崖轉石萬壑雷
丙申五月初二方柏撰"	/mnt/Suran_database/Users/thanhthanh_workspace/Project/NLP_K35/xlnntn_hp2_friend/data/mrDuc_data/Images/UzpfSTEwMDAwMDM0MDE0MDI3NjpWSzoyNzA4NDg2NzAyNzgyMjA1NA==_0.jpg
/images/UzpfSTY3MTc0OTU2NDpWSzoyNzA3ODE4NTk0MTgyMzQ5Ng==_4.jpg	0.275739	one_text_contains_the_other	"#金文 #青銅器拓片釋義 #邾公鐘 / #邾公牼鐘 #不僅書法

邾公鐘（鼄公鐘）之「邾公牼鐘」
鼄（zhū，ㄓㄨˉ）：古同蛛；即文獻記載之「邾」。
*本文收編計三款：「邾公華鐘」、「邾公牼鐘」及「邾公釛鐘」。
*牼（kēng，ㄎㄥ）、釛（hé，ㄏㄜˊ）。
*************************************************************
邾公牼鐘

「邾公牼鐘」著錄於《殷周金文集成》149、150、151、152。春秋晚期時期的文物，現收藏於上海博物館。通高38.2公分、縱14.8公分、橫18.9公分、鼓間17公分、銑間21.4公分，重13.63公斤。

銘文：
隹（唯）王正月初吉辰才（在）乙亥，邾公牼擇厥吉金，玄鏐膚呂，自作龢鐘。曰：余畢龔（恭）威忌，鑄辝龢鐘二鍺，分器是寺（持），以樂其身，以宴大夫，以喜者（諸）士至於萬年。

*邾公牼：即邾國國君「邾宣公」，姓曹名牼，是邾國第14代君主，是「邾定公」的兒子，是「邾悼公」的父親，其在位時間是西元前572 年—西元前556 年。"	邾公牼鐘	/mnt/Suran_database/Users/thanhthanh_workspace/Project/NLP_K35/xlnntn_hp2_friend/data/mrDuc_data/Images/UzpfSTY3MTc0OTU2NDpWSzoyNzA3ODE4NTk0MTgyMzQ5Ng==_4.jpg
/images/UzpfSTEwMDAxNjU3OTY2OTM3NTpWSzoyNzA4MjMxODA1NDc0MzYxOA==_0.jpg	0.759741	high_directional_coverage	"一花一世界
一葉一如來
《華嚴經偈語》"	"一
花
一
世
界
一
葉
一
如
來
言旦"	/mnt/Suran_database/Users/thanhthanh_workspace/Project/NLP_K35/xlnntn_hp2_friend/data/mrDuc_data/Images/UzpfSTEwMDAxNjU3OTY2OTM3NTpWSzoyNzA4MjMxODA1NDc0MzYxOA==_0.jpg
/images/UzpfSTEwMDAwODM2NDIxNzM5NTpWSzoyNzA4NjE2MDM3MTAyNjA1Mw==_0.jpg	0.79833	high_directional_coverage	"宋  陸游   訴衷情·當年萬里覓封侯
當年萬里覓封侯。匹馬戍梁州。關河夢斷何處，塵暗舊貂裘。

胡未滅，鬢先秋。淚空流。此生誰料，心在天山，身老滄洲。"	"當年萬里覓封侯匹馬戍梁州關河夢斷何處
塵暗舊貂裘胡未滅鬢先秋淚空流此生誰料
心在天山身老滄洲
宋陸游訴衷情
詞人晚年隱居山村時所作"	/mnt/Suran_database/Users/thanhthanh_workspace/Project/NLP_K35/xlnntn_hp2_friend/data/mrDuc_data/Images/UzpfSTEwMDAwODM2NDIxNzM5NTpWSzoyNzA4NjE2MDM3MTAyNjA1Mw==_0.jpg
/images/UzpfSTY3MTc0OTU2NDpWSzoyNzA3ODE4NTk0MTgyMzQ5Ng==_3.jpg	0.275739	one_text_contains_the_other	"#金文 #青銅器拓片釋義 #邾公鐘 / #邾公牼鐘 #不僅書法

邾公鐘（鼄公鐘）之「邾公牼鐘」
鼄（zhū，ㄓㄨˉ）：古同蛛；即文獻記載之「邾」。
*本文收編計三款：「邾公華鐘」、「邾公牼鐘」及「邾公釛鐘」。
*牼（kēng，ㄎㄥ）、釛（hé，ㄏㄜˊ）。
*************************************************************
邾公牼鐘

「邾公牼鐘」著錄於《殷周金文集成》149、150、151、152。春秋晚期時期的文物，現收藏於上海博物館。通高38.2公分、縱14.8公分、橫18.9公分、鼓間17公分、銑間21.4公分，重13.63公斤。

銘文：
隹（唯）王正月初吉辰才（在）乙亥，邾公牼擇厥吉金，玄鏐膚呂，自作龢鐘。曰：余畢龔（恭）威忌，鑄辝龢鐘二鍺，分器是寺（持），以樂其身，以宴大夫，以喜者（諸）士至於萬年。

*邾公牼：即邾國國君「邾宣公」，姓曹名牼，是邾國第14代君主，是「邾定公」的兒子，是「邾悼公」的父親，其在位時間是西元前572 年—西元前556 年。"	邾公牼鐘	/mnt/Suran_database/Users/thanhthanh_workspace/Project/NLP_K35/xlnntn_hp2_friend/data/mrDuc_data/Images/UzpfSTY3MTc0OTU2NDpWSzoyNzA3ODE4NTk0MTgyMzQ5Ng==_3.jpg
/images/UzpfSTEwMDAwMDM2NjMwMzY2NTpWSzoyNzA4MjE2OTY1ODA5MTc5MQ==_0.jpg	0.823423	high_directional_coverage	"2026-06-16週二
長恨歌 白居易
22
樓閣玲瓏五雲起，
其中綽約多仙子。
中有一人字太真，
雪膚花貌參差是。"	"樓閣玲瓏五雲起
其中綽約多仙子
中有一人字太真
雪膚花貌參差是
白居易長恨歌丙子冬書"	/mnt/Suran_database/Users/thanhthanh_workspace/Project/NLP_K35/xlnntn_hp2_friend/data/mrDuc_data/Images/UzpfSTEwMDAwMDM2NjMwMzY2NTpWSzoyNzA4MjE2OTY1ODA5MTc5MQ==_0.jpg
/images/UzpfSTY3MTc0OTU2NDpWSzoyNzA3ODE4NTk0MTgyMzQ5Ng==_1.jpg	0.275739	one_text_contains_the_other	"#金文 #青銅器拓片釋義 #邾公鐘 / #邾公牼鐘 #不僅書法

邾公鐘（鼄公鐘）之「邾公牼鐘」
鼄（zhū，ㄓㄨˉ）：古同蛛；即文獻記載之「邾」。
*本文收編計三款：「邾公華鐘」、「邾公牼鐘」及「邾公釛鐘」。
*牼（kēng，ㄎㄥ）、釛（hé，ㄏㄜˊ）。
*************************************************************
邾公牼鐘

「邾公牼鐘」著錄於《殷周金文集成》149、150、151、152。春秋晚期時期的文物，現收藏於上海博物館。通高38.2公分、縱14.8公分、橫18.9公分、鼓間17公分、銑間21.4公分，重13.63公斤。

銘文：
隹（唯）王正月初吉辰才（在）乙亥，邾公牼擇厥吉金，玄鏐膚呂，自作龢鐘。曰：余畢龔（恭）威忌，鑄辝龢鐘二鍺，分器是寺（持），以樂其身，以宴大夫，以喜者（諸）士至於萬年。

*邾公牼：即邾國國君「邾宣公」，姓曹名牼，是邾國第14代君主，是「邾定公」的兒子，是「邾悼公」的父親，其在位時間是西元前572 年—西元前556 年。"	邾公牼鐘	/mnt/Suran_database/Users/thanhthanh_workspace/Project/NLP_K35/xlnntn_hp2_friend/data/mrDuc_data/Images/UzpfSTY3MTc0OTU2NDpWSzoyNzA3ODE4NTk0MTgyMzQ5Ng==_1.jpg
/images/UzpfSTEwMDAwMDM2OTIxMDcyNTpWSzoyNzA3MzE4NTIwNTY1NjkwMw==_0.jpg	0.79513	high_directional_coverage	秋千散後朦朧月，滿院人閒。幾處雕闌，一夜風吹杏粉殘。昭陽殿裡春衣就，金縷初乾。莫信朝寒，明日花前試舞看。今天的練習03	"秋千散後朦朧月滿院人閑幾處
雕欄一夜風吹杏粉猶脂陽殿裏
春衣就金縷初乾莫信朝寒明日
花前試舞看
宋人晏幾道采桑子
丙午夏"	/mnt/Suran_database/Users/thanhthanh_workspace/Project/NLP_K35/xlnntn_hp2_friend/data/mrDuc_data/Images/UzpfSTEwMDAwMDM2OTIxMDcyNTpWSzoyNzA3MzE4NTIwNTY1NjkwMw==_0.jpg
/images/UzpfSTEwMDAwMDA5NDY5MjQ5NDpWSzoyNzA3OTQyNDUzODM2NjMwMw==_0.jpg	0.619296	combined_score_above_threshold	"大家早安

花若盛開，蝴蝶自來，人若精彩，天自安排

張威龍  習書2026/6/16"	"花若盛开
蝴蝶自来
人若精彩
天自安排
丙申夏張茂龙"	/mnt/Suran_database/Users/thanhthanh_workspace/Project/NLP_K35/xlnntn_hp2_friend/data/mrDuc_data/Images/UzpfSTEwMDAwMDA5NDY5MjQ5NDpWSzoyNzA3OTQyNDUzODM2NjMwMw==_0.jpg
/images/UzpfSTEwMDAwMDA5NDY5MjQ5NDpWSzoyNzA3OTQyNDUzODM2NjMwMw==_3.jpg	0.727085	high_directional_coverage	"大家早安

花若盛開，蝴蝶自來，人若精彩，天自安排

張威龍  習書2026/6/16"	"花
若
盛
開
蝴
蝶
來
人
若
精
彩
天
自
安
排
丙
申
夏
張
茂
龍"	/mnt/Suran_database/Users/thanhthanh_workspace/Project/NLP_K35/xlnntn_hp2_friend/data/mrDuc_data/Images/UzpfSTEwMDAwMDA5NDY5MjQ5NDpWSzoyNzA3OTQyNDUzODM2NjMwMw==_3.jpg
/images/UzpfSTEwMDAwMDM2OTIxMDcyNTpWSzoyNzA3MzE3NzMyODk5MTAyNA==_0.jpg	1.0	one_text_contains_the_other	負米共嘉賢子孝，懸魚還述長官清。今天的練習01	"負
米
共
嘉
賢
子
孝
懸
魚
還
述
長
官
清"	/mnt/Suran_database/Users/thanhthanh_workspace/Project/NLP_K35/xlnntn_hp2_friend/data/mrDuc_data/Images/UzpfSTEwMDAwMDM2OTIxMDcyNTpWSzoyNzA3MzE3NzMyODk5MTAyNA==_0.jpg
/images/UzpfSTEwMDAwMDM2OTIxMDcyNTpWSzoyNzA3MzE4MDI4NTY1NzM5NQ==_0.jpg	1.0	one_text_contains_the_other	天下無雙。今天的練習02	"天
下
無
雙"	/mnt/Suran_database/Users/thanhthanh_workspace/Project/NLP_K35/xlnntn_hp2_friend/data/mrDuc_data/Images/UzpfSTEwMDAwMDM2OTIxMDcyNTpWSzoyNzA3MzE4MDI4NTY1NzM5NQ==_0.jpg
/images/UzpfSTEwMDAwMDM0MDE0MDI3NjpWSzoyNzA3MjA0NTczOTEwNDE4Mw==_0.jpg	0.698447	high_directional_coverage	"家書后批二十八字（在醴陵，時聞家在登州）
朝代：唐代
作者：韓偓 
四序風光總是愁，鬢毛衰颯涕橫流。此書未到心先到，想在孤城海岸頭。
資料來源：漢語網"	"《家書后枕二十八字》韓偓 唐代
四序風光總是愁
鬢毛衰颯涕橫流
此書未到心先到
想在孤城海岸頭
丙午五月初一方柏博"	/mnt/Suran_database/Users/thanhthanh_workspace/Project/NLP_K35/xlnntn_hp2_friend/data/mrDuc_data/Images/UzpfSTEwMDAwMDM0MDE0MDI3NjpWSzoyNzA3MjA0NTczOTEwNDE4Mw==_0.jpg
/images/UzpfSTEwMDAwMDA5NDY5MjQ5NDpWSzoyNzA3MjMzMjgxNTc0MjE0Mg==_0.jpg	0.794453	high_directional_coverage	"大家晚安
清晨入古寺，初日照高林。
曲徑通幽處，禪房花木深。
山光悅鳥性，潭影空人心。
萬籟此俱寂，唯聞鐘磬音。
〈題破山寺後禪院〉唐 常建
張威龍 習書2026/6/15
(默寫 竟寫錯作者名字 真是不應該！)"	"清晨入古寺初日照高林
曲徑通幽處禪房花木深
山光悅鳥性潭影空人心
萬籟此俱寂但餘鐘磬
音
題破山寺後禪院
唐常建
丙子夏張海書"	/mnt/Suran_database/Users/thanhthanh_workspace/Project/NLP_K35/xlnntn_hp2_friend/data/mrDuc_data/Images/UzpfSTEwMDAwMDA5NDY5MjQ5NDpWSzoyNzA3MjMzMjgxNTc0MjE0Mg==_0.jpg
/images/UzpfSTEwMDAwMjgwNzA5MDE0OTpWSzoyNzA3MzYxOTM1NTYxMzQ4OA==_0.jpg	0.81071	high_directional_coverage	"寄李儋元錫
唐-韋應物

去年花里逢君別，今日花開又一年。 

世事茫茫難自料，春愁黯黯獨成眠。

身多疾病思田裡，邑有流亡愧俸錢。

聞道欲來相問訊，西樓望月幾回圓。"	"去年花裏逢君別
今日花開又一年
世事茫茫難自料
春愁黯黯獨成眠
身多疾病思田里
邑有流亡愧俸錢
聞道欲來相問訊
西樓望月幾回圓
庚子秋應物詩一首雨后之夜徐志海"	/mnt/Suran_database/Users/thanhthanh_workspace/Project/NLP_K35/xlnntn_hp2_friend/data/mrDuc_data/Images/UzpfSTEwMDAwMjgwNzA5MDE0OTpWSzoyNzA3MzYxOTM1NTYxMzQ4OA==_0.jpg
/images/UzpfSTEwMDAwMDY0NDU0MTUxOTpWSzoyNzA2OTAzOTIyNjA3MTUwMQ==_0.jpg	0.856875	high_directional_coverage	"劉昚虛詩：
道由白雲盡，春與青溪長。時有落花至，遠隨流水香。閑門向山路，深柳讀書堂。幽映每白日，清輝照衣裳。"	"道
由
白
雲
盡
春
與
青
溪
長
時
有
落
花
至
遠
隨
流
水
香
閑
門
向
山
路
深
柳
讀
書
堂
白
日
清
照
衣
裳
劉
昚
虛
詩
丙
午
夏"	/mnt/Suran_database/Users/thanhthanh_workspace/Project/NLP_K35/xlnntn_hp2_friend/data/mrDuc_data/Images/UzpfSTEwMDAwMDY0NDU0MTUxOTpWSzoyNzA2OTAzOTIyNjA3MTUwMQ==_0.jpg
/images/UzpfSTEwMDAwMDM2NjMwMzY2NTpWSzoyNzA3MzI1OTQzNTY0OTQ4MA==_0.jpg	0.737319	combined_score_above_threshold	"2026-06-15週一
中華字經
117
乞丐處討，饋餿飪餞。
第九課 花草20
蘭荷菊梅，四季芬芳。
奇花異卉，豔麗榮秧。"	"乞
丐
處
討
饋
餿
飪
餞
蘭
荷
菊
梅
四
季
芬
芳
奇
花
異
卉
豔
麗
榮
秧
中華字經
117
丙子夏
鄧穉之"	/mnt/Suran_database/Users/thanhthanh_workspace/Project/NLP_K35/xlnntn_hp2_friend/data/mrDuc_data/Images/UzpfSTEwMDAwMDM2NjMwMzY2NTpWSzoyNzA3MzI1OTQzNTY0OTQ4MA==_0.jpg
/images/UzpfSTEwMDAwMDM0MDE0MDI3NjpWSzoyNzA3MTUxNTk4MjQ5MDQ5Mg==_0.jpg	0.662139	high_directional_coverage	"西漢·司馬遷《史記·項羽本紀》：“今者項莊拔劍舞，其意常在沛公也。”
資料來源：漢語網"	"西漢·司馬遷《史記·項羽本紀》
今者項莊拔劍舞
其意常在沛公也
今者項莊拔劍舞
其意常在沛公也
丙午五月初一方拓棟"	/mnt/Suran_database/Users/thanhthanh_workspace/Project/NLP_K35/xlnntn_hp2_friend/data/mrDuc_data/Images/UzpfSTEwMDAwMDM0MDE0MDI3NjpWSzoyNzA3MTUxNTk4MjQ5MDQ5Mg==_0.jpg
/images/UzpfSTEwMDAwMDM0MDE0MDI3NjpWSzoyNzA3MTgwOTUxMjQ2MTEzOQ==_0.jpg	0.829903	high_directional_coverage	"元·馬致遠·《壽陽曲·江天暮雪》
天將暮，雪亂舞，半梅花半飄柳絮。江上晚來堪畫處，釣魚人一蓑歸去。
資料來源：漢語網"	"元·馬致遠《壽陽曲·江天暮雪》
天將暮，雪亂舞，
半梅花半飄柳絮。
江上晚來堪畫處，
釣魚人一蓑歸去。
丙午五月初二方柏棟"	/mnt/Suran_database/Users/thanhthanh_workspace/Project/NLP_K35/xlnntn_hp2_friend/data/mrDuc_data/Images/UzpfSTEwMDAwMDM0MDE0MDI3NjpWSzoyNzA3MTgwOTUxMjQ2MTEzOQ==_0.jpg
/images/UzpfSTEwMDA4MTQ5Nzk3NTM4MTpWSzoyNzA2Nzg3NjY3NjE4Nzc1Ng==_0.jpg	0.363	one_text_contains_the_other	偶然欲書	"偶然欲書
戊戌中元丁明祥
一時而書有乖有合合流則媚
神怡務閑感惠洵知時和氣潤
紙墨相發偶然欲書五合也"	/mnt/Suran_database/Users/thanhthanh_workspace/Project/NLP_K35/xlnntn_hp2_friend/data/mrDuc_data/Images/UzpfSTEwMDA4MTQ5Nzk3NTM4MTpWSzoyNzA2Nzg3NjY3NjE4Nzc1Ng==_0.jpg
/images/UzpfSTEwMDAwMDM2OTIxMDcyNTpWSzoyNzA2MTYyNDg1NjgxMjkzOA==_0.jpg	1.0	one_text_contains_the_other	行穩致遠。今天的練習02	"行
穩
致
遠"	/mnt/Suran_database/Users/thanhthanh_workspace/Project/NLP_K35/xlnntn_hp2_friend/data/mrDuc_data/Images/UzpfSTEwMDAwMDM2OTIxMDcyNTpWSzoyNzA2MTYyNDg1NjgxMjkzOA==_0.jpg
/images/UzpfSTEwMDAwMDM2OTIxMDcyNTpWSzoyNzA2MTYyODAzMzQ3OTI4Nw==_0.jpg	0.823807	high_directional_coverage	抱處恍如無，柰小語心尤怯。夢裏有誰知覺，紅上雙雙頰。三更碧月淡紗帷，涼把重衾壓。欲訴二年情事，和淚開吟篋。今天的練習03	"抱衾恍如無奈小語心尤怯夢裏
有誰知覺紅上雙頃三更碧月
淡紗帷涼把重衾壓欲訴二年
情事和淚開吟篋
清人洪亮吉好事近
丙午夏月"	/mnt/Suran_database/Users/thanhthanh_workspace/Project/NLP_K35/xlnntn_hp2_friend/data/mrDuc_data/Images/UzpfSTEwMDAwMDM2OTIxMDcyNTpWSzoyNzA2MTYyODAzMzQ3OTI4Nw==_0.jpg
/images/UzpfSTEwMDAwMDM2OTIxMDcyNTpWSzoyNzA1MTAyOTEzNzg3MjUxMA==_0.jpg	1.0	one_text_contains_the_other	前車之鑑。今天的練習02	"前
車
之
鑑"	/mnt/Suran_database/Users/thanhthanh_workspace/Project/NLP_K35/xlnntn_hp2_friend/data/mrDuc_data/Images/UzpfSTEwMDAwMDM2OTIxMDcyNTpWSzoyNzA1MTAyOTEzNzg3MjUxMA==_0.jpg
/images/UzpfSTEwMDAwMDM2OTIxMDcyNTpWSzoyNzA1MTAyNTE4Nzg3MjkwNQ==_0.jpg	1.0	one_text_contains_the_other	虛竹幽蘭生靜氣，和風朗月喻天懷。今天的練習01	"虛竹幽蘭生靜氣
和風朗月喻天懷"	/mnt/Suran_database/Users/thanhthanh_workspace/Project/NLP_K35/xlnntn_hp2_friend/data/mrDuc_data/Images/UzpfSTEwMDAwMDM2OTIxMDcyNTpWSzoyNzA1MTAyNTE4Nzg3MjkwNQ==_0.jpg
/images/UzpfSTEwMDAwMDAxMzMyMjE5ODpWSzoyNzA1ODU2OTA0MDQ1MTg1Mw==_2.jpg	0.629789	high_directional_coverage	"來是空言去絕蹤，月斜樓上五更鐘。
夢爲遠別啼難喚，書被催成墨未濃。
蠟照半籠金翡翠，麝薰微度繡芙蓉。
劉郎已恨蓬山遠，更隔蓬山一萬重！
李商隱 無題"	"照
半
籠
金
翡
翠
麝
薰
微
度
芙
蓉
帷
劉
郎
已
恨
蓬
山
遠
更
隔
蓬
山
一
萬
重
李商隱
句
庚子
吉日
林清"	/mnt/Suran_database/Users/thanhthanh_workspace/Project/NLP_K35/xlnntn_hp2_friend/data/mrDuc_data/Images/UzpfSTEwMDAwMDAxMzMyMjE5ODpWSzoyNzA1ODU2OTA0MDQ1MTg1Mw==_2.jpg
/images/UzpfSTEwMDAwMDA5NDY5MjQ5NDpWSzoyNzA1ODU2MTE4Mzc4NTk3Mg==_0.jpg	0.80325	high_directional_coverage	"大家午安

本以高難飽，徒勞恨費聲。五更疏欲斷，一樹碧無情。

薄宦梗猶泛，故園荒已平。煩君最相警，我亦舉家清。

〈蟬〉唐 李商隱

張威龍 習書 2026/6/14"	"本以高難飽
徒勞恨費
聲五更疏欲
斷一樹碧無
情薄宦梗猶
泛故園蕪已
平煩君最相
警我亦客
蓬
瀛
蟬
唐李商
隱
丙子
張武法"	/mnt/Suran_database/Users/thanhthanh_workspace/Project/NLP_K35/xlnntn_hp2_friend/data/mrDuc_data/Images/UzpfSTEwMDAwMDA5NDY5MjQ5NDpWSzoyNzA1ODU2MTE4Mzc4NTk3Mg==_0.jpg
/images/UzpfSTEwMDAwMDM0MDE0MDI3NjpWSzoyNzA1NDcxMTQwMDgzNzYxNw==_0.jpg	0.815166	high_directional_coverage	"《楓橋夜泊》／張繼／唐代
月落烏啼霜滿天，
江楓漁火對愁眠。
姑蘇城外寒山寺，
夜半鐘聲到客船。
資料來源：漢語網"	"《楓橋夜泊》
張繼
唐代
月
落
烏
啼
霜
滿
天
江
楓
漁
火
對
愁
眠
姑
蘇
城
外
寒
山
寺
夜
半
鐘
聲
到
客
船
丙午四月二十九方柏棟"	/mnt/Suran_database/Users/thanhthanh_workspace/Project/NLP_K35/xlnntn_hp2_friend/data/mrDuc_data/Images/UzpfSTEwMDAwMDM0MDE0MDI3NjpWSzoyNzA1NDcxMTQwMDgzNzYxNw==_0.jpg
/images/UzpfSTE1ODE3MzkwMTQ6Vks6MjcwNTUyMjYzNzQxMTk0NTM=_1.jpg	0.636905	high_directional_coverage	"步轝郎張元祖妻一弗為亡夫造像記

#龍門二十品 #魏碑 #臨摹 #書法"	"亡
夫
直
生
佛
國
步
翬
郎
張
元
祖
妻
弗
為
亡
夫
造
像
記
董
副
堅
漢
真
客
客
對
也"	/mnt/Suran_database/Users/thanhthanh_workspace/Project/NLP_K35/xlnntn_hp2_friend/data/mrDuc_data/Images/UzpfSTE1ODE3MzkwMTQ6Vks6MjcwNTUyMjYzNzQxMTk0NTM=_1.jpg
/images/UzpfSTEwMDAwMDM2OTIxMDcyNTpWSzoyNzA1MTAzMjg3MTIwNTQ3MA==_0.jpg	0.614876	combined_score_above_threshold	密密偃蜂房，香遠未應時霎。薇露紫煙浥盡，任風欺雪壓。老人曾飲百川空，相對肯微呷。攬取佔先風度，醉高燒紅蠟。今天的練習03	"蜜：僵蜂房香逗未有時要蒸露
紫煙浥透任風欺雪壓老人曾飲百
川空相送肯冰匣攬取占先風度磚
高燒紅蠟
宋人曹勳好事近
丙午夏月之吉"	/mnt/Suran_database/Users/thanhthanh_workspace/Project/NLP_K35/xlnntn_hp2_friend/data/mrDuc_data/Images/UzpfSTEwMDAwMDM2OTIxMDcyNTpWSzoyNzA1MTAzMjg3MTIwNTQ3MA==_0.jpg
/images/UzpfSTEwMDAwMDY5MDI2MjM3MTpWSzoyNzA0Njk0MDU5ODI4MTM2NA==_0.jpg	0.455628	one_text_contains_the_other	"哥林多前書15:17
#聖經 #基督 #恩典 #復活 #盼望"	"基督若沒有
復活你們的信
便是徒然你們
仍在罪裡
哥林多前書十五章17節"	/mnt/Suran_database/Users/thanhthanh_workspace/Project/NLP_K35/xlnntn_hp2_friend/data/mrDuc_data/Images/UzpfSTEwMDAwMDY5MDI2MjM3MTpWSzoyNzA0Njk0MDU5ODI4MTM2NA==_0.jpg
/images/UzpfSTEwMDAwMDY5MDI2MjM3MTpWSzoyNzAzNDE2Nzk2Mjg5MTk2MQ==_0.jpg	0.461765	one_text_contains_the_other	哥林多前書15:10a	"然而我今日成了
何等人是蒙神
的恩才成的
哥林多前書十五章十節上"	/mnt/Suran_database/Users/thanhthanh_workspace/Project/NLP_K35/xlnntn_hp2_friend/data/mrDuc_data/Images/UzpfSTEwMDAwMDY5MDI2MjM3MTpWSzoyNzAzNDE2Nzk2Mjg5MTk2MQ==_0.jpg
/images/UzpfSTEwMDAwMjgwNzA5MDE0OTpWSzoyNzAzNzA0MDk0OTI3MTMyOQ==_0.jpg	0.805846	high_directional_coverage	"楊柳枝
唐-劉禹錫

清江一曲柳千條，二十年前舊板橋。

曾與美人橋上別，恨無消息到今朝。"	"清
江
一
曲
柳
千
條
二
十
年
前
舊
板
橋
曾
與
美
人
橋
上
別
恨
無
消
息
到
今
朝
丙
子
之
夏
劉
禹
錫
詩
陸
書"	/mnt/Suran_database/Users/thanhthanh_workspace/Project/NLP_K35/xlnntn_hp2_friend/data/mrDuc_data/Images/UzpfSTEwMDAwMjgwNzA5MDE0OTpWSzoyNzAzNzA0MDk0OTI3MTMyOQ==_0.jpg
/images/UzpfSTEwMDAwMDM0MDE0MDI3NjpWSzoyNzA1NDUxNzk4NDE5MDI5Mg==_0.jpg	0.810862	high_directional_coverage	"出自《江城子》／蘇軾／北宋
十年生死兩茫茫，不思量，自難忘。
縱使相逢應不識，塵滿面，鬢如霜。
資料來源：漢語網"	"出自《江城子》蘇軾 北宋
十年生死兩茫茫，
不思量自難忘。
縱使相逢應不識，
塵滿面鬢如霜。
丙午四月二十九方柏棟"	/mnt/Suran_database/Users/thanhthanh_workspace/Project/NLP_K35/xlnntn_hp2_friend/data/mrDuc_data/Images/UzpfSTEwMDAwMDM0MDE0MDI3NjpWSzoyNzA1NDUxNzk4NDE5MDI5Mg==_0.jpg
/images/UzpfSTEwMDAwMDAxMzMyMjE5ODpWSzoyNzA1ODU2OTA0MDQ1MTg1Mw==_0.jpg	0.68144	high_directional_coverage	"來是空言去絕蹤，月斜樓上五更鐘。
夢爲遠別啼難喚，書被催成墨未濃。
蠟照半籠金翡翠，麝薰微度繡芙蓉。
劉郎已恨蓬山遠，更隔蓬山一萬重！
李商隱 無題"	"照半籠金翡翠
麝薰微度
繡芙蓉
劉郎已恨蓬
山遠更隔蓬
山一萬重
李商隱句
芝艸
洪清"	/mnt/Suran_database/Users/thanhthanh_workspace/Project/NLP_K35/xlnntn_hp2_friend/data/mrDuc_data/Images/UzpfSTEwMDAwMDAxMzMyMjE5ODpWSzoyNzA1ODU2OTA0MDQ1MTg1Mw==_0.jpg
/images/UzpfSTEwMDAwMDM2NjMwMzY2NTpWSzoyNzA0NTYyMTE4MTc0NjYzOQ==_0.jpg	0.755314	high_directional_coverage	"2026-06-13週六
長恨歌 白居易
21
上窮碧落下黃泉，
兩處茫茫皆不見。
忽聞海上有仙山，
山在虛無縹緲間。"	"上窮碧落下黃泉
兩處茫々皆不見
忽聞海上有仙山
山在虛无縹緲間
白居易長恨歌
丙午冬
好生書"	/mnt/Suran_database/Users/thanhthanh_workspace/Project/NLP_K35/xlnntn_hp2_friend/data/mrDuc_data/Images/UzpfSTEwMDAwMDM2NjMwMzY2NTpWSzoyNzA0NTYyMTE4MTc0NjYzOQ==_0.jpg
/images/UzpfSTEwMDAwMjgwNzA5MDE0OTpWSzoyNzAxMDk4MDQxMTg3NzM4Mw==_0.jpg	0.807493	high_directional_coverage	"春山夜月
唐-於良史

春山多勝事，賞玩夜忘歸。

掬水月在手，弄花香滿衣。

興來無遠近，欲去惜芳菲。

南望鳴鐘處，樓臺深翠微。"	"春
山
多
勝
事
賞
玩
夜
忘
歸
掬
水
月
在
手
弄
花
香
滿
衣
興
來
無
遠
近
欲
去
惜
芳
菲
南
望
鳴
鐘
樓
臺
深
翠
庚
子
於
臣
史
詩
薛
志
清"	/mnt/Suran_database/Users/thanhthanh_workspace/Project/NLP_K35/xlnntn_hp2_friend/data/mrDuc_data/Images/UzpfSTEwMDAwMjgwNzA5MDE0OTpWSzoyNzAxMDk4MDQxMTg3NzM4Mw==_0.jpg
/images/UzpfSTEwMDAwNDE4MzAzOTE2MDpWSzoyNzA0NDQ1ODQ5NTE5NjI0MQ==_0.jpg	0.835	high_directional_coverage	海内存知己 天涯若比鄰	"海
内
存
知
己
天
涯
若
比
邻
信安"	/mnt/Suran_database/Users/thanhthanh_workspace/Project/NLP_K35/xlnntn_hp2_friend/data/mrDuc_data/Images/UzpfSTEwMDAwNDE4MzAzOTE2MDpWSzoyNzA0NDQ1ODQ5NTE5NjI0MQ==_0.jpg
/images/UzpfSTEwMDAwNzI5MzE4NTg0MTpWSzoyNzA0MzQ1NDg3MTk2MzI3MA==_0.jpg	0.930952	one_text_contains_the_other	"垂緌飲清露，流響出疏桐。
居高聲自遠，非是藉秋風。虞世南 /蟬"	"垂
緌
飲
清
露
流
響
出
疏
桐
居
高
聲
自
遠
非
是
藉
秋
風"	/mnt/Suran_database/Users/thanhthanh_workspace/Project/NLP_K35/xlnntn_hp2_friend/data/mrDuc_data/Images/UzpfSTEwMDAwNzI5MzE4NTg0MTpWSzoyNzA0MzQ1NDg3MTk2MzI3MA==_0.jpg
/images/UzpfSTEwMDAwMDM2OTIxMDcyNTpWSzoyNzAyMzY3NTEwNzI3NDU4MA==_0.jpg	1.0	one_text_contains_the_other	臨池學書。今天的練習02	"臨
池
學
書"	/mnt/Suran_database/Users/thanhthanh_workspace/Project/NLP_K35/xlnntn_hp2_friend/data/mrDuc_data/Images/UzpfSTEwMDAwMDM2OTIxMDcyNTpWSzoyNzAyMzY3NTEwNzI3NDU4MA==_0.jpg
/images/UzpfSTEwMDAwMDM0MDE0MDI3NjpWSzoyNzAzNjIxMDQxOTM1NDM4Mg==_0.jpg	0.699661	high_directional_coverage	"出自 宣州謝眺樓餞別校書叔雲〈一作陪侍御叔華登樓歌〉作者：李白　唐 
棄我去者，昨日之日不可留。亂我心者，今日之日多煩憂。
資料來源：漢語網"	"出自《宣州謝朓樓餞別校書叔雲》李白 唐代
棄我去者
昨日之日不可留
亂我心者
今日之日多煩憂
丙午四月二十七方梅德"	/mnt/Suran_database/Users/thanhthanh_workspace/Project/NLP_K35/xlnntn_hp2_friend/data/mrDuc_data/Images/UzpfSTEwMDAwMDM0MDE0MDI3NjpWSzoyNzAzNjIxMDQxOTM1NDM4Mg==_0.jpg
/images/UzpfSTEwMDAwMDM0MDE0MDI3NjpWSzoyNzAzNDk5ODQyMjgwODkxNQ==_0.jpg	0.740093	high_directional_coverage	"出自 琵琶行 〈并序〉 作者：白居易　唐 816年 
絃絃掩抑聲聲思，似訴平生不得志。低眉信手續續彈，說盡心中無限事。
資料來源：漢語網"	"出自《琵琶行(并序)》 白居易 唐代
弦弦掩抑聲聲思
似訴平生不得志
低眉信手續續彈
說盡心中無限事
丙午四月二十七方柏棟"	/mnt/Suran_database/Users/thanhthanh_workspace/Project/NLP_K35/xlnntn_hp2_friend/data/mrDuc_data/Images/UzpfSTEwMDAwMDM0MDE0MDI3NjpWSzoyNzAzNDk5ODQyMjgwODkxNQ==_0.jpg
/images/UzpfSTEwMDAwMDM0MDE0MDI3NjpWSzoyNzAzNTQxNDUxOTQzMzk3Mg==_0.jpg	0.743839	high_directional_coverage	"出自 《黃鶴樓》前四句／ 作者：崔顥／唐 
昔人已乘黃鶴去，此地空餘黃鶴樓。黃鶴一去不復返，白雲千載空悠悠。
資料來源：唐詩三百首"	"出自《黃鶴樓》崔顥 唐代
昔人已乘黃鶴去
此地空餘黃鶴樓
黃鶴一去不復返
白雲千載空悠悠
丙午四月二十七方梅書"	/mnt/Suran_database/Users/thanhthanh_workspace/Project/NLP_K35/xlnntn_hp2_friend/data/mrDuc_data/Images/UzpfSTEwMDAwMDM0MDE0MDI3NjpWSzoyNzAzNTQxNDUxOTQzMzk3Mg==_0.jpg
/images/UzpfSTYxNTczOTk5Nzk4MzcwOlZLOjI3MDM1Nzg2MzcyNzMwMTIw_0.jpg	0.586496	combined_score_above_threshold	"節前赤壁賦

惟江上之清風，與山間之明月，耳得之而爲聲，目遇之而成色，取之無禁，用之不竭。是造物者之無盡藏也。

忙碌的生活裡，別忘了抬頭看看月亮、吹吹風。
蘇東坡說得真好，江風與明月，看著、聽著就是一種享受。這些美好的風景不屬於任何人，卻屬於每一個懂得欣賞的人。"	"惟
江
上
之
清
風
與
山
間
之
明
月
耳
得
之
而
為
聲
目
之
而
成
色
取
之
無
禁
用
之
不
竭
是
造
物
者
無
盡
藏
也
錄
前
赤
壁
賦
蘇
書
軾"	/mnt/Suran_database/Users/thanhthanh_workspace/Project/NLP_K35/xlnntn_hp2_friend/data/mrDuc_data/Images/UzpfSTYxNTczOTk5Nzk4MzcwOlZLOjI3MDM1Nzg2MzcyNzMwMTIw_0.jpg
/images/UzpfSTEwMDAwMzUzNjA0MTQ0NzpWSzoyNzAyODE1MzEwMzQ5MzQ0Nw==_0.jpg	0.617861	combined_score_above_threshold	"#感謝書友欣賞

行草 唐 白居易 寓言題僧🙏☕😎

劫風火起燒荒宅
苦海波生蕩破船
力小無因救焚溺
清涼山下且安禪"	"劫風吹却燒焦宅
苦海波生泛破船
力小無因救共溺
清涼山下且安禪
唐白居易詩
彭信
己卯冬
頓"	/mnt/Suran_database/Users/thanhthanh_workspace/Project/NLP_K35/xlnntn_hp2_friend/data/mrDuc_data/Images/UzpfSTEwMDAwMzUzNjA0MTQ0NzpWSzoyNzAyODE1MzEwMzQ5MzQ0Nw==_0.jpg
/images/UzpfSTEwMDAwMDM2OTIxMDcyNTpWSzoyNzAyMzY3ODY2NzI3NDIyNA==_0.jpg	0.79524	high_directional_coverage	客路苦思歸，愁似繭絲千緒。夢裏鏡湖煙雨，看山無重數。尊前消盡少年狂，慵著送春語。花落燕飛庭戶，嘆年光如許。今天的練習03	"客路苕溪歸愁似繭絲千緒夢
裏鏡湖煙雨看山無重數尊前
消盡少年狂慵寫送春詞花落
燕飛庭戶嘆光陰如許
宋梅溪詞好事近丙午之夏"	/mnt/Suran_database/Users/thanhthanh_workspace/Project/NLP_K35/xlnntn_hp2_friend/data/mrDuc_data/Images/UzpfSTEwMDAwMDM2OTIxMDcyNTpWSzoyNzAyMzY3ODY2NzI3NDIyNA==_0.jpg
/images/UzpfSTEwMDAwMDA5NDY5MjQ5NDpWSzoyNzAyMzI1NjkwMzk4MzA2Nw==_0.jpg	0.760761	high_directional_coverage	"**大家晚安**

**千曲清流滌心境   一輪明月照大千**

**連日滂沱大雨 洗淨大地 吾心**

**且待旭日東升 明月皎皎**

**張威龍 習書2026/6/11**"	"千秋清
流滌心境
一輪明月
照大千
連日滂沱大雨洗淨大地
以待旭日東升明月皎々
丙午夏夜張歲"	/mnt/Suran_database/Users/thanhthanh_workspace/Project/NLP_K35/xlnntn_hp2_friend/data/mrDuc_data/Images/UzpfSTEwMDAwMDA5NDY5MjQ5NDpWSzoyNzAyMzI1NjkwMzk4MzA2Nw==_0.jpg
/images/UzpfSTEwMDAwMDM2OTIxMDcyNTpWSzoyNjk5NzEzMzk4OTkyODY5Mg==_0.jpg	0.744915	high_directional_coverage	我不是神仙，不會煉丹燒藥。只是愛閒耽酒，畏浮名拘縛。種成桃李一園花，真處怕人覺。受用現前活計，且行歌行樂。今天的練習03	"我本是神仙不曾煉丹燒藥只是
愛閒眠耽酒畏浮名拘縛種成桃李一
園花真愛怕人覺受用現成活計
且折花自樂
宋朱敦儒好事近
丙午三夏"	/mnt/Suran_database/Users/thanhthanh_workspace/Project/NLP_K35/xlnntn_hp2_friend/data/mrDuc_data/Images/UzpfSTEwMDAwMDM2OTIxMDcyNTpWSzoyNjk5NzEzMzk4OTkyODY5Mg==_0.jpg
/images/UzpfSTEwMDAwMjgwNzA5MDE0OTpWSzoyNzAyMzU4NTk5NzI4MzQ5MQ==_0.jpg	0.835265	high_directional_coverage	"菩薩蠻
唐-李白

平林漠漠煙如織，寒山一帶傷心碧。

暝色入高樓，有人樓上愁。

玉階空佇立，宿鳥歸飛急。

何處是歸程？長亭連短亭。"	"平
林
漠
々
煙
如
織
寒
山
一
帶
傷
心
碧
暝
色
入
高
樓
有
人
樓
上
愁
玉
階
空
佇
立
宿
鳥
歸
飛
急
何
處
是
歸
程
長
亭
更
短
亭
丙子之夏
徐啟洋"	/mnt/Suran_database/Users/thanhthanh_workspace/Project/NLP_K35/xlnntn_hp2_friend/data/mrDuc_data/Images/UzpfSTEwMDAwMjgwNzA5MDE0OTpWSzoyNzAyMzU4NTk5NzI4MzQ5MQ==_0.jpg
/images/UzpfSTYxNTg2OTI4MjY3NTAwOlZLOjI3MDE5MTg1NDYxMDU2ODc4_0.jpg	0.610714	one_text_contains_the_other	天道酬勤	"天
道
天道
酬勤
地道
酬善
商道"	/mnt/Suran_database/Users/thanhthanh_workspace/Project/NLP_K35/xlnntn_hp2_friend/data/mrDuc_data/Images/UzpfSTYxNTg2OTI4MjY3NTAwOlZLOjI3MDE5MTg1NDYxMDU2ODc4_0.jpg
/images/UzpfSTEwMDAwMDA5NDY5MjQ5NDpWSzoyNzAyMDU1NDM4NDI1MzMxOQ==_0.jpg	0.611718	combined_score_above_threshold	"大家午安
有緣相聚千杯酒
明日天涯兩茫茫
春夏秋冬 四季皆宜
濁酒清茶 誠意食水甜(最後一句 台語喔)
張威龍 習書2026/6/11"	"有緣相聚
千杯酒
明日天涯
各分飛
春夏秋冬四季皆宜
清茶濁酒誠意念
少甜
丙午夏張茂強"	/mnt/Suran_database/Users/thanhthanh_workspace/Project/NLP_K35/xlnntn_hp2_friend/data/mrDuc_data/Images/UzpfSTEwMDAwMDA5NDY5MjQ5NDpWSzoyNzAyMDU1NDM4NDI1MzMxOQ==_0.jpg
/images/UzpfSTEwMDAwNjk5OTg0Mzk5MjpWSzoyNzAxNjUwNzcwNDY1Nzk4Nw==_0.jpg	0.728267	high_directional_coverage	"書友早安愉悅😃
習字塗鴉分亨🙏
出自清代 · 鄭燮的《竹石》
咬定青山不放鬆，立根原在破巖中。
千磨萬擊還堅勁，任爾東西南北風。
✍️於:烘爐茶壺"	"咬定青山不放鬆
立根原在破岩中
千磨萬擊還堅勁
任爾東西南北風"	/mnt/Suran_database/Users/thanhthanh_workspace/Project/NLP_K35/xlnntn_hp2_friend/data/mrDuc_data/Images/UzpfSTEwMDAwNjk5OTg0Mzk5MjpWSzoyNzAxNjUwNzcwNDY1Nzk4Nw==_0.jpg
/images/UzpfSTEwMDAwMDM2OTIxMDcyNTpWSzoyNzAxMDYwOTcwODU4MTEyMA==_0.jpg	1.0	one_text_contains_the_other	眾妙之門。今天的練習02	"眾
妙
之
門"	/mnt/Suran_database/Users/thanhthanh_workspace/Project/NLP_K35/xlnntn_hp2_friend/data/mrDuc_data/Images/UzpfSTEwMDAwMDM2OTIxMDcyNTpWSzoyNzAxMDYwOTcwODU4MTEyMA==_0.jpg
/images/UzpfSTEwMDAwMDY5MDI2MjM3MTpWSzoyNzAxMDM2NjgzMTkzODc0MQ==_0.jpg	0.405929	one_text_contains_the_other	哥林多前書14:20	"弟兄们在心志上
不要作小孩子然
而在惡事上要
作嬰孩在心志
上總要作大人
哥林多前書十四章20節"	/mnt/Suran_database/Users/thanhthanh_workspace/Project/NLP_K35/xlnntn_hp2_friend/data/mrDuc_data/Images/UzpfSTEwMDAwMDY5MDI2MjM3MTpWSzoyNzAxMDM2NjgzMTkzODc0MQ==_0.jpg
/images/UzpfSTEwMDAwMDM0MDE0MDI3NjpWSzoyNzAwOTc4MDQ1MTk5NzM3OQ==_0.jpg	0.753557	high_directional_coverage	"感化寺見元九、劉三十二題名處
朝代：唐代作者：白居易
原文
微之謫去千馀里，太白無來十一年。
今日見名如見面，塵埃壁上破窗前。
資料來源：漢語網"	"《感化寺見元九、劉三十二題名處》
白居易
唐代
微之謫去千餘里
太白無來十一年
今日見名如見面
塵埃壁上破窗前
丙午四月二十五方楠棟"	/mnt/Suran_database/Users/thanhthanh_workspace/Project/NLP_K35/xlnntn_hp2_friend/data/mrDuc_data/Images/UzpfSTEwMDAwMDM0MDE0MDI3NjpWSzoyNzAwOTc4MDQ1MTk5NzM3OQ==_0.jpg
/images/UzpfSTEwMDAwMDM2OTIxMDcyNTpWSzoyNzAxMDYwNTY3MTkxNDg1Nw==_0.jpg	0.912088	high_directional_coverage	名畫要如詩句讀，古琴兼作水聲聽。今天的練習01	"名画要如詩句讀
古琴兼作水聲聽"	/mnt/Suran_database/Users/thanhthanh_workspace/Project/NLP_K35/xlnntn_hp2_friend/data/mrDuc_data/Images/UzpfSTEwMDAwMDM2OTIxMDcyNTpWSzoyNzAxMDYwNTY3MTkxNDg1Nw==_0.jpg
/images/UzpfSTEwMDAwMDM0MDE0MDI3NjpWSzoyNzAxMDE4ODU2MTk1NjU2OA==_0.jpg	0.738345	high_directional_coverage	"仙女詞/朝代：唐代/作者：施肩吾
仙女群中名最高，曾看王母種仙桃。手題金簡非凡筆，道是天邊玉兔毛。
資料來源：漢語網"	"《仙女詞》施肩吾唐代
仙女群中名最高
曾看王母種仙桃
手題金簡非凡筆
道是天邊玉兔毛
丙午四月二十五方柏棟"	/mnt/Suran_database/Users/thanhthanh_workspace/Project/NLP_K35/xlnntn_hp2_friend/data/mrDuc_data/Images/UzpfSTEwMDAwMDM0MDE0MDI3NjpWSzoyNzAxMDE4ODU2MTk1NjU2OA==_0.jpg
/images/UzpfSTEwMDAwMDA5NDY5MjQ5NDpWSzoyNzAwNTY0MTE4OTA3Nzk3Mg==_0.jpg	0.65903	combined_score_above_threshold	"大家午安

寧可食無肉，不可居無竹。

東坡愛竹 我愛吃肉和竹筍

張威龍 習書2026/6/10"	"寧可食無肉
不可居無竹
東坡愛竹
和竹筍
亦愛吃肉
丙午张茂乾"	/mnt/Suran_database/Users/thanhthanh_workspace/Project/NLP_K35/xlnntn_hp2_friend/data/mrDuc_data/Images/UzpfSTEwMDAwMDA5NDY5MjQ5NDpWSzoyNzAwNTY0MTE4OTA3Nzk3Mg==_0.jpg
/images/UzpfSTEwMDAwMDM0MDE0MDI3NjpWSzoyNzAwMDI3MjAyNjI4MTU1NQ==_0.jpg	0.685042	combined_score_above_threshold	"弟子規／李毓秀／清代
總敘
弟子規  聖人訓
首孝弟  次謹信
泛愛眾  而親仁
有餘力  則學文"	"《弟子規》總敘
李毓秀
清代
弟子規
首孝弟
泛愛眾
有餘力
聖人訓
次謹信
而親仁
則學文
丙午四月二十三方柏棟"	/mnt/Suran_database/Users/thanhthanh_workspace/Project/NLP_K35/xlnntn_hp2_friend/data/mrDuc_data/Images/UzpfSTEwMDAwMDM0MDE0MDI3NjpWSzoyNzAwMDI3MjAyNjI4MTU1NQ==_0.jpg
/images/UzpfSTEwMDAwMDM2OTIxMDcyNTpWSzoyNjk5NzEzMTAzMzI2MjMyMQ==_0.jpg	1.0	one_text_contains_the_other	品茗聽琴。今天的練習02	品茗聽琴	/mnt/Suran_database/Users/thanhthanh_workspace/Project/NLP_K35/xlnntn_hp2_friend/data/mrDuc_data/Images/UzpfSTEwMDAwMDM2OTIxMDcyNTpWSzoyNjk5NzEzMTAzMzI2MjMyMQ==_0.jpg
/images/UzpfSTEwMDAwMjI1NDQ4NjA3NjpWSzoyNjk5NjE3NjIyNjY5MTEzNQ==_0.jpg	0.720019	high_directional_coverage	習字（十六～2）佛心：一切有為法，如夢幻泡影，如露亦如電，應作如是觀	"佛
一切有為法
如夢幻泡影
如露亦如電
應化如是觀
丙午夏月李野田書
心"	/mnt/Suran_database/Users/thanhthanh_workspace/Project/NLP_K35/xlnntn_hp2_friend/data/mrDuc_data/Images/UzpfSTEwMDAwMjI1NDQ4NjA3NjpWSzoyNjk5NjE3NjIyNjY5MTEzNQ==_0.jpg
/images/UzpfSTEwMDAwMDM2OTIxMDcyNTpWSzoyNjk4NTM3Nzc5NDQzNzY0NQ==_0.jpg	0.912088	high_directional_coverage	日照平池花氣動，雲藏古寺鳥聲柔。今天的練習01	"日
照
平
池
花
氣
動
雲
遮
古
寺
鳥
聲
柔"	/mnt/Suran_database/Users/thanhthanh_workspace/Project/NLP_K35/xlnntn_hp2_friend/data/mrDuc_data/Images/UzpfSTEwMDAwMDM2OTIxMDcyNTpWSzoyNjk4NTM3Nzc5NDQzNzY0NQ==_0.jpg
/images/UzpfSTEwMDAwMDY5MDI2MjM3MTpWSzoyNjk4MzgyOTY3MTI1OTEyNA==_0.jpg	0.455628	one_text_contains_the_other	哥林多前書13:13	"如今常存的有
信有望有愛
這三樣其中
最大的是愛
哥林多前書十三章13節"	/mnt/Suran_database/Users/thanhthanh_workspace/Project/NLP_K35/xlnntn_hp2_friend/data/mrDuc_data/Images/UzpfSTEwMDAwMDY5MDI2MjM3MTpWSzoyNjk4MzgyOTY3MTI1OTEyNA==_0.jpg
/images/UzpfSTEwMDAwMDM2OTIxMDcyNTpWSzoyNjk5NzEyODE0MzI2MjYxMA==_0.jpg	0.912088	high_directional_coverage	半輪新月數竿竹，千帖殘書一琖茶。今天的練習01	"半
輪
新
月
數
竿
竹
千
帖
殘
書
一
瓻
茶"	/mnt/Suran_database/Users/thanhthanh_workspace/Project/NLP_K35/xlnntn_hp2_friend/data/mrDuc_data/Images/UzpfSTEwMDAwMDM2OTIxMDcyNTpWSzoyNjk5NzEyODE0MzI2MjYxMA==_0.jpg
/images/UzpfSTEwMDA1MDU5Mjk1MDg2MzpWSzoyNjk5Mzg5MDI1MzU4NjM5OQ==_0.jpg	0.664286	one_text_contains_the_other	富貴祥和	"富貴祥和
丙午夏月琉璃"	/mnt/Suran_database/Users/thanhthanh_workspace/Project/NLP_K35/xlnntn_hp2_friend/data/mrDuc_data/Images/UzpfSTEwMDA1MDU5Mjk1MDg2MzpWSzoyNjk5Mzg5MDI1MzU4NjM5OQ==_0.jpg
/images/UzpfSTEwMDAwMDA5NDY5MjQ5NDpWSzoyNzAwNDI1NTAxNTg4MzI1Ng==_0.jpg	0.751568	high_directional_coverage	"大家早安
曠 達
竹杖芒鞋輕勝馬，誰怕！一簑煙雨任平生。
人在江湖 豈無風雨 當如東坡先生之曠達自持 也無風雨也無晴
張威龍 習書 2026/6/10"	"曠
達
竹杖芒鞋輕勝馬
誰怕一蓑煙雨任平生
人在此地曾無風雨
當如東坡先生之曠
達自持以無風雨也
吉時丙午張斌書"	/mnt/Suran_database/Users/thanhthanh_workspace/Project/NLP_K35/xlnntn_hp2_friend/data/mrDuc_data/Images/UzpfSTEwMDAwMDA5NDY5MjQ5NDpWSzoyNzAwNDI1NTAxNTg4MzI1Ng==_0.jpg
/images/UzpfSTEwMDA2NDU0ODg1Nzg4MTpWSzoyNjk5MjY0MDkzMzcxMTMzMQ==_0.jpg	0.588698	combined_score_above_threshold	"學習並非為了考試
考試亦非等同成績

一個是手段，一個是歷程

一體不二分也

#翰林 #小一寫字 #範本 #硬筆 #家長 #字跡蛻變

✅台灣話

鉛筆佮拭仔 iân-pit kah tshit-á

🟧鉛筆

鉛筆 iân-pit

🟨橡皮擦

拭仔 tshit-á

擦仔 tshat-á

拊仔 hú-á

#第十一課 #鉛筆和橡皮擦 #畢業季"	"第十一課 鉛筆和橡皮擦
訂正
生字
學
ㄒㄩㄝˊ
13
子
16
3
部首外
筆畫
部首和
總筆畫
筆順
學習並非為了
考試。考試亦非
等同成績。一個
是手段，一個是歷
程，一體不二分也。
學
學
生字練習"	/mnt/Suran_database/Users/thanhthanh_workspace/Project/NLP_K35/xlnntn_hp2_friend/data/mrDuc_data/Images/UzpfSTEwMDA2NDU0ODg1Nzg4MTpWSzoyNjk5MjY0MDkzMzcxMTMzMQ==_0.jpg
/images/UzpfSTEwMDAwMDM2NjMwMzY2NTpWSzoyNjk4NDEyNjU5MTIyOTQzMg==_0.jpg	0.82308	high_directional_coverage	"2026-06-08週一
端午節（6/19）將到，先祝大家佳節快樂。

人生如粽 網文
不怕你有稜有角，
就怕你肚裡空空。
經得起熱水沸騰，
耐得住冷藏冰凍。
向白米學會融合，
向粽葉學會包容。
不捆綁就是一勺稀飯，
不蒸煮哪有美味香濃！"	"不怕你有稜有角，
就怕你肚裏空空、
經得起熱水沸騰、
耐得住冷藏冰凍、
向白米學會融合、
向粽葉學會包容、
不捆綁就是一勺稀飯、
不蒸煮哪有美味香濃！
人生如粽 網文
丙午夏
玅書"	/mnt/Suran_database/Users/thanhthanh_workspace/Project/NLP_K35/xlnntn_hp2_friend/data/mrDuc_data/Images/UzpfSTEwMDAwMDM2NjMwMzY2NTpWSzoyNjk4NDEyNjU5MTIyOTQzMg==_0.jpg
/images/UzpfSTEwMDAwMDA5NDY5MjQ5NDpWSzoyNjk4Mzg2NjMwNDU4ODc5NA==_0.jpg	0.668329	high_directional_coverage	"大家晚安
幾片枯葉
翻滾半生風雨
一壺清茶
沉浮人間悲歡
〈沏茶〉可獨飲 可群品 笑談天地以暢心
張威龍 詩文2026/6/8"	"幾片枯
葉翻綠
半生風
雨一壺清
茶沉浮
人自悲
歡
四茶可獨飲
可群品暖
讀天地暢
丙子夏
張茂然書"	/mnt/Suran_database/Users/thanhthanh_workspace/Project/NLP_K35/xlnntn_hp2_friend/data/mrDuc_data/Images/UzpfSTEwMDAwMDA5NDY5MjQ5NDpWSzoyNjk4Mzg2NjMwNDU4ODc5NA==_0.jpg
/images/UzpfSTEwMDAwMDY5MDI2MjM3MTpWSzoyNjk2NzkxMDgwMjg1MTAxMQ==_0.jpg	0.299311	one_text_contains_the_other	愛的真諦	"愛是恆久忍耐又有恩慈愛是不嫉妒愛是不自誇不張狂
不作害羞的事不求自己的益處不輕易發怒不計算人的惡
不喜歡不義只喜歡真理凡事包容凡事相信凡事盼望凡事
忍耐愛是永不止息
聖經哥林多前書第十三章四至八節之愛的真諦丙午秋雨後三日鄧麗娟書"	/mnt/Suran_database/Users/thanhthanh_workspace/Project/NLP_K35/xlnntn_hp2_friend/data/mrDuc_data/Images/UzpfSTEwMDAwMDY5MDI2MjM3MTpWSzoyNjk2NzkxMDgwMjg1MTAxMQ==_0.jpg
/images/UzpfSTEwMDAwMDM2OTIxMDcyNTpWSzoyNjk3NDcxMzMzMjE3MDc1OA==_0.jpg	0.633478	high_directional_coverage	煙外倚危樓，初見遠燈明滅。卻跨玉虹歸去、看洞天星月。當時張範風流在，況一尊浮雪。莫問世間何事、與劍頭微吷。今天的練習03	"煙外倚危樓 初見遠燈明滅却
跨玉虹歸 去看洞天星月 當時百
盞遶雙鬟 事往已消歇 爭奈一尊浮雪 莫問今夕
何事與紈頭冰
宋蘇東坡好事近
丙午夏月"	/mnt/Suran_database/Users/thanhthanh_workspace/Project/NLP_K35/xlnntn_hp2_friend/data/mrDuc_data/Images/UzpfSTEwMDAwMDM2OTIxMDcyNTpWSzoyNjk3NDcxMzMzMjE3MDc1OA==_0.jpg
/images/UzpfSTE1ODE3MzkwMTQ6Vks6MjY5Nzk4MjQzNjE2NTk2NTU=_0.jpg	0.286466	one_text_contains_the_other	大唐皇帝述三藏聖教序記	"局
網
大唐皇帝述三藏聖教序記
夫顯揚正教非智無以廣其文崇闡微言非賢莫能
定其旨蓋真如聖教者諸法之玄宗眾經之軌躅也
綜括宏遠奧旨遐深極空有之精微體生滅之機要
詞茂道曠尋之者不究其源文顯義幽理之者莫測
其際故知聖慈所被業無善而不臻妙化所敷緣無
惡而不翦開法網之綱紀弘六度之正教拯羣有之
塗炭啓三藏之秘扃是以名無翼而長飛道無根而
永固道名流慶歷遂古而鎮常赴感應身經塵劫而
不朽晨鐘夕梵交二音於驚峯慧日法流轉雙輪於
英飛在野春林與天花而合影
伏惟皇帝陛下立玄資福
鹿苑排空寶盖接朝雲而恩加朽骨石室歸貝葉之
文澤及昆蟲金匱流梵說之偈遂使阿耨達水通神
甸之八川者闍崛山接嵩華之翠嶺竊以法性凝寂
靡歸心而不通智地玄奧感懇誠而遂顯豈謂重昏
之夜燭慧炬之光火宅之朝降法雨之澤於是百川
異流同會於海万區分義惣成乎實豈與湯武校其
優劣堯舜比其聖德者哉玄奘法師者夙懷聰令立
志專精神清齠齔之年體拔浮華之世凝情空室逼
跡幽巖栖息三禪巡遊十地超六塵之境獨步伽維
會一乗之有陌機化物以中華之無質尋即度之真
避拱而治八荒德被黔黎鈷鉉而副驚國"	/mnt/Suran_database/Users/thanhthanh_workspace/Project/NLP_K35/xlnntn_hp2_friend/data/mrDuc_data/Images/UzpfSTE1ODE3MzkwMTQ6Vks6MjY5Nzk4MjQzNjE2NTk2NTU=_0.jpg
/images/UzpfSTE1ODE3MzkwMTQ6Vks6MjY5Nzk4MjQzNjE2NTk2NTU=_2.jpg	0.286384	one_text_contains_the_other	大唐皇帝述三藏聖教序記	"局綱
大唐皇帝述三藏聖教序記
夫顯揚正教非智無以廣其文崇闡微言非賢莫能
定其旨盖真如聖教者諸法之玄宗衆經之軌躅也
綜括宏遠奥旨遐深極空有之精微體生滅之機要
詞茂道曠尋之者不究其源文顯義幽理之者莫測
其際故知聖慈所被業無善而不臻妙化所敷緣無
惡而不翦開法網之綱紀弘六度之正教拯羣有之
塗炭啓三藏之秘扃是以名無翼而長飛道無根而
永固道名流慶歷遂古而鎮常契應身經塵劫而
不朽晨鐘夕梵交二音於鷲峯慧日法流轉雙輪於
（然後在野處林聚天花而為彩似值皇帝陛下上玄育德）
鹿苑排空寶盖接翔雲而恩加朽骨石室歸貝葉之
文澤及昆蟲金匱流梵說之偈遂使阿耨達水通神
甸之一八川者闍崛山接嵩華之翠竊以法流凝冱
靡歸心而不通智地玄興感懇誠而通顯豈謂重昏
之夜獨慧炬之光火宅之乾降法雨之澤於是百川
異流同會於海万區分義想成乎實豈與湯武校其
優劣堯舜比其聖德者哉玄奘法師者夙懷聰令立
志夷簡神清齠齔之年雅拔浮華之世凝情定室温
跡幽巖栖息三禪巡遊十地超六塵之境獨步迦維
會一乗之旨隨機化物以沖華之無質導即庶之真
邊探而唱八美德被戢發斂致而非而剖闍闍"	/mnt/Suran_database/Users/thanhthanh_workspace/Project/NLP_K35/xlnntn_hp2_friend/data/mrDuc_data/Images/UzpfSTE1ODE3MzkwMTQ6Vks6MjY5Nzk4MjQzNjE2NTk2NTU=_2.jpg
/images/UzpfSTEwMDAwMDM2OTIxMDcyNTpWSzoyNjk3NDcwOTkxNTUwNDQzMw==_0.jpg	1.0	one_text_contains_the_other	美輪美奐。今天的練習02	"美
輪
美
奐"	/mnt/Suran_database/Users/thanhthanh_workspace/Project/NLP_K35/xlnntn_hp2_friend/data/mrDuc_data/Images/UzpfSTEwMDAwMDM2OTIxMDcyNTpWSzoyNjk3NDcwOTkxNTUwNDQzMw==_0.jpg
/images/UzpfSTEwMDAwMDM2OTIxMDcyNTpWSzoyNjk0OTkzMjM2MTMxNTUyMg==_0.jpg	1.0	one_text_contains_the_other	悠然雅靜。今天的練習02	"悠
然
雅
靜"	/mnt/Suran_database/Users/thanhthanh_workspace/Project/NLP_K35/xlnntn_hp2_friend/data/mrDuc_data/Images/UzpfSTEwMDAwMDM2OTIxMDcyNTpWSzoyNjk0OTkzMjM2MTMxNTUyMg==_0.jpg
/images/UzpfSTEwMDA1MDU5Mjk1MDg2MzpWSzoyNjkyMDQwMTczMDkzNTI1Mg==_0.jpg	0.697552	one_text_contains_the_other	富貴風華	"富貴風華
乙巳春琉璃"	/mnt/Suran_database/Users/thanhthanh_workspace/Project/NLP_K35/xlnntn_hp2_friend/data/mrDuc_data/Images/UzpfSTEwMDA1MDU5Mjk1MDg2MzpWSzoyNjkyMDQwMTczMDkzNTI1Mg==_0.jpg
/images/UzpfSTEwMDAwMDA5NDY5MjQ5NDpWSzoyNjk1OTQ2NjgxMzY5NTQxMA==_0.jpg	0.822269	high_directional_coverage	"大家午安

觀自在

一切有為法，如夢幻泡影；

如露亦如電，應作如是觀。

張威龍 習書2026/6/6"	"觀
自
在
一切有為法
如夢幻泡影
如露亦如電
應作如是觀
丙子夏
張威記"	/mnt/Suran_database/Users/thanhthanh_workspace/Project/NLP_K35/xlnntn_hp2_friend/data/mrDuc_data/Images/UzpfSTEwMDAwMDA5NDY5MjQ5NDpWSzoyNjk1OTQ2NjgxMzY5NTQxMA==_0.jpg
/images/UzpfSTEwMDAwODQwODMxNzg4NDpWSzoyNjk1OTIxMjA0MDM4NzU1NA==_0.jpg	0.297325	one_text_contains_the_other	**“中華文字和圖畫的起源”**	"“中華文字和圖畫的起源”
書畫的起源，提到中華文字和圖畫的起源之題目，在宋代《宣和畫譜》
寫到：「河出圖，洛出書，而龜龍之畫始著見於時，後世乃有蟲鳥之作，
而龜龍之大體，猶未鑿也。逮至有虞，彰施五色而作繪宗彞，以是制
象因之而漸分。」意思為黃河出圖畫，洛水出文字，而龜龍的畫，便
就在這時見到，之後乃有蟲鳥形象的文字，龜龍字畫的重要道理，尚處
於蒙昧未形成狀態，到了虞時期，用五種色彩繪製天地，因此製作形象
而漸分別，
從此指到，黃河中有一匹繪圖案在背上的龍馬，洛水裡是有背上文字的
烏龜，這就是文字、圖畫的起源，再後才有蟲鳥形象的圖文、圖象繪製
的祭服，漸漸有繪象生成。此就是《宣和畫譜》對中華對文字和圖畫
的起源之解說。
圖：清代雕刻《玉龍馬負圖》台北故宮博物院藏
圖：唐代《龍龜銅盆》局部 龜 陝西考古博物館收藏"	/mnt/Suran_database/Users/thanhthanh_workspace/Project/NLP_K35/xlnntn_hp2_friend/data/mrDuc_data/Images/UzpfSTEwMDAwODQwODMxNzg4NDpWSzoyNjk1OTIxMjA0MDM4NzU1NA==_0.jpg
/images/UzpfSTEwMDAwMDM2NjMwMzY2NTpWSzoyNjk3MDIwOTA1NTk1NDUxOQ==_0.jpg	0.778935	high_directional_coverage	"2026-06-07週日
山亭夏日
唐 高駢

綠樹蔭濃夏日長，
樓臺倒影入池塘。
水晶簾動微風起，
滿架薔薇一院香。"	"綠樹陰濃夏日長
樓臺倒影入池塘
水晶簾動微風起
滿架薔薇一院香
山亭夏日唐高駢丙子夏啓書"	/mnt/Suran_database/Users/thanhthanh_workspace/Project/NLP_K35/xlnntn_hp2_friend/data/mrDuc_data/Images/UzpfSTEwMDAwMDM2NjMwMzY2NTpWSzoyNjk3MDIwOTA1NTk1NDUxOQ==_0.jpg
/images/UzpfSTEwMDAwMDA5NDY5MjQ5NDpWSzoyNjk1OTQ2NjgxMzY5NTQxMA==_1.jpg	0.788836	high_directional_coverage	"大家午安

觀自在

一切有為法，如夢幻泡影；

如露亦如電，應作如是觀。

張威龍 習書2026/6/6"	"觀
自
在
一切有為法
如夢幻泡影
如露亦如電
應作如是觀
丙子夏
張歲記"	/mnt/Suran_database/Users/thanhthanh_workspace/Project/NLP_K35/xlnntn_hp2_friend/data/mrDuc_data/Images/UzpfSTEwMDAwMDA5NDY5MjQ5NDpWSzoyNjk1OTQ2NjgxMzY5NTQxMA==_1.jpg
/images/UzpfSTEwMDAwMDM2NjMwMzY2NTpWSzoyNjk1OTUyNTc2MDM1NjE4Mg==_0.jpg	0.814974	high_directional_coverage	"2026-06-06週六
長恨歌 白居易
20
為感君王輾轉思，
遂教方士殷勤覓。
排空馭氣奔如電，
升天入地求之遍；"	"為感君王輾轉思
遂教方士殷勤覓
排空馭氣奔如電
升天入地求之遍
白居易長恨歌
丙午冬
啟藩"	/mnt/Suran_database/Users/thanhthanh_workspace/Project/NLP_K35/xlnntn_hp2_friend/data/mrDuc_data/Images/UzpfSTEwMDAwMDM2NjMwMzY2NTpWSzoyNjk1OTUyNTc2MDM1NjE4Mg==_0.jpg
/images/UzpfSTEwMDAxNjU3OTY2OTM3NTpWSzoyNjk1NjQ4MjM0MDY2MDUyNA==_0.jpg	0.760119	high_directional_coverage	"人在江湖心由己
浮沈隨浪不逐流"	"人
在
江
湖
心
由
己
浮
沉
随
浪
不
逐
流
楚
天
明
书"	/mnt/Suran_database/Users/thanhthanh_workspace/Project/NLP_K35/xlnntn_hp2_friend/data/mrDuc_data/Images/UzpfSTEwMDAxNjU3OTY2OTM3NTpWSzoyNjk1NjQ4MjM0MDY2MDUyNA==_0.jpg
/images/UzpfSTEwMDAwMDA5NDY5MjQ5NDpWSzoyNjk1OTExMjczNzA2NDE1MQ==_0.jpg	0.742376	high_directional_coverage	"祝福大家：六六大順！

[https://www.facebook.com/....../%E5....../281521345282419/](https://www.facebook.com/pages/%E5%9C%92%E5%A4%96%E9%A2%A8%E4%BC%91%E9%96%92%E9%A4%8A%E8%9C%82/281521345282419/?__cft__[0]=AZbHzZeuNw0Bd38WyTz2y3TXTjIGVzFRWuWyCdanBVNhPMaYPaWjDcZYwc4a00aEsp_Y4oy8_sGzq4MfXxgfLocAZ1I-49CZXlxH9DHI2MqXhA&__tn__=-UK-R)

首 仰望 垂涎

摘下歲月的賞賜

最是感動

初衷至極

回味人間苦而甘

附和袁外大哥(攝影)「首摘最初回」

苦瓜肥碩 有人間至味

張威龍 書文2026/6/6"	"首仰唾垂涎
摘下歲月的賞賜
家是感動
初衷至極
回味人皆苦而甘
附和
袁家大哥首摘最初回
苦瓜肥碩有人皆至味
丙子夏張武治"	/mnt/Suran_database/Users/thanhthanh_workspace/Project/NLP_K35/xlnntn_hp2_friend/data/mrDuc_data/Images/UzpfSTEwMDAwMDA5NDY5MjQ5NDpWSzoyNjk1OTExMjczNzA2NDE1MQ==_0.jpg
/images/UzpfSTEwMDAwMDA5NDY5MjQ5NDpWSzoyNjk2NzU0NTQzOTU1NDIxNA==_0.jpg	0.665998	high_directional_coverage	"**大家早安**

**浮生終似夢  往事漸如潮**

**無悲亦無喜  來去路一條**

耳順有二 人生漸有所感

張威龍  習書2026/6/7"	"浮生終似夢往事
逝如潮無怨亦無求
喜來去路一條
平順之人生漸有所感
丙子夏張茂沈"	/mnt/Suran_database/Users/thanhthanh_workspace/Project/NLP_K35/xlnntn_hp2_friend/data/mrDuc_data/Images/UzpfSTEwMDAwMDA5NDY5MjQ5NDpWSzoyNjk2NzU0NTQzOTU1NDIxNA==_0.jpg
/images/UzpfSTEwMDAwMDM2OTIxMDcyNTpWSzoyNjk2MzAxNjQ4MDAwNzExMA==_0.jpg	0.897778	high_directional_coverage	飲硯時見鳥，捲簾晴對山。今天的練習01	"歛
硯
時
見
鳥
捲
簾
晴
對
山"	/mnt/Suran_database/Users/thanhthanh_workspace/Project/NLP_K35/xlnntn_hp2_friend/data/mrDuc_data/Images/UzpfSTEwMDAwMDM2OTIxMDcyNTpWSzoyNjk2MzAxNjQ4MDAwNzExMA==_0.jpg
/images/UzpfSTEwMDAwMDM2NjMwMzY2NTpWSzoyNjk0NjYzNzA1ODMxMTcxOQ==_0.jpg	0.800379	high_directional_coverage	"2026-06-05週五
中華字經
115
葷腥肺脯，滑嫩肚肝。
籠屜羔肘，粘潤糯丸。
粳糕饃餃，稠粥稀飯。"	"葷
腥
肺
脯
滑
嫩
肚
肝
籠
屜
羔
肘
粘
潤
糯
丸
粳
糕
饃
餃
稠
粥
稀
飯
中華字經
一一五
丙午
夏
碧
書"	/mnt/Suran_database/Users/thanhthanh_workspace/Project/NLP_K35/xlnntn_hp2_friend/data/mrDuc_data/Images/UzpfSTEwMDAwMDM2NjMwMzY2NTpWSzoyNjk0NjYzNzA1ODMxMTcxOQ==_0.jpg
/images/UzpfSTEwMDAxNjg4Mjk5NjczMzpWSzoyNjk0ODk0NDc2MTQxNDI4Mg==_0.jpg	0.605623	combined_score_above_threshold	梅肥春雨細，茶老晚烟寒！見笑！	"梅肥春
雨细茶
老暖烟
寒冬
子言"	/mnt/Suran_database/Users/thanhthanh_workspace/Project/NLP_K35/xlnntn_hp2_friend/data/mrDuc_data/Images/UzpfSTEwMDAxNjg4Mjk5NjczMzpWSzoyNjk0ODk0NDc2MTQxNDI4Mg==_0.jpg
/images/UzpfSTEwMDAwMDM2OTIxMDcyNTpWSzoyNjkzNzA1ODk3NTkzNjE5NA==_0.jpg	0.748915	high_directional_coverage	風日未全春，又是春來風日。不出方壺門戶，見東皇消息。此時春事苦無多，春意最端的。卻被草牙引去，向柳梢收得。今天的練習03	"風
日
半
晴
春
又
老
春
來
風
日
不
出
方
壺
門
戶
見
東
皇
消
息
此
時
春
事
苦
無
為
意
最
端
的
的
卻
被
草
芽
引
去
向
梢
收
得
宋
人
汪
莘
好
事
近
丙
子
夏
月
之
吉"	/mnt/Suran_database/Users/thanhthanh_workspace/Project/NLP_K35/xlnntn_hp2_friend/data/mrDuc_data/Images/UzpfSTEwMDAwMDM2OTIxMDcyNTpWSzoyNjkzNzA1ODk3NTkzNjE5NA==_0.jpg
/images/UzpfSTEwMDAwMDM2OTIxMDcyNTpWSzoyNjkzNzA1MjU0OTI3MDE3MA==_0.jpg	0.927473	high_directional_coverage	圖書卷帙清芬遠，孝友門庭吉事多。今天的練習01	"图書卷帙清芬遠
孝友門庭吉事多"	/mnt/Suran_database/Users/thanhthanh_workspace/Project/NLP_K35/xlnntn_hp2_friend/data/mrDuc_data/Images/UzpfSTEwMDAwMDM2OTIxMDcyNTpWSzoyNjkzNzA1MjU0OTI3MDE3MA==_0.jpg
/images/UzpfSTEwMDAwMTM0MDk2MzU3OTpWSzoyNjkzNzI0ODUzOTI1MDU3MQ==_0.jpg	0.865441	one_text_contains_the_other	窮在鬧市無人問富在深山有遠親	"窮在鬧市無人問
富在深山有遠親
丙午年夏
如書"	/mnt/Suran_database/Users/thanhthanh_workspace/Project/NLP_K35/xlnntn_hp2_friend/data/mrDuc_data/Images/UzpfSTEwMDAwMTM0MDk2MzU3OTpWSzoyNjkzNzI0ODUzOTI1MDU3MQ==_0.jpg
/images/UzpfSTEwMDAwMjgwNzA5MDE0OTpWSzoyNjkzNzY4MDI1NTg3NDA2Ng==_0.jpg	0.848809	high_directional_coverage	"清平調
唐-李白

雲想衣裳花想容，春風拂檻露華濃。若非群玉山頭見，會向瑤臺月下逢。"	"雲
想
衣
裳
花
想
容
春
風
拂
檻
露
華
濃
若
非
群
玉
山
頭
見
會
向
瑤
臺
月
下
逢
李白詩清平
調緯忠書"	/mnt/Suran_database/Users/thanhthanh_workspace/Project/NLP_K35/xlnntn_hp2_friend/data/mrDuc_data/Images/UzpfSTEwMDAwMjgwNzA5MDE0OTpWSzoyNjkzNzY4MDI1NTg3NDA2Ng==_0.jpg
/images/UzpfSTEwMDAwNDE4MzAzOTE2MDpWSzoyNjkzNzYzMzM3OTIxMjA4Nw==_0.jpg	0.874405	high_directional_coverage	天行健君子以自強不息地勢坤君子以厚德載物	"厚德載物
天行健君子以自
彊不息地勢坤君
子以厚德載物"	/mnt/Suran_database/Users/thanhthanh_workspace/Project/NLP_K35/xlnntn_hp2_friend/data/mrDuc_data/Images/UzpfSTEwMDAwNDE4MzAzOTE2MDpWSzoyNjkzNzYzMzM3OTIxMjA4Nw==_0.jpg
/images/UzpfSTU0MjM2Mjc2MDpWSzoyNjkzNzIxMjc1OTI1NDE0OQ==_5.jpg	0.748374	one_text_contains_the_other	"獨坐幽窗揮墨罷，任他塵世鬧紛紜
今晚靜心寫字，不理世間發生甚麼。

《#曉出凈慈寺送林子方》宋.楊萬里
畢竟西湖六月中，風光不與四時同。
接天蓮葉無窮碧，映日荷花別樣紅。

#練字養心 #米芾 #行書"	"畢竟西湖六月中
風光不與四時同
接天蓮葉無窮碧
映日荷花別
樣紅
ericleung.space"	/mnt/Suran_database/Users/thanhthanh_workspace/Project/NLP_K35/xlnntn_hp2_friend/data/mrDuc_data/Images/UzpfSTU0MjM2Mjc2MDpWSzoyNjkzNzIxMjc1OTI1NDE0OQ==_5.jpg
/images/UzpfSTU0MjM2Mjc2MDpWSzoyNjkzNzIxMjc1OTI1NDE0OQ==_0.jpg	0.748374	one_text_contains_the_other	"獨坐幽窗揮墨罷，任他塵世鬧紛紜
今晚靜心寫字，不理世間發生甚麼。

《#曉出凈慈寺送林子方》宋.楊萬里
畢竟西湖六月中，風光不與四時同。
接天蓮葉無窮碧，映日荷花別樣紅。

#練字養心 #米芾 #行書"	"畢竟西湖六月中
風光不與四時同
接天蓮葉無窮碧
映日荷花別
樣紅
ericleung.space"	/mnt/Suran_database/Users/thanhthanh_workspace/Project/NLP_K35/xlnntn_hp2_friend/data/mrDuc_data/Images/UzpfSTU0MjM2Mjc2MDpWSzoyNjkzNzIxMjc1OTI1NDE0OQ==_0.jpg
/images/UzpfSTU0MjM2Mjc2MDpWSzoyNjkzNzIxMjc1OTI1NDE0OQ==_3.jpg	0.682327	high_directional_coverage	"獨坐幽窗揮墨罷，任他塵世鬧紛紜
今晚靜心寫字，不理世間發生甚麼。

《#曉出凈慈寺送林子方》宋.楊萬里
畢竟西湖六月中，風光不與四時同。
接天蓮葉無窮碧，映日荷花別樣紅。

#練字養心 #米芾 #行書"	"畢竟西湖六月中
風光不與四時同
接天蓮葉無窮碧
映日荷花別
樣紅
城上斜
衣流"	/mnt/Suran_database/Users/thanhthanh_workspace/Project/NLP_K35/xlnntn_hp2_friend/data/mrDuc_data/Images/UzpfSTU0MjM2Mjc2MDpWSzoyNjkzNzIxMjc1OTI1NDE0OQ==_3.jpg
/images/UzpfSTU0MjM2Mjc2MDpWSzoyNjkzNzIxMjc1OTI1NDE0OQ==_4.jpg	0.748374	one_text_contains_the_other	"獨坐幽窗揮墨罷，任他塵世鬧紛紜
今晚靜心寫字，不理世間發生甚麼。

《#曉出凈慈寺送林子方》宋.楊萬里
畢竟西湖六月中，風光不與四時同。
接天蓮葉無窮碧，映日荷花別樣紅。

#練字養心 #米芾 #行書"	"畢竟西湖六月中
風光不與四時同
接天蓮葉無窮
碧映日荷花別
樣紅"	/mnt/Suran_database/Users/thanhthanh_workspace/Project/NLP_K35/xlnntn_hp2_friend/data/mrDuc_data/Images/UzpfSTU0MjM2Mjc2MDpWSzoyNjkzNzIxMjc1OTI1NDE0OQ==_4.jpg
/images/UzpfSTEwMDAxOTMxMzgzODc2OTpWSzoyNjkyNDcyNjA5MDUwMjgxNg==_0.jpg	0.659901	high_directional_coverage	知古鑑今讀書史，蓄道養德賞碑帖。隸書作品。	"知古鑑今讀書史
當道養德賞碑帖
丙午之夏秀鵬書於樂善齋"	/mnt/Suran_database/Users/thanhthanh_workspace/Project/NLP_K35/xlnntn_hp2_friend/data/mrDuc_data/Images/UzpfSTEwMDAxOTMxMzgzODc2OTpWSzoyNjkyNDcyNjA5MDUwMjgxNg==_0.jpg
/images/UzpfSTEwMDAwMDM2NjMwMzY2NTpWSzoyNjkzNTY4NTI0NjA3MzU2Nw==_0.jpg	0.787884	high_directional_coverage	"2026-06-04週四
長恨歌 白居易
19
悠悠生死別經年，
魂魄不曾來入夢。
臨邛道士鴻都客，
能以精誠致魂魄；"	"悠々生死別經年
魂魄不曾來入夢
臨邛道士鴻都客
能以精誠致魂魄
白居易長恨歌丙子冬妙々游書"	/mnt/Suran_database/Users/thanhthanh_workspace/Project/NLP_K35/xlnntn_hp2_friend/data/mrDuc_data/Images/UzpfSTEwMDAwMDM2NjMwMzY2NTpWSzoyNjkzNTY4NTI0NjA3MzU2Nw==_0.jpg
/images/UzpfSTU0MjM2Mjc2MDpWSzoyNjkzNzIxMjc1OTI1NDE0OQ==_2.jpg	0.748374	one_text_contains_the_other	"獨坐幽窗揮墨罷，任他塵世鬧紛紜
今晚靜心寫字，不理世間發生甚麼。

《#曉出凈慈寺送林子方》宋.楊萬里
畢竟西湖六月中，風光不與四時同。
接天蓮葉無窮碧，映日荷花別樣紅。

#練字養心 #米芾 #行書"	"畢竟西湖六月中
風光不與四時同
接天蓮葉無窮
碧映日荷花別
樣紅"	/mnt/Suran_database/Users/thanhthanh_workspace/Project/NLP_K35/xlnntn_hp2_friend/data/mrDuc_data/Images/UzpfSTU0MjM2Mjc2MDpWSzoyNjkzNzIxMjc1OTI1NDE0OQ==_2.jpg
/images/UzpfSTEwMDAwMDM2OTIxMDcyNTpWSzoyNjkyNDQyNjU0NzE5OTQzNw==_0.jpg	0.881471	high_directional_coverage	岱宗夫如何？齊魯青未了。造化鍾神秀，陰陽割昏曉。蕩胸生曾雲，決眥入歸鳥。會當凌絕頂，一覽眾山小。今天的練習01	"岱宗夫如何齊魯青未了造化鍾神秀
陰陽割昏曉盪胸生曾雲決眥入歸鳥會當
凌絕頂一覽眾山小
唐杜工部詩丙午夏榮吉書"	/mnt/Suran_database/Users/thanhthanh_workspace/Project/NLP_K35/xlnntn_hp2_friend/data/mrDuc_data/Images/UzpfSTEwMDAwMDM2OTIxMDcyNTpWSzoyNjkyNDQyNjU0NzE5OTQzNw==_0.jpg
/images/UzpfSTEwMDAwMDA5NDY5MjQ5NDpWSzoyNjkzMTE4MTg3NjUyMzkwNA==_0.jpg	0.642342	combined_score_above_threshold	"大家午安
世間來往皆過客 且把浮生寄白雲

時至夏日 酷熱難耐 仰望白雲 倒是悠閒幾分
張威龍 書文2026/6/4"	"幾度來
作此過客
且把浮生
寄白雲
时至夏日酷热
難耐仰望雲舒
倒是悠閒幾分
丙申張茂法"	/mnt/Suran_database/Users/thanhthanh_workspace/Project/NLP_K35/xlnntn_hp2_friend/data/mrDuc_data/Images/UzpfSTEwMDAwMDA5NDY5MjQ5NDpWSzoyNjkzMTE4MTg3NjUyMzkwNA==_0.jpg
/images/UzpfSTEwMDAwMDA5NDY5MjQ5NDpWSzoyNjkyOTg1ODc3MzMyMjg4MQ==_0.jpg	0.81838	high_directional_coverage	"大家早安
一切有為法，如夢幻泡影；
如露亦如電，應作如是觀。
金剛經 偈語
張威龍 習書2026/6/4"	"一切有為法
如夢幻泡影
如露亦如電
應作如是觀
金剛經偈語 丙午張彧誌"	/mnt/Suran_database/Users/thanhthanh_workspace/Project/NLP_K35/xlnntn_hp2_friend/data/mrDuc_data/Images/UzpfSTEwMDAwMDA5NDY5MjQ5NDpWSzoyNjkyOTg1ODc3MzMyMjg4MQ==_0.jpg
/images/UzpfSTEwMDAwMDM2OTIxMDcyNTpWSzoyNjkyNDQyOTQzMzg2NTgxNQ==_0.jpg	1.0	one_text_contains_the_other	鵬程萬里。今天的練習02	"鵬
程
萬
里"	/mnt/Suran_database/Users/thanhthanh_workspace/Project/NLP_K35/xlnntn_hp2_friend/data/mrDuc_data/Images/UzpfSTEwMDAwMDM2OTIxMDcyNTpWSzoyNjkyNDQyOTQzMzg2NTgxNQ==_0.jpg
/images/UzpfSTEwMDAwMzI4NDg3MDY0MDpWSzoyNjgzNDc3MjE1OTQ5ODIxMA==_0.jpg	0.656752	combined_score_above_threshold	"楊萬里的《小池》，配合這炎炎夏日書寫，確實別有一番清涼意趣。

泉眼無聲惜細流，
樹陰照水愛晴柔。
小荷才露尖尖角，
早有蜻蜓立上頭。"	"泉眼無聲惜細流樹陰照水
愛晴柔小荷才露尖尖角早
有蜻蜓立上頭
楊萬里小池詩一首丙子初夏栗煌"	/mnt/Suran_database/Users/thanhthanh_workspace/Project/NLP_K35/xlnntn_hp2_friend/data/mrDuc_data/Images/UzpfSTEwMDAwMzI4NDg3MDY0MDpWSzoyNjgzNDc3MjE1OTQ5ODIxMA==_0.jpg
/images/UzpfSTEwMDAwMDA5NDY5MjQ5NDpWSzoyNjkyMjc4MzM1MDY5NzA5MA==_0.jpg	0.648847	high_directional_coverage	"大家晚安

今宵酒醒何處？楊柳岸，曉風殘月。

人生快意酒一杯 管它酒醒何處 醉臥哪裡

張威龍 習書2026/6/3

(我要回家喝一杯  醉了 只敢躺家裡  哈哈哈)"	"今宵酒
醒何處
楊柳岸
曉風殘月
人生快意在一杯
管它酒醒何處
醉臥那裡
丙戌夏初
張茂記"	/mnt/Suran_database/Users/thanhthanh_workspace/Project/NLP_K35/xlnntn_hp2_friend/data/mrDuc_data/Images/UzpfSTEwMDAwMDA5NDY5MjQ5NDpWSzoyNjkyMjc4MzM1MDY5NzA5MA==_0.jpg
/images/UzpfSTU0MjM2Mjc2MDpWSzoyNjkyMDQ1MDAxNDI2Mzc1Nw==_0.jpg	0.591591	combined_score_above_threshold	"李白《清平調·其一》
#雲想衣裳花想容，春風拂檻露華濃。
若非群玉山頭見，會向瑤臺月下逢。

#練字養心 #米芾 #行書"	"雲想衣裳花想容
春風拂檻露華
濃若非群玉山頭見
會向瑤臺月下逢
ericleung.space"	/mnt/Suran_database/Users/thanhthanh_workspace/Project/NLP_K35/xlnntn_hp2_friend/data/mrDuc_data/Images/UzpfSTU0MjM2Mjc2MDpWSzoyNjkyMDQ1MDAxNDI2Mzc1Nw==_0.jpg
/images/UzpfSTEwMDAwMDY5MDI2MjM3MTpWSzoyNjkwOTI5MzM1NTM3OTQyMw==_0.jpg	0.345251	one_text_contains_the_other	米芾 歲豐帖	"芾頓首再啓稧邑幸
歲豐無事足以養拙
苟祿無足為者然
明公初當軸當措
生民於仁壽縣令承
流宣化惟日拭目傾
聽徐與合靈共陶
至化而已芾頓首再
米芾歲豐帖丙子之夏"	/mnt/Suran_database/Users/thanhthanh_workspace/Project/NLP_K35/xlnntn_hp2_friend/data/mrDuc_data/Images/UzpfSTEwMDAwMDY5MDI2MjM3MTpWSzoyNjkwOTI5MzM1NTM3OTQyMw==_0.jpg
/images/UzpfSTEwMDAwNzI5MzE4NTg0MTpWSzoyNjkxNzEwOTYxNzkzMTEzMA==_0.jpg	0.6835	high_directional_coverage	"空山不見人，但聞人語響。
返景入深林，復照青苔上。王維/鹿柴"	"空
山
不
见
人
但
闻
人
语
响
返
景
入
深
林
复
照
青
苔
上
王
维
鹿
柴
诗
书"	/mnt/Suran_database/Users/thanhthanh_workspace/Project/NLP_K35/xlnntn_hp2_friend/data/mrDuc_data/Images/UzpfSTEwMDAwNzI5MzE4NTg0MTpWSzoyNjkxNzEwOTYxNzkzMTEzMA==_0.jpg
/images/UzpfSTEwMDAwMDM2OTIxMDcyNTpWSzoyNjkwOTU4OTQ4MjAxNjQ3Nw==_0.jpg	0.912088	high_directional_coverage	窮經安有息肩日，學道方為絕頂人。今天的練習01	"窮經安有息肩日
學道方為盍頂人"	/mnt/Suran_database/Users/thanhthanh_workspace/Project/NLP_K35/xlnntn_hp2_friend/data/mrDuc_data/Images/UzpfSTEwMDAwMDM2OTIxMDcyNTpWSzoyNjkwOTU4OTQ4MjAxNjQ3Nw==_0.jpg
/images/UzpfSTEwMDAwNDE4MzAzOTE2MDpWSzoyNjkwNzk2NDQyODg0NTY0OQ==_0.jpg	1.0	one_text_contains_the_other	"三更燈火五更雞
正是男兒讀書時 

黑髮不知勤學早 

白首方悔讀書遲"	"三
更
燈
火
五
更
雞
正
是
男
兒
讀
書
時
黑
髮
不
知
勤
學
早
白
首
方
悔
讀
書
遲"	/mnt/Suran_database/Users/thanhthanh_workspace/Project/NLP_K35/xlnntn_hp2_friend/data/mrDuc_data/Images/UzpfSTEwMDAwNDE4MzAzOTE2MDpWSzoyNjkwNzk2NDQyODg0NTY0OQ==_0.jpg
/images/UzpfSTEwMDAwMDM2NjMwMzY2NTpWSzoyNjkyMDY1NDA1NDI0MzM1Mw==_0.jpg	0.773068	high_directional_coverage	"2026-06-03週三
中華字經
114
燻溜烤炸，燉煮滷醃。
燜爆燎燙，烹蒸熬煎。
烽煥潑沏，醖酵醉酣。"	"燻
溜
烤
炸
燉
煮
滷
醃
燜
爆
燎
燙
烹
蒸
熬
煎
烽
煥
潑
沏
醞
酵
醉
酣
中華字經
以丙午冬至書"	/mnt/Suran_database/Users/thanhthanh_workspace/Project/NLP_K35/xlnntn_hp2_friend/data/mrDuc_data/Images/UzpfSTEwMDAwMDM2NjMwMzY2NTpWSzoyNjkyMDY1NDA1NDI0MzM1Mw==_0.jpg
/images/UzpfSTYxNTcwOTg0MjA0MDA1OlZLOjI2ODc2NTY5ODY1MzE4NDM5_6.jpg	1.0	one_text_contains_the_other	吉祥如意	吉祥如意	/mnt/Suran_database/Users/thanhthanh_workspace/Project/NLP_K35/xlnntn_hp2_friend/data/mrDuc_data/Images/UzpfSTYxNTcwOTg0MjA0MDA1OlZLOjI2ODc2NTY5ODY1MzE4NDM5_6.jpg
/images/UzpfSTEwMDAwMDM2NjMwMzY2NTpWSzoyNjkwNTgwOTU4MjM5NDQ2Nw==_0.jpg	0.768694	high_directional_coverage	"2026-06-02週二
長恨歌 白居易
18
遲遲鐘鼓初長夜，
耿耿星河欲曙天。
鴛鴦瓦冷霜華重，
翡翠衾寒誰與共？"	"遲々鐘鼓初長夜
耿々星河欲曙天
鴛鴦瓦冷霜華重
翡翠衾寒誰與共
白居易長恨歌丙子冬楚芬书"	/mnt/Suran_database/Users/thanhthanh_workspace/Project/NLP_K35/xlnntn_hp2_friend/data/mrDuc_data/Images/UzpfSTEwMDAwMDM2NjMwMzY2NTpWSzoyNjkwNTgwOTU4MjM5NDQ2Nw==_0.jpg
/images/UzpfSTEwMDAwMDM2OTIxMDcyNTpWSzoyNjkwOTU5NTYxODY4MjUzMA==_0.jpg	0.708135	high_directional_coverage	湓口放船歸，薄暮散花洲宿。兩岸白蘋紅蓼，映一蓑新綠。有沽酒處便爲家，菱芡四時足。明日又乘風去，任江南江北。今天的練習03	"湓口放船歸薄暮散花宿焉
岸白蘋紅蓼映一蓬新綠有沽酒
斐然為家芰荷足明日又乘風
去任江南江北
宋放翁詞好事近
丙午之夏"	/mnt/Suran_database/Users/thanhthanh_workspace/Project/NLP_K35/xlnntn_hp2_friend/data/mrDuc_data/Images/UzpfSTEwMDAwMDM2OTIxMDcyNTpWSzoyNjkwOTU5NTYxODY4MjUzMA==_0.jpg
/images/UzpfSTEwMDAwMDM2OTIxMDcyNTpWSzoyNjg4MTcxMzg5NDgwNDAzNg==_0.jpg	0.832372	high_directional_coverage	的礫兩三枝，點破暮煙蒼碧。好在屋簷斜入，傍玉奴橫笛。月華如水過林塘，花陰弄苔石。欲向夢中飛蝶，恐幽香難覓。今天的練習03	"的礫兩三枝點破荒煙蒼翠好在屋
簷斜入傍玉奴橫笛月華如水過林
塘花陰弄苔石疑向夢中飛蝶
恐幽香難覓
宋人陳亮好事近詠梅丙午三夏"	/mnt/Suran_database/Users/thanhthanh_workspace/Project/NLP_K35/xlnntn_hp2_friend/data/mrDuc_data/Images/UzpfSTEwMDAwMDM2OTIxMDcyNTpWSzoyNjg4MTcxMzg5NDgwNDAzNg==_0.jpg
/images/UzpfSTYxNTg2OTI4MjY3NTAwOlZLOjI2ODkxNDU2NDkwNDk2NDQz_0.jpg	0.655556	one_text_contains_the_other	誠信贏天下	"誠信贏天下
戊戌年逸心於京華"	/mnt/Suran_database/Users/thanhthanh_workspace/Project/NLP_K35/xlnntn_hp2_friend/data/mrDuc_data/Images/UzpfSTYxNTg2OTI4MjY3NTAwOlZLOjI2ODkxNDU2NDkwNDk2NDQz_0.jpg
/images/UzpfSTEwMDAwMDM2OTIxMDcyNTpWSzoyNjg5NTQ4OTIwNjc1OTgzOA==_0.jpg	0.723711	high_directional_coverage	搖首出紅塵， 醒醉更無時節。 活計綠蓑青笠， 慣披霜沖雪。 晚來風定釣絲閑， 上下是新月。 千里水天一色， 看孤鴻明滅。今天的練習03	"搔首出紅塵醒醉更無時活計綠
蓑笠慣披霜衝雪晚來歸風定釣絲懸
閒心是新月千里水天一色看孤鴻
臨池宋朱敦儒好事近
丙午夏"	/mnt/Suran_database/Users/thanhthanh_workspace/Project/NLP_K35/xlnntn_hp2_friend/data/mrDuc_data/Images/UzpfSTEwMDAwMDM2OTIxMDcyNTpWSzoyNjg5NTQ4OTIwNjc1OTgzOA==_0.jpg
/images/UzpfSTEwMDAwMDM2NjMwMzY2NTpWSzoyNjg5NDE2ODY3Njg5MTg5MQ==_0.jpg	0.852652	high_directional_coverage	"2026-06-01
拆字  by Qwen

狠加一點即為狼，
艮加指點復良心；  
王加一點即為玉，
權褪鋒芒養溫德。"	"狠
加
一
點
即
為
狼
艮
加
指
點
復
良
心
王
加
一
點
即
為
玉
權
褪
鋒
芒
養
温
德
拆字
by
Quen
丙午冬煜之書"	/mnt/Suran_database/Users/thanhthanh_workspace/Project/NLP_K35/xlnntn_hp2_friend/data/mrDuc_data/Images/UzpfSTEwMDAwMDM2NjMwMzY2NTpWSzoyNjg5NDE2ODY3Njg5MTg5MQ==_0.jpg
/images/UzpfSTEwMDAwMDY5MDI2MjM3MTpWSzoyNjg1MzQxOTA0NzYzMzUyMQ==_0.jpg	0.347878	one_text_contains_the_other	"哥林多前書10:13
#聖經 #試探 #信實 #保羅 #0529活潑的生命"	"你們所遇見的試
探無非是人所能
受的神是信實的
必不叫你們受試探
過於所能受的在受
試探的時候總要
給你們開一條出路
叫你們能忍受得住
哥林多前書十章13節"	/mnt/Suran_database/Users/thanhthanh_workspace/Project/NLP_K35/xlnntn_hp2_friend/data/mrDuc_data/Images/UzpfSTEwMDAwMDY5MDI2MjM3MTpWSzoyNjg1MzQxOTA0NzYzMzUyMQ==_0.jpg
/images/UzpfSTEwMDAwMDM2OTIxMDcyNTpWSzoyNjg4MTY5NjQyNDgwNTc4Mw==_0.jpg	1.0	one_text_contains_the_other	處世莫忘真善美，養生貴在精氣神。今天的練習01	"處世莫忘真善美
養生貴在精氣神"	/mnt/Suran_database/Users/thanhthanh_workspace/Project/NLP_K35/xlnntn_hp2_friend/data/mrDuc_data/Images/UzpfSTEwMDAwMDM2OTIxMDcyNTpWSzoyNjg4MTY5NjQyNDgwNTc4Mw==_0.jpg
/images/UzpfSTEwMDAwMDM2OTIxMDcyNTpWSzoyNjg4MTY5OTg0ODEzODc3NA==_0.jpg	1.0	one_text_contains_the_other	談笑風生。今天的練習03	談笑風生	/mnt/Suran_database/Users/thanhthanh_workspace/Project/NLP_K35/xlnntn_hp2_friend/data/mrDuc_data/Images/UzpfSTEwMDAwMDM2OTIxMDcyNTpWSzoyNjg4MTY5OTg0ODEzODc3NA==_0.jpg
/images/UzpfSTEwMDAwMDM2OTIxMDcyNTpWSzoyNjg2ODg3MzYwMjc1NDczMg==_0.jpg	0.892398	high_directional_coverage	殘雪凝輝冷畫屏，落梅橫笛已三更，更無人處月朧明。我是人間惆悵客，知君何事淚縱橫，斷腸聲裏憶平生。今天的練習0	"殘雪凝輝冷畫屏
落梅橫笛已三更
更無人處月朧明
我是人間惆悵客
何事淚縱橫
斷腸聲裏憶平生
納蘭容若詞
丙子華書"	/mnt/Suran_database/Users/thanhthanh_workspace/Project/NLP_K35/xlnntn_hp2_friend/data/mrDuc_data/Images/UzpfSTEwMDAwMDM2OTIxMDcyNTpWSzoyNjg2ODg3MzYwMjc1NDczMg==_0.jpg
/images/UzpfSTEwMDAwMjI1NDQ4NjA3NjpWSzoyNjg3NzQxMDYyNTIzNDM2Mw==_0.jpg	0.642321	combined_score_above_threshold	習字（十五）深耕自己，勝過取悅他人	"深耕自己
勝過取悅他人
丙子年初夏凡夫書"	/mnt/Suran_database/Users/thanhthanh_workspace/Project/NLP_K35/xlnntn_hp2_friend/data/mrDuc_data/Images/UzpfSTEwMDAwMjI1NDQ4NjA3NjpWSzoyNjg3NzQxMDYyNTIzNDM2Mw==_0.jpg
/images/UzpfSTEwMDAwMDA5NDY5MjQ5NDpWSzoyNjg3ODU2OTEyMTc4NTE4MA==_0.jpg	0.806985	high_directional_coverage	"大家午安
來時無跡去無蹤，去與來時事一同。
何須更問浮生事？只此浮生是夢中。
鳥巢禪師
丙午夏 於耕心樓 張威龍 習書2026/5/31"	"來
時
無
跡
去
無
蹤
去
與
來
時
事
一
同
何
須
問
浮
生
事
只
此
浮
生
是
夢
中
鳥
窠
禪
師
丙
子
秋
耕
心樓
張
晟
乾
書"	/mnt/Suran_database/Users/thanhthanh_workspace/Project/NLP_K35/xlnntn_hp2_friend/data/mrDuc_data/Images/UzpfSTEwMDAwMDA5NDY5MjQ5NDpWSzoyNjg3ODU2OTEyMTc4NTE4MA==_0.jpg
/images/UzpfSTEwMDAwMDM2OTIxMDcyNTpWSzoyNjg1NDA5ODI2NzU2NTU5OQ==_0.jpg	1.0	one_text_contains_the_other	松風水月。今天的練習02	"松
風
水
月"	/mnt/Suran_database/Users/thanhthanh_workspace/Project/NLP_K35/xlnntn_hp2_friend/data/mrDuc_data/Images/UzpfSTEwMDAwMDM2OTIxMDcyNTpWSzoyNjg1NDA5ODI2NzU2NTU5OQ==_0.jpg
/images/UzpfSTEwMDAwMTIyMzM3NjcyMTpWSzoyNjg2Mzk3NDEyNjU3ODAxMw==_4.jpg	0.584161	combined_score_above_threshold	"《四季》
春花開畫卷，
夏木蔭清涼。
秋染楓紅色，
冬皚喜塵霜。

圖文:諶韻涵"	"四季之歌
〈四季〉
春桃花開畫卷
夏木竹陰清凉
周文詩韻涵
秋染楓紅色
冬皚雪塵霜
You don't have time to be timid.
人生沒有時間膽怯。
梁晟"	/mnt/Suran_database/Users/thanhthanh_workspace/Project/NLP_K35/xlnntn_hp2_friend/data/mrDuc_data/Images/UzpfSTEwMDAwMTIyMzM3NjcyMTpWSzoyNjg2Mzk3NDEyNjU3ODAxMw==_4.jpg
/images/UzpfSTEwMDAwMDM2OTIxMDcyNTpWSzoyNjg1NDA5NTA2MDg5OTI1Mw==_0.jpg	0.703667	high_directional_coverage	春秋多佳日，登高賦新詩。今天的練習01	"春
穠
多
佳
日
登
高
賦
新
詩
丙午三月
葉吉榡"	/mnt/Suran_database/Users/thanhthanh_workspace/Project/NLP_K35/xlnntn_hp2_friend/data/mrDuc_data/Images/UzpfSTEwMDAwMDM2OTIxMDcyNTpWSzoyNjg1NDA5NTA2MDg5OTI1Mw==_0.jpg
/images/UzpfSTEwMDAwMzI4NDg3MDY0MDpWSzoyNjg1OTQ0OTI4MzY5NzE2NA==_2.jpg	0.629312	high_directional_coverage	"王维《青溪》描绘的是山间清幽溪流，但有着“趣途无百里”的洒脱，也有“我心素已闲”的淡泊。

言入黄花川，每逐青溪水。
随山将万转，趣途无百里。
声喧乱石中，色静深松里。
漾漾泛菱荇，澄澄映葭苇。
我心素已闲，清川澹如此。
请留磐石上，垂钓将已矣。"	"言入黄花川每逐青溪水随山将万
转趣途无百里声喧乱石中色静
深松里漾漾泛菱荇澄澄映葭苇我心
辛丑闰十月书右丞诗于"	/mnt/Suran_database/Users/thanhthanh_workspace/Project/NLP_K35/xlnntn_hp2_friend/data/mrDuc_data/Images/UzpfSTEwMDAwMzI4NDg3MDY0MDpWSzoyNjg1OTQ0OTI4MzY5NzE2NA==_2.jpg
/images/UzpfSTEwMDAwNTI1MjQzNDExNDpWSzoyNjg2NzM0NjgyNjI0MDc0Mw==_2.jpg	0.584233	combined_score_above_threshold	"*李白名句 《尋雍尊師隱居》
群峭碧摩天，逍遙不記年。

＜撥雲尋古道，倚石聽流泉＞。

＜花暖青（春）牛臥，松高白鶴眠＞。

語來江色暮，獨自下寒煙。

*道行高深人之生活寫照。"	"群峭碧摩天旁臨千仞谷
攀雲尋古道倚石聽流泉
花暖青牛臥松高白鶴眠
語來天色晚獨下寒山煙
李白詩邵宇峰書"	/mnt/Suran_database/Users/thanhthanh_workspace/Project/NLP_K35/xlnntn_hp2_friend/data/mrDuc_data/Images/UzpfSTEwMDAwNTI1MjQzNDExNDpWSzoyNjg2NzM0NjgyNjI0MDc0Mw==_2.jpg
/images/UzpfSTEwMDAwMzI4NDg3MDY0MDpWSzoyNjg1OTQ0OTI4MzY5NzE2NA==_0.jpg	0.746198	high_directional_coverage	"王维《青溪》描绘的是山间清幽溪流，但有着“趣途无百里”的洒脱，也有“我心素已闲”的淡泊。

言入黄花川，每逐青溪水。
随山将万转，趣途无百里。
声喧乱石中，色静深松里。
漾漾泛菱荇，澄澄映葭苇。
我心素已闲，清川澹如此。
请留磐石上，垂钓将已矣。"	"言入黄花川每逐青溪水随山将万
转趣途无百里声喧乱石中色静
深松里漾漾泛菱荇澄澄映葭苇我心
素已闲清川澹如此请留盘石上垂钓将已矣 王维诗一首 丙子初冬 秉恒"	/mnt/Suran_database/Users/thanhthanh_workspace/Project/NLP_K35/xlnntn_hp2_friend/data/mrDuc_data/Images/UzpfSTEwMDAwMzI4NDg3MDY0MDpWSzoyNjg1OTQ0OTI4MzY5NzE2NA==_0.jpg
/images/UzpfSTE1ODE3MzkwMTQ6Vks6MjY4NDU3MDk4OTE3Mzc3NzA=_9.jpg	0.528205	one_text_contains_the_other	陳與義 傷春	"關
防
兵
力
犯
大
軍
鋒
陳
與
義
傷
春
丙子春
持
書
友
大
愚"	/mnt/Suran_database/Users/thanhthanh_workspace/Project/NLP_K35/xlnntn_hp2_friend/data/mrDuc_data/Images/UzpfSTE1ODE3MzkwMTQ6Vks6MjY4NDU3MDk4OTE3Mzc3NzA=_9.jpg
/images/UzpfSTE1ODE3MzkwMTQ6Vks6MjY4NDU3MDk4OTE3Mzc3NzA=_5.jpg	0.528205	one_text_contains_the_other	陳與義 傷春	"閣疲兵敢
犯大軍鋒
陳與義傷春
丙子春將轉夏
大愚"	/mnt/Suran_database/Users/thanhthanh_workspace/Project/NLP_K35/xlnntn_hp2_friend/data/mrDuc_data/Images/UzpfSTE1ODE3MzkwMTQ6Vks6MjY4NDU3MDk4OTE3Mzc3NzA=_5.jpg
/images/UzpfSTEwMDAwMDM2NjMwMzY2NTpWSzoyNjg1OTExNzcwMzczMDMyMg==_0.jpg	0.783881	high_directional_coverage	"2026-05-30週六
中華字經
113
掌勺爐灶，料堆廚館。
吞噎喋咬，叼吃飢饞。
烘焙烙炕，燴炒灼涮。"	"掌勺爐灶料堆
廚館吞噎喋咬
叼吃飢饞烘焙
烙炕燴炒灼涮
中華字經一一三丙午夏炳生書"	/mnt/Suran_database/Users/thanhthanh_workspace/Project/NLP_K35/xlnntn_hp2_friend/data/mrDuc_data/Images/UzpfSTEwMDAwMDM2NjMwMzY2NTpWSzoyNjg1OTExNzcwMzczMDMyMg==_0.jpg
/images/UzpfSTEwMDAwMDM2NjMwMzY2NTpWSzoyNjg0ODg0NDYxNDc1NzYzMQ==_0.jpg	0.77452	high_directional_coverage	"2026-05-29週五
長恨歌 白居易
16
春風桃李花開日，
秋雨梧桐葉落時。
西宮南內多秋草，
落葉滿階紅不掃。"	"春風桃李花開日、
秋雨梧桐葉落時、
西宮南内多秋草、
落葉滿階紅不掃、
白居易長恨歌丙子冬楚翬書"	/mnt/Suran_database/Users/thanhthanh_workspace/Project/NLP_K35/xlnntn_hp2_friend/data/mrDuc_data/Images/UzpfSTEwMDAwMDM2NjMwMzY2NTpWSzoyNjg0ODg0NDYxNDc1NzYzMQ==_0.jpg
/images/UzpfSTEwMDAwMDM2OTIxMDcyNTpWSzoyNjgyNTU1MDIyMzc1MzczNw==_0.jpg	0.82076	high_directional_coverage	花光寺下對雲沙，欲把輕舟小釣車。 更看道人煙雨筆，亂峰深處是吾家。今天的練習03	"花光寺下對雲沙始把輕舟
小釣車更看道人煙雨筆亂
峰深處是吾家
宋黃山谷題花光畫山水
丙午夏"	/mnt/Suran_database/Users/thanhthanh_workspace/Project/NLP_K35/xlnntn_hp2_friend/data/mrDuc_data/Images/UzpfSTEwMDAwMDM2OTIxMDcyNTpWSzoyNjgyNTU1MDIyMzc1MzczNw==_0.jpg
/images/UzpfSTYxNTg3MzEwMjk4MzU3OlZLOjI2ODM0NTg4NTg5NTE2NTY3_0.jpg	0.913889	one_text_contains_the_other	行遠自邇 篤行不怠	"行遠自邇
篤行不怠
丙子"	/mnt/Suran_database/Users/thanhthanh_workspace/Project/NLP_K35/xlnntn_hp2_friend/data/mrDuc_data/Images/UzpfSTYxNTg3MzEwMjk4MzU3OlZLOjI2ODM0NTg4NTg5NTE2NTY3_0.jpg
/images/UzpfSTEwMDAwMDM2OTIxMDcyNTpWSzoyNjgzOTcxOTg3MjMzNjc3Mg==_0.jpg	1.0	one_text_contains_the_other	知足者富。今天的練習02	"知
足
者
富"	/mnt/Suran_database/Users/thanhthanh_workspace/Project/NLP_K35/xlnntn_hp2_friend/data/mrDuc_data/Images/UzpfSTEwMDAwMDM2OTIxMDcyNTpWSzoyNjgzOTcxOTg3MjMzNjc3Mg==_0.jpg
/images/UzpfSTE1ODE3MzkwMTQ6Vks6MjY4MzIyMDU2NzMwODgxOTI=_4.jpg	0.270847	one_text_contains_the_other	九成宮醴泉銘	"九成宮醴泉銘
維貞觀六年孟夏之月皇帝避暑乎九成之宮此則
隋之仁壽宮也冠山抗殿絕壑為池跨水架楹分巖
竦闕高閣周建長廊囬建棟宇膠葛臺榭參差仰視
則迢遞百尋下臨則崢嶸千仞珠璧交暎金碧相暉
照灼雲霞蔽虧日月觀其移山囬澗窮泰極修以人
從欲良足深尤至於炎景流金無鬱蒸之氣微風徐
動有清涼之凜信安體之佳所誠養神之勝地漢之
甘泉不能尚也皇帝憂在弱冠經營四方逮乎立年
撫臨億兆始以武功壹海內終以文德懷遠人東越
青丘南踰丹徼皆獻琛奉贄重譯來王西暨輪臺北
拒玄闕並地列州縣人无編戶氣恊秊和定安遠肅
群生咸遂靈貺畢臻雖三代之功終賞一人之德
遺身利物櫛風沐雨百姓為心憂勞成疾同免肌之
如腊甚禹足之胼胝針石屢加膳理猶滯爰居京室
每藥炎暑群下請建離宮庶可怡神養性聖上愛一
夫之力惜十家之產深閉固拒未肯俯從以爲隨氏
舊宮營於曩代棄之則可惜毀之則重勞事貴因循
何必改作於是有斷彫爲樸損之又損去其泰甚葺其
頹壞雜丹墀以汙礫間粉壁以塗泥王砌接於土階
法亦可
是字
墨茶
同舊
二殿外皆有房
此年重修成德"	/mnt/Suran_database/Users/thanhthanh_workspace/Project/NLP_K35/xlnntn_hp2_friend/data/mrDuc_data/Images/UzpfSTE1ODE3MzkwMTQ6Vks6MjY4MzIyMDU2NzMwODgxOTI=_4.jpg
/images/UzpfSTEwMDAwMDM2OTIxMDcyNTpWSzoyNjgyNTU0MzIzNzA4Nzc2OQ==_0.jpg	0.875556	high_directional_coverage	虎嘯深谷底，雞鳴高樹巔。今天的練習01	"虎
嘯
深
谷
底
雞
鳴
高
松
巔"	/mnt/Suran_database/Users/thanhthanh_workspace/Project/NLP_K35/xlnntn_hp2_friend/data/mrDuc_data/Images/UzpfSTEwMDAwMDM2OTIxMDcyNTpWSzoyNjgyNTU0MzIzNzA4Nzc2OQ==_0.jpg
/images/UzpfSTE1ODE3MzkwMTQ6Vks6MjY4MzIyMDU2NzMwODgxOTI=_0.jpg	0.270847	one_text_contains_the_other	九成宮醴泉銘	"九成宮醴泉銘
維貞觀六年孟夏之月皇帝避暑乎九成之宮此則
隨之仁壽宮也冠山抗殿絕壑為池跨水架楹分巘
竦闕高閣周建長廊四起棟宇膠葛臺榭參差仰視
則造邁百尋下臨則崢嶸千仞珠璧交暎金碧相暉
照灼雲霞蔽虧日月觀其移山迴澗窮泰極侈以人
從欲良足深尤至于炎景流金無鬱蒸之氣微風徐
動有凄清之涼信安體之佳所誠養神之勝地漢之
甘泉不能尚也皇帝爰在弱冠經營四方迨乎立年
撫臨億兆始以武功壹海內終以文德懷遠人東越
青丘南踰丹徼皆獻琛奉贄重譯來王西暨輪臺北
拒玄闕並地列州縣人充編戶氣淑年和廷安遠肅
群生咸遂靈貺畢臻雖藉二儀之功終資一人之慮
遺身利物櫛風沐雨百姓為心憂勤成疾同堯之
如腊甚禹足之胼胝針石屢加膳理猶滯爰居凉室
附之墨壇
每暍炎暑群下請建離宮庶可怡神養性聖上愛一
墨本
夫之力惜十家之產深閉固拒未肯俯從以為隨氏
法醫本
舊宮營造於曩代棄之則可惜毀之則重勞事貴因循
何必改作於是斷彫為樸損之又損去其泰甚葺其
頹壞雜丹墀以沙礫間粉壁以塗泥玉砌接於土階
殿前没有屋檐
的平臺或廣場。"	/mnt/Suran_database/Users/thanhthanh_workspace/Project/NLP_K35/xlnntn_hp2_friend/data/mrDuc_data/Images/UzpfSTE1ODE3MzkwMTQ6Vks6MjY4MzIyMDU2NzMwODgxOTI=_0.jpg
/images/UzpfSTEwMDAwMDM2NjMwMzY2NTpWSzoyNjgxNjc5NjQ3Nzk2MjQ0NQ==_0.jpg	0.814974	high_directional_coverage	"2026-05-27週三
長恨歌 白居易
15
歸來池苑皆依舊，
太液芙蓉未央柳；
芙蓉如面柳如眉，
對此如何不淚垂？"	"歸來池苑皆依舊
太液芙蓉未央柳
芙蓉如面柳如眉
對此如何不淚垂
白居易長恨歌丙子冬啓藝"	/mnt/Suran_database/Users/thanhthanh_workspace/Project/NLP_K35/xlnntn_hp2_friend/data/mrDuc_data/Images/UzpfSTEwMDAwMDM2NjMwMzY2NTpWSzoyNjgxNjc5NjQ3Nzk2MjQ0NQ==_0.jpg
/images/UzpfSTEwMDAwMzUzNjA0MTQ0NzpWSzoyNjgwNDg1MzQ3MjQ5MDA3OQ==_0.jpg	0.699239	combined_score_above_threshold	"#感謝書友欣賞

行草 唐 李煜 題金樓子後🙏☕😎

牙簽萬軸裹紅綃
王粲書同付火燒
不于祖龍留面目
遺篇那得到今朝"	"手簽系軸裹紅綃
王粲書同付火燒
不于祖龍留面目
遺篇那得至今朝
唐李煜題及己亥偶錄"	/mnt/Suran_database/Users/thanhthanh_workspace/Project/NLP_K35/xlnntn_hp2_friend/data/mrDuc_data/Images/UzpfSTEwMDAwMzUzNjA0MTQ0NzpWSzoyNjgwNDg1MzQ3MjQ5MDA3OQ==_0.jpg
/images/UzpfSTEwMDAwMDM2OTIxMDcyNTpWSzoyNjgxMjAwMTM3MTc3NTI4OQ==_0.jpg	0.76688	high_directional_coverage	梅蕊臘前破，梅花年後多。 · 雪樹元同色，江風亦自波。 · 絕知春意好，最奈客愁何。 · 故園不可見，巫岫鬱嵯峨。今天的練習03	"梅蕊臘前破梅花年後多絕知春意
好最奈客愁何雪樹元同色江風亦
自波故園不可見巫岫鬱嵯峨
老杜工部詩江梅
丙子之夏"	/mnt/Suran_database/Users/thanhthanh_workspace/Project/NLP_K35/xlnntn_hp2_friend/data/mrDuc_data/Images/UzpfSTEwMDAwMDM2OTIxMDcyNTpWSzoyNjgxMjAwMTM3MTc3NTI4OQ==_0.jpg
/images/UzpfSTEwMDAwMjgwNzA5MDE0OTpWSzoyNjgwMjUwMTM1NjA1ODYyNA==_0.jpg	0.847261	high_directional_coverage	"戲答元珍
宋-歐陽修

春風疑不到天涯，二月山城未見花。

殘雪壓枝猶有桔，凍雷驚筍欲抽芽。

夜聞歸雁生鄉思，病入新年感物華。

曾是洛陽花下客，野芳雖晚不須嗟。"	"春
風
疑
不
到
天
涯
二
月
山
城
未
見
花
殘
雪
壓
枝
猶
有
橘
凍
雷
驚
筍
欲
抽
芽
夜
聞
歸
雁
生
鄉
思
病
入
新
年
感
物
華
曾
是
洛
陽
野
芳
雖
晚
不
須
嗟
宋
歐
陽
修
詩
丙
之
夏
錄"	/mnt/Suran_database/Users/thanhthanh_workspace/Project/NLP_K35/xlnntn_hp2_friend/data/mrDuc_data/Images/UzpfSTEwMDAwMjgwNzA5MDE0OTpWSzoyNjgwMjUwMTM1NjA1ODYyNA==_0.jpg
/images/UzpfSTEwMDA2Njk5MjM5MDYwMTpWSzoyNjc5NTE1MDYzMDEyNzAzMA==_0.jpg	0.736667	one_text_contains_the_other	"书法有道，道法自然
#传统文化 #正能量 #书法的力量 #心態決定一切"	"道
法
自
然"	/mnt/Suran_database/Users/thanhthanh_workspace/Project/NLP_K35/xlnntn_hp2_friend/data/mrDuc_data/Images/UzpfSTEwMDA2Njk5MjM5MDYwMTpWSzoyNjc5NTE1MDYzMDEyNzAzMA==_0.jpg
/images/UzpfSTEwMDAwMDM2NjMwMzY2NTpWSzoyNjgwNTI4NDE1OTExMzY3Nw==_0.jpg	0.743469	high_directional_coverage	"2026-05-26週二
中華字經
111
魚鱉蝦蟹，貓兔鵝蠶。
旋繞鷹鴿，哀孤鶴雁。
廄駒匹鬃，馴犢乍喚。"	"魚
鱉
蝦
蟹
貓
兔
鵝
蠶
旋
繞
鷹
鴿
哀
孤
鶴
雁
廢
駒
匹
髵
馴
犢
乍
喚
中華字經川丙午夏珍"	/mnt/Suran_database/Users/thanhthanh_workspace/Project/NLP_K35/xlnntn_hp2_friend/data/mrDuc_data/Images/UzpfSTEwMDAwMDM2NjMwMzY2NTpWSzoyNjgwNTI4NDE1OTExMzY3Nw==_0.jpg
/images/UzpfSTEwMDAwMDM2OTIxMDcyNTpWSzoyNjc5MDgwOTI1NzIyNzgzNA==_0.jpg	1.0	one_text_contains_the_other	真水無香。今天的練習02	"真
水
無
香"	/mnt/Suran_database/Users/thanhthanh_workspace/Project/NLP_K35/xlnntn_hp2_friend/data/mrDuc_data/Images/UzpfSTEwMDAwMDM2OTIxMDcyNTpWSzoyNjc5MDgwOTI1NzIyNzgzNA==_0.jpg
/images/UzpfSTEwMDAwMDY5MDI2MjM3MTpWSzoyNjgwMDYwMDgxNjI0ODY3OA==_0.jpg	0.379277	one_text_contains_the_other	臨 米芾 陳攬帖	"昨日陳攬戩、
之騰鹿得鹿宜
俟之已約東後
生同人莫不用煩
他人也軫之只如
平生千官如到
部未緣面見歎
整紳區々也
芾頓首再拜
臨米芾陳攬帖丙午夏"	/mnt/Suran_database/Users/thanhthanh_workspace/Project/NLP_K35/xlnntn_hp2_friend/data/mrDuc_data/Images/UzpfSTEwMDAwMDY5MDI2MjM3MTpWSzoyNjgwMDYwMDgxNjI0ODY3OA==_0.jpg
/images/UzpfSTEwMDAwMDM2OTIxMDcyNTpWSzoyNjgwMTA5ODkzNjE5ODg2Ng==_0.jpg	1.0	one_text_contains_the_other	一卷吟成朝暮雨，百城堆積古今書。今天的練習01	"一
卷
吟
成
朝
暮
雨
百
城
堆
積
古
今
書"	/mnt/Suran_database/Users/thanhthanh_workspace/Project/NLP_K35/xlnntn_hp2_friend/data/mrDuc_data/Images/UzpfSTEwMDAwMDM2OTIxMDcyNTpWSzoyNjgwMTA5ODkzNjE5ODg2Ng==_0.jpg
/images/UzpfSTEwMDAwMDM2OTIxMDcyNTpWSzoyNjgwMTEwNTE4OTUzMTU3NA==_0.jpg	0.727516	high_directional_coverage	二月巴陵日日風，春寒未了怯園公。海棠不惜胭脂色，獨立濛濛細雨中。今天的練習03	"二月巴陵日，風寒無處避
怯園公海棠，不惜胭脂色，獨
立濛，細雨中
宋人陈与义诗春寒
丙午之夏"	/mnt/Suran_database/Users/thanhthanh_workspace/Project/NLP_K35/xlnntn_hp2_friend/data/mrDuc_data/Images/UzpfSTEwMDAwMDM2OTIxMDcyNTpWSzoyNjgwMTEwNTE4OTUzMTU3NA==_0.jpg
/images/UzpfSTEwMDA2Njk5MjM5MDYwMTpWSzoyNjc4NTc1NjAwNDM5OTgyNg==_0.jpg	0.783069	high_directional_coverage	"心有山水不造作，静而不争远是非
晨看花开千万朵，春守清灯暖烟火。
#写字是一种生活 #见字如面 #毛笔书法 #书法的力量 #今日书法练习 #赵孟頫 #书法"	"心有山水不造作
静而不争遠是非
晨看花開千萬朵
暮守清燈暖烟火"	/mnt/Suran_database/Users/thanhthanh_workspace/Project/NLP_K35/xlnntn_hp2_friend/data/mrDuc_data/Images/UzpfSTEwMDA2Njk5MjM5MDYwMTpWSzoyNjc4NTc1NjAwNDM5OTgyNg==_0.jpg
/images/UzpfSTEwMDAwMDM2OTIxMDcyNTpWSzoyNjc5MDgxMjc4NzIyNzQ4MQ==_0.jpg	0.845459	high_directional_coverage	看看臘盡春回。消息到、江南早梅。昨夜前村深雪里，一朵先開。盈盈玉蕊如裁，更風細、清香暗來。空使行人腸欲斷，駐馬徘徊。今天的練習03	"看、臘盡春回消息到江南早梅昨夜
前村深雪裏一朵先開盈々玉蕊如裁更
風細清香暗來空使行人腸斷爲駐馬
徘徊
宋人佚名春光好
丙午之夏"	/mnt/Suran_database/Users/thanhthanh_workspace/Project/NLP_K35/xlnntn_hp2_friend/data/mrDuc_data/Images/UzpfSTEwMDAwMDM2OTIxMDcyNTpWSzoyNjc5MDgxMjc4NzIyNzQ4MQ==_0.jpg
/images/UzpfSTEwMDAwMDM2OTIxMDcyNTpWSzoyNjc3OTcwMDkxMTY3MjAwMg==_0.jpg	1.0	one_text_contains_the_other	弱水三千。今天的練習02	"弱
水
三
千"	/mnt/Suran_database/Users/thanhthanh_workspace/Project/NLP_K35/xlnntn_hp2_friend/data/mrDuc_data/Images/UzpfSTEwMDAwMDM2OTIxMDcyNTpWSzoyNjc3OTcwMDkxMTY3MjAwMg==_0.jpg
/images/UzpfSTEwMDAwMDM2NjMwMzY2NTpWSzoyNjc4NDc4MDcwNDQ5NzM1Ng==_0.jpg	0.653693	combined_score_above_threshold	"2026-05-24週日
中華字經
110
孜摯弗餒，蹉跎窒肄。
第七課 養殖12
雞鴨抱羣，豬仔滿圈。
驢騾啃坡，犬狗護岸。"	"孜摯弗餒蹉跎
窒肆雞鴨抱羣
豬仔滿圈驢騾
哨坡犬狗護岸
中華字經一八〇丙子夏妙庄書"	/mnt/Suran_database/Users/thanhthanh_workspace/Project/NLP_K35/xlnntn_hp2_friend/data/mrDuc_data/Images/UzpfSTEwMDAwMDM2NjMwMzY2NTpWSzoyNjc4NDc4MDcwNDQ5NzM1Ng==_0.jpg
/images/UzpfSTEwMDAwMDM2OTIxMDcyNTpWSzoyNjc3OTY5ODUyODMzODkwNw==_0.jpg	0.912088	high_directional_coverage	忽逢異地多聞客，如讀生平未見書。今天的練習01	"忽
逢
異
地
多
聞
客
如
读
生
平
未
見
書"	/mnt/Suran_database/Users/thanhthanh_workspace/Project/NLP_K35/xlnntn_hp2_friend/data/mrDuc_data/Images/UzpfSTEwMDAwMDM2OTIxMDcyNTpWSzoyNjc3OTY5ODUyODMzODkwNw==_0.jpg
/images/UzpfSTEwMDAwMDM2OTIxMDcyNTpWSzoyNjc3OTcwMzYyMTY3MTczMQ==_0.jpg	0.588797	combined_score_above_threshold	馬如飛。歸未歸。誰在河橋見別離。修楊委地垂。 掩面啼。人怎知。桃李成陰鶯哺兒。閒行春盡時。今天的練習03	"馬如飛歸未歸誰在河橋見客
粧梳楊柳無由掩面啼人怎知桃
李半陰陰鶯兒啼及青春時
宋人周邦彥長相思
丙午之夏"	/mnt/Suran_database/Users/thanhthanh_workspace/Project/NLP_K35/xlnntn_hp2_friend/data/mrDuc_data/Images/UzpfSTEwMDAwMDM2OTIxMDcyNTpWSzoyNjc3OTcwMzYyMTY3MTczMQ==_0.jpg
/images/UzpfSTEwMDAwMDM2NjMwMzY2NTpWSzoyNjc5NDI4NTE5MzU0NjkwNw==_0.jpg	0.823423	high_directional_coverage	"2026-05-25週一
長恨歌 白居易
14
馬嵬坡下泥土中，
不見玉顏空死處。
君臣相顧盡霑衣，
東望都門信馬歸。"	"馬嵬坡下泥土中
不見玉顏空死處
君臣相顧盡霑衣
東望都門信馬歸
白居易長恨歌丙午冬楚"	/mnt/Suran_database/Users/thanhthanh_workspace/Project/NLP_K35/xlnntn_hp2_friend/data/mrDuc_data/Images/UzpfSTEwMDAwMDM2NjMwMzY2NTpWSzoyNjc5NDI4NTE5MzU0NjkwNw==_0.jpg
/images/UzpfSTEwMDAxNjg4Mjk5NjczMzpWSzoyNjc3NTgxMjU4MjA2MDgzNQ==_0.jpg	1.0	one_text_contains_the_other	坐言起行！	坐言起行	/mnt/Suran_database/Users/thanhthanh_workspace/Project/NLP_K35/xlnntn_hp2_friend/data/mrDuc_data/Images/UzpfSTEwMDAxNjg4Mjk5NjczMzpWSzoyNjc3NTgxMjU4MjA2MDgzNQ==_0.jpg
/images/UzpfSTEwMDA2Njk5MjM5MDYwMTpWSzoyNjc3NTEwMzU4MjEzMTczNQ==_0.jpg	1.0	short_exact_match	"放下
#书法 #情感共鸣 #生活感悟 #认知觉醒"	"放
下"	/mnt/Suran_database/Users/thanhthanh_workspace/Project/NLP_K35/xlnntn_hp2_friend/data/mrDuc_data/Images/UzpfSTEwMDA2Njk5MjM5MDYwMTpWSzoyNjc3NTEwMzU4MjEzMTczNQ==_0.jpg
/images/UzpfSTEwMDAwMDM2NjMwMzY2NTpWSzoyNjc3NDEzMzQ4ODg5NTQxMQ==_0.jpg	0.781099	high_directional_coverage	"2026-05-23週六
長恨歌 白居易
13
行宮見月傷心色，
夜雨聞鈴腸斷聲。
天旋地轉迴龍馭，
到此躊躇不能去。"	"行宮見月傷心色、
夜雨聞鈴斷腸聲、
天旋地轉迴龍馭、
到此躊躇不能去、
長恨歌白居易丙午冬雙葉書"	/mnt/Suran_database/Users/thanhthanh_workspace/Project/NLP_K35/xlnntn_hp2_friend/data/mrDuc_data/Images/UzpfSTEwMDAwMDM2NjMwMzY2NTpWSzoyNjc3NDEzMzQ4ODg5NTQxMQ==_0.jpg
/images/UzpfSTEwMDAwMDM2OTIxMDcyNTpWSzoyNjc2OTMyNjEwNjA0MjgxNg==_0.jpg	0.59845	combined_score_above_threshold	小庭花落無人掃，疏香滿地東風老。春晚信沉沉，天涯何處尋。曉堂屏六扇，眉共湘山遠。爭奈別離心，近來尤不禁。今天的練習01	"小庭幽院無人掃 疎香滿地東風老 春晚信沈沈
天涯何處尋 曉星屏六扇 眉黛淡山遠 怎奈向離
心逐東流不禁
五代詞人孫光憲菩薩蠻
丙午 葉吉"	/mnt/Suran_database/Users/thanhthanh_workspace/Project/NLP_K35/xlnntn_hp2_friend/data/mrDuc_data/Images/UzpfSTEwMDAwMDM2OTIxMDcyNTpWSzoyNjc2OTMyNjEwNjA0MjgxNg==_0.jpg
/images/UzpfSTEwMDAwNjk5OTg0Mzk5MjpWSzoyNjc2MzAwNDU0MzM0MTYzOQ==_0.jpg	0.782088	high_directional_coverage	"書友早安舒心😃
習字塗鴉分享🙏
    孟子曰：「天將降大任於斯人也，必先苦其心志，勞其筋骨，餓其體膚，空乏其身，行拂亂其所為，所以動心忍性，增益其所不能。」
✍️於:烘爐茶壺"	"天將降大任於斯人也必先
苦其心志勞其筋骨餓其體膚
空乏其身行拂亂其所為
所以動心忍性增益其所不能
孟子語丙申夏月楊冰書"	/mnt/Suran_database/Users/thanhthanh_workspace/Project/NLP_K35/xlnntn_hp2_friend/data/mrDuc_data/Images/UzpfSTEwMDAwNjk5OTg0Mzk5MjpWSzoyNjc2MzAwNDU0MzM0MTYzOQ==_0.jpg
/images/UzpfSTEwMDAwMDA5NDY5MjQ5NDpWSzoyNjc2Nzk0NTE3OTUxNDI0Mg==_0.jpg	0.716935	combined_score_above_threshold	"大家晚安

孟浩然  春曉

春眠不覺曉，處處聞啼鳥。

夜來風雨聲，花落知多少。

張威龍  習書2026/5/22"	"春眠不覺
曉處聞啼
鳥夜來風
雨聲花落知
多少
孟浩然春曉
丙子夏張武書"	/mnt/Suran_database/Users/thanhthanh_workspace/Project/NLP_K35/xlnntn_hp2_friend/data/mrDuc_data/Images/UzpfSTEwMDAwMDA5NDY5MjQ5NDpWSzoyNjc2Nzk0NTE3OTUxNDI0Mg==_0.jpg
/images/UzpfSTEwMDAwMDA5NDY5MjQ5NDpWSzoyNjc2NjA3NzYwNjM2NzY2Ng==_0.jpg	0.914039	high_directional_coverage	"大家午安
三月七日，沙湖道中遇雨。雨具先去，同行皆狼狽，余獨不覺，已而遂晴，故作此。
莫聽穿林打葉聲，
何妨吟嘯且徐行。
竹杖芒鞋輕勝馬，誰怕？
一蓑煙雨任平生。
料峭春風吹酒醒，微冷，
山頭斜照卻相迎。
回首向來蕭瑟處，
歸去，也無風雨也無晴。
定風波  宋 蘇軾

丙午夏午後酷熱  
張威龍  習書2026/5/22"	"三月七日沙湖道中遇雨
雨具先去同行皆狼狽
余獨不覺已而遂晴
故作此
莫聽穿林打葉
聲何妨吟嘯且徐
行竹杖芒鞋輕勝
馬誰怕一蓑煙雨
任平生料峭春風
吹醒微冷山頭斜照
却相迎回首向來蕭
瑟處歸去也無
風雨也無晴
定風波 宋蘇軾
丙子夏午後酣暢
張盛浤"	/mnt/Suran_database/Users/thanhthanh_workspace/Project/NLP_K35/xlnntn_hp2_friend/data/mrDuc_data/Images/UzpfSTEwMDAwMDA5NDY5MjQ5NDpWSzoyNjc2NjA3NzYwNjM2NzY2Ng==_0.jpg
/images/UzpfSTEwMDAxNjg4Mjk5NjczMzpWSzoyNjc2NDIwNzM4MzIyMTM1NQ==_0.jpg	0.93	one_text_contains_the_other	菩提本無樹，明鏡亦非臺！見笑！	"菩
提
本
無
樹
明
鏡
亦
非
臺"	/mnt/Suran_database/Users/thanhthanh_workspace/Project/NLP_K35/xlnntn_hp2_friend/data/mrDuc_data/Images/UzpfSTEwMDAxNjg4Mjk5NjczMzpWSzoyNjc2NDIwNzM4MzIyMTM1NQ==_0.jpg
/images/UzpfSTEwMDAwMDM2NjMwMzY2NTpWSzoyNjc2MzgxMDYyMzI2MTAzMQ==_0.jpg	0.764048	high_directional_coverage	"2026-05-22週五
中華字經
109
誇訣逗倡，哦欠所悉。
付與酪膳，喂哄乖嫡。
藐蔑蠢哲，懂謬惑殆。"	"誇
訣
逗
倡
哦
欠
所
悉
付
與
酪
膳
喂
哄
乖
嫡
藐
蔑
蠢
哲
憧
謬
惑
殆
中華字經109丙子夏陽化并書"	/mnt/Suran_database/Users/thanhthanh_workspace/Project/NLP_K35/xlnntn_hp2_friend/data/mrDuc_data/Images/UzpfSTEwMDAwMDM2NjMwMzY2NTpWSzoyNjc2MzgxMDYyMzI2MTAzMQ==_0.jpg
/images/UzpfSTEwMDAwNDE4MzAzOTE2MDpWSzoyNjc2NzE5NTcyNjI1NTg1NA==_0.jpg	0.714861	high_directional_coverage	棲情物外 永受嘉福	"棲情
物外
永寿
嘉福
信安
信安"	/mnt/Suran_database/Users/thanhthanh_workspace/Project/NLP_K35/xlnntn_hp2_friend/data/mrDuc_data/Images/UzpfSTEwMDAwNDE4MzAzOTE2MDpWSzoyNjc2NzE5NTcyNjI1NTg1NA==_0.jpg
/images/UzpfSTEwMDA2Njk5MjM5MDYwMTpWSzoyNjc2MjQwNzMzMzQwMTM2MA==_0.jpg	0.762644	one_text_contains_the_other	"人間煙火氣  最撫凡人心
#人生 #励志书法 #正能量"	"人間煙火氣
最撫凡人心
歲在丙申夏月洪非書"	/mnt/Suran_database/Users/thanhthanh_workspace/Project/NLP_K35/xlnntn_hp2_friend/data/mrDuc_data/Images/UzpfSTEwMDA2Njk5MjM5MDYwMTpWSzoyNjc2MjQwNzMzMzQwMTM2MA==_0.jpg
/images/UzpfSTEwMDAwMDM2OTIxMDcyNTpWSzoyNjc1ODM3OTAyNzEzNzUyNA==_0.jpg	0.89697	high_directional_coverage	煥文章垂後世，炳靈德彌億年。今天的練習01	"煥文章垂後世
炳憲德彌億年"	/mnt/Suran_database/Users/thanhthanh_workspace/Project/NLP_K35/xlnntn_hp2_friend/data/mrDuc_data/Images/UzpfSTEwMDAwMDM2OTIxMDcyNTpWSzoyNjc1ODM3OTAyNzEzNzUyNA==_0.jpg
/images/UzpfSTEwMDAwNjk5OTg0Mzk5MjpWSzoyNjc1MTczMjI3MTEzNTUzMw==_0.jpg	0.726992	high_directional_coverage	"書友早安舒心😃
習字塗鴉分享🙏
宋 朱熹《偶成》：
「少年易老學難成，一寸光陰不可輕，
未覺池塘春草夢，階前梧葉已秋聲。」
✍️於:烘爐茶壺"	"少年易老學難成
一寸光陰不可輕
未覺池
塘春草夢階前梧
葉已秋聲
朱熹詩
楊皓書"	/mnt/Suran_database/Users/thanhthanh_workspace/Project/NLP_K35/xlnntn_hp2_friend/data/mrDuc_data/Images/UzpfSTEwMDAwNjk5OTg0Mzk5MjpWSzoyNjc1MTczMjI3MTEzNTUzMw==_0.jpg
/images/UzpfSTEwMDAwMDM2NjMwMzY2NTpWSzoyNjc1MTU5ODcxMTE0ODg4OQ==_0.jpg	0.806749	high_directional_coverage	"2026-05-21週四
長恨歌 白居易
12
峨嵋山下少人行，
旌旗無光日色薄。
蜀江水碧蜀山青，
聖主朝朝暮暮情。"	"峨嵋山下少人行
旌旗無光日色薄
蜀江水碧蜀山青
聖主朝朝暮暮情
長恨歌句白居易丙午冬楚書"	/mnt/Suran_database/Users/thanhthanh_workspace/Project/NLP_K35/xlnntn_hp2_friend/data/mrDuc_data/Images/UzpfSTEwMDAwMDM2NjMwMzY2NTpWSzoyNjc1MTU5ODcxMTE0ODg4OQ==_0.jpg
/images/UzpfSTEwMDAwMDM2OTIxMDcyNTpWSzoyNjc0NzI2NjU4MTU4MjEwMg==_0.jpg	0.698721	high_directional_coverage	青青葉，矮矮叢。鬥春工。竹葉香浮金盞色，醉千鍾。黃菊較輸春豔，金錢比怯秋紅。好勝百花開更早，佔東風。今天的練習03	"青々葉矮々葉聚闘奇工竹葉如浮金盞色
醉子鍾黃菊較輸春晚金錢比怯秋紅
好勝百花開更早占東風
野人高濂春光好
丙午之夏"	/mnt/Suran_database/Users/thanhthanh_workspace/Project/NLP_K35/xlnntn_hp2_friend/data/mrDuc_data/Images/UzpfSTEwMDAwMDM2OTIxMDcyNTpWSzoyNjc0NzI2NjU4MTU4MjEwMg==_0.jpg
/images/UzpfSTEwMDAwMDM2OTIxMDcyNTpWSzoyNjc0NzI2Mjc1NDkxNTgxOA==_0.jpg	1.0	one_text_contains_the_other	百忍成金。今天的練習02	"百
忍
成
金"	/mnt/Suran_database/Users/thanhthanh_workspace/Project/NLP_K35/xlnntn_hp2_friend/data/mrDuc_data/Images/UzpfSTEwMDAwMDM2OTIxMDcyNTpWSzoyNjc0NzI2Mjc1NDkxNTgxOA==_0.jpg
/images/UzpfSTEwMDAwMDA5NDY5MjQ5NDpWSzoyNjc0NjI5NzM5ODM0NTY4Nw==_0.jpg	0.736132	high_directional_coverage	"大家晚安

無人扶我青雲志

我自踏雪至山巔

張威龍 習書2026/5/20"	"無人
扶
我
青
雲
志
我
自
踏
雪
至
山
巔
丙子夏
張
武
書"	/mnt/Suran_database/Users/thanhthanh_workspace/Project/NLP_K35/xlnntn_hp2_friend/data/mrDuc_data/Images/UzpfSTEwMDAwMDA5NDY5MjQ5NDpWSzoyNjc0NjI5NzM5ODM0NTY4Nw==_0.jpg
/images/UzpfSTEwMDA2Njk5MjM5MDYwMTpWSzoyNjc0MjE5MjM3ODc1NjE4OQ==_0.jpg	0.919883	one_text_contains_the_other	"你要明白
能為你撐腰的
永遠只有你自己
#有溫度的毛筆字
#正能量"	"你要明白
能為你撐腰的
永遠只有你自己
墨深能書"	/mnt/Suran_database/Users/thanhthanh_workspace/Project/NLP_K35/xlnntn_hp2_friend/data/mrDuc_data/Images/UzpfSTEwMDA2Njk5MjM5MDYwMTpWSzoyNjc0MjE5MjM3ODc1NjE4OQ==_0.jpg
/images/UzpfSTEwMDAwMDM2NjMwMzY2NTpWSzoyNjc0MDg0MDE4ODg5MTQwOA==_0.jpg	0.802002	high_directional_coverage	"2026-05-20週三
中華字經
108
吟詠背誦，熟似譜呂。
韶努仗牘，諄誨朝夕。
頭腦認念，住校再析。"	"吟
詠
背
誦
熟
似
譜
呂
韶
努
仗
牘
諄
誨
朝
夕
頭
腦
認
念
住
校
再
析
中華字經咸陽丙午夏敬之"	/mnt/Suran_database/Users/thanhthanh_workspace/Project/NLP_K35/xlnntn_hp2_friend/data/mrDuc_data/Images/UzpfSTEwMDAwMDM2NjMwMzY2NTpWSzoyNjc0MDg0MDE4ODg5MTQwOA==_0.jpg
/images/UzpfSTEwMDAwNDE4MzAzOTE2MDpWSzoyNjczMTgzNzE2MzEyNTA0NA==_0.jpg	1.0	one_text_contains_the_other	天道酬勤	"天
道
酬
勤"	/mnt/Suran_database/Users/thanhthanh_workspace/Project/NLP_K35/xlnntn_hp2_friend/data/mrDuc_data/Images/UzpfSTEwMDAwNDE4MzAzOTE2MDpWSzoyNjczMTgzNzE2MzEyNTA0NA==_0.jpg
/images/UzpfSTEwMDAwMDM2OTIxMDcyNTpWSzoyNjczMzIxODk5Mjk4Njg2MQ==_0.jpg	0.912088	high_directional_coverage	看花臨水心無事，嘯志歌懷意自如。今天的練習01	"看花臨水心無事
嘯志歌怀意自如"	/mnt/Suran_database/Users/thanhthanh_workspace/Project/NLP_K35/xlnntn_hp2_friend/data/mrDuc_data/Images/UzpfSTEwMDAwMDM2OTIxMDcyNTpWSzoyNjczMzIxODk5Mjk4Njg2MQ==_0.jpg
/images/UzpfSTEwMDAwMzI4NDg3MDY0MDpWSzoyNjczMTAxNjA3OTg3MzgxOQ==_5.jpg	0.581541	one_text_contains_the_other	"李白这首詩氣勢磅礡，尤其是“飛流直下三千尺，疑是銀河落九天”兩句，如何通過筆畫的連貫和字形的舒展，適意地表現了瀑布的壯美和李白的豪情，高難度……

日照香炉生紫烟，
遥看瀑布挂前川。
飞流直下三千尺，
疑是银河落九天。
- 李白《望庐山瀑布》"	"日照香炉生紫烟遥看瀑布
挂前川飞流直下三千尺疑是银河
落九天"	/mnt/Suran_database/Users/thanhthanh_workspace/Project/NLP_K35/xlnntn_hp2_friend/data/mrDuc_data/Images/UzpfSTEwMDAwMzI4NDg3MDY0MDpWSzoyNjczMTAxNjA3OTg3MzgxOQ==_5.jpg
/images/UzpfSTEwMDAwNzI5MzE4NTg0MTpWSzoyNjcyODUwMTA3Njc5MTk4Ng==_0.jpg	0.879992	high_directional_coverage	"春眠不覺曉，處處聞啼鳥。
夜來風雨聲，花落知多少。孟浩然/春曉"	"春
眠
不
覺
曉
處
々
聞
啼
鳥
夜
來
風
雨
聲
花
落
知
多
少
浩
坪"	/mnt/Suran_database/Users/thanhthanh_workspace/Project/NLP_K35/xlnntn_hp2_friend/data/mrDuc_data/Images/UzpfSTEwMDAwNzI5MzE4NTg0MTpWSzoyNjcyODUwMTA3Njc5MTk4Ng==_0.jpg
/images/UzpfSTEwMDAwMDM2OTIxMDcyNTpWSzoyNjcyMTM3ODIyNzUwNDI3MQ==_0.jpg	0.634469	high_directional_coverage	花眼媚，柳腰伸。正芳春。懊恨不曾緣底事，意中人。無緒獨依孤枕。有時愁伴重茵。風起絮飛天欲暮，坐含顰。今天的練習03	"花眼媚柳腰伸匹芳春懊恨不无缘
底事意中人愁绪独依孤枕有谁愁
伴重茵风起絮飞天将暮坐含颦
明人俞彦春光好
丙午之夏"	/mnt/Suran_database/Users/thanhthanh_workspace/Project/NLP_K35/xlnntn_hp2_friend/data/mrDuc_data/Images/UzpfSTEwMDAwMDM2OTIxMDcyNTpWSzoyNjcyMTM3ODIyNzUwNDI3MQ==_0.jpg
/images/UzpfSTEwMDAwMDM2NjMwMzY2NTpWSzoyNjcyNTk0MzM5NzA0Nzc1NA==_0.jpg	0.820454	high_directional_coverage	"2026-05-19週二
長恨歌 白居易
11
君王掩面救不得，
回看血淚相和流。
黃埃散漫風蕭索，
雲棧縈紆登劍閣。"	"君王掩面救不得
回看血淚相和流
黃埃散漫風蕭索
雲棧縈紆登劍閣
長恨歌白居易
丙子夏
楚之"	/mnt/Suran_database/Users/thanhthanh_workspace/Project/NLP_K35/xlnntn_hp2_friend/data/mrDuc_data/Images/UzpfSTEwMDAwMDM2NjMwMzY2NTpWSzoyNjcyNTk0MzM5NzA0Nzc1NA==_0.jpg
/images/UzpfSTEwMDAwMDM2OTIxMDcyNTpWSzoyNjcyMTM3NDYyNDE3MTI5OA==_0.jpg	1.0	one_text_contains_the_other	鴻業遠圖。今天的練習02	"鴻
業
遠
圖"	/mnt/Suran_database/Users/thanhthanh_workspace/Project/NLP_K35/xlnntn_hp2_friend/data/mrDuc_data/Images/UzpfSTEwMDAwMDM2OTIxMDcyNTpWSzoyNjcyMTM3NDYyNDE3MTI5OA==_0.jpg
/images/UzpfSTEwMDA2Njk5MjM5MDYwMTpWSzoyNjcyNjgwNDAwNjk2MTY5Mw==_0.jpg	0.635641	one_text_contains_the_other	"好人一生平安，喜欢的分享❤️
#福报 #毛笔书法 #笔书法爱生活 #书法的力量"	"一
生
平
安"	/mnt/Suran_database/Users/thanhthanh_workspace/Project/NLP_K35/xlnntn_hp2_friend/data/mrDuc_data/Images/UzpfSTEwMDA2Njk5MjM5MDYwMTpWSzoyNjcyNjgwNDAwNjk2MTY5Mw==_0.jpg
/images/UzpfSTEwMDAwMjgwNzA5MDE0OTpWSzoyNjcyMTk2ODcyNDExMTg4OA==_0.jpg	0.795599	high_directional_coverage	"夜歸鹿門山歌
唐-孟浩然

山寺鐘鳴晝已昏，漁梁渡頭爭渡喧。
人隨沙岸向江村，餘亦乘舟歸鹿門。
鹿門月照開煙樹，忽到龐公棲隱處。
巖扉鬆徑長寂寥，惟有幽人自來去。"	"山
寺
鐘
鳴
晝
已
昏
漁
梁
渡
頭
爭
渡
喧
人
隨
沙
岸
向
江
村
余
亦
乘
舟
歸
鹿
門
鹿
門
月
照
開
煙
樹
忽
到
龐
公
棲
隱
處
岩
扉
松
徑
長
寂
寥
唯
有
幽
人
自
來
去
唐
孟
浩
然
詩
夜
歸
鹿
門
歌
丙
午
初
夏
徐
志
寫"	/mnt/Suran_database/Users/thanhthanh_workspace/Project/NLP_K35/xlnntn_hp2_friend/data/mrDuc_data/Images/UzpfSTEwMDAwMjgwNzA5MDE0OTpWSzoyNjcyMTk2ODcyNDExMTg4OA==_0.jpg
/images/UzpfSTEwMDAwNjk5OTg0Mzk5MjpWSzoyNjcyNjA1MjgxMDM3MDE0Ng==_0.jpg	0.6527	high_directional_coverage	"書友早安舒心😃
習字塗鴉分享🙏
出自於蘇軾的《西江月·世事一场大梦》
作者：蘇軾
世事一場大夢，人生幾度秋涼？夜來風葉已鳴廊。看取眉頭鬢上。(秋涼 一作：新涼)
酒賤常愁客少，月明多被雲妨。中秋誰與共孤光。把盞悽然北望。 
✍️於:烘爐茶壺"	"世事一場大夢人生幾度秋涼夜
来風葉已鳴廊看取眉
鬢上酒賤常愁客少月明多被
云妨中秋誰與共孤光把盞
凄然北望
苏轼西江月丙午 锡潮书"	/mnt/Suran_database/Users/thanhthanh_workspace/Project/NLP_K35/xlnntn_hp2_friend/data/mrDuc_data/Images/UzpfSTEwMDAwNjk5OTg0Mzk5MjpWSzoyNjcyNjA1MjgxMDM3MDE0Ng==_0.jpg
/images/UzpfSTEwMDAwMDM2NjMwMzY2NTpWSzoyNjcxNTIyMTg3NDc4NjU3Mw==_0.jpg	0.660735	combined_score_above_threshold	"2026-05-18週一
中華字經
107
第六課 幼教20
壹貳摹仿，叁肆韻誼。
伍陸描繪，㭍捌譬喻。
幼稚早竅，玩耍練習。"	"壹
貳
摹
仿
叁
肆
韻
誼
伍
陸
描
繪
染
捌
劈
喻
幼
稚
早
竅
玩
耍
練
習
中華字經
一四丙子
夏姬臨書"	/mnt/Suran_database/Users/thanhthanh_workspace/Project/NLP_K35/xlnntn_hp2_friend/data/mrDuc_data/Images/UzpfSTEwMDAwMDM2NjMwMzY2NTpWSzoyNjcxNTIyMTg3NDc4NjU3Mw==_0.jpg
/images/UzpfSTEwMDAwMDM2OTIxMDcyNTpWSzoyNjcwODc3OTMzNTQzMDgyNw==_0.jpg	0.875556	high_directional_coverage	玉宇河漢酒，春星到心涯。今天的練習01	"玉
宇
河
灑
酒
春
星
到
心
涯"	/mnt/Suran_database/Users/thanhthanh_workspace/Project/NLP_K35/xlnntn_hp2_friend/data/mrDuc_data/Images/UzpfSTEwMDAwMDM2OTIxMDcyNTpWSzoyNjcwODc3OTMzNTQzMDgyNw==_0.jpg
/images/UzpfSTEwMDAwNjk5OTg0Mzk5MjpWSzoyNjcxMzk3MTUxODI0NDk0Mg==_0.jpg	0.584444	combined_score_above_threshold	"書友早安舒心😃
習字塗鴉分享🙏
有志者 事竟成
破釜沉舟 百二秦關終屬楚。
苦心人 天不負
臥薪嘗膽 三千越甲可吞吳。
✍️於:烘爐茶壺"	"有志者事竟成
破釜沉舟百二秦关
终属楚苦心人天不负
卧薪尝胆三千
越甲可吞吴
丙子锡湖书"	/mnt/Suran_database/Users/thanhthanh_workspace/Project/NLP_K35/xlnntn_hp2_friend/data/mrDuc_data/Images/UzpfSTEwMDAwNjk5OTg0Mzk5MjpWSzoyNjcxMzk3MTUxODI0NDk0Mg==_0.jpg
/images/UzpfSTEwMDAwMDM2OTIxMDcyNTpWSzoyNjcwODc4NTMxODc2MzU2Mg==_0.jpg	0.816381	high_directional_coverage	鸞屏掩，翠衾香。小蘭房。回首當時雲雨夢，兩難忘。 如今水遠山長。憑鱗翼、難敘衷腸。況是教人無可恨，一味思量。今天的練習03	"鴛屏掩翠衾寒小蘭房回首當時雲雨
夢去難忘如今水遠山長憑鱗翼難敘
衷腸況是教人無可奈一味思量
宋人蔡伸蘇幕遮丙午之夏"	/mnt/Suran_database/Users/thanhthanh_workspace/Project/NLP_K35/xlnntn_hp2_friend/data/mrDuc_data/Images/UzpfSTEwMDAwMDM2OTIxMDcyNTpWSzoyNjcwODc4NTMxODc2MzU2Mg==_0.jpg
/images/UzpfSTEwMDAwMzI4NDg3MDY0MDpWSzoyNjcwNTgxODAyMjM5MzYyNQ==_0.jpg	0.610031	high_directional_coverage	"初夏第一天，尚有涼意，就以不躁動的筆韻，試著寫出此詩展現出的一種屬於初夏的清朗、躍動與盎然生機。

梅子黃時日日晴，
小溪泛盡卻山行。
綠陰不減來時路，
添得黃鸝四五聲。
- 宋 曾幾"	"梅子黃時日日晴
小溪泛盡卻山行
綠陰不減來時路
添得
黃鸝四五聲
宋曾几诗
丙子初夏栗惟"	/mnt/Suran_database/Users/thanhthanh_workspace/Project/NLP_K35/xlnntn_hp2_friend/data/mrDuc_data/Images/UzpfSTEwMDAwMzI4NDg3MDY0MDpWSzoyNjcwNTgxODAyMjM5MzYyNQ==_0.jpg
/images/UzpfSTEwMDAxNjg4Mjk5NjczMzpWSzoyNjcwMjU5MTk3MjcxNjIzMA==_0.jpg	0.650167	high_directional_coverage	「高松来好月，青天養片雲」！見笑！	"高
松
来
好
月
丙午夏日
写
青
天
卷
片
雲"	/mnt/Suran_database/Users/thanhthanh_workspace/Project/NLP_K35/xlnntn_hp2_friend/data/mrDuc_data/Images/UzpfSTEwMDAxNjg4Mjk5NjczMzpWSzoyNjcwMjU5MTk3MjcxNjIzMA==_0.jpg
/images/UzpfSTEwMDAwMDM2OTIxMDcyNTpWSzoyNjY5NjIyMjk4NjY4NjQ2Mg==_0.jpg	1.0	one_text_contains_the_other	通達事理。今天的練習02	通達事理	/mnt/Suran_database/Users/thanhthanh_workspace/Project/NLP_K35/xlnntn_hp2_friend/data/mrDuc_data/Images/UzpfSTEwMDAwMDM2OTIxMDcyNTpWSzoyNjY5NjIyMjk4NjY4NjQ2Mg==_0.jpg
/images/UzpfSTEwMDAwMTQyMzg2MTA2MzpWSzoyNjY5NTg2MDIxNjcyMjczOQ==_0.jpg	0.916772	high_directional_coverage	我們到了一定的年紀，才會發現，人生其實很多東西都是可有可無的。同時也是可去可留，一生很短，沒什麼大徹大悟，無非是步步錯，步步悟，邊走邊悟，能夠治愈你的，從來不是事件，而是你心裡的那份執著。	"我們到了一定的年紀，才會發現，人生其
實有些東西是可有可無的，同時也是可
去可留，一生很短，沒什麼大徹大悟，無非
是步步錯，步步悟，邊走邊覺悟，能夠治愈你
的，從來不是時間，而是你心裡的那份執着。"	/mnt/Suran_database/Users/thanhthanh_workspace/Project/NLP_K35/xlnntn_hp2_friend/data/mrDuc_data/Images/UzpfSTEwMDAwMTQyMzg2MTA2MzpWSzoyNjY5NTg2MDIxNjcyMjczOQ==_0.jpg
/images/UzpfSTEwMDAwMDM2OTIxMDcyNTpWSzoyNjY2OTQ1NDE1NjAzMDAxMg==_0.jpg	1.0	one_text_contains_the_other	松風高潔。今天的練習02	"松
風
高
潔"	/mnt/Suran_database/Users/thanhthanh_workspace/Project/NLP_K35/xlnntn_hp2_friend/data/mrDuc_data/Images/UzpfSTEwMDAwMDM2OTIxMDcyNTpWSzoyNjY2OTQ1NDE1NjAzMDAxMg==_0.jpg
/images/UzpfSTEwMDAwMDM2OTIxMDcyNTpWSzoyNjY5NjIyNTc2MDAxOTUxOA==_0.jpg	0.753045	high_directional_coverage	騷人久不出，安得國風清。擬掘孤墳破，重教大雅生。 皇天高莫問，白酒恨難平。悒怏寒江上，誰人知此情。今天的練習03	"騷人久不出安得國風清擬掘孤墳
破篋敷大雅生皇天亦高莫問江海恨
難平悒怏氣江上誰人知此情
唐人裴說詩錄杜工部墳丙午之夏"	/mnt/Suran_database/Users/thanhthanh_workspace/Project/NLP_K35/xlnntn_hp2_friend/data/mrDuc_data/Images/UzpfSTEwMDAwMDM2OTIxMDcyNTpWSzoyNjY5NjIyNTc2MDAxOTUxOA==_0.jpg
/images/UzpfSTEwMDAwMDY5MDI2MjM3MTpWSzoyNjU2OTU5MDczNjAxNjM1NQ==_0.jpg	0.499456	one_text_contains_the_other	米芾 淡墨秋山詩帖	"淡墨秋山畫遠
天暮霞還照
紫添烟故人好
在重攜手不到
平山漫五年
米芾淡墨秋山詩帖 丙午夏"	/mnt/Suran_database/Users/thanhthanh_workspace/Project/NLP_K35/xlnntn_hp2_friend/data/mrDuc_data/Images/UzpfSTEwMDAwMDY5MDI2MjM3MTpWSzoyNjU2OTU5MDczNjAxNjM1NQ==_0.jpg
/images/UzpfSTEwMDAwMDM2NjMwMzY2NTpWSzoyNjY4ODQ2NzI3MDc5NTM2Nw==_0.jpg	0.717803	high_directional_coverage	"2026-05-16週六
中華字經
106
鋪蓋篷訂，粹粕丟棄。
蹈矩墩凳，晶瑩玻璃。
屢賒甭夠，勤儉勉勵。"	"鋪蓋蓬訂粹粕
丢棄蹈矩墩凳
晶瑩玻璃屢賒
甭夠勤儉勉勵
中華字經108丙申冬雙月游子書"	/mnt/Suran_database/Users/thanhthanh_workspace/Project/NLP_K35/xlnntn_hp2_friend/data/mrDuc_data/Images/UzpfSTEwMDAwMDM2NjMwMzY2NTpWSzoyNjY4ODQ2NzI3MDc5NTM2Nw==_0.jpg
/images/UzpfSTEwMDAwMDAyOTcyMDEwOTpWSzoyNjY2NTMyNjE5OTc3NjE0MQ==_0.jpg	0.819426	high_directional_coverage	"蘇幕遮·懷舊 (范仲淹)
原文：

碧雲天，黃葉地。秋色連波，波上寒煙翠。

山映斜陽天接水。芳草無情，更在斜陽外。

黯鄉魂，追旅思。夜夜除非，好夢留人睡。

明月樓高休獨倚。酒入愁腸，化作相思淚。"	"碧雲天黃葉地秋色連波波上寒煙翠山映
斜陽天接水芳艸無情更在斜陽外黯鄉魂
追旅思夜夜除非好夢留人睡明月樓高休
濁酒入愁腸化作相思淚
范仲淹蘇幕遮懷舊
丙申年夏蕭良材書於懷遠齋"	/mnt/Suran_database/Users/thanhthanh_workspace/Project/NLP_K35/xlnntn_hp2_friend/data/mrDuc_data/Images/UzpfSTEwMDAwMDAyOTcyMDEwOTpWSzoyNjY2NTMyNjE5OTc3NjE0MQ==_0.jpg
/images/UzpfSTEwMDAwMDM2OTIxMDcyNTpWSzoyNjY4MzA1NjMyMTMzNjQ2Mg==_0.jpg	1.0	one_text_contains_the_other	芳樹笙歌醻令節，茂林觴詠敘幽情。今天的練習01	"芳樹笙歌醻令節
茂林觴詠敘幽情"	/mnt/Suran_database/Users/thanhthanh_workspace/Project/NLP_K35/xlnntn_hp2_friend/data/mrDuc_data/Images/UzpfSTEwMDAwMDM2OTIxMDcyNTpWSzoyNjY4MzA1NjMyMTMzNjQ2Mg==_0.jpg
/images/UzpfSTEwMDAwMDAyOTcyMDEwOTpWSzoyNjY3NjkyNzk4ODYxNTk2Mg==_0.jpg	0.585859	combined_score_above_threshold	"王安石《梅花》
牆角數枝梅，凌寒獨自開。

遙知不是雪，為有暗香來。

陸游《梅花》

春信今年早，江頭昨夜寒。

已教清徹骨，更向月中看。"	"墻角数枝梅 凌寒独自開 遥知不是
雪为有暗香来春信何曾早江深昨夜寒
意已教清徹骨更向月中看
题梅花画诗两首
丙午冬萧良材书"	/mnt/Suran_database/Users/thanhthanh_workspace/Project/NLP_K35/xlnntn_hp2_friend/data/mrDuc_data/Images/UzpfSTEwMDAwMDAyOTcyMDEwOTpWSzoyNjY3NjkyNzk4ODYxNTk2Mg==_0.jpg
/images/UzpfSTEwMDAwMzI4NDg3MDY0MDpWSzoyNjY3NzY1NTI3ODU0MzIzMw==_7.jpg	0.670716	high_directional_coverage	"心有閒處，自有笑而不答的自如…

李白《山中問答》
問余何意棲碧山，
笑而不答心自閒。
桃花流水窅然去，
別有天地非人間。"	"問
余
何
意
棲
碧
山
笑
而
不
答
心
自
閒
别
有
天
地
非
人
間"	/mnt/Suran_database/Users/thanhthanh_workspace/Project/NLP_K35/xlnntn_hp2_friend/data/mrDuc_data/Images/UzpfSTEwMDAwMzI4NDg3MDY0MDpWSzoyNjY3NzY1NTI3ODU0MzIzMw==_7.jpg
/images/UzpfSTEwMDAwMzI4NDg3MDY0MDpWSzoyNjY3NzY1NTI3ODU0MzIzMw==_4.jpg	0.682685	high_directional_coverage	"心有閒處，自有笑而不答的自如…

李白《山中問答》
問余何意棲碧山，
笑而不答心自閒。
桃花流水窅然去，
別有天地非人間。"	"問余何意棲碧山笑而
不答心自閑桃花流水
窅然去別有
李白山中問答"	/mnt/Suran_database/Users/thanhthanh_workspace/Project/NLP_K35/xlnntn_hp2_friend/data/mrDuc_data/Images/UzpfSTEwMDAwMzI4NDg3MDY0MDpWSzoyNjY3NzY1NTI3ODU0MzIzMw==_4.jpg
/images/UzpfSTEwMDAwMDM2OTIxMDcyNTpWSzoyNjY2OTQ1MTM5MjY5Njk1NQ==_0.jpg	0.699892	high_directional_coverage	風捲寒雲暮雪晴，江煙洗盡柳條輕。檐前數片無人掃，又得書窗一夜明。今天的練習01	"風捲寒雲暮雪晴江煙洗盡
柳條輕簷前數片無人埽又
得書窓一枝梅
唐人戎昱詩霽雪
丙午三月"	/mnt/Suran_database/Users/thanhthanh_workspace/Project/NLP_K35/xlnntn_hp2_friend/data/mrDuc_data/Images/UzpfSTEwMDAwMDM2OTIxMDcyNTpWSzoyNjY2OTQ1MTM5MjY5Njk1NQ==_0.jpg
/images/UzpfSTEwMDAwMDM2OTIxMDcyNTpWSzoyNjY2OTQ1NzAyNjAyOTcyNQ==_0.jpg	0.716066	high_directional_coverage	常貴西山鳥，銜恩在玉堂。語傳明主意，衣拂美人香。緩步尋珠網，高飛上畫樑。長安頻道樂，何日從君王。今天的練習03	"常隨西山鳥銜恩在玉堂語傳明主
意衣拂美人香緩步避珠網高飛上
画梁吾安頻樂道何日送双王
唐人裴说诗
丙午夏月"	/mnt/Suran_database/Users/thanhthanh_workspace/Project/NLP_K35/xlnntn_hp2_friend/data/mrDuc_data/Images/UzpfSTEwMDAwMDM2OTIxMDcyNTpWSzoyNjY2OTQ1NzAyNjAyOTcyNQ==_0.jpg
/images/UzpfSTEwMDAwMDM2NjMwMzY2NTpWSzoyNjY3NTcxNDgwNTQwMzk0Nw==_0.jpg	0.779925	high_directional_coverage	"2026-05-15週五
長恨歌 白居易
09
九重城闕煙塵生，
千乘萬騎西南行。
翠華搖搖行復止，
西出都門百餘里；"	"九重城闕煙塵生
千乘萬騎西南行
翠華搖搖行及止
西出都門百餘里
長恨歌白居易丙戌夏燮禮書"	/mnt/Suran_database/Users/thanhthanh_workspace/Project/NLP_K35/xlnntn_hp2_friend/data/mrDuc_data/Images/UzpfSTEwMDAwMDM2NjMwMzY2NTpWSzoyNjY3NTcxNDgwNTQwMzk0Nw==_0.jpg
/images/UzpfSTEwMDAwMDY5MDI2MjM3MTpWSzoyNjY2Mzk0MjY2MzI0NzgyOA==_0.jpg	0.405929	one_text_contains_the_other	哥林多前書2:10	"只有神藉著聖
靈向我們顯明了
因為聖靈參透
萬事就是神深
奧的事也參透了
哥林多前書二章十節"	/mnt/Suran_database/Users/thanhthanh_workspace/Project/NLP_K35/xlnntn_hp2_friend/data/mrDuc_data/Images/UzpfSTEwMDAwMDY5MDI2MjM3MTpWSzoyNjY2Mzk0MjY2MzI0NzgyOA==_0.jpg
/images/UzpfSTEwMDAwMzI4NDg3MDY0MDpWSzoyNjY3NzY1NTI3ODU0MzIzMw==_6.jpg	0.70366	combined_score_above_threshold	"心有閒處，自有笑而不答的自如…

李白《山中問答》
問余何意棲碧山，
笑而不答心自閒。
桃花流水窅然去，
別有天地非人間。"	"問余何意棲碧山笑而不
答心自閒桃花流水窅然去
別有天地非人間
李白山中問答詩於彰庵中栗煌"	/mnt/Suran_database/Users/thanhthanh_workspace/Project/NLP_K35/xlnntn_hp2_friend/data/mrDuc_data/Images/UzpfSTEwMDAwMzI4NDg3MDY0MDpWSzoyNjY3NzY1NTI3ODU0MzIzMw==_6.jpg
/images/UzpfSTU0MjM2Mjc2MDpWSzoyNjY2NDAzODkxNjU3MTUzNg==_3.jpg	0.738177	high_directional_coverage	"#春有百花秋有月，
夏有涼風冬有雪，

若無閒事掛心頭，

便是人間好時節。

宋.無門 #慧開禪師 詩偈

#米芾 #行書 #練字養心"	"春
有
百
花
秋
有
月
夏
有
涼
風
冬
有
雪
若
無
閑
事
掛
心
頭
便
是
人
間
好
時
節"	/mnt/Suran_database/Users/thanhthanh_workspace/Project/NLP_K35/xlnntn_hp2_friend/data/mrDuc_data/Images/UzpfSTU0MjM2Mjc2MDpWSzoyNjY2NDAzODkxNjU3MTUzNg==_3.jpg
/images/UzpfSTEwMDAwMzUzNjA0MTQ0NzpWSzoyNjY0NzUwMzE1NDg5MTc3OQ==_0.jpg	0.583001	combined_score_above_threshold	"#感謝書友欣賞

行草 宋 蘇軾 上元侍宴🙏☕😎

淡月疏星繞建章
仙風吹下玉爐香
侍臣鵠立通明殿
一朵紅雲捧玉皇"	"秋月疎星繞建章
仙風吹下玉人來
分明引入通明殿
一朵紅雲捧玉皇
蘇軾上元侍宴己丑冬幼銘"	/mnt/Suran_database/Users/thanhthanh_workspace/Project/NLP_K35/xlnntn_hp2_friend/data/mrDuc_data/Images/UzpfSTEwMDAwMzUzNjA0MTQ0NzpWSzoyNjY0NzUwMzE1NDg5MTc3OQ==_0.jpg
/images/UzpfSTEwMDAwMDM2NjMwMzY2NTpWSzoyNjY2MTUzMzkxMDE1NTM3MA==_0.jpg	0.779519	high_directional_coverage	"2026-05-14週四
中華字經
105
氈墊毯褥，晴晾曬洗。
褂袱骯漬，挽袖濯滌。
灑掃庭除，擦抹桌椅。"	"氂
墊
毯
褥
晴
晾
曬
洗
褂
袱
骯
漬
挽
袖
濯
滌
灑
掃
庭
除
擦
抹
桌
椅
中華字經
丙午冬段俊書"	/mnt/Suran_database/Users/thanhthanh_workspace/Project/NLP_K35/xlnntn_hp2_friend/data/mrDuc_data/Images/UzpfSTEwMDAwMDM2NjMwMzY2NTpWSzoyNjY2MTUzMzkxMDE1NTM3MA==_0.jpg
/images/UzpfSTY3MTc0OTU2NDpWSzoyNjY2MTAxNDU4MDIwNzMwMw==_1.jpg	0.631184	high_directional_coverage	"【篆書練習】觀自在/是三行金石文字形/不僅書法

沉潛

讀一些無用的書、

做一些無用的事、

花一些無用的時間，

都是為了，在一切已知之外；

保留一個，超越自己的機會。

人生中，一些很了不起的變化，

就是來自這種時刻。

***************************************************

*摘錄：梁文道《悅己》

梁文道，1970年生於香港，人稱「道長」，祖籍廣東順德。大學講師、文化從業人員、自由撰稿人、電視電臺節目主持人、牛棚書院院長、中學校長、商業電臺台長、電影創作人和劇評家、作家、書評家、食文化研究人、時事評論員、樂評家。"	"沉
潛
讀一些無用的書、
做一些無用的事、
花一些無用的時間;
都是為了在一切已知之外,
保留一個超越自己的機會。
人生中一些很了不起的變化,
就是來自這種時刻。
摘錄是三行先生書法字形/是志成編纂"	/mnt/Suran_database/Users/thanhthanh_workspace/Project/NLP_K35/xlnntn_hp2_friend/data/mrDuc_data/Images/UzpfSTY3MTc0OTU2NDpWSzoyNjY2MTAxNDU4MDIwNzMwMw==_1.jpg
/images/UzpfSTY3MTc0OTU2NDpWSzoyNjY2MTAxNDU4MDIwNzMwMw==_3.jpg	0.617371	high_directional_coverage	"【篆書練習】觀自在/是三行金石文字形/不僅書法

沉潛

讀一些無用的書、

做一些無用的事、

花一些無用的時間，

都是為了，在一切已知之外；

保留一個，超越自己的機會。

人生中，一些很了不起的變化，

就是來自這種時刻。

***************************************************

*摘錄：梁文道《悅己》

梁文道，1970年生於香港，人稱「道長」，祖籍廣東順德。大學講師、文化從業人員、自由撰稿人、電視電臺節目主持人、牛棚書院院長、中學校長、商業電臺台長、電影創作人和劇評家、作家、書評家、食文化研究人、時事評論員、樂評家。"	"讀一些無用的書、
做一些無用的事、
花一些無用的時間；
都是為了在一切已知之外，
保留一個超越自己的機會。
沉潛
人生中一些很了不起的變化，
就是來自這種時刻。
摘錄是三行先生書法字形/是志成編纂"	/mnt/Suran_database/Users/thanhthanh_workspace/Project/NLP_K35/xlnntn_hp2_friend/data/mrDuc_data/Images/UzpfSTY3MTc0OTU2NDpWSzoyNjY2MTAxNDU4MDIwNzMwMw==_3.jpg
/images/UzpfSTEwMDAwMDM2OTIxMDcyNTpWSzoyNjY1NTc5MTQ0MDcyOTYxNw==_0.jpg	0.818335	high_directional_coverage	共賀登科後，明宣入紫宸。又看重試榜，還見苦吟人。 此得名渾別，歸來話亦新。分明一枝桂，堪動楚江濱。今天的練習03	"共賀登科後的宜入紫宸又看重試
榜還見苦吟人此得名渾別歸來話
亦新分得一枝桂堪動楚江濱
唐人裴說詩見王貞白
丙子夏月"	/mnt/Suran_database/Users/thanhthanh_workspace/Project/NLP_K35/xlnntn_hp2_friend/data/mrDuc_data/Images/UzpfSTEwMDAwMDM2OTIxMDcyNTpWSzoyNjY1NTc5MTQ0MDcyOTYxNw==_0.jpg
/images/UzpfSTEwMDAwMDM2OTIxMDcyNTpWSzoyNjY1NTc4NTc1MDczMDE4Ng==_0.jpg	0.77	high_directional_coverage	經史要文夕宣雅頌，春秋佳日愛酌壺觴。今天的練習01	"經
史
要
文
多
宣
雅
頌
春
穠
佳
日
憂
酌
壺
觴"	/mnt/Suran_database/Users/thanhthanh_workspace/Project/NLP_K35/xlnntn_hp2_friend/data/mrDuc_data/Images/UzpfSTEwMDAwMDM2OTIxMDcyNTpWSzoyNjY1NTc4NTc1MDczMDE4Ng==_0.jpg
/images/UzpfSTEwMDAwMDM2NjMwMzY2NTpWSzoyNjY0OTcwMDkyODAwNTMzNQ==_0.jpg	0.820454	high_directional_coverage	"2026-05-13週三
長恨歌 白居易
08
緩歌慢舞凝絲竹，
盡日君王看不足。
漁陽鼙鼓動地來，
驚破霓裳羽衣曲。"	"緩歌慢舞凝絲竹
盡日君王看不足
漁陽鼙鼓動地來
驚破霓裳羽衣曲
長恨歌白居易
丙午夏
煜之"	/mnt/Suran_database/Users/thanhthanh_workspace/Project/NLP_K35/xlnntn_hp2_friend/data/mrDuc_data/Images/UzpfSTEwMDAwMDM2NjMwMzY2NTpWSzoyNjY0OTcwMDkyODAwNTMzNQ==_0.jpg
/images/UzpfSTU0MjM2Mjc2MDpWSzoyNjY0MzY3Nzc2NTI3NDMxOA==_3.jpg	0.866578	one_text_contains_the_other	"朝辭白帝彩雲間，
千里江陵一日還。

兩岸猿聲啼不住，

輕舟已過萬重山。

《#早發白帝城》，又名《#下江陵》#李白

很久沒有練字，今日重執毛筆。

#米芾 #行書 #練字養心"	"朝辭白帝彩雲間千
里江陵一日還兩岸猿
聲啼不住輕舟
已過萬重山"	/mnt/Suran_database/Users/thanhthanh_workspace/Project/NLP_K35/xlnntn_hp2_friend/data/mrDuc_data/Images/UzpfSTU0MjM2Mjc2MDpWSzoyNjY0MzY3Nzc2NTI3NDMxOA==_3.jpg
/images/UzpfSTEwMDAwMDM2OTIxMDcyNTpWSzoyNjY0MjgwMjg2NTM2MTgwOA==_0.jpg	1.0	one_text_contains_the_other	志凌雲霓。今天的練習02	"志
凌
雲
霓"	/mnt/Suran_database/Users/thanhthanh_workspace/Project/NLP_K35/xlnntn_hp2_friend/data/mrDuc_data/Images/UzpfSTEwMDAwMDM2OTIxMDcyNTpWSzoyNjY0MjgwMjg2NTM2MTgwOA==_0.jpg
/images/UzpfSTU0MjM2Mjc2MDpWSzoyNjY0MzY3Nzc2NTI3NDMxOA==_0.jpg	0.792125	high_directional_coverage	"朝辭白帝彩雲間，
千里江陵一日還。

兩岸猿聲啼不住，

輕舟已過萬重山。

《#早發白帝城》，又名《#下江陵》#李白

很久沒有練字，今日重執毛筆。

#米芾 #行書 #練字養心"	"朝
辞
白
帝
彩
雲
間
千
里
江
陵
一日
還
两
岸
猿
聲
啼
不
住
輕
舟
已過
萬
重
山"	/mnt/Suran_database/Users/thanhthanh_workspace/Project/NLP_K35/xlnntn_hp2_friend/data/mrDuc_data/Images/UzpfSTU0MjM2Mjc2MDpWSzoyNjY0MzY3Nzc2NTI3NDMxOA==_0.jpg
/images/UzpfSTU0MjM2Mjc2MDpWSzoyNjY0MzY3Nzc2NTI3NDMxOA==_2.jpg	0.580889	combined_score_above_threshold	"朝辭白帝彩雲間，
千里江陵一日還。

兩岸猿聲啼不住，

輕舟已過萬重山。

《#早發白帝城》，又名《#下江陵》#李白

很久沒有練字，今日重執毛筆。

#米芾 #行書 #練字養心"	"朝
辞
白
帝
彩
云
间
千
里
江
陵
一
日
还
两
岸
猿
声
啼
不
住
轻
舟
已
过
萬
重
山
ericleung.space"	/mnt/Suran_database/Users/thanhthanh_workspace/Project/NLP_K35/xlnntn_hp2_friend/data/mrDuc_data/Images/UzpfSTU0MjM2Mjc2MDpWSzoyNjY0MzY3Nzc2NTI3NDMxOA==_2.jpg
/images/UzpfSTU0MjM2Mjc2MDpWSzoyNjY0MzY3Nzc2NTI3NDMxOA==_5.jpg	0.84713	high_directional_coverage	"朝辭白帝彩雲間，
千里江陵一日還。

兩岸猿聲啼不住，

輕舟已過萬重山。

《#早發白帝城》，又名《#下江陵》#李白

很久沒有練字，今日重執毛筆。

#米芾 #行書 #練字養心"	"朝
辭
白
帝
彩
雲
間
里
江
陵
一日
還
兩
岸
猿
聲
啼
不
住
輕
舟
已
過
萬
重
山"	/mnt/Suran_database/Users/thanhthanh_workspace/Project/NLP_K35/xlnntn_hp2_friend/data/mrDuc_data/Images/UzpfSTU0MjM2Mjc2MDpWSzoyNjY0MzY3Nzc2NTI3NDMxOA==_5.jpg
/images/UzpfSTY3MTc0OTU2NDpWSzoyNjYzNTM1MjUzMjc3MzUwOA==_1.jpg	0.382222	one_text_contains_the_other	"【篆書練習】觀自在/是三行金石文字形/不僅書法

路愛

目中有人，才有路；

心中有愛，才有度。

************************************

2017年收集網文，輯編《觀自在》專文，並節錄父親是三行先生的各體書法字形做PO圖，今習篆書之。

************************************************

經過數十年的整理，不僅將父親是三行先生的金石文書法作品字形拆分，並搜編各個字形的演變進程、資訊，及名家字跡，建立臉書FB「不僅書法」（以篆書練習為主），提供篆書喜好者瀏覽使用，在篆書領域上秉持父親遺願，盡一己之力！"	"路
愛
目中有人、才有路，心中有愛、才有度。"	/mnt/Suran_database/Users/thanhthanh_workspace/Project/NLP_K35/xlnntn_hp2_friend/data/mrDuc_data/Images/UzpfSTY3MTc0OTU2NDpWSzoyNjYzNTM1MjUzMjc3MzUwOA==_1.jpg
/images/UzpfSTEwMDA2Njk5MjM5MDYwMTpWSzoyNjYzNjQ4OTc0OTMyNjQ1Mw==_0.jpg	0.827531	one_text_contains_the_other	"與其看透別人，不如看清自己
#人生 #改变 #毛笔书法"	"與其看透別人
不如看清自己
丙申晚春明峰書"	/mnt/Suran_database/Users/thanhthanh_workspace/Project/NLP_K35/xlnntn_hp2_friend/data/mrDuc_data/Images/UzpfSTEwMDA2Njk5MjM5MDYwMTpWSzoyNjYzNjQ4OTc0OTMyNjQ1Mw==_0.jpg
/images/UzpfSTEwMDA2Njk5MjM5MDYwMTpWSzoyNjYyNzIwMzYzMzU4ODM5OA==_0.jpg	0.845556	one_text_contains_the_other	"人品不行
一切歸零
#有溫度的毛筆字
#正能量"	"人品不行
一切歸零
墨深能书"	/mnt/Suran_database/Users/thanhthanh_workspace/Project/NLP_K35/xlnntn_hp2_friend/data/mrDuc_data/Images/UzpfSTEwMDA2Njk5MjM5MDYwMTpWSzoyNjYyNzIwMzYzMzU4ODM5OA==_0.jpg
/images/UzpfSTEwMDAwMDM2OTIxMDcyNTpWSzoyNjYzMDQyMTQzOTkzMzI4NA==_0.jpg	0.942231	high_directional_coverage	筆架沾窗雨，書籤(簽)映隙曛。今天的練習01	"筆
架
沾
窗
雨
書
簽
映
隙
曛"	/mnt/Suran_database/Users/thanhthanh_workspace/Project/NLP_K35/xlnntn_hp2_friend/data/mrDuc_data/Images/UzpfSTEwMDAwMDM2OTIxMDcyNTpWSzoyNjYzMDQyMTQzOTkzMzI4NA==_0.jpg
/images/UzpfSTEwMDAwMjgwNzA5MDE0OTpWSzoyNjU4MDQzMzkzODI2NTM2OA==_0.jpg	0.763198	high_directional_coverage	"金陵酒肆留別
唐-李白

風吹柳花滿店香，吳姬壓酒勸客嘗。

金陵子弟來相送，欲行不行各盡觴。

請君試問東流水，別意與之誰短長。"	"風吹柳花滿店香吳姬壓酒勸客嘗金陵
子弟来相送欲行不行各盡觴請君試問東流
水别意与之誰短長
唐李白詩丙子初夏徐志海"	/mnt/Suran_database/Users/thanhthanh_workspace/Project/NLP_K35/xlnntn_hp2_friend/data/mrDuc_data/Images/UzpfSTEwMDAwMjgwNzA5MDE0OTpWSzoyNjU4MDQzMzkzODI2NTM2OA==_0.jpg
/images/UzpfSTEwMDAwMDM2OTIxMDcyNTpWSzoyNjYzMDQyNjY2NjU5OTQyOA==_0.jpg	0.695394	high_directional_coverage	茶鐺沸，篆煙收。伴春愁。天氣宜晴宜雨，弄輕柔。 子野聞歌添恨，仲宣漫賦登樓。悵望思人不見，水空流。今天的練習03	"茶鐺沸篆煙收伴書愁天氣宜晴宜
雨美輕柔子野歌中添恨仲宣賦裏登
樓悵望美人心事水空流
野人梁清標書于右丙午春月之吉"	/mnt/Suran_database/Users/thanhthanh_workspace/Project/NLP_K35/xlnntn_hp2_friend/data/mrDuc_data/Images/UzpfSTEwMDAwMDM2OTIxMDcyNTpWSzoyNjYzMDQyNjY2NjU5OTQyOA==_0.jpg
/images/UzpfSTEwMDAwMDM2NjMwMzY2NTpWSzoyNjYzNjc5OTY3OTI5NTQ2MA==_0.jpg	0.770397	high_directional_coverage	"2026-05-12週二
中華字經
104
坐摸滾爬，濘汗淋漓。
孺齡屁蹲，繃衩溶溺。
鞋襪襯褲，縫紉繚敝。"	"坐
摸
滾
爬
濘
汗
淋
漓
孺
齡
屁
蹲
繃
衩
溶
溺
鞋
襪
襯
褲
縫
紉
繚
敞
中華字經
丙子冬何景五書"	/mnt/Suran_database/Users/thanhthanh_workspace/Project/NLP_K35/xlnntn_hp2_friend/data/mrDuc_data/Images/UzpfSTEwMDAwMDM2NjMwMzY2NTpWSzoyNjYzNjc5OTY3OTI5NTQ2MA==_0.jpg
/images/UzpfSTEwMDAwMzI4NDg3MDY0MDpWSzoyNjYyNDYxMzU3Mzg0NzQwNA==_2.jpg	0.582143	combined_score_above_threshold	"“悟才見本心”

能見己心即是悟…"	悟見本心	/mnt/Suran_database/Users/thanhthanh_workspace/Project/NLP_K35/xlnntn_hp2_friend/data/mrDuc_data/Images/UzpfSTEwMDAwMzI4NDg3MDY0MDpWSzoyNjYyNDYxMzU3Mzg0NzQwNA==_2.jpg
/images/UzpfSTEwMDAwMDM2NjMwMzY2NTpWSzoyNjYyMzE4Nzk5NzMyMzI5NQ==_0.jpg	0.820454	high_directional_coverage	"2026-05-011週一
長恨歌 白居易
07
遂令天下父母心，
不重生男重生女。
驪宮高處入青雲，
仙樂風飄處處聞。"	"遂令天下父母心
不重生男重生女
驪宮高處入青雲
仙樂風飄處處聞
長恨歌白居易丙午夏啓壎"	/mnt/Suran_database/Users/thanhthanh_workspace/Project/NLP_K35/xlnntn_hp2_friend/data/mrDuc_data/Images/UzpfSTEwMDAwMDM2NjMwMzY2NTpWSzoyNjYyMzE4Nzk5NzMyMzI5NQ==_0.jpg
/images/UzpfSTEwMDAwMjU0OTQzOTE0OTpWSzoyNjYxNTc0MzY3NDczNDM5NA==_1.jpg	0.808132	high_directional_coverage	"台灣電力公司

政宇"	"台灣電力公司緊
ANTOU"	/mnt/Suran_database/Users/thanhthanh_workspace/Project/NLP_K35/xlnntn_hp2_friend/data/mrDuc_data/Images/UzpfSTEwMDAwMjU0OTQzOTE0OTpWSzoyNjYxNTc0MzY3NDczNDM5NA==_1.jpg
/images/UzpfSTEwMDAwMjU0OTQzOTE0OTpWSzoyNjYxNTc0MzY3NDczNDM5NA==_0.jpg	0.808132	high_directional_coverage	"台灣電力公司

政宇"	"台灣電力公司絮
ANTOU"	/mnt/Suran_database/Users/thanhthanh_workspace/Project/NLP_K35/xlnntn_hp2_friend/data/mrDuc_data/Images/UzpfSTEwMDAwMjU0OTQzOTE0OTpWSzoyNjYxNTc0MzY3NDczNDM5NA==_0.jpg
/images/UzpfSTEwMDAwMjU0OTQzOTE0OTpWSzoyNjYxNTc0MzY3NDczNDM5NA==_3.jpg	0.808132	high_directional_coverage	"台灣電力公司

政宇"	"台灣電力公司
學"	/mnt/Suran_database/Users/thanhthanh_workspace/Project/NLP_K35/xlnntn_hp2_friend/data/mrDuc_data/Images/UzpfSTEwMDAwMjU0OTQzOTE0OTpWSzoyNjYxNTc0MzY3NDczNDM5NA==_3.jpg
/images/UzpfSTEwMDAwMjU0OTQzOTE0OTpWSzoyNjYxNTc0MzY3NDczNDM5NA==_2.jpg	0.808132	high_directional_coverage	"台灣電力公司

政宇"	台灣電力公司景	/mnt/Suran_database/Users/thanhthanh_workspace/Project/NLP_K35/xlnntn_hp2_friend/data/mrDuc_data/Images/UzpfSTEwMDAwMjU0OTQzOTE0OTpWSzoyNjYxNTc0MzY3NDczNDM5NA==_2.jpg
/images/UzpfSTEwMDAwMDM2OTIxMDcyNTpWSzoyNjYxODk4MTUzNzc0Mzk0MQ==_0.jpg	0.685455	high_directional_coverage	紗窗暖，畫屏間，嚲雲鬟。 睡起四肢無力，半春閒。 玉指剪裁羅勝，金盤點綴酥山。 窺宋深心無限事，小眉彎。今天的練習03	"紗
窗
暖
畫
屏
間
鷓
鴣
聲
睡
起
四
肢
懶
力
微
無
問
玉
指
剪
裁
羅
勝
金
盤
點
綴
蘇
小
窺
宋
深
心
無
限
事
小
眉
彎
唐
人
和
樂
老
先
生
丙
午
春
月
之
吉"	/mnt/Suran_database/Users/thanhthanh_workspace/Project/NLP_K35/xlnntn_hp2_friend/data/mrDuc_data/Images/UzpfSTEwMDAwMDM2OTIxMDcyNTpWSzoyNjYxODk4MTUzNzc0Mzk0MQ==_0.jpg
/images/UzpfSTEwMDAwMDM2OTIxMDcyNTpWSzoyNjU5NTYwNjM1MzQxNDc5Mw==_0.jpg	0.643333	combined_score_above_threshold	組織仁義琢磨道德，比物荃蓀連類龍鸞。今天的練習01	"組
織
仁
義
琢
磨
徽
德
以
物
瑩
鞶
紳
類
龍
鸞"	/mnt/Suran_database/Users/thanhthanh_workspace/Project/NLP_K35/xlnntn_hp2_friend/data/mrDuc_data/Images/UzpfSTEwMDAwMDM2OTIxMDcyNTpWSzoyNjU5NTYwNjM1MzQxNDc5Mw==_0.jpg
/images/UzpfSTEwMDAwMDM2NjMwMzY2NTpWSzoyNjYxMTgzMDY1NTEyNTY5Ng==_0.jpg	0.724202	combined_score_above_threshold	"2026-05-10週日
中華字經
103
妊娠胚胎，嘔吐娩嬉。
特殊貢獻，永享勳譽。
第五課 育兒20
胖瘦小囡，嗅舔吮吸。"	"妊
娠
胚
胎
嘔
吐
娩
嬉
特
殊
貢
獻
永
享
勳
譽
胖
瘦
小
囡
嗅
舔
吮
吸
中華字經以丙午夏始書也"	/mnt/Suran_database/Users/thanhthanh_workspace/Project/NLP_K35/xlnntn_hp2_friend/data/mrDuc_data/Images/UzpfSTEwMDAwMDM2NjMwMzY2NTpWSzoyNjYxMTgzMDY1NTEyNTY5Ng==_0.jpg
/images/UzpfSTEwMDAwMjgwNzA5MDE0OTpWSzoyNjYxOTI4OTE2NDM3OTg0NQ==_0.jpg	0.782822	high_directional_coverage	"蘇幕遮・懷舊
宋-范仲淹

碧雲天，黃葉地。秋色連波，波上寒煙翠。

山映斜陽天接水。芳草無情，更在斜陽外。

黯鄉魂，追旅思。夜夜除非，好夢留人睡。

明月樓高休獨倚。酒入愁腸，化作相思淚。"	"碧雲天黃葉地秋色連波波上寒煙翠山映斜
陽天接水芳草無情更在斜陽外
夜夜除非好夢留人睡酒
入愁腸化作相思淚
宋范仲淹词丙子初夏符书"	/mnt/Suran_database/Users/thanhthanh_workspace/Project/NLP_K35/xlnntn_hp2_friend/data/mrDuc_data/Images/UzpfSTEwMDAwMjgwNzA5MDE0OTpWSzoyNjYxOTI4OTE2NDM3OTg0NQ==_0.jpg
/images/UzpfSTEwMDAwMDM2OTIxMDcyNTpWSzoyNjYwNzc1MDE0MjIwMDQxNA==_0.jpg	0.897778	high_directional_coverage	窗開千里月，硯洗一溪雲。今天的練習01	"窗開千里月
硯洗一溪露"	/mnt/Suran_database/Users/thanhthanh_workspace/Project/NLP_K35/xlnntn_hp2_friend/data/mrDuc_data/Images/UzpfSTEwMDAwMDM2OTIxMDcyNTpWSzoyNjYwNzc1MDE0MjIwMDQxNA==_0.jpg
/images/UzpfSTEwMDAwMzUzNjA0MTQ0NzpWSzoyNjYwNDM0MzkyMjU0MTAzNg==_0.jpg	0.634353	combined_score_above_threshold	"💐祝福全天下的媽媽母親節快樂💐

行草 唐 孟郊 遊子吟

慈母手中線 遊子身上衣
臨行密密縫 意恐遲遲歸
誰言寸草心 報得三春暉"	"慈母手中線游子衣
身上衣臨行密密縫
意恐遲遲歸誰言
寸草心報得三春暉
唐孟郊游子吟
辛卯年春書於吳中 紹"	/mnt/Suran_database/Users/thanhthanh_workspace/Project/NLP_K35/xlnntn_hp2_friend/data/mrDuc_data/Images/UzpfSTEwMDAwMzUzNjA0MTQ0NzpWSzoyNjYwNDM0MzkyMjU0MTAzNg==_0.jpg
/images/UzpfSTEwMDAwMDM2OTIxMDcyNTpWSzoyNjU4MzE1MzYyNDY2MDA2Ng==_0.jpg	1.0	one_text_contains_the_other	德音不瑕。今天的練習02	"德
音
不
瑕"	/mnt/Suran_database/Users/thanhthanh_workspace/Project/NLP_K35/xlnntn_hp2_friend/data/mrDuc_data/Images/UzpfSTEwMDAwMDM2OTIxMDcyNTpWSzoyNjU4MzE1MzYyNDY2MDA2Ng==_0.jpg
/images/UzpfSTEwMDAwMDM2OTIxMDcyNTpWSzoyNjYwNzc1NTk2ODg2NjQ5OA==_0.jpg	0.813643	high_directional_coverage	天初暖，日初長，好春光。萬匯此時皆得意，競芬芳。筍迸苔錢嫩綠，花偎雪塢濃香。誰把金絲裁剪卻，掛斜陽。今天的練習03	"天初暖日初長好春光萬匯此時皆得
意競芳筍逕苔錢嫩綠蕙花偎雪塢
濃香誰把金絲裁剪却掛斜陽
五代詞人歐陽炯春光好
丙午冬"	/mnt/Suran_database/Users/thanhthanh_workspace/Project/NLP_K35/xlnntn_hp2_friend/data/mrDuc_data/Images/UzpfSTEwMDAwMDM2OTIxMDcyNTpWSzoyNjYwNzc1NTk2ODg2NjQ5OA==_0.jpg
/images/UzpfSTEwMDAwMzI4NDg3MDY0MDpWSzoyNjU5MTE3NzU3MDUyNDMzOA==_0.jpg	0.605259	high_directional_coverage	"小時候看電視劇「錢來也」一出場吟唱“落魄江湖載酒行”的行俠江湖畫面依然歷歷在目…

落魄江湖載酒行，
楚腰纖細掌中輕。
十年一覺揚州夢，
贏得青樓薄倖名。
- 杜牧 遣懷"	"落魄江湖載酒行
楚腰纖細
掌中輕
十年一覺
揚州夢
贏
得青樓
薄倖名
散木時年七十有八"	/mnt/Suran_database/Users/thanhthanh_workspace/Project/NLP_K35/xlnntn_hp2_friend/data/mrDuc_data/Images/UzpfSTEwMDAwMzI4NDg3MDY0MDpWSzoyNjU5MTE3NzU3MDUyNDMzOA==_0.jpg
/images/UzpfSTEwMDAwMzI4NDg3MDY0MDpWSzoyNjU5MTE3NzU3MDUyNDMzOA==_3.jpg	0.69034	one_text_contains_the_other	"小時候看電視劇「錢來也」一出場吟唱“落魄江湖載酒行”的行俠江湖畫面依然歷歷在目…

落魄江湖載酒行，
楚腰纖細掌中輕。
十年一覺揚州夢，
贏得青樓薄倖名。
- 杜牧 遣懷"	"落魄江湖載酒行楚腰纖細
掌中輕十年一覺揚州夢
贏得青樓薄倖名"	/mnt/Suran_database/Users/thanhthanh_workspace/Project/NLP_K35/xlnntn_hp2_friend/data/mrDuc_data/Images/UzpfSTEwMDAwMzI4NDg3MDY0MDpWSzoyNjU5MTE3NzU3MDUyNDMzOA==_3.jpg
/images/UzpfSTEwMDAwMzI4NDg3MDY0MDpWSzoyNjU5MTE3NzU3MDUyNDMzOA==_4.jpg	0.603586	combined_score_above_threshold	"小時候看電視劇「錢來也」一出場吟唱“落魄江湖載酒行”的行俠江湖畫面依然歷歷在目…

落魄江湖載酒行，
楚腰纖細掌中輕。
十年一覺揚州夢，
贏得青樓薄倖名。
- 杜牧 遣懷"	"落魄江湖載酒行楚腰纖細
掌中輕十年一覺揚州夢
得青樓薄倖名
秋谷九十有五"	/mnt/Suran_database/Users/thanhthanh_workspace/Project/NLP_K35/xlnntn_hp2_friend/data/mrDuc_data/Images/UzpfSTEwMDAwMzI4NDg3MDY0MDpWSzoyNjU5MTE3NzU3MDUyNDMzOA==_4.jpg
/images/UzpfSTEwMDAwMzI4NDg3MDY0MDpWSzoyNjU5MTE3NzU3MDUyNDMzOA==_1.jpg	0.633736	high_directional_coverage	"小時候看電視劇「錢來也」一出場吟唱“落魄江湖載酒行”的行俠江湖畫面依然歷歷在目…

落魄江湖載酒行，
楚腰纖細掌中輕。
十年一覺揚州夢，
贏得青樓薄倖名。
- 杜牧 遣懷"	"落
魄
江
湖
載
酒
行
楚
腰
纖
細
掌
中
輕
十
年
一
覺
揚
州
夢
贏
得
青
樓
薄
倖
名
杜牧詩
丙子暮春栗煇"	/mnt/Suran_database/Users/thanhthanh_workspace/Project/NLP_K35/xlnntn_hp2_friend/data/mrDuc_data/Images/UzpfSTEwMDAwMzI4NDg3MDY0MDpWSzoyNjU5MTE3NzU3MDUyNDMzOA==_1.jpg
/images/UzpfSTEwMDAwMDM2NjMwMzY2NTpWSzoyNjYwMDA3ODU1Mjk2NzU3Mw==_0.jpg	0.86896	high_directional_coverage	"2026-05-09週六
長恨歌 白居易
06
金屋妝成嬌侍夜，
玉樓宴罷醉和春。
姊妹弟兄皆列士，
可憐光彩生門戶。"	"長恨歌白居易丙子初冬醒墅
金屋妝成嬌侍夜
玉樓宴罷醉和春
姊妹弟兄皆列土
可憐光彩生門戶"	/mnt/Suran_database/Users/thanhthanh_workspace/Project/NLP_K35/xlnntn_hp2_friend/data/mrDuc_data/Images/UzpfSTEwMDAwMDM2NjMwMzY2NTpWSzoyNjYwMDA3ODU1Mjk2NzU3Mw==_0.jpg
/images/UzpfSTEwMDAwMzI4NDg3MDY0MDpWSzoyNjU5MTE3NzU3MDUyNDMzOA==_2.jpg	0.614863	high_directional_coverage	"小時候看電視劇「錢來也」一出場吟唱“落魄江湖載酒行”的行俠江湖畫面依然歷歷在目…

落魄江湖載酒行，
楚腰纖細掌中輕。
十年一覺揚州夢，
贏得青樓薄倖名。
- 杜牧 遣懷"	"落魄江湖載酒行楚腰纖細
掌中輕十年一覺揚州夢贏
得青樓薄倖名
時年七十有五書"	/mnt/Suran_database/Users/thanhthanh_workspace/Project/NLP_K35/xlnntn_hp2_friend/data/mrDuc_data/Images/UzpfSTEwMDAwMzI4NDg3MDY0MDpWSzoyNjU5MTE3NzU3MDUyNDMzOA==_2.jpg
/images/UzpfSTEwMDAwMDA5NDY5MjQ5NDpWSzoyNjU4MDI3NTI1ODI4MTIzNg==_0.jpg	0.687573	high_directional_coverage	"大家晚安
對酒當歌，人生幾何！
曹操 短歌行
張威龍 習書2026/5/7"	"對酒當歌
人生幾何
曹操短歌行
丙午歲秋"	/mnt/Suran_database/Users/thanhthanh_workspace/Project/NLP_K35/xlnntn_hp2_friend/data/mrDuc_data/Images/UzpfSTEwMDAwMDA5NDY5MjQ5NDpWSzoyNjU4MDI3NTI1ODI4MTIzNg==_0.jpg
/images/UzpfSTE1ODE3MzkwMTQ6Vks6MjY1OTAzNzM0MjcyNzE0MTk=_0.jpg	0.274889	one_text_contains_the_other	"楊大眼造像記

#鋼筆 #龍門二十品"	"色子像
楊大眼造像記
楊大眼為孝文皇帝造石像刻於魏景明
五百五始商。整里分甲于「南職殿澄」司恐武興改稱一年。
「邑主仇池楊大眼為孝文皇帝造像記
遷
夫靈光弗曜大千懷永夜之悲玄蹤不遺葉生
含
含康導之懺是以如來應群緣以顯跡爰暨
代
廓
像遂著降及後王茲功厥作輔國將軍直閣將軍
廓
梁州大中正安成縣開國子仇池楊大眼誕
應為重成縣
承龍曜之資遠踵應符之胤稟英奇於弱年挺超群
符
於始符其行也庶仁聲於未聞揮光也摧百萬於一
勳
悊
「屬官武守」古字指朝廷不設官銘此不附意
掌震英勇則九宇咸駭存侍納則朝野必附靜王嚮
肅
覽
於三鈴掃雲鯨於天路南職既澄震旅歸闕軍次之
進
矚
行路經丘窟覽先皇之明縱睹盛聖之麗跡矚目微
功
凡賈泣然流感遂為孝文皇帝造石像一區凡及眾形
周不備列刊明記功示之云爾武
刻於洛陽龍門古陽洞
今甘肅西舞，為東漢建安初魏將平宋建下之官居地。
仇池。龕茲本象重吉。"	/mnt/Suran_database/Users/thanhthanh_workspace/Project/NLP_K35/xlnntn_hp2_friend/data/mrDuc_data/Images/UzpfSTE1ODE3MzkwMTQ6Vks6MjY1OTAzNzM0MjcyNzE0MTk=_0.jpg
/images/UzpfSTEwMDAwMzUzNjA0MTQ0NzpWSzoyNjU4NzMyOTgwNzU3NTc4MQ==_0.jpg	0.762536	high_directional_coverage	"#感謝書友欣賞

行楷 北宋 張耒 章華🙏☕😎

長恨章華亦陋夫
周秦僅可勝登徒
誰知南楚仍窮巷
骨像何妨自應圖"	"長恨童華亦陋夫
周秦僅可勝登徒
誰知南楚仍窮巷
骨像何妨自應圖
北宋張耒
童華
己亥荷月
伯鉉"	/mnt/Suran_database/Users/thanhthanh_workspace/Project/NLP_K35/xlnntn_hp2_friend/data/mrDuc_data/Images/UzpfSTEwMDAwMzUzNjA0MTQ0NzpWSzoyNjU4NzMyOTgwNzU3NTc4MQ==_0.jpg
/images/UzpfSTEwMDAwMDU3OTgyMjY1NzpWSzoyNjU4NzY2ODc1NDIwODU1Mw==_0.jpg	0.467632	one_text_contains_the_other	唐 李商隱 嫦娥 260507	"雲
母
屏
風
燭
影
深
長
河
漸
落
曉
星
沉
嫦
娥
應
悔
偷
靈
藥
碧
海
青
天
夜
夜
心
260507
唐 李商隱 嫦娥"	/mnt/Suran_database/Users/thanhthanh_workspace/Project/NLP_K35/xlnntn_hp2_friend/data/mrDuc_data/Images/UzpfSTEwMDAwMDU3OTgyMjY1NzpWSzoyNjU4NzY2ODc1NDIwODU1Mw==_0.jpg
/images/UzpfSTEwMDAwMDM2OTIxMDcyNTpWSzoyNjU4MzE1MDk1Nzk5MzY2Ng==_0.jpg	1.0	one_text_contains_the_other	錦江春色來天地，玉壘浮雲變古今。今天的練習01	"錦江春色來天地
玉壘浮雲變古今"	/mnt/Suran_database/Users/thanhthanh_workspace/Project/NLP_K35/xlnntn_hp2_friend/data/mrDuc_data/Images/UzpfSTEwMDAwMDM2OTIxMDcyNTpWSzoyNjU4MzE1MDk1Nzk5MzY2Ng==_0.jpg
/images/UzpfSTEwMDAwMDM2NjMwMzY2NTpWSzoyNjU4OTMwOTI0MDcxMTE3MQ==_0.jpg	0.802002	high_directional_coverage	"2026-05-08週五
中華字經
102
弘願逞諾，誅厄違逆。
曙炬絢彤，燃燭洽娛。
巴巫宵寐，牝牡膠漆。"	"弘
願
逞
諾
誅
厄
違
逆
曙
炬
絢
彤
燃
燭
洽
娛
巴
巫
宵
寐
牝
牡
膠
漆
中
華
字
經
四
丙
午
夏
焯
之
書"	/mnt/Suran_database/Users/thanhthanh_workspace/Project/NLP_K35/xlnntn_hp2_friend/data/mrDuc_data/Images/UzpfSTEwMDAwMDM2NjMwMzY2NTpWSzoyNjU4OTMwOTI0MDcxMTE3MQ==_0.jpg
/images/UzpfSTEwMDAwMDM2OTIxMDcyNTpWSzoyNjU4MzE1NjYzNDY1OTc2NQ==_0.jpg	0.605883	combined_score_above_threshold	樂事難並，少年常恨春宵短。萬花叢畔。只恐金盃淺。方喜春來，又嘆韶華晚。頻相勸。且聞強健。莫厭花經眼。今天的練習03	"樂事狂年少尋常恨宵短也
花叢畔只恐送春晚才喜春來
又歌韶舞晚頻相勸且分強健莫
厭在經眼
宋陸放翁詞
書
丙午月"	/mnt/Suran_database/Users/thanhthanh_workspace/Project/NLP_K35/xlnntn_hp2_friend/data/mrDuc_data/Images/UzpfSTEwMDAwMDM2OTIxMDcyNTpWSzoyNjU4MzE1NjYzNDY1OTc2NQ==_0.jpg
/images/UzpfSTEwMDAwMDA5NDY5MjQ5NDpWSzoyNjU4MjI3NDI0NDc0ODAwNA==_0.jpg	0.602438	combined_score_above_threshold	"大家晚安
人閑是非多

百忙解千愁

張威龍 習書2026/5/7"	"人闲是非多
百忙解千愁
丙子夏
張海書"	/mnt/Suran_database/Users/thanhthanh_workspace/Project/NLP_K35/xlnntn_hp2_friend/data/mrDuc_data/Images/UzpfSTEwMDAwMDA5NDY5MjQ5NDpWSzoyNjU4MjI3NDI0NDc0ODAwNA==_0.jpg
/images/UzpfSTEwMDAwMDY5MDI2MjM3MTpWSzoyNjU3ODYzNTAxODQ0NTI2MA==_5.jpg	0.34852	one_text_contains_the_other	米芾 拜中岳命作	"拜中岳命作
芾
雲水心常結塵風
面已靈重尋釣
鰲客初入選仙
庭灑掃真官耗
施爲与衆同却懷
周祿厚不願著
潛夫
常貧須漫仕閑祿是
身榮不論先生第
終成俗吏名重緘諫
法口静説省山青羡
画中日省圖書老此生
米芾拜中岳命作丙午夏"	/mnt/Suran_database/Users/thanhthanh_workspace/Project/NLP_K35/xlnntn_hp2_friend/data/mrDuc_data/Images/UzpfSTEwMDAwMDY5MDI2MjM3MTpWSzoyNjU3ODYzNTAxODQ0NTI2MA==_5.jpg
/images/UzpfSTEwMDAwMzI4NDg3MDY0MDpWSzoyNjU3ODgyMzA5MTc1OTc4Ng==_4.jpg	0.636886	high_directional_coverage	"明清時期的浪漫書風，在展覽效果上有獨特討喜的表現..

朝來登陟處，不似艷陽時。
異縣殊風物，羈懷多所思。
剪花驚歲早，看柳訝春遲。
未有南飛雁，裁書欲寄誰。
- 孟浩然"	"朝来登陟處不似豔陽時異縣殊風
物羈懷多所思前花驚歲早後柳
訝春遲无乃南飛雁裁書欲寄誰
丙寅仲春"	/mnt/Suran_database/Users/thanhthanh_workspace/Project/NLP_K35/xlnntn_hp2_friend/data/mrDuc_data/Images/UzpfSTEwMDAwMzI4NDg3MDY0MDpWSzoyNjU3ODgyMzA5MTc1OTc4Ng==_4.jpg
/images/UzpfSTEwMDAwMzI4NDg3MDY0MDpWSzoyNjU3ODgyMzA5MTc1OTc4Ng==_2.jpg	0.607756	high_directional_coverage	"明清時期的浪漫書風，在展覽效果上有獨特討喜的表現..

朝來登陟處，不似艷陽時。
異縣殊風物，羈懷多所思。
剪花驚歲早，看柳訝春遲。
未有南飛雁，裁書欲寄誰。
- 孟浩然"	"朝来登陟處不似豔陽時異縣殊風
物羈懷多所思前花驚歲早宿柳
訝春迟不自飛鴈度裁書欲寄誰"	/mnt/Suran_database/Users/thanhthanh_workspace/Project/NLP_K35/xlnntn_hp2_friend/data/mrDuc_data/Images/UzpfSTEwMDAwMzI4NDg3MDY0MDpWSzoyNjU3ODgyMzA5MTc1OTc4Ng==_2.jpg
/images/UzpfSTEwMDAwMDY5MDI2MjM3MTpWSzoyNjU3ODYzNTAxODQ0NTI2MA==_7.jpg	0.428724	one_text_contains_the_other	米芾 拜中岳命作	"常貧須漫仕因謀是
身榮不託先生第
終成俗吏名重緘議
法口靜洗看山睛黃
庭中日有圖書老此生
米芾拜中岳命作丙子夏"	/mnt/Suran_database/Users/thanhthanh_workspace/Project/NLP_K35/xlnntn_hp2_friend/data/mrDuc_data/Images/UzpfSTEwMDAwMDY5MDI2MjM3MTpWSzoyNjU3ODYzNTAxODQ0NTI2MA==_7.jpg
/images/UzpfSTEwMDAwMzI4NDg3MDY0MDpWSzoyNjU2NTUwNjIyNjQyNDgwNg==_0.jpg	0.801471	high_directional_coverage	"今年看春又過了 …

草樹知春不久歸，
百般紅紫鬥芳菲。
楊花榆莢無才思，
惟解漫天作雪飛。
-韓愈 晚春"	"草樹知春不久歸
百般紅紫
斗芳菲楊花榆莢無才思惟解
漫天作雪飛
韓愈晚春詩以丙子寒暄"	/mnt/Suran_database/Users/thanhthanh_workspace/Project/NLP_K35/xlnntn_hp2_friend/data/mrDuc_data/Images/UzpfSTEwMDAwMzI4NDg3MDY0MDpWSzoyNjU2NTUwNjIyNjQyNDgwNg==_0.jpg
/images/UzpfSTEwMDAwMzI4NDg3MDY0MDpWSzoyNjU2NTUwNjIyNjQyNDgwNg==_2.jpg	0.861483	high_directional_coverage	"今年看春又過了 …

草樹知春不久歸，
百般紅紫鬥芳菲。
楊花榆莢無才思，
惟解漫天作雪飛。
-韓愈 晚春"	"草樹知春不久歸，百般紅紫
鬥芳菲。楊花榆莢無才思，惟解
漫天作雪飛
辛丑晚春"	/mnt/Suran_database/Users/thanhthanh_workspace/Project/NLP_K35/xlnntn_hp2_friend/data/mrDuc_data/Images/UzpfSTEwMDAwMzI4NDg3MDY0MDpWSzoyNjU2NTUwNjIyNjQyNDgwNg==_2.jpg
/images/UzpfSTEwMDAwMDM2NjMwMzY2NTpWSzoyNjU3NDUxODA4ODg1Njk1Mw==_0.jpg	0.796059	high_directional_coverage	"2026-05-07週四
長恨歌 白居易
05
承歡侍宴無閑暇，
春從春遊夜專夜。
後宮佳麗三千人，
三千寵愛在一身。"	"承歡侍宴無暇
春從春遊夜專夜
後宮佳麗三千人
三千寵愛在一身
長恨歌白居易丙午冬啓賢"	/mnt/Suran_database/Users/thanhthanh_workspace/Project/NLP_K35/xlnntn_hp2_friend/data/mrDuc_data/Images/UzpfSTEwMDAwMDM2NjMwMzY2NTpWSzoyNjU3NDUxODA4ODg1Njk1Mw==_0.jpg
/images/UzpfSTEwMDAwMzI4NDg3MDY0MDpWSzoyNjU2NTUwNjIyNjQyNDgwNg==_1.jpg	0.611346	combined_score_above_threshold	"今年看春又過了 …

草樹知春不久歸，
百般紅紫鬥芳菲。
楊花榆莢無才思，
惟解漫天作雪飛。
-韓愈 晚春"	"草树知春不久归百般红紫
斗芳菲杨花榆荚无才思惟解
漫天作雪飞
韩愈晚春诗"	/mnt/Suran_database/Users/thanhthanh_workspace/Project/NLP_K35/xlnntn_hp2_friend/data/mrDuc_data/Images/UzpfSTEwMDAwMzI4NDg3MDY0MDpWSzoyNjU2NTUwNjIyNjQyNDgwNg==_1.jpg
/images/UzpfSTY3MTc0OTU2NDpWSzoyNjU2MzAyNDk1MzMzOTYwMA==_2.jpg	0.613255	high_directional_coverage	"【篆書練習】路過紅塵/林巖峰/不僅書法

紅塵·浮生若夢

歲月迷蒙，來去無踪；

年少懵懂，而今是斑駁顏容。

****************************************

*節錄：@林巖峰《路過紅塵》

青春匆匆，最愛逐風；

欲上蒼穹，徜徉在雨後彩虹。

歲月迷蒙，來去無踪；

年少懵懂，而今是斑駁顏容。

浮生若夢，柳綠花紅，

興衰枯榮，清醒後一切是空。

婆娑一盅，醉當窮通，

半醒最痛，誰敲了暮鼓晨鐘。

***********************************************

2017年收集網文，輯編《觀自在》專文，並節錄父親是三行先生的各體書法字形做PO圖，今習篆書之。

經過數十年的整理，不僅將父親是三行先生的金石文書法作品字形拆分，並搜編各個字形的演變進程、資訊，及名家字跡，建立臉書FB「不僅書法」（以篆書練習為主），提供篆書喜好者瀏覽使用，在篆書領域上秉持父親遺願，盡一己之力！"	"紅
塵
浮生若夢
【路過紅塵】林巖峰
青春匆匆，最愛逐風，
欲上蒼穹，徜徉在雨後彩虹；
歲月迷蒙，來去無踪，
年少懵懂，而今是斑駁顔容；
浮生如夢，柳綠花紅，
興衰枯榮，清醒後一切是空；
娑婆一盅，醉當窮通，
半醒最痛，誰敲了暮鼓晨鐘。
綴字取材父親是三行先生書法字形 / 是志成"	/mnt/Suran_database/Users/thanhthanh_workspace/Project/NLP_K35/xlnntn_hp2_friend/data/mrDuc_data/Images/UzpfSTY3MTc0OTU2NDpWSzoyNjU2MzAyNDk1MzMzOTYwMA==_2.jpg
/images/UzpfSTEwMDAwMDAyOTcyMDEwOTpWSzoyNjU2MzAwNDgzNjY3NDk0NQ==_0.jpg	0.735482	high_directional_coverage	"早安
月夜 (劉方平)

原文：

更深月色半人家，北斗闌干南斗斜。

今夜偏知春氣暖，蟲聲新透綠窗紗。"	"更深月色半人家
北斗闌干南
斗斜
今夜偏知春氣暖
蟲聲
新透碧窗紗
劉方平月夜詩
丙午年夏蕭良材書"	/mnt/Suran_database/Users/thanhthanh_workspace/Project/NLP_K35/xlnntn_hp2_friend/data/mrDuc_data/Images/UzpfSTEwMDAwMDAyOTcyMDEwOTpWSzoyNjU2MzAwNDgzNjY3NDk0NQ==_0.jpg
/images/UzpfSTY3MTc0OTU2NDpWSzoyNjU2MzAyNDk1MzMzOTYwMA==_3.jpg	0.605523	high_directional_coverage	"【篆書練習】路過紅塵/林巖峰/不僅書法

紅塵·浮生若夢

歲月迷蒙，來去無踪；

年少懵懂，而今是斑駁顏容。

****************************************

*節錄：@林巖峰《路過紅塵》

青春匆匆，最愛逐風；

欲上蒼穹，徜徉在雨後彩虹。

歲月迷蒙，來去無踪；

年少懵懂，而今是斑駁顏容。

浮生若夢，柳綠花紅，

興衰枯榮，清醒後一切是空。

婆娑一盅，醉當窮通，

半醒最痛，誰敲了暮鼓晨鐘。

***********************************************

2017年收集網文，輯編《觀自在》專文，並節錄父親是三行先生的各體書法字形做PO圖，今習篆書之。

經過數十年的整理，不僅將父親是三行先生的金石文書法作品字形拆分，並搜編各個字形的演變進程、資訊，及名家字跡，建立臉書FB「不僅書法」（以篆書練習為主），提供篆書喜好者瀏覽使用，在篆書領域上秉持父親遺願，盡一己之力！"	"紅塵
浮生若夢
【路過紅塵】林巖峰
青春匆匆，最愛逐風，
欲上蒼穹，徜徉在雨後彩虹；
歲月迷蒙，來去無蹤，
年少懵懂，而今是班駁顏容；
浮生如夢，柳綠花紅，
興衰枯榮，清醒後一切是空；
娑婆一盅，醉當窮通，
半醒最痛，誰敲了暮鼓晨鐘。
綴字取材父親是三行先生書法字形/是志成"	/mnt/Suran_database/Users/thanhthanh_workspace/Project/NLP_K35/xlnntn_hp2_friend/data/mrDuc_data/Images/UzpfSTY3MTc0OTU2NDpWSzoyNjU2MzAyNDk1MzMzOTYwMA==_3.jpg
/images/UzpfSTEwMDAwMDM2NjMwMzY2NTpWSzoyNjU2MzE0NzU0OTk5NDAwNw==_0.jpg	0.741095	high_directional_coverage	"2026-05-06週三
中華字經
101
柵苑瀕旁，齋扉緊閉。
戴璧秉圭，詼慰漫彌。
吾你俺他，咱們誰替。"	"栅
苑
瀕
旁
齋
扉
緊
閉
戴
璧
秉
圭
談
慰
漫
彌
吾
你
俺
他
咱
們
誰
替
中
華
字
經
丙
子
冬
友
賢
書"	/mnt/Suran_database/Users/thanhthanh_workspace/Project/NLP_K35/xlnntn_hp2_friend/data/mrDuc_data/Images/UzpfSTEwMDAwMDM2NjMwMzY2NTpWSzoyNjU2MzE0NzU0OTk5NDAwNw==_0.jpg
/images/UzpfSTEwMDAwMDM2OTIxMDcyNTpWSzoyNjU1ODY4NjExMzc3MzQ4NA==_0.jpg	0.847576	one_text_contains_the_other	滿堂花醉三千客，一劍霜寒十四州。今天的練習01	"滿
堂
花
醉
三
千
客
一
劍
霜
寒
十
四
州
丙午春月
葉吉燦"	/mnt/Suran_database/Users/thanhthanh_workspace/Project/NLP_K35/xlnntn_hp2_friend/data/mrDuc_data/Images/UzpfSTEwMDAwMDM2OTIxMDcyNTpWSzoyNjU1ODY4NjExMzc3MzQ4NA==_0.jpg
/images/UzpfSTEwMDAwMDM2OTIxMDcyNTpWSzoyNjU1ODY5MDY1MDQzOTY5Nw==_0.jpg	0.891052	high_directional_coverage	雨恨雲愁，江南依舊稱佳麗。水村漁市。一縷孤煙細。天際徵鴻，遙認行如綴。平生事。此時凝睇。誰會憑欄意。今天的練習03	"雨恨雲愁江南依舊稱佳麗水村
漁市一縷孤煙細天際征鴻遙認
行如綴平生事此時凝睇誰會
憑欄意
宋王禹偁點絳唇丙午書"	/mnt/Suran_database/Users/thanhthanh_workspace/Project/NLP_K35/xlnntn_hp2_friend/data/mrDuc_data/Images/UzpfSTEwMDAwMDM2OTIxMDcyNTpWSzoyNjU1ODY5MDY1MDQzOTY5Nw==_0.jpg
/images/UzpfSTEwMDAwMjgwNzA5MDE0OTpWSzoyNjU0NzQ0ODkxODIzMDUzNw==_0.jpg	0.797598	high_directional_coverage	"春日偶成
宋-程顥

雲淡風輕近午天，傍花隨柳過前川。

時人不識餘心樂，將謂偷閒學少年。"	"雲淡風輕近午天傍花
隨柳過前川時人不識
餘心樂將謂偷閒學
少年
宋程顥詩丙子之秋徐志深"	/mnt/Suran_database/Users/thanhthanh_workspace/Project/NLP_K35/xlnntn_hp2_friend/data/mrDuc_data/Images/UzpfSTEwMDAwMjgwNzA5MDE0OTpWSzoyNjU0NzQ0ODkxODIzMDUzNw==_0.jpg
/images/UzpfSTEwMDAwMDA5NDY5MjQ5NDpWSzoyNjU1NDMzMDI1NzU0MjQwMw==_0.jpg	0.920283	high_directional_coverage	"**大家午安**

**少年聽雨歌樓上。紅燭昏羅帳。壯年聽雨客舟中。江闊雲低、斷雁叫西風。**
**而今聽雨僧廬下。鬢已星星也。悲歡離合總無情。一任階前、點滴到天明。**

**宋 蔣捷〈虞美人〉**

**張威龍  習書2026/5/5**"	"少年聽雨歌樓上
紅燭昏羅帳
壯年聽雨客舟中
江闊雲低
斷雁叫西風
而今聽雨僧廬下
鬢已星星也
悲歡離合總無情
一任階前
點滴到天明
宋蔣捷虞美人
丙午張茂苑"	/mnt/Suran_database/Users/thanhthanh_workspace/Project/NLP_K35/xlnntn_hp2_friend/data/mrDuc_data/Images/UzpfSTEwMDAwMDA5NDY5MjQ5NDpWSzoyNjU1NDMzMDI1NzU0MjQwMw==_0.jpg
/images/UzpfSTY3MTc0OTU2NDpWSzoyNjU1MTg1ODgwNzc4OTU0OA==_1.jpg	0.368058	one_text_contains_the_other	"【篆書練習】是三行金石文字形/觀自在/不僅書法

心觀自在，心自在；

般若能說，非般若。

**************************************

2017年收集網文，輯編《觀自在》專文，並節錄父親是三行先生的各體書法字形做PO圖，今習篆書之。

**********************************************************

經過數十年的整理，不僅將父親是三行先生的金石文書法作品字形拆分，並搜編各個字形的演變進程、資訊，及名家字跡，建立臉書FB「不僅書法」（以篆書練習為主），提供篆書喜好者瀏覽使用，在篆書領域上秉持父親遺願，盡一己之力！"	"心觀自在，心自在；
般若能說，非般若。"	/mnt/Suran_database/Users/thanhthanh_workspace/Project/NLP_K35/xlnntn_hp2_friend/data/mrDuc_data/Images/UzpfSTY3MTc0OTU2NDpWSzoyNjU1MTg1ODgwNzc4OTU0OA==_1.jpg
/images/UzpfSTY3MTc0OTU2NDpWSzoyNjU1MTg1ODgwNzc4OTU0OA==_3.jpg	0.368058	one_text_contains_the_other	"【篆書練習】是三行金石文字形/觀自在/不僅書法

心觀自在，心自在；

般若能說，非般若。

**************************************

2017年收集網文，輯編《觀自在》專文，並節錄父親是三行先生的各體書法字形做PO圖，今習篆書之。

**********************************************************

經過數十年的整理，不僅將父親是三行先生的金石文書法作品字形拆分，並搜編各個字形的演變進程、資訊，及名家字跡，建立臉書FB「不僅書法」（以篆書練習為主），提供篆書喜好者瀏覽使用，在篆書領域上秉持父親遺願，盡一己之力！"	"心觀自在，心自在；
般若能說，非般若。"	/mnt/Suran_database/Users/thanhthanh_workspace/Project/NLP_K35/xlnntn_hp2_friend/data/mrDuc_data/Images/UzpfSTY3MTc0OTU2NDpWSzoyNjU1MTg1ODgwNzc4OTU0OA==_3.jpg
/images/UzpfSTEwMDAwMDM2OTIxMDcyNTpWSzoyNjU0NzY0NzA1ODIxMDcyMw==_0.jpg	1.0	one_text_contains_the_other	琴韻書聲。今天的練習02	"琴
韻
書
聲"	/mnt/Suran_database/Users/thanhthanh_workspace/Project/NLP_K35/xlnntn_hp2_friend/data/mrDuc_data/Images/UzpfSTEwMDAwMDM2OTIxMDcyNTpWSzoyNjU0NzY0NzA1ODIxMDcyMw==_0.jpg
/images/UzpfSTEwMDAwMDM2OTIxMDcyNTpWSzoyNjU0NzY0OTY0NDg3NzEzMQ==_0.jpg	0.684433	high_directional_coverage	春禽葉底引圓吭，臨罷黃庭日正長。 滿院柳花寒食後，鏇鑽新火爇爐香。今天的練習03	"春禽葉底引圓吭臨罷黃庭日
正長深院柳花寒食後旋焚新
火爇溪茶
宋秦少游春日五首其四 丙午春月"	/mnt/Suran_database/Users/thanhthanh_workspace/Project/NLP_K35/xlnntn_hp2_friend/data/mrDuc_data/Images/UzpfSTEwMDAwMDM2OTIxMDcyNTpWSzoyNjU0NzY0OTY0NDg3NzEzMQ==_0.jpg
/images/UzpfSTEwMDAwMzUzNjA0MTQ0NzpWSzoyNjU0MDk1MDI0ODg4MDQwNA==_0.jpg	0.789008	high_directional_coverage	"#感謝書友欣賞

行草 明 唐寅 畫雞🙏☕😎

頭上紅冠不用裁
滿身雪白走將來
平生不敢輕言語
一叫千門萬戶開"	"頭上紅冠不用裁
滿身雪白走將來
平生不敢輕言語
一叫千門萬戶開
時庚寅歲暮已仲冬錄"	/mnt/Suran_database/Users/thanhthanh_workspace/Project/NLP_K35/xlnntn_hp2_friend/data/mrDuc_data/Images/UzpfSTEwMDAwMzUzNjA0MTQ0NzpWSzoyNjU0MDk1MDI0ODg4MDQwNA==_0.jpg
/images/UzpfSTEwMDAxNjg4Mjk5NjczMzpWSzoyNjU0MTk1OTkwODc3OTQzOA==_0.jpg	0.63863	combined_score_above_threshold	"大草一幅！見笑！
四月清和雨乍晴，南山當戶轉分明。

更無柳絮因風起，惟有葵花向日傾。"	"四
月
清
和
雨
乍
晴
南
山
当
户
转
分
明
更
柳
絮
因
风
起
惟
有
葵
花
向
日
倾
庚子
初夏
方介"	/mnt/Suran_database/Users/thanhthanh_workspace/Project/NLP_K35/xlnntn_hp2_friend/data/mrDuc_data/Images/UzpfSTEwMDAxNjg4Mjk5NjczMzpWSzoyNjU0MTk1OTkwODc3OTQzOA==_0.jpg
/images/UzpfSTEwMDAwMzI4NDg3MDY0MDpWSzoyNjU0MjYyMzYxODcxMzA2Nw==_1.jpg	0.596087	combined_score_above_threshold	"春天又要過了，昨晚不經心的信手之作…

杜甫絕句二首作於避難於成都暮春時的草堂中，詩意自然流暢，毫不雕琢；描摹景物清麗工致，渾然無跡，是杜詩中別具風格的篇章。

遲日江山麗，春風花草香。
泥融飛燕子，沙暖睡鴛鴦。
江碧鳥逾白，山青花欲燃。
今春看又過，何日是歸年。
- 杜甫〔唐代］絕句二首"	"遅
日
江
山
麗
春
風
花
泥
融
飛
燕
子
沙
暖
睡
鴛
鴦
江
碧
鳥
逾
白
山
青
花
欲
燃
今
春
看
又
過
何
日
是
歸
年
杜甫
絕句
二首
之一
丙子
暮春
葉媛"	/mnt/Suran_database/Users/thanhthanh_workspace/Project/NLP_K35/xlnntn_hp2_friend/data/mrDuc_data/Images/UzpfSTEwMDAwMzI4NDg3MDY0MDpWSzoyNjU0MjYyMzYxODcxMzA2Nw==_1.jpg
/images/UzpfSTEwMDAwMDM2NjMwMzY2NTpWSzoyNjU0MTI1MjU3MjE4MzUwNQ==_0.jpg	0.804072	high_directional_coverage	"2026-05-04週一
長恨歌 白居易
04
雲鬢花顏金步搖，
芙蓉帳暖度春宵；
春宵苦短日高起，
從此君王不早朝。"	"雲鬢花顏金步搖
芙蓉帳暖度春宵
春宵苦短日高起
從此君王不早朝
長恨歌白居易
丙午春
啓英謹書"	/mnt/Suran_database/Users/thanhthanh_workspace/Project/NLP_K35/xlnntn_hp2_friend/data/mrDuc_data/Images/UzpfSTEwMDAwMDM2NjMwMzY2NTpWSzoyNjU0MTI1MjU3MjE4MzUwNQ==_0.jpg
/images/UzpfSTEwMDAwMDM2OTIxMDcyNTpWSzoyNjUzNzM5NjgxNTkwMjQxNA==_0.jpg	0.912088	high_directional_coverage	縱橫欹正渾成趣，入妙通靈發古思。今天的練習01	"縱橫欹正渾成趣
入妙通靈筏古思"	/mnt/Suran_database/Users/thanhthanh_workspace/Project/NLP_K35/xlnntn_hp2_friend/data/mrDuc_data/Images/UzpfSTEwMDAwMDM2OTIxMDcyNTpWSzoyNjUzNzM5NjgxNTkwMjQxNA==_0.jpg
/images/UzpfSTEwMDAwMDM2OTIxMDcyNTpWSzoyNjUzNzQwMjgwMjU2ODQ4Mg==_0.jpg	0.589441	combined_score_above_threshold	雨意獨悠,河頭不斷流。三辰猶滯此,幾日到神州?踟躕橫渡口,彳亍上灘舟。身世若斯耳,老翁何所求。今天的練習03	"雨意獨悠悠，河流不妨流，三危猶滯
此舉具有神助踟躕橫渡口行止難
舟身安若斯耳老翁何所求
野人李贄詩觀漲
丙午春月吉"	/mnt/Suran_database/Users/thanhthanh_workspace/Project/NLP_K35/xlnntn_hp2_friend/data/mrDuc_data/Images/UzpfSTEwMDAwMDM2OTIxMDcyNTpWSzoyNjUzNzQwMjgwMjU2ODQ4Mg==_0.jpg
/images/UzpfSTEwMDA4MTQ5Nzk3NTM4MTpWSzoyNjUyMjAyMzcyNzQzOTcyMw==_0.jpg	0.635641	one_text_contains_the_other	無我茶禪。	"無我茶禪
庚子大雪丁明祥"	/mnt/Suran_database/Users/thanhthanh_workspace/Project/NLP_K35/xlnntn_hp2_friend/data/mrDuc_data/Images/UzpfSTEwMDA4MTQ5Nzk3NTM4MTpWSzoyNjUyMjAyMzcyNzQzOTcyMw==_0.jpg
/images/UzpfSTEwMDAwMzI4NDg3MDY0MDpWSzoyNjUwNzY2ODUyNTU0MTkxMA==_2.jpg	0.567743	high_directional_coverage	"用較高執筆的方式，並以浪漫的筆風來闡釋文彥博這首詩“暫同游賞”、“盡醉歸”的灑脫心境。

洛浦林塘春暮時，
暫同遊賞莫相違。
風光不要人傳語，
一任花前盡醉歸。 
- 文彥博"	"洛浦林塘春日暮
時繫同遊
賞莫相逢
風光不要人傳語
一任花前醉後歸
文彥博詩
丙子冬葉燦"	/mnt/Suran_database/Users/thanhthanh_workspace/Project/NLP_K35/xlnntn_hp2_friend/data/mrDuc_data/Images/UzpfSTEwMDAwMzI4NDg3MDY0MDpWSzoyNjUwNzY2ODUyNTU0MTkxMA==_2.jpg
/images/UzpfSTEwMDAwMjgwNzA5MDE0OTpWSzoyNjUzMDg5MDExMzIxOTc1MQ==_0.jpg	0.586559	combined_score_above_threshold	"清平樂-金風細細
宋-晏殊

金風細細。葉葉梧桐墜。

綠酒初嘗人易醉。一枕小窗濃睡。

紫薇朱槿花殘。斜陽卻照闌干。

雙燕欲歸時節，銀屏昨夜微寒。"	"無風雨葉葉梧桐一枕
小窗濃睡紫薇朱槿
花殘斜陽卻照闌干
宋晏殊詞
丙子
書"	/mnt/Suran_database/Users/thanhthanh_workspace/Project/NLP_K35/xlnntn_hp2_friend/data/mrDuc_data/Images/UzpfSTEwMDAwMjgwNzA5MDE0OTpWSzoyNjUzMDg5MDExMzIxOTc1MQ==_0.jpg
/images/UzpfSTEwMDAwMDAyOTcyMDEwOTpWSzoyNjUxNjg0ODk1NDYyMzg2Nw==_0.jpg	0.616567	combined_score_above_threshold	"月夜 (劉方平)
原文：

更深月色半人家，北斗闌干南斗斜。

今夜偏知春氣暖，蟲聲新透綠窗紗。"	"更深月色半人家北斗阑干南
斗斜今夜偏知春气暖虫声
新透绿窗纱
劉方平月夜詩
丙申夏蕭良材書"	/mnt/Suran_database/Users/thanhthanh_workspace/Project/NLP_K35/xlnntn_hp2_friend/data/mrDuc_data/Images/UzpfSTEwMDAwMDAyOTcyMDEwOTpWSzoyNjUxNjg0ODk1NDYyMzg2Nw==_0.jpg
/images/UzpfSTEwMDAwMDM2NjMwMzY2NTpWSzoyNjUyMTcwNzkzMDgwNDYzNg==_0.jpg	0.820454	high_directional_coverage	"2026-05-02週六
長恨歌 白居易 
03
春寒賜浴華清池，
溫泉水滑洗凝脂；
侍兒扶起嬌無力，
始是新承恩澤時。"	"春寒賜浴華清池
溫泉水滑洗凝脂
侍兒扶起嬌無力
始是新承恩澤時
長恨歌白居易
丙午春
婷書"	/mnt/Suran_database/Users/thanhthanh_workspace/Project/NLP_K35/xlnntn_hp2_friend/data/mrDuc_data/Images/UzpfSTEwMDAwMDM2NjMwMzY2NTpWSzoyNjUyMTcwNzkzMDgwNDYzNg==_0.jpg
/images/UzpfSTEwMDAwMDM2OTIxMDcyNTpWSzoyNjUxNjA2NTAyNDcwMjI2MA==_0.jpg	0.751111	high_directional_coverage	硯以靜方壽，詩乃心之聲。今天的練習01	"硯
水
靜
方
壽
言
乃
心
之
聲"	/mnt/Suran_database/Users/thanhthanh_workspace/Project/NLP_K35/xlnntn_hp2_friend/data/mrDuc_data/Images/UzpfSTEwMDAwMDM2OTIxMDcyNTpWSzoyNjUxNjA2NTAyNDcwMjI2MA==_0.jpg
/images/UzpfSTEwMDAwMjgwNzA5MDE0OTpWSzoyNjUxMzg0MTcwNDkyNDU5Mg==_0.jpg	0.766216	high_directional_coverage	"題龍陽縣青草湖
元代-唐珙

西風吹老洞庭波，一夜湘君白髮多。
醉後不知天在水，滿船清夢壓星河。"	"西
風
吹
老
洞
庭
波
一
夜
湘
君
白
髮
多
醉
後
不
知
天
在
水
滿
船
清
夢
壓
星
河
丙
子
之
春
徐
家
洋"	/mnt/Suran_database/Users/thanhthanh_workspace/Project/NLP_K35/xlnntn_hp2_friend/data/mrDuc_data/Images/UzpfSTEwMDAwMjgwNzA5MDE0OTpWSzoyNjUxMzg0MTcwNDkyNDU5Mg==_0.jpg
/images/UzpfSTEwMDAwMDM2OTIxMDcyNTpWSzoyNjUxNjA2NzQxNDcwMjAyMQ==_0.jpg	1.0	one_text_contains_the_other	尺璧寸陰。今天的練習02	"尺
璧
寸
陰"	/mnt/Suran_database/Users/thanhthanh_workspace/Project/NLP_K35/xlnntn_hp2_friend/data/mrDuc_data/Images/UzpfSTEwMDAwMDM2OTIxMDcyNTpWSzoyNjUxNjA2NzQxNDcwMjAyMQ==_0.jpg
/images/UzpfSTE0MTMwNjQ0MjY6Vks6MjY1MTA1NjAwMzg1ODYwOTI=_0.jpg	0.76519	high_directional_coverage	山以石峻  海为川歸  习書法	"山以石峻
海为川归"	/mnt/Suran_database/Users/thanhthanh_workspace/Project/NLP_K35/xlnntn_hp2_friend/data/mrDuc_data/Images/UzpfSTE0MTMwNjQ0MjY6Vks6MjY1MTA1NjAwMzg1ODYwOTI=_0.jpg
/images/UzpfSTEwMDAwMDM2NjMwMzY2NTpWSzoyNjUwODg5MjU1ODc1Mjg0MA==_0.jpg	0.743289	combined_score_above_threshold	"2026-05-01週五
中華字經
099
第四課 婚嫁28
柬貼呈送，族姥嬸婿。
趕赴邀請，祝賀慶禧。
叩首鞠躬，隨俗遷徙。"	"柬
貼
呈
送
族
姥
嬸
婿
趕
赴
邀
請
祝
賀
慶
禧
叩
首
鞠
躬
隨
俗
遷
徙
中
華
字
經
99
丙
午
李
秀
婷
書"	/mnt/Suran_database/Users/thanhthanh_workspace/Project/NLP_K35/xlnntn_hp2_friend/data/mrDuc_data/Images/UzpfSTEwMDAwMDM2NjMwMzY2NTpWSzoyNjUwODg5MjU1ODc1Mjg0MA==_0.jpg
/images/UzpfSTEwMDAwMDA5NDY5MjQ5NDpWSzoyNjUwMTg0OTQwMjc5MDQ4OQ==_0.jpg	0.758302	high_directional_coverage	"大家午安

世事一場大夢  人生幾度秋涼

暮春雨紛紛  涼意如秋

張威龍 習書2026/4/30"	"世事一場大
夢人生幾度
秋涼
暮春雨繹，涼意如秋
丙申張盛龍"	/mnt/Suran_database/Users/thanhthanh_workspace/Project/NLP_K35/xlnntn_hp2_friend/data/mrDuc_data/Images/UzpfSTEwMDAwMDA5NDY5MjQ5NDpWSzoyNjUwMTg0OTQwMjc5MDQ4OQ==_0.jpg
/images/UzpfSTEwMDAwMjgwNzA5MDE0OTpWSzoyNjQ5MzY3MjU0MzYwODE3NQ==_0.jpg	0.863444	one_text_contains_the_other	"回首向來蕭瑟處
歸去

也無風雨也無晴"	"回首向來蕭瑟處
歸去也無風雨也無晴
丙子之冬徐忠澤"	/mnt/Suran_database/Users/thanhthanh_workspace/Project/NLP_K35/xlnntn_hp2_friend/data/mrDuc_data/Images/UzpfSTEwMDAwMjgwNzA5MDE0OTpWSzoyNjQ5MzY3MjU0MzYwODE3NQ==_0.jpg
/images/UzpfSTEwMDAwMDM2OTIxMDcyNTpWSzoyNjQ5MzIzNzMzMDMxODM2Mw==_0.jpg	1.0	one_text_contains_the_other	芳聲騰海隅，秀句滿江國。今天的練習01	"芳
聲
騰
海
隅
秀
句
滿
江
國"	/mnt/Suran_database/Users/thanhthanh_workspace/Project/NLP_K35/xlnntn_hp2_friend/data/mrDuc_data/Images/UzpfSTEwMDAwMDM2OTIxMDcyNTpWSzoyNjQ5MzIzNzMzMDMxODM2Mw==_0.jpg
/images/UzpfSTEwMDAwMDM2NjMwMzY2NTpWSzoyNjQ5NzUxMzk5OTg5MDY5Ng==_0.jpg	0.820454	high_directional_coverage	"2026-04-30週四
長恨歌 白居易 
02
天生麗質難自棄，
一朝選在君王側。
回眸一笑百媚生，
六宮粉黛無顏色。"	"天生麗質難自棄
一朝選在君王側
回眸一笑百媚生
六宮粉黛無顏色
長恨歌白居易
丙午春
煒之"	/mnt/Suran_database/Users/thanhthanh_workspace/Project/NLP_K35/xlnntn_hp2_friend/data/mrDuc_data/Images/UzpfSTEwMDAwMDM2NjMwMzY2NTpWSzoyNjQ5NzUxMzk5OTg5MDY5Ng==_0.jpg
/images/UzpfSTEwMDAwMDk2ODk3OTU0NDpWSzoyNjQ5MDU1OTQ5MDU4NjE0Nw==_0.jpg	0.284447	one_text_contains_the_other	後杞菊賦	"後杞菊賦并序天隨生自言常食杞
菊及夏五月枝葉老硬氣味苦澀
猶食之不已因作賦以自廣予嘗疑之
以為士不遇窮約可也至於飢餓
嚼齧草木則過矣而予仕官十有
九年家日益貧衣食之奉殆不如
昔者及移守膠西意且一飽而廚府
索然不堪其憂日與通守劉君廷式
循古城廢圃求杞菊食之捫腹而笑
然後知天隨之言可信不謬作後杞菊
賦以自嘲且解之云
吁嗟先生誰使汝坐堂上稱太守"	/mnt/Suran_database/Users/thanhthanh_workspace/Project/NLP_K35/xlnntn_hp2_friend/data/mrDuc_data/Images/UzpfSTEwMDAwMDk2ODk3OTU0NDpWSzoyNjQ5MDU1OTQ5MDU4NjE0Nw==_0.jpg
/images/UzpfSTEwMDAwMDk2ODk3OTU0NDpWSzoyNjQ5MDU1OTQ5MDU4NjE0Nw==_1.jpg	0.279856	one_text_contains_the_other	後杞菊賦	"前賓客之造請後掾屬之趍走朝
衙逮午夕坐過酉曾杯酒之不設
攬草木以誑口對案顰蹙舉箸
噎嘔昔陰將軍設麥飯與蔥葉
井丹推去而不覿怛先生之眷々
豈故山之無有先生听然而笑曰
人生一世如屈伸肘何者為貧何者
為富何者為美何者為陋或貍肥
而鼠瘦或果臝而蟪蛄何俟萬
物均有一朽吾方以杞為糧以
菊為糗春食苗夏食葉秋食
華實而冬食根庶幾免乎
西河南
陽之壽 坡篇
臨宋蘇軾後杞菊賦并序 二迺計九條屏
丙申桃月 於燕溪自翫 張傳鑑書"	/mnt/Suran_database/Users/thanhthanh_workspace/Project/NLP_K35/xlnntn_hp2_friend/data/mrDuc_data/Images/UzpfSTEwMDAwMDk2ODk3OTU0NDpWSzoyNjQ5MDU1OTQ5MDU4NjE0Nw==_1.jpg
/images/UzpfSTEwMDAwMDk2ODk3OTU0NDpWSzoyNjQ5MDU1OTQ5MDU4NjE0Nw==_2.jpg	0.28466	one_text_contains_the_other	後杞菊賦	"後杞菊賦并序天随生自言常食杞
菊及夏五月枝葉老硬氣味苦涩
猶介不已因作賦以自廣予嘗疑之
以為士不遇窮約可也至於飢餓
嚼囓草木則過矣而予仕官十有
九年家日益貧衣食之奉殆不如
昔者及移守膠西意且一飽而藩府
索然不堪其憂日与通守劉君廷式
循古城廢圃求杞菊食之捫腹而笑
然後知天随之言可信不謬作後杞菊
賦以自嘲且解之云
吁嗟先生誰使汝坐堂上稱太守"	/mnt/Suran_database/Users/thanhthanh_workspace/Project/NLP_K35/xlnntn_hp2_friend/data/mrDuc_data/Images/UzpfSTEwMDAwMDk2ODk3OTU0NDpWSzoyNjQ5MDU1OTQ5MDU4NjE0Nw==_2.jpg
/images/UzpfSTEwMDAwMDM2OTIxMDcyNTpWSzoyNjQ2OTI4MDU2MjcxNDA0MA==_0.jpg	0.767033	high_directional_coverage	磨墨只因秋風起，煮酒疑是故人來。今天的練習01	"礳
墨
只
因
𥞩
風
起
煮
酒
疑
是
故
人
来"	/mnt/Suran_database/Users/thanhthanh_workspace/Project/NLP_K35/xlnntn_hp2_friend/data/mrDuc_data/Images/UzpfSTEwMDAwMDM2OTIxMDcyNTpWSzoyNjQ2OTI4MDU2MjcxNDA0MA==_0.jpg
/images/UzpfSTEwMDAwMDk2ODk3OTU0NDpWSzoyNjQ5MDU1OTQ5MDU4NjE0Nw==_3.jpg	0.278061	one_text_contains_the_other	後杞菊賦	"前賓客之造請後掾屬之趨走朝
衙達午夕坐過酉曾杯酒之不設
攅草木以游口對案顰蹙舉箸
噫嘔昔陰將軍設麥飯与葱葉
井丹推去而不闚姬先生之眷々
豈效山之無有先生听然而笑曰
人生一世如屈伸肘何者為貧何者
為富何者為美何者為陋或糝而敷
而瓠肥或果肉而星瘦何俟乎丈
人聊三九較豐約始夢寤卒同
歸於一朽吾方以杞為糧以菊為
糗春食苗夏食葉秋食華
實而冬食根庶幾乎西河南
陽之壽 坡翁
臨宋蘇軾後杞菊賦并序二迴计九條屏
丙午桃月 於礁溪自宅張傳銘書"	/mnt/Suran_database/Users/thanhthanh_workspace/Project/NLP_K35/xlnntn_hp2_friend/data/mrDuc_data/Images/UzpfSTEwMDAwMDk2ODk3OTU0NDpWSzoyNjQ5MDU1OTQ5MDU4NjE0Nw==_3.jpg
/images/UzpfSTEwMDAwMjU0OTQzOTE0OTpWSzoyNjQ4OTE1MDg4MDcyNzAwOA==_2.jpg	0.68232	combined_score_above_threshold	"寶島行跡
滄溟未鑿宇穹開
雞籠濤湧引風來
滬尾帆移通估舶
桃仔園阡布稼栽
竹塹壘固禦邊患
貓裏嶺迤界族儕
葫蘆墩壤連中聚
半線平疇育穀材
水沙連澗涵泉脈
諸羅暖序化民胎
赤崁府建興文教
打狗港寬納遠舶
阿猴日暄滋原壤
卑南煙鎮隱崖隈
奇萊壁峙迎洋勢
噶瑪蘭野展新垓
媽宮浪激圍沙嶼
浯洲潮遠達閩涯
東湧星垂臨海角
臺員氣象入詩裁

右台灣古地名
自基隆起反時邏輯一條龍
云 開天 登陸 開墾 防禦  聚落
成治 港口 邊疆  東境 外島 收島也
政宇白板書於廿廿六年四月廿九"	"寶島行跡
滬溟未鑿守穹界
雞籠灣瀉引風来
滬尾作移通估舶
桃仔園阡布稼穡
竹塹壘固禦邊患
稻裏嶺迤累族儕
葫蘆墩壤連中聚
半綫尔疇育豪梓
杉沙走眉湧島脈
諸羅暖序化民胎
赤崁府建興文教
打狗港寬納遠舡
阿猴日暄滋原壤
卑南徑績隱崖隈
奇萊壁峙迎洋勢
噶瑪蘭墾屏新坂
鳩谷浪激雨沙嶼
澎湖潮送達閩厦
東湧星垂防海角
基奠氣象入詩裁
右台灣古名與基隆紀及時
選瑜一儋詩云開之乍陸
開墾防禦聚落成交治港口
邊疆先境外多為島也
寫于白板上時無邊月光"	/mnt/Suran_database/Users/thanhthanh_workspace/Project/NLP_K35/xlnntn_hp2_friend/data/mrDuc_data/Images/UzpfSTEwMDAwMjU0OTQzOTE0OTpWSzoyNjQ4OTE1MDg4MDcyNzAwOA==_2.jpg
/images/UzpfSTEwMDAwMjU0OTQzOTE0OTpWSzoyNjQ4OTE1MDg4MDcyNzAwOA==_7.jpg	0.674919	combined_score_above_threshold	"寶島行跡
滄溟未鑿宇穹開
雞籠濤湧引風來
滬尾帆移通估舶
桃仔園阡布稼栽
竹塹壘固禦邊患
貓裏嶺迤界族儕
葫蘆墩壤連中聚
半線平疇育穀材
水沙連澗涵泉脈
諸羅暖序化民胎
赤崁府建興文教
打狗港寬納遠舶
阿猴日暄滋原壤
卑南煙鎮隱崖隈
奇萊壁峙迎洋勢
噶瑪蘭野展新垓
媽宮浪激圍沙嶼
浯洲潮遠達閩涯
東湧星垂臨海角
臺員氣象入詩裁

右台灣古地名
自基隆起反時邏輯一條龍
云 開天 登陸 開墾 防禦  聚落
成治 港口 邊疆  東境 外島 收島也
政宇白板書於廿廿六年四月廿九"	"寶島行跡
滬溟小鱓宇穹開
雞籠灣湧引風來
滬尾外移通估舶
桃仔園阡布稻栽
竹塹壘固週邊屯
貓裏嶺迤累族儕
葫蘆墩據連中聚
半綫公疇育穀林
杉沙走溜湧島貎
諸羅暖序化民胎
赤崁府建興文教
打狗港寬納遠舡
阿猴日暄溢原壤
卑南僻鎮隱崖隈
奇萊壁峙迎洋勢
噶瑪蘭聳展新圻
媽宮浪激南沙塩
綠海潮送遠閩唐
東湧星垂防海角
基奠氣象入詩裁
右台灣古名及基隆地名詩
選珎一條詩云開之七言
開墾防禦聚落成滄海
邊疆先境分多為島也
写于白板上時癸卯年正月九"	/mnt/Suran_database/Users/thanhthanh_workspace/Project/NLP_K35/xlnntn_hp2_friend/data/mrDuc_data/Images/UzpfSTEwMDAwMjU0OTQzOTE0OTpWSzoyNjQ4OTE1MDg4MDcyNzAwOA==_7.jpg
/images/UzpfSTEwMDAwMjgwNzA5MDE0OTpWSzoyNjQ3OTUyODI3ODM1NTkzNQ==_0.jpg	0.846647	high_directional_coverage	"山居秋暝
唐-王維

空山新雨後，天氣晚來秋。

明月松間照，清泉石上流。

竹喧歸浣女，蓮動下漁舟。

隨意春芳歇，王孫自可留。"	"空
山
新
雨
後
天
晚
來
秋
明
月
松
間
照
清
泉
石
上
流
竹
喧
歸
浣
女
蓮
動
下
漁
舟
隨
意
春
芳
歇
王
孫
自
可
留
王維山居秋暝
丙子秋月
志洋"	/mnt/Suran_database/Users/thanhthanh_workspace/Project/NLP_K35/xlnntn_hp2_friend/data/mrDuc_data/Images/UzpfSTEwMDAwMjgwNzA5MDE0OTpWSzoyNjQ3OTUyODI3ODM1NTkzNQ==_0.jpg
/images/UzpfSTEwMDAwMDM2NjMwMzY2NTpWSzoyNjQ4NTcwNzUzNDQwNDY3Ng==_0.jpg	0.764048	high_directional_coverage	"2026-04-29週三
中華字經
098
纖手藕臂，軟頸削肩。
烏髮比臀，酥胸腰間。
修腿負軀，弓腳婷站。"	"纖
手
藕
臂
軟
頸
削
肩
烏
髮
比
臀
酥
胸
腰
間
修
腿
貞
軀
弓
腳
婷
站
中華字經
98.
丙申春書於瑞士"	/mnt/Suran_database/Users/thanhthanh_workspace/Project/NLP_K35/xlnntn_hp2_friend/data/mrDuc_data/Images/UzpfSTEwMDAwMDM2NjMwMzY2NTpWSzoyNjQ4NTcwNzUzNDQwNDY3Ng==_0.jpg
/images/UzpfSTEwMDAwMzI4NDg3MDY0MDpWSzoyNjQ3ODkyNjEzODQxNjE0OQ==_1.jpg	0.59835	combined_score_above_threshold	"受友所托写的一首歌颂张良的“报韩佐汉”之功。

報韓為俠烈，
佐漢建勳功。 
蘊藍圖於帷幄，
定帝業於關中。 
功成不受賞，
長嘯隨赤松。"	"報韓為俠烈佐漢建勳功盈篋
圖於帷幄定帝業於彀中功成
石受賞長肅臨赤松
丙午冬
栗煌"	/mnt/Suran_database/Users/thanhthanh_workspace/Project/NLP_K35/xlnntn_hp2_friend/data/mrDuc_data/Images/UzpfSTEwMDAwMzI4NDg3MDY0MDpWSzoyNjQ3ODkyNjEzODQxNjE0OQ==_1.jpg
/images/UzpfSTEwMDAwMDA5NDY5MjQ5NDpWSzoyNjQ4MDQzODM4NDkzMTU5MQ==_0.jpg	0.728837	high_directional_coverage	"大家晚安
一念放下 萬般自在
弘一大師偈語 點化芸芸眾生
但在一念之間 張威龍 習書2026/4/28"	"一念
放下
萬緣
自在
弘一大師
偈句
點化芸芸
衆生但
在一念
之間
張成龍
丙申春"	/mnt/Suran_database/Users/thanhthanh_workspace/Project/NLP_K35/xlnntn_hp2_friend/data/mrDuc_data/Images/UzpfSTEwMDAwMDA5NDY5MjQ5NDpWSzoyNjQ4MDQzODM4NDkzMTU5MQ==_0.jpg
/images/UzpfSTEwMDAwMDM2NjMwMzY2NTpWSzoyNjQ3MzcxNTk3ODkzNzE2NQ==_0.jpg	0.813095	high_directional_coverage	"2026-04-28週二
長恨歌 白居易 
01
漢皇重色思傾國，
御宇多年求不得。
楊家有女初長成，
養在深閏人未識。"	"漢皇重色思傾國
御宇多年求不得
楊家有女初長成
養在深閨人未識
長恨歌白居易丙午"	/mnt/Suran_database/Users/thanhthanh_workspace/Project/NLP_K35/xlnntn_hp2_friend/data/mrDuc_data/Images/UzpfSTEwMDAwMDM2NjMwMzY2NTpWSzoyNjQ3MzcxNTk3ODkzNzE2NQ==_0.jpg
/images/UzpfSTEwMDAwMDM2OTIxMDcyNTpWSzoyNjQ1NzMxMzU1NzI0NDA3NA==_0.jpg	1.0	one_text_contains_the_other	為學日益。今天的練習02	"為
學
日
益"	/mnt/Suran_database/Users/thanhthanh_workspace/Project/NLP_K35/xlnntn_hp2_friend/data/mrDuc_data/Images/UzpfSTEwMDAwMDM2OTIxMDcyNTpWSzoyNjQ1NzMxMzU1NzI0NDA3NA==_0.jpg
/images/UzpfSTEwMDAwMDM2OTIxMDcyNTpWSzoyNjQ2OTI4NjAxNjA0NjgyOA==_0.jpg	0.818298	high_directional_coverage	雨過橫塘水滿堤，亂山高下路東西。 一番桃李花開盡，惟有青青草色齊。今天的練習03	"雨過橫塘水滿堤亂山高下路
東西一番桃李花開盡惟有
青々草色齊
宋人曾几詩南湖二首之一
丙午春月"	/mnt/Suran_database/Users/thanhthanh_workspace/Project/NLP_K35/xlnntn_hp2_friend/data/mrDuc_data/Images/UzpfSTEwMDAwMDM2OTIxMDcyNTpWSzoyNjQ2OTI4NjAxNjA0NjgyOA==_0.jpg
/images/UzpfSTEwMDAwMDA5NDY5MjQ5NDpWSzoyNjQ2MzAyMTI0MzMzOTk3Mg==_0.jpg	0.700357	high_directional_coverage	"大家早安

飄飄何所似  天地一沙鷗  杜甫 詩

張威龍 習書2026/4/27"	"飄
飄
︰
何
所
似
天
地
一
沙
鷗
杜甫詩
丙子
暮春
張斌書"	/mnt/Suran_database/Users/thanhthanh_workspace/Project/NLP_K35/xlnntn_hp2_friend/data/mrDuc_data/Images/UzpfSTEwMDAwMDA5NDY5MjQ5NDpWSzoyNjQ2MzAyMTI0MzMzOTk3Mg==_0.jpg
/images/UzpfSTEwMDAwMjgwNzA5MDE0OTpWSzoyNjQ1NjkzOTc1MDYxNDc4OA==_0.jpg	0.607136	high_directional_coverage	"山花子-春愁
明-陳子龍

楊柳迷離曉霧中，杏花零落五更鐘。寂寂景陽宮外月，照殘紅。
蝶化彩衣金縷盡，蟲銜畫粉玉樓空。惟有無情雙燕子，舞東風。"	"楊
柳
迷
離
曉
霧
中
杏
花
零
落
景
陽
宮
外
月
照
殘
紅
燭
化
影
街
鼓
紛
玉
樓
隨
舞
東
風"	/mnt/Suran_database/Users/thanhthanh_workspace/Project/NLP_K35/xlnntn_hp2_friend/data/mrDuc_data/Images/UzpfSTEwMDAwMjgwNzA5MDE0OTpWSzoyNjQ1NjkzOTc1MDYxNDc4OA==_0.jpg
/images/UzpfSTEwMDAwMDY0NDU0MTUxOTpWSzoyNjQ2NDQ4ODQyMzE5MzI1NA==_0.jpg	0.787784	high_directional_coverage	林洪〈宮詞〉：金殿當頭紫閣重，仙人掌上玉芙蓉。太平天子朝元日，五色雲車駕六龍。	"金
殿
當
紫
閣
重
仙
人
掌
上
玉
芙
蓉
太
平
天
子
朝
元
日
五
色
雲
車
駕
五
龍
林
清
澗
丙
子
八
月"	/mnt/Suran_database/Users/thanhthanh_workspace/Project/NLP_K35/xlnntn_hp2_friend/data/mrDuc_data/Images/UzpfSTEwMDAwMDY0NDU0MTUxOTpWSzoyNjQ2NDQ4ODQyMzE5MzI1NA==_0.jpg
/images/UzpfSTEwMDAwMjgwNzA5MDE0OTpWSzoyNjM3NjYwMjkxNTMxNTEzOQ==_0.jpg	0.900988	one_text_contains_the_other	"一切有為法
如夢幻泡影

如露亦如電

應作如是觀"	"一
切
有
為
法
如
夢
幻
泡
影
如
露
亦
如
電
應
作
如
是
觀
丙子三春
紹暉"	/mnt/Suran_database/Users/thanhthanh_workspace/Project/NLP_K35/xlnntn_hp2_friend/data/mrDuc_data/Images/UzpfSTEwMDAwMjgwNzA5MDE0OTpWSzoyNjM3NjYwMjkxNTMxNTEzOQ==_0.jpg
/images/UzpfSTEwMDAwMDM2OTIxMDcyNTpWSzoyNjQ1NzMxNTkyNzI0MzgzNw==_0.jpg	0.854469	high_directional_coverage	樓觀岳陽盡，川迥洞庭開。雁引愁心去，山銜好月來。雲間連下榻，天上接行杯。醉後涼風起，吹人舞袖回。今天的練習03	"樓觀岳陽盡川迥洞庭開雁引愁心
去山銜好月來雲間連榻天上接行杯
醉後涼風起吹人舞袖回
唐李太白詩與夏十二登岳陽樓丙子春"	/mnt/Suran_database/Users/thanhthanh_workspace/Project/NLP_K35/xlnntn_hp2_friend/data/mrDuc_data/Images/UzpfSTEwMDAwMDM2OTIxMDcyNTpWSzoyNjQ1NzMxNTkyNzI0MzgzNw==_0.jpg
/images/UzpfSTEwMDAwMDM2NjMwMzY2NTpWSzoyNjQ2Mjg3Nzc2MDAyMDk4Nw==_0.jpg	0.811492	high_directional_coverage	"2026-04-27週一
中華字經
097
舒額彈腮，惺眸鑲嵌。
嫦妞嫵睫，炯奕幌辮。
敖鼻單翹，墜耳雙環。"	"舒額彈腮惺眸
鑲嵌嫦妞嫵睫
炯奕幌辮敖鼻
單翹墜耳雙環
中華字經97丙戌冬臨徐書"	/mnt/Suran_database/Users/thanhthanh_workspace/Project/NLP_K35/xlnntn_hp2_friend/data/mrDuc_data/Images/UzpfSTEwMDAwMDM2NjMwMzY2NTpWSzoyNjQ2Mjg3Nzc2MDAyMDk4Nw==_0.jpg
/images/UzpfSTEwMDAwMDE5NjgwNTkxNDpWSzo5MjM0MjI4ODY5OTc5MTQ0_0.jpg	0.581671	combined_score_above_threshold	"1140312《道德經》第78章

本文：天下莫柔弱於水，而攻堅強者莫之能勝，其無以易之。弱之勝強，柔之勝剛，天下莫不知，莫能行。是以聖人云：受國之垢，是謂社稷主；受國不祥，是謂天下王。正言若反。

解說：遍天下再沒有什麼東西比水更柔弱了，而攻堅克強卻沒有什麼東西可以勝過水。弱勝過強，柔勝過剛，遍天下沒有人不知道，但是沒有人能實行。所以有道的聖人這樣說：“承擔全國的屈辱，才能成為國家的君主，承擔全國的禍災，才能成為天下的君王。”正面的話好像在反說一樣。

#水利萬物而不爭
#成領導者願意承擔且願受屈辱"	"天下莫柔弱於水而
攻堅強者莫之能勝
其無以易之弱之勝
強柔之勝剛天下莫
不知莫能行是以聖
人云受國之垢是謂
社稷主受國不祥是
謂天下王正言若反
節錄道德經第七十八章乙巳年春火塘王筆"	/mnt/Suran_database/Users/thanhthanh_workspace/Project/NLP_K35/xlnntn_hp2_friend/data/mrDuc_data/Images/UzpfSTEwMDAwMDE5NjgwNTkxNDpWSzo5MjM0MjI4ODY5OTc5MTQ0_0.jpg
/images/UzpfSTEwMDAwMDM2OTIxMDcyNTpWSzoyNjQxOTcwOTIxMTAwNDUwOQ==_0.jpg	1.0	one_text_contains_the_other	青雲得路，赤壁之游。今天的練習01	"青
雲
得
路
赤
壁
之
游"	/mnt/Suran_database/Users/thanhthanh_workspace/Project/NLP_K35/xlnntn_hp2_friend/data/mrDuc_data/Images/UzpfSTEwMDAwMDM2OTIxMDcyNTpWSzoyNjQxOTcwOTIxMTAwNDUwOQ==_0.jpg
/images/UzpfSTEwMDAwMDE5NjgwNTkxNDpWSzo5MjM0MjI4ODY5OTc5MTQ0_3.jpg	0.581671	combined_score_above_threshold	"1140312《道德經》第78章

本文：天下莫柔弱於水，而攻堅強者莫之能勝，其無以易之。弱之勝強，柔之勝剛，天下莫不知，莫能行。是以聖人云：受國之垢，是謂社稷主；受國不祥，是謂天下王。正言若反。

解說：遍天下再沒有什麼東西比水更柔弱了，而攻堅克強卻沒有什麼東西可以勝過水。弱勝過強，柔勝過剛，遍天下沒有人不知道，但是沒有人能實行。所以有道的聖人這樣說：“承擔全國的屈辱，才能成為國家的君主，承擔全國的禍災，才能成為天下的君王。”正面的話好像在反說一樣。

#水利萬物而不爭
#成領導者願意承擔且願受屈辱"	"天下莫柔弱於水而
攻堅強者莫之能勝
其無以易之弱之勝
強柔之勝剛天下莫
不知莫能行是以聖
人云受國之垢是謂
社稷主受國不祥是
謂天下王正言若反
節錄道德經第七十八章乙巳年春火龍王筆"	/mnt/Suran_database/Users/thanhthanh_workspace/Project/NLP_K35/xlnntn_hp2_friend/data/mrDuc_data/Images/UzpfSTEwMDAwMDE5NjgwNTkxNDpWSzo5MjM0MjI4ODY5OTc5MTQ0_3.jpg
/images/UzpfSTEwMDAwMDE5NjgwNTkxNDpWSzo5MjM0MjI4ODY5OTc5MTQ0_2.jpg	0.581671	combined_score_above_threshold	"1140312《道德經》第78章

本文：天下莫柔弱於水，而攻堅強者莫之能勝，其無以易之。弱之勝強，柔之勝剛，天下莫不知，莫能行。是以聖人云：受國之垢，是謂社稷主；受國不祥，是謂天下王。正言若反。

解說：遍天下再沒有什麼東西比水更柔弱了，而攻堅克強卻沒有什麼東西可以勝過水。弱勝過強，柔勝過剛，遍天下沒有人不知道，但是沒有人能實行。所以有道的聖人這樣說：“承擔全國的屈辱，才能成為國家的君主，承擔全國的禍災，才能成為天下的君王。”正面的話好像在反說一樣。

#水利萬物而不爭
#成領導者願意承擔且願受屈辱"	"天下莫柔弱於水而
攻堅強者莫之能勝
其無以易之弱之勝
強柔之勝剛天下莫
不知莫能行是以聖
人云受國之垢是謂
社稷主受國不祥是
謂天下王正言若反
節錄道德經第七十八章乙巳年春火塘王筆"	/mnt/Suran_database/Users/thanhthanh_workspace/Project/NLP_K35/xlnntn_hp2_friend/data/mrDuc_data/Images/UzpfSTEwMDAwMDE5NjgwNTkxNDpWSzo5MjM0MjI4ODY5OTc5MTQ0_2.jpg
/images/UzpfSTEwMDAwMDE5NjgwNTkxNDpWSzo5MjM0MjI4ODY5OTc5MTQ0_1.jpg	0.581671	combined_score_above_threshold	"1140312《道德經》第78章

本文：天下莫柔弱於水，而攻堅強者莫之能勝，其無以易之。弱之勝強，柔之勝剛，天下莫不知，莫能行。是以聖人云：受國之垢，是謂社稷主；受國不祥，是謂天下王。正言若反。

解說：遍天下再沒有什麼東西比水更柔弱了，而攻堅克強卻沒有什麼東西可以勝過水。弱勝過強，柔勝過剛，遍天下沒有人不知道，但是沒有人能實行。所以有道的聖人這樣說：“承擔全國的屈辱，才能成為國家的君主，承擔全國的禍災，才能成為天下的君王。”正面的話好像在反說一樣。

#水利萬物而不爭
#成領導者願意承擔且願受屈辱"	"天下莫柔弱於水而
攻堅強者莫之能勝
其無以易之弱之勝
強柔之勝剛天下莫
不知莫能行是以聖
人云受國之垢是謂
社稷主受國不祥是
謂天下王正言若反
節錄道德經第七十八章乙巳年春火塘王筆"	/mnt/Suran_database/Users/thanhthanh_workspace/Project/NLP_K35/xlnntn_hp2_friend/data/mrDuc_data/Images/UzpfSTEwMDAwMDE5NjgwNTkxNDpWSzo5MjM0MjI4ODY5OTc5MTQ0_1.jpg
/images/UzpfSTEwMDAwMDM2NjMwMzY2NTpWSzoyNjQ0OTkwOTcyMTMxNzc5MQ==_0.jpg	0.801614	high_directional_coverage	"2026-04-25週日
琵琶行 白居易 
22
悽悽不似向前聲，
滿座重聞皆掩泣。
座中泣下誰最多？
江州司馬青衫濕。"	"悽々不似向前聲
滿座重聞皆掩泣
座中泣下誰最多
江州司馬青衫濕
琵琶行白居易
丙午春
啓之"	/mnt/Suran_database/Users/thanhthanh_workspace/Project/NLP_K35/xlnntn_hp2_friend/data/mrDuc_data/Images/UzpfSTEwMDAwMDM2NjMwMzY2NTpWSzoyNjQ0OTkwOTcyMTMxNzc5MQ==_0.jpg
/images/UzpfSTEwMDAwMDM2OTIxMDcyNTpWSzoyNjQ0NTQyNjA4MTc2NjE1NQ==_0.jpg	1.0	one_text_contains_the_other	竹密不妨流水過，山高豈礙白雲飛。今天的練習01	"竹密不妨流水過
山高豈礙白雲飛"	/mnt/Suran_database/Users/thanhthanh_workspace/Project/NLP_K35/xlnntn_hp2_friend/data/mrDuc_data/Images/UzpfSTEwMDAwMDM2OTIxMDcyNTpWSzoyNjQ0NTQyNjA4MTc2NjE1NQ==_0.jpg
/images/UzpfSTEwMDAwMDM2OTIxMDcyNTpWSzoyNjQ0NTQyOTMxMTc2NTgzMg==_0.jpg	1.0	one_text_contains_the_other	有容乃大。今天的練習02	"有
容
乃
大"	/mnt/Suran_database/Users/thanhthanh_workspace/Project/NLP_K35/xlnntn_hp2_friend/data/mrDuc_data/Images/UzpfSTEwMDAwMDM2OTIxMDcyNTpWSzoyNjQ0NTQyOTMxMTc2NTgzMg==_0.jpg
/images/UzpfSTEwMDAwNzI5MzE4NTg0MTpWSzoyNjQzOTMwNTQzOTA0NDg4Ng==_0.jpg	0.624664	combined_score_above_threshold	"橫看成嶺側成峰，遠近高低各不同。
不識廬山真面目，只緣身在此山中。蘇軾/題西林壁"	"横
看
成
岭
侧
成
峰
远
近
高
低
各
不
同
不
识
庐
山
真
面
目
只
缘
身
在
此
中
苏
轼
题
西
林
壁
傅
坪
书"	/mnt/Suran_database/Users/thanhthanh_workspace/Project/NLP_K35/xlnntn_hp2_friend/data/mrDuc_data/Images/UzpfSTEwMDAwNzI5MzE4NTg0MTpWSzoyNjQzOTMwNTQzOTA0NDg4Ng==_0.jpg
/images/UzpfSTEwMDAwMDM2NjMwMzY2NTpWSzoyNjQzOTE4MDgzOTA1NzM0Ng==_0.jpg	0.724202	combined_score_above_threshold	"2026-04-25週六
中華字經
096
朝覲跪拜，贖罪向善。
第三課 儀容16
龍睛鳳眼，秀眉斜彎。
櫻口怡笑，胭脂融現。"	"朝
覲
跪
拜
贖
罪
向
善
龍
睛
鳳
眼
秀
眉
斜
彎
櫻
口
怡
笑
胭
脂
融
現
中華字經九丙午年李彬書"	/mnt/Suran_database/Users/thanhthanh_workspace/Project/NLP_K35/xlnntn_hp2_friend/data/mrDuc_data/Images/UzpfSTEwMDAwMDM2NjMwMzY2NTpWSzoyNjQzOTE4MDgzOTA1NzM0Ng==_0.jpg
/images/UzpfSTEwMDAwMDM2OTIxMDcyNTpWSzoyNjQzMjU2NTYzNjM4NTUzMw==_0.jpg	0.835016	high_directional_coverage	一瞬光陰，世人常被芳菲惱。玉壺頻倒。惟恨春歸早。 何似逍遙，物外尋三島。春長好。瑞芝瑤草。春又何曾老。今天的練習03	"一瞬光陰世人常被芳菲惱玉壺
頻倒惟恨春歸早何似道人物外
尋三島春長好瑞芝瑰草春又何
曾老
宋人張掄默莊詞
丙午三春"	/mnt/Suran_database/Users/thanhthanh_workspace/Project/NLP_K35/xlnntn_hp2_friend/data/mrDuc_data/Images/UzpfSTEwMDAwMDM2OTIxMDcyNTpWSzoyNjQzMjU2NTYzNjM4NTUzMw==_0.jpg
/images/UzpfSTEwMDAwMDM2OTIxMDcyNTpWSzoyNjQwODEwNDk3NTQ5ODI2Ng==_0.jpg	0.72	high_directional_coverage	幾處松篁千枝楊柳，一江煙浪萬疊雲峰。今天的練習01	"幾
處
粉
篁
平
楚
楊
柳
一
江
煙
浪
萬
疊
雲
峯"	/mnt/Suran_database/Users/thanhthanh_workspace/Project/NLP_K35/xlnntn_hp2_friend/data/mrDuc_data/Images/UzpfSTEwMDAwMDM2OTIxMDcyNTpWSzoyNjQwODEwNDk3NTQ5ODI2Ng==_0.jpg
/images/UzpfSTEwMDAwMDM2OTIxMDcyNTpWSzoyNjQzMjU1ODU0MzA1MjkwOQ==_0.jpg	0.888445	high_directional_coverage	醉別西樓醒不記。春夢秋雲，聚散真容易。斜月半窗還少睡。畫屏閒展吳山翠。衣上酒痕詩裏字。點點行行，總是淒涼意。紅燭自憐無好計。夜寒空替人垂淚。今天的練習01	"醉別西樓醒不記春夢秋雲聚散真
容易斜月半窗還少睡畫屏閒展吳山
翠衣上酒痕詩里字點點行行總是淒涼意
紅燭自憐無好計夜寒空替人垂淚
宋人晏幾道蝶戀花
丙午仲春二月
蕭吉峰"	/mnt/Suran_database/Users/thanhthanh_workspace/Project/NLP_K35/xlnntn_hp2_friend/data/mrDuc_data/Images/UzpfSTEwMDAwMDM2OTIxMDcyNTpWSzoyNjQzMjU1ODU0MzA1MjkwOQ==_0.jpg
/images/UzpfSTEwMDAwMDM2OTIxMDcyNTpWSzoyNjQwODExMDkwNTQ5NzY3Mw==_0.jpg	0.690714	high_directional_coverage	人生難得幾日閒，清茶一壺煮流年。 忘卻人間三千事，心寬無處不桃源。今天的練習03	"人
生
難
得
幾
日
閑
清
茶
一
壺
煮
流
年
忘
却
紅
塵
三
千
事
心
寛
無
處
不
桃
園
介
人
譚
劍
飛
詩
丙
午
書"	/mnt/Suran_database/Users/thanhthanh_workspace/Project/NLP_K35/xlnntn_hp2_friend/data/mrDuc_data/Images/UzpfSTEwMDAwMDM2OTIxMDcyNTpWSzoyNjQwODExMDkwNTQ5NzY3Mw==_0.jpg
/images/UzpfSTEwMDAwNjk5OTg0Mzk5MjpWSzoyNjQxMjUxNjQyNTA1NzEyMQ==_0.jpg	0.636193	high_directional_coverage	"書友早安舒心😃
習字塗鴉分享🙏
龍遊淺水遭蝦戲，
虎落平陽被犬欺。
得勢狸猫凶過虎，
落毛鳳凰不如雞。
✍️於:烘爐茶壺"	"龍
游
淺
水
遭
蝦
戲
虎
落
平
陽
被
犬
欺
得
勢
狸
貓
落
魄
鳳
凰
不
如
雞
錫
澎
書"	/mnt/Suran_database/Users/thanhthanh_workspace/Project/NLP_K35/xlnntn_hp2_friend/data/mrDuc_data/Images/UzpfSTEwMDAwNjk5OTg0Mzk5MjpWSzoyNjQxMjUxNjQyNTA1NzEyMQ==_0.jpg
/images/UzpfSTEwMDAwOTU5NjQwODMyMzpWSzoyNjQyNTE1MTA5NzEyNjk4Nw==_0.jpg	0.847002	high_directional_coverage	劉方平,春怨:紗窗日落漸黃昏，金屋無人見淚痕。 寂寞空庭春欲晚，梨花滿地不開門謝謝!	"沙
窗
日
落
漸
黃
昏
金
屋
無
人
見
淚
痕
寂
寞
空
庭
春
欲
晚
梨
花
滿
地
不
開
門
墨
香"	/mnt/Suran_database/Users/thanhthanh_workspace/Project/NLP_K35/xlnntn_hp2_friend/data/mrDuc_data/Images/UzpfSTEwMDAwOTU5NjQwODMyMzpWSzoyNjQyNTE1MTA5NzEyNjk4Nw==_0.jpg
/images/UzpfSTEwMDAwMDM2NjMwMzY2NTpWSzoyNjQyNDEwMDkzMDU2NTMzNw==_0.jpg	0.695653	combined_score_above_threshold	"2026-04-24週五
琵琶行 白居易 
21
莫辭更坐彈一曲，
爲君翻作《琵琶行》。
感我此言良久立，
卻坐促弦弦轉急。"	"莫
辭
更
坐
彈
一
曲
为
君
翻
作
琵
琶
行
感
我
此
言
良
久
立
却
坐
促
弦
々
转
急
琵琶行
白居易
丙午春
妙生书"	/mnt/Suran_database/Users/thanhthanh_workspace/Project/NLP_K35/xlnntn_hp2_friend/data/mrDuc_data/Images/UzpfSTEwMDAwMDM2NjMwMzY2NTpWSzoyNjQyNDEwMDkzMDU2NTMzNw==_0.jpg
/images/UzpfSTEwMDAwMDkxMDQ1MTI2ODpWSzoyNjQxNDI0ODQ4NDg4MzkxNQ==_0.jpg	0.903125	high_directional_coverage	"樓倚霜樹外
鏡天無一毫
南山與秋色
氣勢兩相高
杜牧-長安秋望
丙午夏月墨墨散人"	"樓
倚
霜
樹
外
鏡
天
無
一
毫
南
山
與
秋
色
氣
勢
兩
相
高
杜牧長安秋望
丙子夏月愚人"	/mnt/Suran_database/Users/thanhthanh_workspace/Project/NLP_K35/xlnntn_hp2_friend/data/mrDuc_data/Images/UzpfSTEwMDAwMDkxMDQ1MTI2ODpWSzoyNjQxNDI0ODQ4NDg4MzkxNQ==_0.jpg
/images/UzpfSTEwMDAwMDM2NjMwMzY2NTpWSzoyNjQxMjI3MTI1ODQxNDk3MQ==_0.jpg	0.782377	high_directional_coverage	"2026-04-23週四
中華字經
095
躊躇徘徊，彷徨怖添。
焦愁黴緒，淪頹苟喘。
蝨蚤蛆蛔，茅廁臭便。"	"躊
躇
徘
徊
彷
徨
怖
添
焦
愁
徽
緒
淪
頹
苟
喘
蝨
蚤
蛆
蛔
茅
廁
臭
便
中華字經
95.丙午春野書"	/mnt/Suran_database/Users/thanhthanh_workspace/Project/NLP_K35/xlnntn_hp2_friend/data/mrDuc_data/Images/UzpfSTEwMDAwMDM2NjMwMzY2NTpWSzoyNjQxMjI3MTI1ODQxNDk3MQ==_0.jpg
/images/UzpfSTEwMDAwMDM2OTIxMDcyNTpWSzoyNjQwODEwNzczNTQ5Nzk5MA==_0.jpg	1.0	one_text_contains_the_other	祥雲瑞氣。今天的練習02	祥雲瑞氣	/mnt/Suran_database/Users/thanhthanh_workspace/Project/NLP_K35/xlnntn_hp2_friend/data/mrDuc_data/Images/UzpfSTEwMDAwMDM2OTIxMDcyNTpWSzoyNjQwODEwNzczNTQ5Nzk5MA==_0.jpg
/images/UzpfSTEwMDAwMDY5MDI2MjM3MTpWSzoyNjQyMDA4NDcyNzYzMzYyNA==_0.jpg	0.319511	one_text_contains_the_other	愛的真諦	"愛是恆久忍耐又有恩慈愛是不
不作害羞的事不求自己的益處
不喜歡不義只喜歡真理凡事包容
忍耐愛是永不止息
聖經哥林多前書第十三章四-八節「愛的真諦」丙午穀雨後三日鄭麗娟書"	/mnt/Suran_database/Users/thanhthanh_workspace/Project/NLP_K35/xlnntn_hp2_friend/data/mrDuc_data/Images/UzpfSTEwMDAwMDY5MDI2MjM3MTpWSzoyNjQyMDA4NDcyNzYzMzYyNA==_0.jpg
/images/UzpfSTEwMDAwMDM2OTIxMDcyNTpWSzoyNjQxOTcxNTQzNzY3MDU1Mw==_0.jpg	0.606423	combined_score_above_threshold	水滿橫塘雨過時，一番紅景雜花飛。 送春無限情惆悵，身在天涯未得歸。今天的練習03	"水滿橫塘雨過時 一番紅葉出疏籬
客中送客無限情 惆悵江涯
未得歸
宋葛紹體詩二首之二
丙午春"	/mnt/Suran_database/Users/thanhthanh_workspace/Project/NLP_K35/xlnntn_hp2_friend/data/mrDuc_data/Images/UzpfSTEwMDAwMDM2OTIxMDcyNTpWSzoyNjQxOTcxNTQzNzY3MDU1Mw==_0.jpg
/images/UzpfSTEwMDAwNzI5MzE4NTg0MTpWSzoyNjQxMzg0Njg2NDkyNDA3Nw==_0.jpg	0.899185	high_directional_coverage	"半畝方塘一鑒開，天光雲影共徘徊。
問渠哪得清如許，為有源頭活水來。朱熹/觀書有感"	"半
畝
方
塘
一
鑑
開
天
光
雲
影
共
徘
徊
問
渠
那
得
清
如
許
為
有
源
頭
活
水
來
朱
熹
觀
書
有
感
傅
鐸
書"	/mnt/Suran_database/Users/thanhthanh_workspace/Project/NLP_K35/xlnntn_hp2_friend/data/mrDuc_data/Images/UzpfSTEwMDAwNzI5MzE4NTg0MTpWSzoyNjQxMzg0Njg2NDkyNDA3Nw==_0.jpg
/images/UzpfSTEwMDA4OTA0MzM2NTY5MDpWSzoyNjQwMDI2NzY2OTYxNTMzMA==_1.jpg	0.390592	one_text_contains_the_other	青玉案，元夕。辛棄疾	"《青玉案.元夕》辛棄疾
東風夜放花千樹，更吹落、星如雨。
寶馬雕車香滿路。
鳳簫聲動，玉壺光轉，一夜魚龍舞。
蛾兒雪柳黃金縷，笑語盈盈暗香去。
眾裏尋他千百度；
驀然迴首，那人卻在、燈火闌珊處。"	/mnt/Suran_database/Users/thanhthanh_workspace/Project/NLP_K35/xlnntn_hp2_friend/data/mrDuc_data/Images/UzpfSTEwMDA4OTA0MzM2NTY5MDpWSzoyNjQwMDI2NzY2OTYxNTMzMA==_1.jpg
/images/UzpfSTYxNTY5NjY3NzQwNDM0OlZLOjI2NDAyMzk1NjQyNzM1ODY2_0.jpg	0.351743	one_text_contains_the_other	書 蔡襄 貧賢帖	"昔之貧賢寒俊偶有流落失職者其為
文章多怨所誹不得其志又況久處樂而
行患難乃能克意文翰而無前所累者
非胸中泰定有以處之非數能也故人之
第以示余故書襄
歲在丙午書蔡襄貧賢帖"	/mnt/Suran_database/Users/thanhthanh_workspace/Project/NLP_K35/xlnntn_hp2_friend/data/mrDuc_data/Images/UzpfSTYxNTY5NjY3NzQwNDM0OlZLOjI2NDAyMzk1NjQyNzM1ODY2_0.jpg
/images/UzpfSTEwMDA4OTA0MzM2NTY5MDpWSzoyNjQwMDI2NzY2OTYxNTMzMA==_6.jpg	0.390592	one_text_contains_the_other	青玉案，元夕。辛棄疾	"《青玉案·元夕》辛棄疾
東風夜放花千樹，更吹落、星如雨。
寶馬雕車香滿路。
鳳簫聲動，玉壺光轉，一夜魚龍舞。
蛾兒雪柳黃金縷，笑語盈盈暗香去。
眾裏尋他千百度；
驀然迴首，那人卻在、燈火闌珊處。"	/mnt/Suran_database/Users/thanhthanh_workspace/Project/NLP_K35/xlnntn_hp2_friend/data/mrDuc_data/Images/UzpfSTEwMDA4OTA0MzM2NTY5MDpWSzoyNjQwMDI2NzY2OTYxNTMzMA==_6.jpg
/images/UzpfSTEwMDAwMDM2OTIxMDcyNTpWSzoyNjM5NjkyMzI1MzI4MzEwNQ==_0.jpg	0.875556	high_directional_coverage	雨氣露書濕，茶煙隔竹清。今天的練習01	"雨
氣
霑
書
濕
茶
煙
隔
竹
清"	/mnt/Suran_database/Users/thanhthanh_workspace/Project/NLP_K35/xlnntn_hp2_friend/data/mrDuc_data/Images/UzpfSTEwMDAwMDM2OTIxMDcyNTpWSzoyNjM5NjkyMzI1MzI4MzEwNQ==_0.jpg
/images/UzpfSTEwMDAwMDM2NjMwMzY2NTpWSzoyNjQwMDk3Mzk1OTU0NDcwMQ==_0.jpg	0.747696	high_directional_coverage	"2026-04-22週三
琵琶行 白居易 
20
豈無山歌與村笛？
嘔啞嘲哳難爲聽。
今夜聞君琵琶語，
如聽仙樂耳暫明。"	"豈無山歌与村笛
嘔啞嘲哳難為聽
今夜聞君琵琶語
如聽仙樂耳暫明
琵琶行白居易
丙午春
炳華書"	/mnt/Suran_database/Users/thanhthanh_workspace/Project/NLP_K35/xlnntn_hp2_friend/data/mrDuc_data/Images/UzpfSTEwMDAwMDM2NjMwMzY2NTpWSzoyNjQwMDk3Mzk1OTU0NDcwMQ==_0.jpg
/images/UzpfSTEwMDAwMDM2OTIxMDcyNTpWSzoyNjM4NjEwMzI4NDM2NTEwMg==_0.jpg	0.941595	one_text_contains_the_other	明月幾時有？把酒問青天。不知天上宮闕，今夕是何年？我欲乘風歸去，又恐瓊樓玉宇，高處不勝寒。 起舞弄清影，何似在人間？轉朱閣，低綺戶，照無眠。不應有恨，何事長向別時圓？人有悲歡離合，月有陰晴圓缺，此事古難全。但願人長久，千里共嬋娟。今天的練習01	"明月幾時有把酒問青天不知天上宮闕今夕是
何年我欲乘風歸去又恐瓊樓玉宇高處不
勝寒起舞弄清影何似在人間轉朱閣低綺戶
照無眠不應有恨何事長向別時圓人有悲歡離合
月有陰晴圓缺此事古難全但願人長久千里共
嬋娟
宋东坡居士水调歌头
丙午二月
葉吉榮"	/mnt/Suran_database/Users/thanhthanh_workspace/Project/NLP_K35/xlnntn_hp2_friend/data/mrDuc_data/Images/UzpfSTEwMDAwMDM2OTIxMDcyNTpWSzoyNjM4NjEwMzI4NDM2NTEwMg==_0.jpg
/images/UzpfSTEwMDAwMDM2OTIxMDcyNTpWSzoyNjM4NjEwNTM5NzY5ODIyNA==_0.jpg	1.0	one_text_contains_the_other	室雅蘭香。今天的練習02	"室
雅
蘭
香"	/mnt/Suran_database/Users/thanhthanh_workspace/Project/NLP_K35/xlnntn_hp2_friend/data/mrDuc_data/Images/UzpfSTEwMDAwMDM2OTIxMDcyNTpWSzoyNjM4NjEwNTM5NzY5ODIyNA==_0.jpg
/images/UzpfSTY3MTc0OTU2NDpWSzoyNjM4OTgyNDc2NzMyNjI4Nw==_1.jpg	0.40378	one_text_contains_the_other	"【篆書練習】觀自在/是三行金石文字形/老去/不僅書法

老去

很難給生命，增加時間，

但可給時間，增加生命。

************************************

摘錄網文

******************************************

2017年收集網文，輯編《觀自在》專文，並節錄父親是三行先生的各體書法字形做PO圖，今習篆書之。

經過數十年的整理，不僅將父親是三行先生的金石文書法作品字形拆分，並搜編各個字形的演變進程、資訊，及名家字跡，建立臉書FB「不僅書法」（以篆書練習為主），提供篆書喜好者瀏覽使用，在篆書領域上秉持父親遺願，盡一己之力！"	"老
去
很難給生命，增加時間，
但可給時間，增加生命！"	/mnt/Suran_database/Users/thanhthanh_workspace/Project/NLP_K35/xlnntn_hp2_friend/data/mrDuc_data/Images/UzpfSTY3MTc0OTU2NDpWSzoyNjM4OTgyNDc2NzMyNjI4Nw==_1.jpg
/images/UzpfSTEwMDAwMDM2NjMwMzY2NTpWSzoyNjM4OTY3ODU1NDAwNzU3NQ==_0.jpg	0.743469	high_directional_coverage	"2026-04-21週二
中華字經
094
僥倖饒恕，期告赦免。
鐐銬鋃鐺，懺悔已憾。
匆慌失措，徐踱圃團。"	"僥
倖
饒
恕
期
告
赦
免
鐐
銬
鋃
鐺
懺
悔
已
憾
勿
慌
失
措
徐
踱
圍
團
中華字經94丙午書啓登"	/mnt/Suran_database/Users/thanhthanh_workspace/Project/NLP_K35/xlnntn_hp2_friend/data/mrDuc_data/Images/UzpfSTEwMDAwMDM2NjMwMzY2NTpWSzoyNjM4OTY3ODU1NDAwNzU3NQ==_0.jpg
/images/UzpfSTEwMDAwNjk5OTg0Mzk5MjpWSzoyNjM4OTQ0ODI4NDAzMDYwMg==_0.jpg	0.622486	combined_score_above_threshold	"書友早安舒心😃
習字塗鴉分享🙏
雨過橫塘水滿堤，亂山高下路東西。
一番桃李花開盡，唯有青青草色齊。
（宋‧曾鞏‧《城南》）
✍️於:烘爐茶壺"	"雨過横塘水滿堤亂山高
下路東西一番桃李花開
盡惟有青々草色齊
曾鞏詩城南二首其一丙子春月楊澍書"	/mnt/Suran_database/Users/thanhthanh_workspace/Project/NLP_K35/xlnntn_hp2_friend/data/mrDuc_data/Images/UzpfSTEwMDAwNjk5OTg0Mzk5MjpWSzoyNjM4OTQ0ODI4NDAzMDYwMg==_0.jpg
/images/UzpfSTEwMDA4NDQ1NjM5NjAwNTpWSzoyNjM3OTM1NTM5MTcwNjU1OA==_0.jpg	0.907246	high_directional_coverage	"草漫千堤綠， 
風牽一水柔。 
閒來凝望遠， 
突憶故園秋。
     丙午南山"	"草漫千堤綠
風牽一水柔
閒來凝望遠
突憶故園秋
丙子画山"	/mnt/Suran_database/Users/thanhthanh_workspace/Project/NLP_K35/xlnntn_hp2_friend/data/mrDuc_data/Images/UzpfSTEwMDA4NDQ1NjM5NjAwNTpWSzoyNjM3OTM1NTM5MTcwNjU1OA==_0.jpg
/images/UzpfSTEwMDAwMDM2OTIxMDcyNTpWSzoyNjM4NjEwOTgxNDM2NDQ0OQ==_0.jpg	0.604119	combined_score_above_threshold	春入山家，杖藜獨步登巖岫。野花爭秀。弄蕊香盈袖。 對景開懷，莫遣雙眉皺。春難久。亂紅飛後。留得韶光否。今天的練習03	"春入山家杖藜獨步登岩岫野花争
秀春意悠然碧袖對景偏懷莫遣幾
眉皺老難久朱紅不復後得韶光否
宋人詩瑜熙書
丙午春月吉"	/mnt/Suran_database/Users/thanhthanh_workspace/Project/NLP_K35/xlnntn_hp2_friend/data/mrDuc_data/Images/UzpfSTEwMDAwMDM2OTIxMDcyNTpWSzoyNjM4NjEwOTgxNDM2NDQ0OQ==_0.jpg
/images/UzpfSTEwMDAwMDM2OTIxMDcyNTpWSzoyNjM1NzMzNzE0MDU3NTA1MA==_0.jpg	0.767738	high_directional_coverage	中庭地白樹棲鴉，冷露無聲溼桂花。今夜月明人盡望，不知秋思落誰家。今天的練習03	"中庭地白樹棲鴉冷露無聲濕
桂花今夜明人盡望不知秋思落
誰家
唐人王建詩十五夜望月寄杜郎中
丙午春"	/mnt/Suran_database/Users/thanhthanh_workspace/Project/NLP_K35/xlnntn_hp2_friend/data/mrDuc_data/Images/UzpfSTEwMDAwMDM2OTIxMDcyNTpWSzoyNjM1NzMzNzE0MDU3NTA1MA==_0.jpg
/images/UzpfSTEwMDAwMDM2OTIxMDcyNTpWSzoyNjM3NjExOTEzNTM2MzUxNw==_0.jpg	1.0	one_text_contains_the_other	惟驥千霜壽，不爭一日長。今天的練習01	"惟驥千霜壽
不爭一日長"	/mnt/Suran_database/Users/thanhthanh_workspace/Project/NLP_K35/xlnntn_hp2_friend/data/mrDuc_data/Images/UzpfSTEwMDAwMDM2OTIxMDcyNTpWSzoyNjM3NjExOTEzNTM2MzUxNw==_0.jpg
/images/UzpfSTEwMDAwMDM2OTIxMDcyNTpWSzoyNjM2NzIyNjMzMjkxOTQ2NA==_0.jpg	0.709091	high_directional_coverage	自得雲林意趣，且憑泉石清唫。今天的練習01	"自
得
雲
林
覃
趣
且
隨
泉
石
清
吟"	/mnt/Suran_database/Users/thanhthanh_workspace/Project/NLP_K35/xlnntn_hp2_friend/data/mrDuc_data/Images/UzpfSTEwMDAwMDM2OTIxMDcyNTpWSzoyNjM2NzIyNjMzMjkxOTQ2NA==_0.jpg
/images/UzpfSTEwMDAwMDM2OTIxMDcyNTpWSzoyNjM3NjEyMzYxNTM2MzA2OQ==_0.jpg	0.847403	high_directional_coverage	何必問生涯, 幽閑度歲華. 有琴方是樂, 無竹不成家. 吟裏銷春色, 眠中見曙霞. 今年如未去, 更擬種胡麻。今天的練習03	"何必問生涯幽閑度歲華有琴方
是樂無竹不成家吟裏銷春色醉中
見曙霞今年如未老更擬種胡麻
宋人王禹偁詩閑居丙午之春"	/mnt/Suran_database/Users/thanhthanh_workspace/Project/NLP_K35/xlnntn_hp2_friend/data/mrDuc_data/Images/UzpfSTEwMDAwMDM2OTIxMDcyNTpWSzoyNjM3NjEyMzYxNTM2MzA2OQ==_0.jpg
/images/UzpfSTEwMDAwMDM2NjMwMzY2NTpWSzoyNjM4MDA5Mjc1MTYzMjgyMg==_0.jpg	0.820454	high_directional_coverage	"2026-04-20週一
琵琶行 白居易 
19
其間旦暮聞何物？
杜鵑啼血猿哀鳴。
春江花朝秋月夜，
往往取酒還獨傾。"	"其間旦暮聞何物
杜鵑啼血猿哀鳴
春江花朝秋月夜
往往取酒還獨傾
琵琶行白居易丙午春敬書"	/mnt/Suran_database/Users/thanhthanh_workspace/Project/NLP_K35/xlnntn_hp2_friend/data/mrDuc_data/Images/UzpfSTEwMDAwMDM2NjMwMzY2NTpWSzoyNjM4MDA5Mjc1MTYzMjgyMg==_0.jpg
/images/UzpfSTEwMDAwMDM2OTIxMDcyNTpWSzoyNjM3NjEyMTI1NTM2MzMwNQ==_0.jpg	1.0	one_text_contains_the_other	積學儲寶。今天的練習02	積學儲寶	/mnt/Suran_database/Users/thanhthanh_workspace/Project/NLP_K35/xlnntn_hp2_friend/data/mrDuc_data/Images/UzpfSTEwMDAwMDM2OTIxMDcyNTpWSzoyNjM3NjEyMTI1NTM2MzMwNQ==_0.jpg
/images/UzpfSTYxNTY5NjY3NzQwNDM0OlZLOjI2MzcxMTU4NDg1ODU5NTgy_0.jpg	0.769724	high_directional_coverage	"書「宋高宗七言律詩」
暮春三月巫峽長。皛皛行雲浮日光。雷聲忽送千峰雨。花氣渾如百和香。黃鶯過水翻迴去。燕子㘅泥濕不妨。飛閣捲簾圖畫裡。虛無只少對瀟湘。"	"暮春三月巫峽長晴
行雲游浮日光雷霆
忽送千峯雨花氣渾
如百合香黃鶯過水
翻迴去燕子銜泥濕不
妨飛閣捲簾圖畫裏
虛無只少對瀟湘
歲在丙午書宋高宗七律"	/mnt/Suran_database/Users/thanhthanh_workspace/Project/NLP_K35/xlnntn_hp2_friend/data/mrDuc_data/Images/UzpfSTYxNTY5NjY3NzQwNDM0OlZLOjI2MzcxMTU4NDg1ODU5NTgy_0.jpg
/images/UzpfSTEwMDAwMDM2NjMwMzY2NTpWSzoyNjM3MDcwNDcyOTIzODI5MQ==_0.jpg	0.821285	high_directional_coverage	"2026-04-19週日
中華字經
093
酗毆惹禍，弊穢氾濫。
偷漏假冒，妄販募捐。
剃囚拷問，傀儡敷衍。"	"酗
毆
惹
禍
弊
穢
氾
濫
偷
漏
假
冒
妄
販
募
捐
剃
囚
拷
問
傀
儡
敷
衍
中華字經93丙子孝彬書"	/mnt/Suran_database/Users/thanhthanh_workspace/Project/NLP_K35/xlnntn_hp2_friend/data/mrDuc_data/Images/UzpfSTEwMDAwMDM2NjMwMzY2NTpWSzoyNjM3MDcwNDcyOTIzODI5MQ==_0.jpg
/images/UzpfSTYxNTc1NDg1MzkwNTY1OlZLOjI2MzYyOTA1MjAwMDE4MjQ0_0.jpg	0.498447	one_text_contains_the_other	今天分享一個关于描绘春天的作品：春和景明。	"春
和
景
明"	/mnt/Suran_database/Users/thanhthanh_workspace/Project/NLP_K35/xlnntn_hp2_friend/data/mrDuc_data/Images/UzpfSTYxNTc1NDg1MzkwNTY1OlZLOjI2MzYyOTA1MjAwMDE4MjQ0_0.jpg
/images/UzpfSTEwMDAwMDM2OTIxMDcyNTpWSzoyNjM2NzIzMDc2MjkxOTAyMQ==_0.jpg	0.652229	high_directional_coverage	霽雨牽野情，孤舟遂兹賞。積水連遠空，落日垂萬象。岸回雲獨隨，山轉泉更響。望望極寒源，猶言放輕槳。今天的練習03	"霽雨華野情孤舟迤邐前雙流交遠
空落日垂華象岸回雲獨隨山轉泉更
響望極客源猶言放輕槳
宋之問入若耶溪詩一首
丙午之春"	/mnt/Suran_database/Users/thanhthanh_workspace/Project/NLP_K35/xlnntn_hp2_friend/data/mrDuc_data/Images/UzpfSTEwMDAwMDM2OTIxMDcyNTpWSzoyNjM2NzIzMDc2MjkxOTAyMQ==_0.jpg
/images/UzpfSTEwMDAwMDM2OTIxMDcyNTpWSzoyNjM2NzIyODQwMjkxOTI1Nw==_0.jpg	1.0	one_text_contains_the_other	沙起雷行。今天的練習02	"沙
起
雷
行"	/mnt/Suran_database/Users/thanhthanh_workspace/Project/NLP_K35/xlnntn_hp2_friend/data/mrDuc_data/Images/UzpfSTEwMDAwMDM2OTIxMDcyNTpWSzoyNjM2NzIyODQwMjkxOTI1Nw==_0.jpg
/images/UzpfSTEwMDAwMDM2OTIxMDcyNTpWSzoyNjM0NTQ3MDQzNTA5NTA1NA==_0.jpg	1.0	one_text_contains_the_other	崇德尚賢。今天的練習02	崇德尚賢	/mnt/Suran_database/Users/thanhthanh_workspace/Project/NLP_K35/xlnntn_hp2_friend/data/mrDuc_data/Images/UzpfSTEwMDAwMDM2OTIxMDcyNTpWSzoyNjM0NTQ3MDQzNTA5NTA1NA==_0.jpg
/images/UzpfSTEwMDAwMjgwNzA5MDE0OTpWSzoyNjM1NzMzODMwNzI0MTYwMA==_0.jpg	0.816089	high_directional_coverage	"絕句三
唐-杜甫

兩個黃鸝鳴翠柳，一行白鷺上青天。
窗含西嶺千秋雪，門泊東吳萬里船。"	"兩個黃鸝鳴翠柳一
行白鷺上青天窗含
西嶺千秋雪門泊東
吳萬里船
杜甫詩丙子春
徐志洋"	/mnt/Suran_database/Users/thanhthanh_workspace/Project/NLP_K35/xlnntn_hp2_friend/data/mrDuc_data/Images/UzpfSTEwMDAwMjgwNzA5MDE0OTpWSzoyNjM1NzMzODMwNzI0MTYwMA==_0.jpg
/images/UzpfSTEwMDAwMzI4NDg3MDY0MDpWSzoyNjM2MjUwOTMxMDA1NzgzMw==_0.jpg	0.594576	combined_score_above_threshold	"這首王維的《春中田園作》意境非常有「畫意」；描繪出田園景色的清新與生機…

屋上春鳩鳴，村邊杏花白。
持斧伐遠揚，荷鋤覘泉脈。
歸燕識故巢，舊人看新曆。
臨觴忽不御，惆悵遠行客。
- 王維 春中田園作"	"屋上春鳩鳴村邊杏花白持斧伐
遠揚荷鋤覘泉脈歸燕識舊巢
屬人分新曆臨觴忽不御惆悵遠行客
庚子初夏於圓通精舍南亭 雲樵"	/mnt/Suran_database/Users/thanhthanh_workspace/Project/NLP_K35/xlnntn_hp2_friend/data/mrDuc_data/Images/UzpfSTEwMDAwMzI4NDg3MDY0MDpWSzoyNjM2MjUwOTMxMDA1NzgzMw==_0.jpg
/images/UzpfSTEwMDAwMDA5NDY5MjQ5NDpWSzoyNjM2NDg2MjY1OTgyMjQ5OA==_0.jpg	0.65471	high_directional_coverage	"大家午安
清 納蘭性德
人生若只如初見 
何事秋風悲畫扇
張威龍  習書2O26/4/I8"	"人生若只如
初見何事
秋風悲
畫扇
丙午春
張盛誌"	/mnt/Suran_database/Users/thanhthanh_workspace/Project/NLP_K35/xlnntn_hp2_friend/data/mrDuc_data/Images/UzpfSTEwMDAwMDA5NDY5MjQ5NDpWSzoyNjM2NDg2MjY1OTgyMjQ5OA==_0.jpg
/images/UzpfSTEwMDAwMDM2NjMwMzY2NTpWSzoyNjM2MTA1ODgzNjg2OTU0Nw==_0.jpg	0.813095	high_directional_coverage	"2026-04-18週六
琵琶行 白居易 
18
潯陽地僻無音樂，
終歲不聞絲竹聲。
住近湓江地低溼，
黃蘆苦竹繞宅生。"	"潯陽地僻無音樂
終歲不聞絲竹聲
住近湓江地低濕
黃蘆苦竹繞宅生
琵琶行白居易丙午"	/mnt/Suran_database/Users/thanhthanh_workspace/Project/NLP_K35/xlnntn_hp2_friend/data/mrDuc_data/Images/UzpfSTEwMDAwMDM2NjMwMzY2NTpWSzoyNjM2MTA1ODgzNjg2OTU0Nw==_0.jpg
/images/UzpfSTEwMDAwMDM2OTIxMDcyNTpWSzoyNjM1NzMzMjA4MDU3NTU1Ng==_0.jpg	1.0	one_text_contains_the_other	秋風丹桂香千里，冬雪寒梅伴老松。今天的練習01	"秋風丹桂香千里
冬雪寒梅伴老松"	/mnt/Suran_database/Users/thanhthanh_workspace/Project/NLP_K35/xlnntn_hp2_friend/data/mrDuc_data/Images/UzpfSTEwMDAwMDM2OTIxMDcyNTpWSzoyNjM1NzMzMjA4MDU3NTU1Ng==_0.jpg
/images/UzpfSTEwMDAwMDM2OTIxMDcyNTpWSzoyNjM0NTQ2ODA2ODQyODYyNA==_0.jpg	1.0	one_text_contains_the_other	常從楊子識難字，喜與王充釋異書。今天的練習01	"常從楊子識難字
喜與王充釋異書"	/mnt/Suran_database/Users/thanhthanh_workspace/Project/NLP_K35/xlnntn_hp2_friend/data/mrDuc_data/Images/UzpfSTEwMDAwMDM2OTIxMDcyNTpWSzoyNjM0NTQ2ODA2ODQyODYyNA==_0.jpg
/images/UzpfSTEwMDAwMjU0OTQzOTE0OTpWSzoyNjM1NDQwMDkyNzUzNTMzOA==_0.jpg	0.458207	one_text_contains_the_other	"碧玉妝成一樹高
萬條垂下綠絲絛
不知細葉誰裁出
二月春風似剪刀

賀知章詠柳
政宇書於丙午二月杪

#二月寫二月
#妝絛裁誤寫者太多
#初習書法者書此易誤"	"不
知
細
葉
誰
裁
出"	/mnt/Suran_database/Users/thanhthanh_workspace/Project/NLP_K35/xlnntn_hp2_friend/data/mrDuc_data/Images/UzpfSTEwMDAwMjU0OTQzOTE0OTpWSzoyNjM1NDQwMDkyNzUzNTMzOA==_0.jpg
/images/UzpfSTEwMDAwMjU0OTQzOTE0OTpWSzoyNjM1NDQwMDkyNzUzNTMzOA==_1.jpg	0.841702	high_directional_coverage	"碧玉妝成一樹高
萬條垂下綠絲絛
不知細葉誰裁出
二月春風似剪刀

賀知章詠柳
政宇書於丙午二月杪

#二月寫二月
#妝絛裁誤寫者太多
#初習書法者書此易誤"	"碧玉妝成一樹高萬條垂下綠絲
絛不知細葉誰裁出二月春風似
剪刀賀知章詠柳庚子冬雨石書"	/mnt/Suran_database/Users/thanhthanh_workspace/Project/NLP_K35/xlnntn_hp2_friend/data/mrDuc_data/Images/UzpfSTEwMDAwMjU0OTQzOTE0OTpWSzoyNjM1NDQwMDkyNzUzNTMzOA==_1.jpg
/images/UzpfSTEwMDAwMjU0OTQzOTE0OTpWSzoyNjM1NDQwMDkyNzUzNTMzOA==_4.jpg	0.430978	one_text_contains_the_other	"碧玉妝成一樹高
萬條垂下綠絲絛
不知細葉誰裁出
二月春風似剪刀

賀知章詠柳
政宇書於丙午二月杪

#二月寫二月
#妝絛裁誤寫者太多
#初習書法者書此易誤"	"萬
條
垂
下
綠
絲"	/mnt/Suran_database/Users/thanhthanh_workspace/Project/NLP_K35/xlnntn_hp2_friend/data/mrDuc_data/Images/UzpfSTEwMDAwMjU0OTQzOTE0OTpWSzoyNjM1NDQwMDkyNzUzNTMzOA==_4.jpg
/images/UzpfSTY3MTc0OTU2NDpWSzoyNjMzODYxODIzOTExMzYwNw==_3.jpg	0.688558	high_directional_coverage	"【篆書練習】是三行金石文字形/不僅書法

早安

人生過半，學會看淡；

靜而無爭，隨緣始終。

*************************************

摘錄網文"	"常安
人生過半，
學會看淡，
靜而無爭，
隨緣始終。"	/mnt/Suran_database/Users/thanhthanh_workspace/Project/NLP_K35/xlnntn_hp2_friend/data/mrDuc_data/Images/UzpfSTY3MTc0OTU2NDpWSzoyNjMzODYxODIzOTExMzYwNw==_3.jpg
/images/UzpfSTY3MTc0OTU2NDpWSzoyNjMzODYxODIzOTExMzYwNw==_0.jpg	0.688558	high_directional_coverage	"【篆書練習】是三行金石文字形/不僅書法

早安

人生過半，學會看淡；

靜而無爭，隨緣始終。

*************************************

摘錄網文"	"常安
人生過半，
學會看淡，
靜而無爭，
隨緣始終。"	/mnt/Suran_database/Users/thanhthanh_workspace/Project/NLP_K35/xlnntn_hp2_friend/data/mrDuc_data/Images/UzpfSTY3MTc0OTU2NDpWSzoyNjMzODYxODIzOTExMzYwNw==_0.jpg
/images/UzpfSTEwMDAwMDM2OTIxMDcyNTpWSzoyNjM0NTQ3NDYzNTA5NDYzNA==_0.jpg	0.611835	high_directional_coverage	風捲寒雲暮雪晴，江煙洗盡柳條輕。 檐前數片無人掃，又得書窗一夜明。今天的練習03	"風捲寒雲暮雪晴江山洗出翠
微輕檐外數片無人掃又同
書窗一般明
古人或是訪韓舍人避雪 丙午春"	/mnt/Suran_database/Users/thanhthanh_workspace/Project/NLP_K35/xlnntn_hp2_friend/data/mrDuc_data/Images/UzpfSTEwMDAwMDM2OTIxMDcyNTpWSzoyNjM0NTQ3NDYzNTA5NDYzNA==_0.jpg
/images/UzpfSTEwMDAwMDA5NDY5MjQ5NDpWSzoyNjMyMDk4OTQ0NzU0MzE1Mw==_0.jpg	0.608227	combined_score_above_threshold	"**大家午安**

**心中若有桃花源 何處不是水雲間**

**清明春日午後悶熱 目澀心不歇 習書自適**

**聽說明日滂沱大雨  乾渴大地又可以飽餐一頓**

**(頂樓不必澆水了  喝喝  呵呵)  張威龍  習書2026/4/14**"	"心中
若有
桃花
源
何
处
不
是
水
云
间
清風的春日午後閑熱
日麗心不歇胃口自甘
適聽説明日滂沱大
雨乾渴大地又可飽餐
一頓
丙申秋日
張戴記"	/mnt/Suran_database/Users/thanhthanh_workspace/Project/NLP_K35/xlnntn_hp2_friend/data/mrDuc_data/Images/UzpfSTEwMDAwMDA5NDY5MjQ5NDpWSzoyNjMyMDk4OTQ0NzU0MzE1Mw==_0.jpg
/images/UzpfSTEwMDAwMDM2OTIxMDcyNTpWSzoyNjMzNDM3MzcwOTUzODA2MA==_0.jpg	0.795966	high_directional_coverage	踏白江梅，大都玉斷酥凝就。雨肥霜逗。癡了閨房秀。莫待冬深，雪壓風欺後。君知否。卻嫌伊瘦。仍怕伊僝僽。今天的練習03	"踏白江梅大都玉琢酥凝就雨肥霜逗
逼近閨房秀莫待冬深雪壓風欺後君知
否却嫌伊瘦仍怕伊僝僽
宋人周必大點絳唇丙午三立書"	/mnt/Suran_database/Users/thanhthanh_workspace/Project/NLP_K35/xlnntn_hp2_friend/data/mrDuc_data/Images/UzpfSTEwMDAwMDM2OTIxMDcyNTpWSzoyNjMzNDM3MzcwOTUzODA2MA==_0.jpg
/images/UzpfSTEwMDAwMDM2NjMwMzY2NTpWSzoyNjM0MDE5NzUzODk1NTY3Nw==_0.jpg	0.83774	high_directional_coverage	"2026-04-16週四
琵琶行 白居易 
17
同是天涯淪落人，
相逢何必曾相識！
我從去年辭帝京，
謫居臥病潯陽城。"	"同是天涯淪落人
相逢何必曾相識
我從去年辭帝京
謫居臥病潯陽城
琵琶行白居易丙子春"	/mnt/Suran_database/Users/thanhthanh_workspace/Project/NLP_K35/xlnntn_hp2_friend/data/mrDuc_data/Images/UzpfSTEwMDAwMDM2NjMwMzY2NTpWSzoyNjM0MDE5NzUzODk1NTY3Nw==_0.jpg
/images/UzpfSTEwMDAwMDM2NjMwMzY2NTpWSzoyNjMzMDMxNTU2NjYxMDU0MQ==_0.jpg	0.732442	high_directional_coverage	"2026-04-15週三
中華字經
091
燒殺掠搶，栽贓誣陷。
宰虐淫霸，痞劣刁蠻。
狎暱娼妓，蹂躪鬢鬟。"	"燒
殺
掠
搶
栽
賊
証
陷
宰
虐
淫
霸
痞
劣
刁
蠻
狎
暱
娼
妓
蹂
躪
鬢
鬟
中
華
字
經
九
六
丙
子
年
秋
楚"	/mnt/Suran_database/Users/thanhthanh_workspace/Project/NLP_K35/xlnntn_hp2_friend/data/mrDuc_data/Images/UzpfSTEwMDAwMDM2NjMwMzY2NTpWSzoyNjMzMDMxNTU2NjYxMDU0MQ==_0.jpg
/images/UzpfSTEwMDAwMjgwNzA5MDE0OTpWSzoyNjMyNDkzNTkwMDQ4MTg0MQ==_0.jpg	0.769216	high_directional_coverage	"春歸何處
宋-黃庭堅

春歸何處。寂寞無行路。

若有人知春去處。喚取歸來同住。

春無蹤跡誰知。除非問取黃鸝。

百囀無人能解，因風飛過薔薇。"	"春
歸
何
處
寂
寞
無
行
路
若
人
知
春
去
處
喚
取
歸
來
同
住
春
無
蹤
跡
誰
知
欲
留
因
聽
黃
鸝
百
囀
人
問
處
因
風
飛
過
薔
薇
志洋"	/mnt/Suran_database/Users/thanhthanh_workspace/Project/NLP_K35/xlnntn_hp2_friend/data/mrDuc_data/Images/UzpfSTEwMDAwMjgwNzA5MDE0OTpWSzoyNjMyNDkzNTkwMDQ4MTg0MQ==_0.jpg
/images/UzpfSTEwMDAwMDM2OTIxMDcyNTpWSzoyNjMyNDA2NjE3NzIzNTQ4MA==_0.jpg	0.875556	high_directional_coverage	酒香留客住，詩好帶風吟。今天的練習01	"酒香留客住
詩好带風吟"	/mnt/Suran_database/Users/thanhthanh_workspace/Project/NLP_K35/xlnntn_hp2_friend/data/mrDuc_data/Images/UzpfSTEwMDAwMDM2OTIxMDcyNTpWSzoyNjMyNDA2NjE3NzIzNTQ4MA==_0.jpg
/images/UzpfSTEwMDAwMDY5NDUzNzk4MDpWSzoyNjMzMzk1MzUwMjkxMzQxNA==_0.jpg	0.278056	one_text_contains_the_other	文信國.正氣歌	"天地有正氣雜然賦流形下則為河嶽上則為日星於人曰浩然
沛乎塞蒼冥皇路當清夷含和吐明庭時窮節乃見一一垂
丹青在齊太史簡在晉董狐筆在秦張良椎在漢蘇武節又為
嚴將軍頭為嵇侍中血為張睢陽齒為顏常山舌或為遼東帽
清操厲冰雪或為出師表鬼神泣壯烈或為渡江楫慷慨吞
胡羯或為擊賊笏逆豎頭破裂是氣所磅礴凜烈萬古
存當其貫日月生死安足論地維賴以立天柱賴以尊三綱
實繫命道義為之根嗟予遘陽九隸也實不力楚囚纓其冠
傳車送窮北鼎鑊甘如飴求之不可得陰房闃鬼火春院閟天黑
牛驥同一皂雞棲鳳凰食一朝蒙霧露分作溝中瘠如此再寒暑
百沴自辟易哀哉沮洳場為我安樂國豈有他繆巧陰陽不能賊
顧此耿耿在仰視浮雲白悠悠我心悲風簷展書讀古道照顏色
文信國正氣歌
丙子年春日劉俊國書"	/mnt/Suran_database/Users/thanhthanh_workspace/Project/NLP_K35/xlnntn_hp2_friend/data/mrDuc_data/Images/UzpfSTEwMDAwMDY5NDUzNzk4MDpWSzoyNjMzMzk1MzUwMjkxMzQxNA==_0.jpg
/images/UzpfSTEwMDAwMDM2OTIxMDcyNTpWSzoyNjMyNDA3MTQ0MzkwMTYyMA==_0.jpg	0.771651	high_directional_coverage	厚地高天，側身頗覺平生左，小齋如舸，自許迴旋可。聊復浮生，得此須臾我。乾坤大，霜林獨坐，紅葉紛紛墮。今天的練習03	"厚天高地側身頗平生在小齋如舸
自許迴旋可聊復浮生得此須臾載乾
坤大霜林獨坐紅葉紛々墮
清王國維墨迹右丙午春之吉"	/mnt/Suran_database/Users/thanhthanh_workspace/Project/NLP_K35/xlnntn_hp2_friend/data/mrDuc_data/Images/UzpfSTEwMDAwMDM2OTIxMDcyNTpWSzoyNjMyNDA3MTQ0MzkwMTYyMA==_0.jpg
/images/UzpfSTEwMDAwMDA5NDY5MjQ5NDpWSzoyNjMyMDYwOTAyMDkxNDUyOQ==_0.jpg	0.691765	high_directional_coverage	"**大家午安**

**「萬般皆苦  唯有自渡」**

**丙午春日午後 偶讀佳句**

**聯想到〈渡紅塵〉**

**自製簫 練習吹一下**

**張威龍  2026/4/14**"	"萬
般
皆
苦
唯
有
自
渡
丙午春日午後偶讀佳句
張盛治"	/mnt/Suran_database/Users/thanhthanh_workspace/Project/NLP_K35/xlnntn_hp2_friend/data/mrDuc_data/Images/UzpfSTEwMDAwMDA5NDY5MjQ5NDpWSzoyNjMyMDYwOTAyMDkxNDUyOQ==_0.jpg
/images/UzpfSTEwMDAwMDA5NDY5MjQ5NDpWSzoyNjMyMDYwOTAyMDkxNDUyOQ==_1.jpg	0.647734	high_directional_coverage	"**大家午安**

**「萬般皆苦  唯有自渡」**

**丙午春日午後 偶讀佳句**

**聯想到〈渡紅塵〉**

**自製簫 練習吹一下**

**張威龍  2026/4/14**"	"萬般
皆苦
唯有
自渡
丙申春日午後偶讀佳句
張盛治"	/mnt/Suran_database/Users/thanhthanh_workspace/Project/NLP_K35/xlnntn_hp2_friend/data/mrDuc_data/Images/UzpfSTEwMDAwMDA5NDY5MjQ5NDpWSzoyNjMyMDYwOTAyMDkxNDUyOQ==_1.jpg
/images/UzpfSTEwMDAwMDM2OTIxMDcyNTpWSzoyNjMyNDA2OTExMDU2ODUyMA==_0.jpg	1.0	one_text_contains_the_other	怡然自樂。今天的練習02	"怡
然
自
樂"	/mnt/Suran_database/Users/thanhthanh_workspace/Project/NLP_K35/xlnntn_hp2_friend/data/mrDuc_data/Images/UzpfSTEwMDAwMDM2OTIxMDcyNTpWSzoyNjMyNDA2OTExMDU2ODUyMA==_0.jpg
/images/UzpfSTEwMDAwMDY5NDUzNzk4MDpWSzoyNjMyMzEwNDYwMzk5ODMwNA==_0.jpg	0.610705	combined_score_above_threshold	"行草併行~一揮
千人同茶不同味，萬人同道不同心。有人理解我之幸，無人理解我獨行。知我者謂我心憂，不知我者謂我何求。世間萬物皆可有，唯有懂字最難求"	"千人同面
不同味
萬人同道
不同心
多人懼綠
无一之幸
无人理解
我独り
知我者
为我心忧
不知我者
谓我何求
世万物
皆可有
唯有懂字
最难尔
丙午吉日
刘俊国书"	/mnt/Suran_database/Users/thanhthanh_workspace/Project/NLP_K35/xlnntn_hp2_friend/data/mrDuc_data/Images/UzpfSTEwMDAwMDY5NDUzNzk4MDpWSzoyNjMyMzEwNDYwMzk5ODMwNA==_0.jpg
/images/UzpfSTEwMDAwMzUzNjA0MTQ0NzpWSzoyNDkxMTg0MTY4ODQ1Nzk0Mw==_0.jpg	0.729374	combined_score_above_threshold	"行草 柳宗元 江雪🙏☕😎

千山鳥飛絕 萬徑人蹤滅
孤舟簑笠翁 獨釣寒江雪"	"千
山
鳥
飛
絕
萬
徑
人
蹤
滅
孤
舟
蓑
笠
翁
獨
釣
寒
江
雪
柳
宗
元
江
雪
己
巳
仲
秋
伯
約"	/mnt/Suran_database/Users/thanhthanh_workspace/Project/NLP_K35/xlnntn_hp2_friend/data/mrDuc_data/Images/UzpfSTEwMDAwMzUzNjA0MTQ0NzpWSzoyNDkxMTg0MTY4ODQ1Nzk0Mw==_0.jpg
/images/UzpfSTEwMDAwMDM2NjMwMzY2NTpWSzoyNjMxODE3MDYzNDQ5MTcwMQ==_0.jpg	0.820454	high_directional_coverage	"2026-04-14週二
琵琶行 白居易 
16
夜深忽夢少年事，
夢啼妝淚紅闌干。
我聞琵琶已嘆息，
又聞此語重唧唧。"	"夜深忽夢少年事
夢啼妝淚紅闌干
我聞琵琶已嘆息
又聞此語重唧唧
琵琶行白居易丙午春楚璧"	/mnt/Suran_database/Users/thanhthanh_workspace/Project/NLP_K35/xlnntn_hp2_friend/data/mrDuc_data/Images/UzpfSTEwMDAwMDM2NjMwMzY2NTpWSzoyNjMxODE3MDYzNDQ5MTcwMQ==_0.jpg
/images/UzpfSTEwMDAwMjgwNzA5MDE0OTpWSzoyNjMxMzM3NzM3MTYzNzY5NA==_0.jpg	0.846637	high_directional_coverage	"江漢
唐-杜甫

江漢思歸客，乾坤一腐儒。
片雲天共遠，永夜月同孤。
落日心猶壯，秋風病欲疏（蘇）。
古來存老馬，不必取長途。"	"江
漢
思
歸
客
乾
坤
一
腐
儒
片
雲
共
遠
永
夜
月
同
孤
落
日
心
猶
壯
秋
風
病
欲
蘇
古
來
存
老
馬
不
必
取
長
途
杜
甫
詩
丙
子
冬
絳
石"	/mnt/Suran_database/Users/thanhthanh_workspace/Project/NLP_K35/xlnntn_hp2_friend/data/mrDuc_data/Images/UzpfSTEwMDAwMjgwNzA5MDE0OTpWSzoyNjMxMzM3NzM3MTYzNzY5NA==_0.jpg
/images/UzpfSTEwMDAwMDM2OTIxMDcyNTpWSzoyNjMxMzkxMTMwODI1MDk2Nw==_0.jpg	0.771323	high_directional_coverage	畏日炎炎，梵香一炷薰亭院。鼻根充滿。好利心殊淺。 貝葉書名，名義誰能辨。西風遠。勝鬟不見。喜見瓊花面。今天的練習03	"畏日炎々梵香一柱薰禪院鼻根充滿
好利心殊淺貝葉書名々義誰能辨西風
遠鬢鬟不見喜見瓊珤面
宋王十朋點絳唇
丙午春月"	/mnt/Suran_database/Users/thanhthanh_workspace/Project/NLP_K35/xlnntn_hp2_friend/data/mrDuc_data/Images/UzpfSTEwMDAwMDM2OTIxMDcyNTpWSzoyNjMxMzkxMTMwODI1MDk2Nw==_0.jpg
/images/UzpfSTEwMDAwMDM2OTIxMDcyNTpWSzoyNjMxMzkwMjE4MTU4NTIxMw==_0.jpg	0.818537	high_directional_coverage	紅箋小字。說盡平生意。鴻雁在雲魚在水。惆悵此情難寄。斜陽獨倚西樓。遙山恰對簾鉤。人面不知何處，綠波依舊東流。今天的練習1	"紅箋小字
說盡平生意
鴻雁在雲魚在水
惆悵
此情難寄
斜陽獨倚
西樓
遙山
恰對
簾鉤
綠波依舊東流
宋晏殊清平樂
丙午仲春
葉吉繁"	/mnt/Suran_database/Users/thanhthanh_workspace/Project/NLP_K35/xlnntn_hp2_friend/data/mrDuc_data/Images/UzpfSTEwMDAwMDM2OTIxMDcyNTpWSzoyNjMxMzkwMjE4MTU4NTIxMw==_0.jpg
/images/UzpfSTEwMDAwMDM2OTIxMDcyNTpWSzoyNjMwNDQ3ODI0MjUyNzYwNw==_0.jpg	0.728149	high_directional_coverage	秋夜乘槎，客星容到天孫渚。眼波微注。將謂牽牛渡。見了還非，重理霓裳舞。都無誤。幾年一遇。莫訝周郎顧。今天的練習03	"秋夜乘槎客星宿到天孫渚眠波似注將
謂牽牛渡見了還非重理霓裳舞都無
誤樂事一迴莫許周郎顧
宋人周必大點絳唇丙子書"	/mnt/Suran_database/Users/thanhthanh_workspace/Project/NLP_K35/xlnntn_hp2_friend/data/mrDuc_data/Images/UzpfSTEwMDAwMDM2OTIxMDcyNTpWSzoyNjMwNDQ3ODI0MjUyNzYwNw==_0.jpg
/images/UzpfSTE1ODE3MzkwMTQ6Vks6MjYyNzcyMjUwNTUyNTI5MjY=_0.jpg	0.768571	high_directional_coverage	"芳樹笙歌醻令節，茂林觴詠敘幽情。
#書法 #對聯 #行書"	"芳
樹
笙
歌
醇
令
節
茂
林
天昌
觴
詠
叙
幽
情"	/mnt/Suran_database/Users/thanhthanh_workspace/Project/NLP_K35/xlnntn_hp2_friend/data/mrDuc_data/Images/UzpfSTE1ODE3MzkwMTQ6Vks6MjYyNzcyMjUwNTUyNTI5MjY=_0.jpg
/images/UzpfSTEwMDAwMDM2OTIxMDcyNTpWSzoyNjMwNDQ3MzY2OTE5NDczMQ==_0.jpg	1.0	one_text_contains_the_other	*醉歌田舍酒，笑讀古人書。今天的練習0*1	"醉歌田舍酒
笑讀古人書"	/mnt/Suran_database/Users/thanhthanh_workspace/Project/NLP_K35/xlnntn_hp2_friend/data/mrDuc_data/Images/UzpfSTEwMDAwMDM2OTIxMDcyNTpWSzoyNjMwNDQ3MzY2OTE5NDczMQ==_0.jpg
/images/UzpfSTEwMDAwMDM2OTIxMDcyNTpWSzoyNjMwNDQ3NTcxOTE5NDUyNg==_0.jpg	1.0	one_text_contains_the_other	跛鱉千里。今天的練習02	"跛
鱉
千
里"	/mnt/Suran_database/Users/thanhthanh_workspace/Project/NLP_K35/xlnntn_hp2_friend/data/mrDuc_data/Images/UzpfSTEwMDAwMDM2OTIxMDcyNTpWSzoyNjMwNDQ3NTcxOTE5NDUyNg==_0.jpg
/images/UzpfSTEwMDAwMDM2NjMwMzY2NTpWSzoyNjMwOTA4MzczNTQwMDM5MQ==_0.jpg	0.764048	high_directional_coverage	"2026-04-13週一
中華字經
090
唆使慫恿，敲詐欺騙。
盜匪劫竊，砧剁剮砍。
恃傍苛雜，橫徵暴斂。"	"唆
使
慫
恿
敲
詐
欺
騙
盜
匪
劫
竊
砧
剁
副
砍
恃
傍
苛
雜
橫
徵
暴
斂
中
華
字
經
九
〇
丙
午
孝
賢
書
于"	/mnt/Suran_database/Users/thanhthanh_workspace/Project/NLP_K35/xlnntn_hp2_friend/data/mrDuc_data/Images/UzpfSTEwMDAwMDM2NjMwMzY2NTpWSzoyNjMwOTA4MzczNTQwMDM5MQ==_0.jpg
/images/UzpfSTEwMDA4MjI5ODQ4Nzk3OTpWSzoyNjMwMTI0MTU0NjE4NDYxMA==_0.jpg	0.865441	one_text_contains_the_other	"小羊鉛筆行書：
莫愁前路無知己，天下誰人不識君。
#calligraphy #funny #練字 #中性筆 #書法 #handwriting #art #中文 #漢字 #書道 #書道家 #硬筆書法 #草書"	"莫愁前路無知己
天下誰人不識君"	/mnt/Suran_database/Users/thanhthanh_workspace/Project/NLP_K35/xlnntn_hp2_friend/data/mrDuc_data/Images/UzpfSTEwMDA4MjI5ODQ4Nzk3OTpWSzoyNjMwMTI0MTU0NjE4NDYxMA==_0.jpg
/images/UzpfSTEwMDAwODQwODMxNzg4NDpWSzoyNjMwMDYxMDIyNjI0Nzc0Mg==_0.jpg	0.301642	one_text_contains_the_other	**“閒聊美術品味”**	"“閒聊美術品味”
我常講：「在佇立於觀看藝術品之能講出的東
西，便可判斷之美術品味的深淺。」那個專
業美術人，在對藝術品的評述，大部分會使
用藝術術語，它可以清晰一致的表達藝術領
域的觀念與規則，算是有使用的必要，也是
一種語言習慣。
在藝術術語，我猜~應該有談精神和氣韻。
我想~在欣賞Lisa Kristine(麗莎·克莉絲汀)
此攝影作品，感之氣韻，我覺之是頗有意趣，
這是我向有欣賞其作品的氣韻之表達。
圖： Lisa Kristine 作品"	/mnt/Suran_database/Users/thanhthanh_workspace/Project/NLP_K35/xlnntn_hp2_friend/data/mrDuc_data/Images/UzpfSTEwMDAwODQwODMxNzg4NDpWSzoyNjMwMDYxMDIyNjI0Nzc0Mg==_0.jpg
/images/UzpfSTEwMDA4MTQ5Nzk3NTM4MTpWSzoyNjMwOTA3NTYzMjA2Nzg2OA==_0.jpg	0.529524	one_text_contains_the_other	相思，王維，五言絕句。	"紅
豆
生
南
國
春
來
發
幾
枝
願
君
多
采
擷
此
物
最
相
思
王
維
五
言
絕
句
相
思
丙
午
冬
濤
丁
書"	/mnt/Suran_database/Users/thanhthanh_workspace/Project/NLP_K35/xlnntn_hp2_friend/data/mrDuc_data/Images/UzpfSTEwMDA4MTQ5Nzk3NTM4MTpWSzoyNjMwOTA3NTYzMjA2Nzg2OA==_0.jpg
/images/UzpfSTEwMDAwMDA5NDY5MjQ5NDpWSzoyNjI5OTkzMDExNjMxNTc1Mw==_1.jpg	0.471937	one_text_contains_the_other	"**大家午安**

**心中若有桃花源 何處不是水雲間**

**午後悶熱難耐  想到此句**

**頓時涼了半截  張威龍習書2026/4/12**"	"心
中
若
有
桃
花
源"	/mnt/Suran_database/Users/thanhthanh_workspace/Project/NLP_K35/xlnntn_hp2_friend/data/mrDuc_data/Images/UzpfSTEwMDAwMDA5NDY5MjQ5NDpWSzoyNjI5OTkzMDExNjMxNTc1Mw==_1.jpg
/images/UzpfSTEwMDAwMDAyOTcyMDEwOTpWSzoyNjI5MzkyODQzMzU4MjU4OA==_0.jpg	0.819502	high_directional_coverage	"「醉裡挑燈看劍，夢回吹角連營。
八百里分麾下炙，五十弦翻塞外聲，沙場秋點兵。

馬作的盧飛快，弓如霹靂弦驚。

了卻君王天下事，贏得生前身後名。

可憐白髮生。」

好友們！歡迎雅賞"	"醉里挑燈看劍夢回吹角連營八百里分麾下
炙五十弦翻塞外聲沙場秋點兵馬作的盧
飛快弓如霹靂弦驚了卻君王天下事贏
得生前身后名可憐白髮生
南宋辛棄疾破陣子
丙午年春月蕭民村書"	/mnt/Suran_database/Users/thanhthanh_workspace/Project/NLP_K35/xlnntn_hp2_friend/data/mrDuc_data/Images/UzpfSTEwMDAwMDAyOTcyMDEwOTpWSzoyNjI5MzkyODQzMzU4MjU4OA==_0.jpg
/images/UzpfSTEwMDAwMDA5NDY5MjQ5NDpWSzoyNjI5OTkzMDExNjMxNTc1Mw==_5.jpg	0.471937	one_text_contains_the_other	"**大家午安**

**心中若有桃花源 何處不是水雲間**

**午後悶熱難耐  想到此句**

**頓時涼了半截  張威龍習書2026/4/12**"	"心
中
若
有
桃
花
源"	/mnt/Suran_database/Users/thanhthanh_workspace/Project/NLP_K35/xlnntn_hp2_friend/data/mrDuc_data/Images/UzpfSTEwMDAwMDA5NDY5MjQ5NDpWSzoyNjI5OTkzMDExNjMxNTc1Mw==_5.jpg
/images/UzpfSTEwMDAwMDA5NDY5MjQ5NDpWSzoyNjI5OTkzMDExNjMxNTc1Mw==_0.jpg	0.607557	combined_score_above_threshold	"**大家午安**

**心中若有桃花源 何處不是水雲間**

**午後悶熱難耐  想到此句**

**頓時涼了半截  張威龍習書2026/4/12**"	"心
中
若
有
桃
花
源
何
处
不
是
云
水
间
午後悶熱難耐
心中湧現此句
頓時凉了半截
丙申之夏
張茂記"	/mnt/Suran_database/Users/thanhthanh_workspace/Project/NLP_K35/xlnntn_hp2_friend/data/mrDuc_data/Images/UzpfSTEwMDAwMDA5NDY5MjQ5NDpWSzoyNjI5OTkzMDExNjMxNTc1Mw==_0.jpg
/images/UzpfSTEwMDAwMDM2OTIxMDcyNTpWSzoyNjI4MzgwNjQxNDU5NDc5MA==_0.jpg	1.0	one_text_contains_the_other	酒熟梅黃橫竹影，詩成墨澹潤花香。今天的練習01	"酒熟梅黃橫竹影
詩成墨澹潤花香"	/mnt/Suran_database/Users/thanhthanh_workspace/Project/NLP_K35/xlnntn_hp2_friend/data/mrDuc_data/Images/UzpfSTEwMDAwMDM2OTIxMDcyNTpWSzoyNjI4MzgwNjQxNDU5NDc5MA==_0.jpg
/images/UzpfSTEwMDAwMDM2NjMwMzY2NTpWSzoyNjI5NzY5NDU2NjUzOTMwOA==_0.jpg	0.846746	high_directional_coverage	"2026-04-12週日
琵琶行 白居易 
15
商人重利輕別離，
前月浮梁買茶去。
去來江口守空船，
繞船月明江水寒。"	"商人重利輕別離
前月浮梁買茶去
去來江口守空船
繞船月明江水寒
琵琶行
白居易
丙午"	/mnt/Suran_database/Users/thanhthanh_workspace/Project/NLP_K35/xlnntn_hp2_friend/data/mrDuc_data/Images/UzpfSTEwMDAwMDM2NjMwMzY2NTpWSzoyNjI5NzY5NDU2NjUzOTMwOA==_0.jpg
/images/UzpfSTEwMDAwMjgwNzA5MDE0OTpWSzoyNjI3MzAwNzIwOTAwODA0NA==_0.jpg	0.871524	high_directional_coverage	"旅夜書懷
唐-杜甫

細草微風岸，危檣獨夜舟。

星垂平野闊，月涌大江流。

名豈文章著，官應老病休。

飄飄何所似，天地一沙鷗。"	"細草微風岸危檣獨夜舟星垂平野
闊月涌大江流名豈文章著官應老病
休飄飄何所似天地一沙鷗
杜甫詩旅夜書懷丙子之春"	/mnt/Suran_database/Users/thanhthanh_workspace/Project/NLP_K35/xlnntn_hp2_friend/data/mrDuc_data/Images/UzpfSTEwMDAwMjgwNzA5MDE0OTpWSzoyNjI3MzAwNzIwOTAwODA0NA==_0.jpg
/images/UzpfSTEwMDAwMDM2OTIxMDcyNTpWSzoyNjI5NDc1NjUwNjgzMzExNA==_0.jpg	1.0	one_text_contains_the_other	有琴方是樂，無竹不成家。今天的練習01	"有
琴
方
是
樂
無
竹
不
成
家"	/mnt/Suran_database/Users/thanhthanh_workspace/Project/NLP_K35/xlnntn_hp2_friend/data/mrDuc_data/Images/UzpfSTEwMDAwMDM2OTIxMDcyNTpWSzoyNjI5NDc1NjUwNjgzMzExNA==_0.jpg
/images/UzpfSTEwMDAwODQwODMxNzg4NDpWSzoyNjI5OTMwODE2MzA0NDYxNQ==_3.jpg	0.967086	high_directional_coverage	"""欣赏有山與樹的石片""
賞石，是一種將天然石頭的形態、紋理、色彩、、、等元素與中華人文意蘊相結合的藝術形式，追求「天造奇石、人賦妙意」，之核心在於自然天成與不可再生性。在見圖之石片，先提之國畫在描繪山與樹，唐末五代十國 畫家 李成 在《畫苑補益•山水訣》寫到：「發樹枝左長右短(右長左短)。」就寫畫植物要反應其物理，大自然的植物有開四枝且有向光性 ，當光照時間哪邊比較長，植物就會偏向哪邊茂密的成長，李成 認為描繪植物必須表現它的大自然定律；在國畫表現山與樹的筆墨技巧，有之方式，稱為皴(ㄘㄨㄣ)法，便就展示物件脈絡的畫法，特别附 宋代 郭熙《早春圖》，見圖的石片，其之自然纹路，有看如國畫的山和樹之形狀、色彩的東西，在其像樹的東西，好似樹有四面又右長左短；在其像山的東西，好似畫卷山石，真嘆天地造化，看之韻味十足。"	"""欣賞有山與樹的石片""
圖：1
43cm
賞石，是一種將天然石頭的形態、紋理、色
彩、、、等元素與中華人文意蘊相結合的藝
術形式，追求「天造奇石、人賦妙意」，之核
心在於自然天成與不可再生性。在見圖之石
片，先提之國畫在描繪山與樹，唐末五代十
國 畫家 李成 在《畫苑補益·山水訣》寫到：
31cm
「發樹枝左長右短(右長左短)。」就寫畫植
物要反應其物理，大自然的植物有開四枝且
有向光性，當光照時間哪邊比較長，植物就
會偏向哪邊茂密的成長，李成 認為描繪植物
必須表現它的大自然定律；在國畫表現山與
樹的筆墨技巧，有之方式，稱為皴(ㄘㄨㄣ)
圖：石片
43cm
法，便就展示物件脈絡的畫法，特別附 宋代
郭熙《早春圖》，見圖的石片，其之自然紋路，
圖：宋代 郭熙《早春圖》
有看如國畫的山和樹之形狀、色彩的東西，
在其像樹的東西，好似樹有四面又右長左
山石
短；在其像山的東西，好似畫卷山石，真嘆
天地造化，看之韻味十足。
樹"	/mnt/Suran_database/Users/thanhthanh_workspace/Project/NLP_K35/xlnntn_hp2_friend/data/mrDuc_data/Images/UzpfSTEwMDAwODQwODMxNzg4NDpWSzoyNjI5OTMwODE2MzA0NDYxNQ==_3.jpg
/images/UzpfSTEwMDAwODQwODMxNzg4NDpWSzoyNjI5OTMwODE2MzA0NDYxNQ==_1.jpg	0.965103	high_directional_coverage	"""欣赏有山與樹的石片""
賞石，是一種將天然石頭的形態、紋理、色彩、、、等元素與中華人文意蘊相結合的藝術形式，追求「天造奇石、人賦妙意」，之核心在於自然天成與不可再生性。在見圖之石片，先提之國畫在描繪山與樹，唐末五代十國 畫家 李成 在《畫苑補益•山水訣》寫到：「發樹枝左長右短(右長左短)。」就寫畫植物要反應其物理，大自然的植物有開四枝且有向光性 ，當光照時間哪邊比較長，植物就會偏向哪邊茂密的成長，李成 認為描繪植物必須表現它的大自然定律；在國畫表現山與樹的筆墨技巧，有之方式，稱為皴(ㄘㄨㄣ)法，便就展示物件脈絡的畫法，特别附 宋代 郭熙《早春圖》，見圖的石片，其之自然纹路，有看如國畫的山和樹之形狀、色彩的東西，在其像樹的東西，好似樹有四面又右長左短；在其像山的東西，好似畫卷山石，真嘆天地造化，看之韻味十足。"	"""欣賞有山與樹的石片""
圖 : 1
43cm
賞石, 是一種將天然石頭的形態、紋理、色
彩、 、 、 等元素與中華人文意蘊相結合的藝
術形式, 追求「天造奇石、 人賦妙意」, 之核
心在於自然天成與不可再生性。在見圖之石
片, 先提之國畫在描繪山與樹, 唐末五代十
國 畫家 李成 在《畫苑補益·山水訣》寫到:
「發樹枝左長右短(右長左短)。」就寫畫植
物要反應其物理, 大自然的植物有開四枝且
有向光性, 當光照時間哪邊比較長, 植物就
會偏向哪邊茂密的成長, 李成 認為描繪植物
必須表現它的大自然定律; 在國畫表現山與
樹的筆墨技巧, 有之方式, 稱為皴(ㄘㄨㄣ)
法, 便就展示物件脈絡的畫法, 特別附 宋代
郭熙《早春圖》, 見圖的石片, 其之自然紋路,
有看似國畫的山和樹之形狀、色彩的東西,
在其像樹的東西, 好似樹有四面又右長左
短; 在其像山的東西, 好似畫卷山石, 真嘆
天地造化, 看之韻味十足。
31cm
圖 : 石片
43cm
圖 : 宋代 郭熙《早春圖》
山石
樹"	/mnt/Suran_database/Users/thanhthanh_workspace/Project/NLP_K35/xlnntn_hp2_friend/data/mrDuc_data/Images/UzpfSTEwMDAwODQwODMxNzg4NDpWSzoyNjI5OTMwODE2MzA0NDYxNQ==_1.jpg
/images/UzpfSTEwMDAwMDE4MjQyNTQyMjpWSzoyNjI5MTE4MTcxNzE5MDU5Mw==_0.jpg	0.816654	high_directional_coverage	"靜默【瓶花】
露泫清香自解頤，孤根雅操獨能持。
每於零落傷徂歲，何意淒涼憶舊時?
靜看榮枯只如此，淡隨冷暖亦安之。
塵緣盡付瓶中淚，深淺分明漸展眉。"	"露滋清香自解頤 孤根雅操獨能持
每於零落傷徂歲 何意凄涼憶舊時
靜看榮枯祗如此 淡隨冷暖且安之 塵
緣盡付瓶中淚 深淺分明漸展眉
丙午年仲春於新竹寓齋 靜照"	/mnt/Suran_database/Users/thanhthanh_workspace/Project/NLP_K35/xlnntn_hp2_friend/data/mrDuc_data/Images/UzpfSTEwMDAwMDE4MjQyNTQyMjpWSzoyNjI5MTE4MTcxNzE5MDU5Mw==_0.jpg
/images/UzpfSTEwMDAwMjU0OTQzOTE0OTpWSzoyNjI5MTg3MTczMzc4ODI1OA==_0.jpg	0.823147	high_directional_coverage	"明月松間照
清泉石上流

國中時期 余常神遊此
數理補習處牆上聯
政宇丙午"	"明
月
松
間
照
清
泉
石
上
流
國
中
時
期
余
常
神
遊
此
數
理
補
習
處
塘
莊
中
學"	/mnt/Suran_database/Users/thanhthanh_workspace/Project/NLP_K35/xlnntn_hp2_friend/data/mrDuc_data/Images/UzpfSTEwMDAwMjU0OTQzOTE0OTpWSzoyNjI5MTg3MTczMzc4ODI1OA==_0.jpg
/images/UzpfSTEwMDAwNjk5OTg0Mzk5MjpWSzoyNjI3Njg5ODQ0MTk1MjI1NA==_0.jpg	0.65409	high_directional_coverage	"書友早安舒心😃
習字塗鴉分享🙏
《男兒不展風雲志，空負天生八尺軀。
出自《警世通言·卷四十》。》
✍️於:烘爐茶壺"	"男兒不展風
雲志空負天
生八尺軀
警世通言·卷二十一陽明書"	/mnt/Suran_database/Users/thanhthanh_workspace/Project/NLP_K35/xlnntn_hp2_friend/data/mrDuc_data/Images/UzpfSTEwMDAwNjk5OTg0Mzk5MjpWSzoyNjI3Njg5ODQ0MTk1MjI1NA==_0.jpg
/images/UzpfSTY3MTc0OTU2NDpWSzoyNjI3NzEzODY3NTI2MTU2NA==_0.jpg	0.674707	high_directional_coverage	"【篆書練習】是三行金石文字形/七夕/不僅書法

桂華篩影舞婆娑，

鵲羽鋪橋韻事多，

可歎歡期唯一夕，

烏雲遮處起風波。

**************************************************

取材：是三行先生書法作品《七夕》（佚名）（楷書083）

*桂華：月亮的別稱。

*篩：一種竹器，篩子；用篩子過物。

*婆娑：舞貌姿態優美。"	"七夕
桂華篩影舞婆娑
鵲羽鋪橋韻事多
可嘆歡期唯一夕
烏雲遮處起風波
是三行先生書法作品"	/mnt/Suran_database/Users/thanhthanh_workspace/Project/NLP_K35/xlnntn_hp2_friend/data/mrDuc_data/Images/UzpfSTY3MTc0OTU2NDpWSzoyNjI3NzEzODY3NTI2MTU2NA==_0.jpg
/images/UzpfSTE1ODE3MzkwMTQ6Vks6MjYyODg5NDMyODA3NDc3NzA=_0.jpg	0.290912	one_text_contains_the_other	"岳飛 良馬對

#書法 #小楷"	"帝問岳飛曰卿得良馬否
對曰臣有二馬日啗芻豆數斗飲泉一
斛然非精潔即不受介而馳初不甚
疾比行百里始奮迅自午至酉猶可二
百里褫鞍甲而不息不汗若無事然此
其受大而不苟取力裕而不求逞致遠之
材也不幸相繼以死今所乘者日不過
數升而秣不擇粟飲不擇泉攬轡未
安踊躍疾驅甫百里力竭汗喘殆欲
斃然此其寡取易盈好逞易窮駑
鈍之材也
右錄岳飛良馬對
丙子春馳騁待復之時
天愚書於半林書屋"	/mnt/Suran_database/Users/thanhthanh_workspace/Project/NLP_K35/xlnntn_hp2_friend/data/mrDuc_data/Images/UzpfSTE1ODE3MzkwMTQ6Vks6MjYyODg5NDMyODA3NDc3NzA=_0.jpg
/images/UzpfSTEwMDAwMDM2NjMwMzY2NTpWSzoyNjI4ODEyOTkxMDgyOTEwNw==_0.jpg	0.730084	combined_score_above_threshold	"2026-04-11週六
中華字經
089
第二課 犯罪44
妖魔鬼怪，凶煞酷閻。
勒逼豪闊，搜刮卑賤。
拐架孩提，坑蒙孕殘。"	"妖
魔
鬼
怪
凶
煞
酷
閻
勒
逼
豪
闊
搜
刮
卑
賤
拐
架
孩
提
坑
蒙
孕
殘
中華字經89段
丙子季
孝雅書"	/mnt/Suran_database/Users/thanhthanh_workspace/Project/NLP_K35/xlnntn_hp2_friend/data/mrDuc_data/Images/UzpfSTEwMDAwMDM2NjMwMzY2NTpWSzoyNjI4ODEyOTkxMDgyOTEwNw==_0.jpg
/images/UzpfSTY3MTc0OTU2NDpWSzoyNjI3NzEzODY3NTI2MTU2NA==_4.jpg	0.674707	high_directional_coverage	"【篆書練習】是三行金石文字形/七夕/不僅書法

桂華篩影舞婆娑，

鵲羽鋪橋韻事多，

可歎歡期唯一夕，

烏雲遮處起風波。

**************************************************

取材：是三行先生書法作品《七夕》（佚名）（楷書083）

*桂華：月亮的別稱。

*篩：一種竹器，篩子；用篩子過物。

*婆娑：舞貌姿態優美。"	"七夕
桂華篩影舞婆娑
鵲羽鋪橋韻事多
可嘆歡期唯一夕
烏雲遮處起風波
是三行先生書法作品"	/mnt/Suran_database/Users/thanhthanh_workspace/Project/NLP_K35/xlnntn_hp2_friend/data/mrDuc_data/Images/UzpfSTY3MTc0OTU2NDpWSzoyNjI3NzEzODY3NTI2MTU2NA==_4.jpg
/images/UzpfSTEwMDAwMDM2OTIxMDcyNTpWSzoyNjI4MzgxMjQ0NzkyNzUyMA==_0.jpg	0.757772	high_directional_coverage	報答風光，滿傾瓊液休思睡。亂鶯聲碎。來往甘棠底。聞道中和，深簡君王意。歸舟起。到時應是。玉殿槐交翠。今天的練習03	"報答風光滿傾瓊液休思睡竟紫甖參碎
來往甘棠應少道中和深簡天王意
歸舟起到時應是玉殿槐交翠
宋周必大驂鸞錄
丙午冬月"	/mnt/Suran_database/Users/thanhthanh_workspace/Project/NLP_K35/xlnntn_hp2_friend/data/mrDuc_data/Images/UzpfSTEwMDAwMDM2OTIxMDcyNTpWSzoyNjI4MzgxMjQ0NzkyNzUyMA==_0.jpg
/images/UzpfSTEwMDAwMDM2OTIxMDcyNTpWSzoyNjI4MzgwODk4MTI2MTIwMA==_0.jpg	1.0	one_text_contains_the_other	養德澤福。今天的練習02	"養
德
澤
福"	/mnt/Suran_database/Users/thanhthanh_workspace/Project/NLP_K35/xlnntn_hp2_friend/data/mrDuc_data/Images/UzpfSTEwMDAwMDM2OTIxMDcyNTpWSzoyNjI4MzgwODk4MTI2MTIwMA==_0.jpg
/images/UzpfSTEwMDAwMzI4NDg3MDY0MDpWSzoyNjI4MTc5OTY1ODEyODc5OQ==_3.jpg	0.75245	high_directional_coverage	"終於放晴了，心情大好 寫個春日…

勝日尋芳泗水濱，
無邊光景一時新。
等閒識得東風面，
萬紫乾紅總是春。
- 朱熹 春日"	"勝日尋芳泗水濱無邊光景
一時新等閒識得東風面萬紫
千紅總是春
朱熹詩丙子春及齋"	/mnt/Suran_database/Users/thanhthanh_workspace/Project/NLP_K35/xlnntn_hp2_friend/data/mrDuc_data/Images/UzpfSTEwMDAwMzI4NDg3MDY0MDpWSzoyNjI4MTc5OTY1ODEyODc5OQ==_3.jpg
/images/UzpfSTEwMDAwMzI4NDg3MDY0MDpWSzoyNjI4MTc5OTY1ODEyODc5OQ==_1.jpg	0.764025	high_directional_coverage	"終於放晴了，心情大好 寫個春日…

勝日尋芳泗水濱，
無邊光景一時新。
等閒識得東風面，
萬紫乾紅總是春。
- 朱熹 春日"	"勝
日
尋
芳
泗
水
濱
無
邊
光
景
一
時
新
等
閒
識
得
東
風
面
萬
紫
千
紅
總
是
春
朱熹春日丙申春月霽佳"	/mnt/Suran_database/Users/thanhthanh_workspace/Project/NLP_K35/xlnntn_hp2_friend/data/mrDuc_data/Images/UzpfSTEwMDAwMzI4NDg3MDY0MDpWSzoyNjI4MTc5OTY1ODEyODc5OQ==_1.jpg
/images/UzpfSTEwMDAwMzI4NDg3MDY0MDpWSzoyNjI4MTc5OTY1ODEyODc5OQ==_2.jpg	0.758001	high_directional_coverage	"終於放晴了，心情大好 寫個春日…

勝日尋芳泗水濱，
無邊光景一時新。
等閒識得東風面，
萬紫乾紅總是春。
- 朱熹 春日"	"勝日尋芳泗水濱無邊光景
一時新等閒識得東風面萬紫
千紅總是春
朱熹春日丙申冬月雲煌"	/mnt/Suran_database/Users/thanhthanh_workspace/Project/NLP_K35/xlnntn_hp2_friend/data/mrDuc_data/Images/UzpfSTEwMDAwMzI4NDg3MDY0MDpWSzoyNjI4MTc5OTY1ODEyODc5OQ==_2.jpg
/images/UzpfSTEwMDAwMzI4NDg3MDY0MDpWSzoyNjI4MTc5OTY1ODEyODc5OQ==_0.jpg	0.701274	high_directional_coverage	"終於放晴了，心情大好 寫個春日…

勝日尋芳泗水濱，
無邊光景一時新。
等閒識得東風面，
萬紫乾紅總是春。
- 朱熹 春日"	"勝日尋芳泗水濱
無邊光景
一時新
等閒識得
東風面
萬紫
千紅總是春
辛丑年仲春月雲健"	/mnt/Suran_database/Users/thanhthanh_workspace/Project/NLP_K35/xlnntn_hp2_friend/data/mrDuc_data/Images/UzpfSTEwMDAwMzI4NDg3MDY0MDpWSzoyNjI4MTc5OTY1ODEyODc5OQ==_0.jpg
/images/UzpfSTEwMDAwMDY5NDUzNzk4MDpWSzoyNjI4MzcxNzYzMTI3MDMzNQ==_0.jpg	0.263347	one_text_contains_the_other	前赤壁賦	"前赤壁賦
壬戌之秋七月既望蘇子與客
泛舟遊於赤壁之下清風徐
來水波不興舉酒屬客誦
明月之詩歌窈窕之章少焉
月出於東山之上徘徊於斗牛
之間白露橫江水光接天縱
一葦之所如凌萬頃之茫然
浩浩乎如馮虛御風而不知其
所止飄飄乎如遺世獨立羽
化而登仙於是飲酒樂甚扣
舷而歌之歌曰桂櫂兮蘭槳
擊空明兮泝流光渺渺兮予
懷望美人兮天一方客有吹洞簫
者倚歌而和之其聲嗚嗚然
如怨如慕如泣如訴餘音裊
裊幽壑之潛蛟泣孤
舟之嫠婦蘇子愀然正襟危
坐而問客曰何為其然也
客曰月明星稀烏鵲南飛此
非曹孟德之詩乎西望夏口
東望武昌山川相繆鬱
乎蒼蒼此非孟德之困於
周郎者乎方其破荊州下
江陵順流而東也舳艫千
里旌旗蔽空釃酒臨江橫
槊賦詩固一世之雄也而今
安在哉況吾與子漁樵於
江渚之上侶魚蝦而友麋
鹿駕一葉之扁舟舉匏樽以
相屬寄蜉蝣於天地渺滄
海之一粟哀吾生之須臾羨
長江之無窮挾飛仙以遨遊
抱明月而長終知不可乎驟
得託遺響於悲風蘇子曰
客亦知夫水與月乎逝者
如斯而未嘗往也盈虛者
如彼而卒莫消長也蓋將
自其變者而觀之則天地
丙申春日劉國範書"	/mnt/Suran_database/Users/thanhthanh_workspace/Project/NLP_K35/xlnntn_hp2_friend/data/mrDuc_data/Images/UzpfSTEwMDAwMDY5NDUzNzk4MDpWSzoyNjI4MzcxNzYzMTI3MDMzNQ==_0.jpg
/images/UzpfSTEwMDAwMDM2OTIxMDcyNTpWSzoyNjI3MjYzMjU5OTA0NTUwNQ==_0.jpg	0.747138	high_directional_coverage	含章檐下春風面，造化功成秋兔毫。 意足不求顏色似，前身相馬九方皋。今天的練習01	"含章簷下春風面造化功成秋兔毫意是不求顏色
似爲身相馬九方皋
宋陳與義墨梅詩
丙午春 遂吉林"	/mnt/Suran_database/Users/thanhthanh_workspace/Project/NLP_K35/xlnntn_hp2_friend/data/mrDuc_data/Images/UzpfSTEwMDAwMDM2OTIxMDcyNTpWSzoyNjI3MjYzMjU5OTA0NTUwNQ==_0.jpg
/images/UzpfSTEwMDAwMDM2OTIxMDcyNTpWSzoyNjI3MjYzNDUyNTcxMTk3OQ==_0.jpg	1.0	one_text_contains_the_other	百福具臻。今天的練習02	"百
福
具
臻"	/mnt/Suran_database/Users/thanhthanh_workspace/Project/NLP_K35/xlnntn_hp2_friend/data/mrDuc_data/Images/UzpfSTEwMDAwMDM2OTIxMDcyNTpWSzoyNjI3MjYzNDUyNTcxMTk3OQ==_0.jpg
/images/UzpfSTEwMDAwMDM2NjMwMzY2NTpWSzoyNjI3ODI5NzkxNTE0NTY0MA==_0.jpg	0.596322	one_text_contains_the_other	"2026-04-10週五
今天週五，祝大家工作順心愉快。

常用漢字
279
澗建僵姜

玉龍歌 
149
腎氣沖心得幾時，
須用金針疾自除，

使徒行傳10:29.
詩篇119:106-110."	"腎
氣
沖
心
得
幾
時
須
用
金
針
疾
自
除"	/mnt/Suran_database/Users/thanhthanh_workspace/Project/NLP_K35/xlnntn_hp2_friend/data/mrDuc_data/Images/UzpfSTEwMDAwMDM2NjMwMzY2NTpWSzoyNjI3ODI5NzkxNTE0NTY0MA==_0.jpg
/images/UzpfSTEwMDAwMDM2NjMwMzY2NTpWSzoyNjI3NzkxMTkzMTg1MDkwNQ==_0.jpg	0.820454	high_directional_coverage	"2026-04-10週五
琵琶行 白居易 
14
弟走從軍阿姨死，
暮去朝來顏色故。
門前冷落鞍馬稀，
老大嫁作商人婦。"	"弟走從軍阿姨死
暮去朝來顏色故
門前冷落鞍馬稀
老大嫁作商人婦
琵琶行白居易丙午春棨書"	/mnt/Suran_database/Users/thanhthanh_workspace/Project/NLP_K35/xlnntn_hp2_friend/data/mrDuc_data/Images/UzpfSTEwMDAwMDM2NjMwMzY2NTpWSzoyNjI3NzkxMTkzMTg1MDkwNQ==_0.jpg
/images/UzpfSTEwMDAwMDM2OTIxMDcyNTpWSzoyNjI3MjYzOTMxNTcxMTUwMA==_0.jpg	0.670788	high_directional_coverage	水墨江天，濛濛野色。微微樹。儘堪題句。風雪溪橋路。 一點人行，正在模糊處。衝寒去。打頭狂絮。人遠天涯暮。今天的練習03	"水墨江天漾漾野色淋淋樹儘堪題句
風雪溪橋路一犂人迹在模糊交衛
客去打頭狂絮人遠天涯暮
臨施紹華默鋒冩
丙午春月"	/mnt/Suran_database/Users/thanhthanh_workspace/Project/NLP_K35/xlnntn_hp2_friend/data/mrDuc_data/Images/UzpfSTEwMDAwMDM2OTIxMDcyNTpWSzoyNjI3MjYzOTMxNTcxMTUwMA==_0.jpg
/images/UzpfSTEwMDAwMzI4NDg3MDY0MDpWSzoyNjI3MDIzMjU0NTk1MjE3Nw==_0.jpg	0.595746	combined_score_above_threshold	"初見此帖 乍以為是米芾之作，結果是書法界的亞聖王獻之的手筆，由此可，米芾及王鐸的本家是王大令。

釋文：
敬祖日夕還山陰，嚴使知聞，頗多歲月。今屬天寒，擬適遠為當，奈何，爾豈不令念姊，遠路不能追求耳。"	"敬祖日夕還山陰与
嚴使君聞頗多歲
月今屬天寒擬適
遠告當奈何吾
不令舍姊遠路
不能逐求耳"	/mnt/Suran_database/Users/thanhthanh_workspace/Project/NLP_K35/xlnntn_hp2_friend/data/mrDuc_data/Images/UzpfSTEwMDAwMzI4NDg3MDY0MDpWSzoyNjI3MDIzMjU0NTk1MjE3Nw==_0.jpg
/images/UzpfSTEwMDAwMzI4NDg3MDY0MDpWSzoyNjI3MDIzMjU0NTk1MjE3Nw==_6.jpg	0.599079	combined_score_above_threshold	"初見此帖 乍以為是米芾之作，結果是書法界的亞聖王獻之的手筆，由此可，米芾及王鐸的本家是王大令。

釋文：
敬祖日夕還山陰，嚴使知聞，頗多歲月。今屬天寒，擬適遠為當，奈何，爾豈不令念姊，遠路不能追求耳。"	"敬祖日夕還山陰與
嚴使君聞頗多歲
月今屬天寒擬遠
遊為當奈何奈何
石々念姊遠路
不能追求耳"	/mnt/Suran_database/Users/thanhthanh_workspace/Project/NLP_K35/xlnntn_hp2_friend/data/mrDuc_data/Images/UzpfSTEwMDAwMzI4NDg3MDY0MDpWSzoyNjI3MDIzMjU0NTk1MjE3Nw==_6.jpg
/images/UzpfSTEwMDAwMDM2OTIxMDcyNTpWSzoyNjI1MjU4OTUyMTA0OTgxMw==_0.jpg	0.656667	combined_score_above_threshold	閉戶自精開卷有益，垂露在手清風入懷。今天的練習01	"閉戶自精開卷有益
半露在半清處人寰"	/mnt/Suran_database/Users/thanhthanh_workspace/Project/NLP_K35/xlnntn_hp2_friend/data/mrDuc_data/Images/UzpfSTEwMDAwMDM2OTIxMDcyNTpWSzoyNjI1MjU4OTUyMTA0OTgxMw==_0.jpg
/images/UzpfSTEwMDAwMDA5NDY5MjQ5NDpWSzoyNjI3MDIxNDEwOTI4NzM1NA==_0.jpg	0.824476	high_directional_coverage	"唐 杜牧〈遣懷〉

落魄江湖載酒行，楚腰纖細掌中輕。

十年一覺揚州夢，贏得青樓薄倖名。

張威龍 書"	"落魄江湖
載酒行
楚腰纖細
掌中輕
十年一覺
揚州夢
贏得青樓
薄倖名
唐杜牧遣懷
辛丑湛然書"	/mnt/Suran_database/Users/thanhthanh_workspace/Project/NLP_K35/xlnntn_hp2_friend/data/mrDuc_data/Images/UzpfSTEwMDAwMDA5NDY5MjQ5NDpWSzoyNjI3MDIxNDEwOTI4NzM1NA==_0.jpg
/images/UzpfSTEwMDAwMDM2OTIxMDcyNTpWSzoyNjI1MjU5NDQ2MTA0OTMxOQ==_0.jpg	0.845048	high_directional_coverage	殘雪凝輝冷畫屏，落梅橫笛已三更，更無人處月朧明。 我是人間惆悵客，知君何事淚縱橫，斷腸聲裏憶平生。今天的練習03	"殘雪凝輝冷畫屏落梅橫笛已三
更無人處月朧明最是人間惆悵
事知君何事淚縱橫斷腸聲裏
憶平生
清納蘭容若浣溪沙
丙午春"	/mnt/Suran_database/Users/thanhthanh_workspace/Project/NLP_K35/xlnntn_hp2_friend/data/mrDuc_data/Images/UzpfSTEwMDAwMDM2OTIxMDcyNTpWSzoyNjI1MjU5NDQ2MTA0OTMxOQ==_0.jpg
/images/UzpfSTEwMDAwMjgwNzA5MDE0OTpWSzoyNjI1MjU5MzQ0NDM4Mjc1NA==_0.jpg	0.712641	high_directional_coverage	"可以睡一下午覺
不是睡一下午覺"	"可以睡一下午覺
不是睡一个午觉
丙午之冬作于泽"	/mnt/Suran_database/Users/thanhthanh_workspace/Project/NLP_K35/xlnntn_hp2_friend/data/mrDuc_data/Images/UzpfSTEwMDAwMjgwNzA5MDE0OTpWSzoyNjI1MjU5MzQ0NDM4Mjc1NA==_0.jpg
/images/UzpfSTEwMDAwMDM2OTIxMDcyNTpWSzoyNjI1MjU5MTU5NDM4MjkzOQ==_0.jpg	1.0	one_text_contains_the_other	約定俗成。今天的練習02	"約
定
俗
成"	/mnt/Suran_database/Users/thanhthanh_workspace/Project/NLP_K35/xlnntn_hp2_friend/data/mrDuc_data/Images/UzpfSTEwMDAwMDM2OTIxMDcyNTpWSzoyNjI1MjU5MTU5NDM4MjkzOQ==_0.jpg
/images/UzpfSTY3MTc0OTU2NDpWSzoyNjIxMzkxMjkyODI1MDgwNg==_2.jpg	0.620681	combined_score_above_threshold	"【篆書練習】/觀自在/是三行金石文字形/不僅書法

養德

是非逆境臨頭來，心中存著寬恕道，

和氣處事紛爭少，微笑待人福氣好，

萬般自在不用愁，名利淡然隨緣修，

知足感恩心常存，粗茶淡飯也甘醇。

***********************************************************

2017年收集網文，輯編《觀自在》專文，並節錄父親是三行先生的各體書法字形做PO圖，今習篆書之。

***********************************************************

經過數十年的整理，不僅將父親是三行先生的金石文書法作品字形拆分，並搜編各個字形的演變進程、資訊，及名家字跡，建立臉書FB「不僅書法」（以篆書練習為主），提供篆書喜好者瀏覽使用，在篆書領域上秉持父親遺願，盡一己之力！"	"觀
自在
養
德
是非逆境臨頭來，心中存著寬恕道，
和氣處事紛爭少，微笑待人福氣好，
萬般自在不用愁，名利淡然隨緣修，
知足感恩心常存，粗茶淡飯也甘醇。
是三行先生書法作品字形 / 是志成綴字"	/mnt/Suran_database/Users/thanhthanh_workspace/Project/NLP_K35/xlnntn_hp2_friend/data/mrDuc_data/Images/UzpfSTY3MTc0OTU2NDpWSzoyNjIxMzkxMjkyODI1MDgwNg==_2.jpg
/images/UzpfSTEwMDAwMDM2OTIxMDcyNTpWSzoyNjI2MzQ0MDgyMzI5ODAxNg==_0.jpg	0.812121	high_directional_coverage	道德流為韓子，文章義出鄭興。今天的練習01	"道
德
深
爲
韓
子
文
章
義
出
鄭
興"	/mnt/Suran_database/Users/thanhthanh_workspace/Project/NLP_K35/xlnntn_hp2_friend/data/mrDuc_data/Images/UzpfSTEwMDAwMDM2OTIxMDcyNTpWSzoyNjI2MzQ0MDgyMzI5ODAxNg==_0.jpg
/images/UzpfSTEwMDAwMDM2NjMwMzY2NTpWSzoyNjI2ODAxMDcxMjg0MTAyNw==_0.jpg	0.821285	high_directional_coverage	"2026-04-09週四
中華字經
088
檢舉查封，逮捕魁頑。
歹徒壞類，猙獰嘴臉。
作奸犯科，緝拿協辦。"	"檢
舉
查
封
逮
捕
魁
頑
歹
徒
壞
類
猙
獰
嘴
臉
作
奸
犯
科
緝
拿
協
辦
中華字經丙戌年春書"	/mnt/Suran_database/Users/thanhthanh_workspace/Project/NLP_K35/xlnntn_hp2_friend/data/mrDuc_data/Images/UzpfSTEwMDAwMDM2NjMwMzY2NTpWSzoyNjI2ODAxMDcxMjg0MTAyNw==_0.jpg
/images/UzpfSTY3MTc0OTU2NDpWSzoyNjIxMzkxMjkyODI1MDgwNg==_1.jpg	0.620681	combined_score_above_threshold	"【篆書練習】/觀自在/是三行金石文字形/不僅書法

養德

是非逆境臨頭來，心中存著寬恕道，

和氣處事紛爭少，微笑待人福氣好，

萬般自在不用愁，名利淡然隨緣修，

知足感恩心常存，粗茶淡飯也甘醇。

***********************************************************

2017年收集網文，輯編《觀自在》專文，並節錄父親是三行先生的各體書法字形做PO圖，今習篆書之。

***********************************************************

經過數十年的整理，不僅將父親是三行先生的金石文書法作品字形拆分，並搜編各個字形的演變進程、資訊，及名家字跡，建立臉書FB「不僅書法」（以篆書練習為主），提供篆書喜好者瀏覽使用，在篆書領域上秉持父親遺願，盡一己之力！"	"觀
自
在
養
德
是非逆境臨頭來，心中存著寬恕道，
和氣處事紛爭少，微笑待人福氣好，
萬般自在不用愁，名利淡然隨緣修，
知足感恩心常存，粗茶淡飯也甘醇。
是三行先生書法作品字形 / 是志成綠字"	/mnt/Suran_database/Users/thanhthanh_workspace/Project/NLP_K35/xlnntn_hp2_friend/data/mrDuc_data/Images/UzpfSTY3MTc0OTU2NDpWSzoyNjIxMzkxMjkyODI1MDgwNg==_1.jpg
/images/UzpfSTEwMDAwMjI1NDQ4NjA3NjpWSzoyNjI2MDkzMTM0MzU0ODk2NA==_0.jpg	0.663263	combined_score_above_threshold	習字（八～1）書法境界：入筆如驚蛇入草，出鋒如飛鳥出林	"丙午仲春
入筆如驚蛇入草
出鋒如飛鳥出林
李學田書"	/mnt/Suran_database/Users/thanhthanh_workspace/Project/NLP_K35/xlnntn_hp2_friend/data/mrDuc_data/Images/UzpfSTEwMDAwMjI1NDQ4NjA3NjpWSzoyNjI2MDkzMTM0MzU0ODk2NA==_0.jpg
/images/UzpfSTEwMDAwMDA5NDY5MjQ5NDpWSzoyNjI2MTYyMTk0MzQ3OTkwNA==_0.jpg	0.709186	high_directional_coverage	"大家晚安

江山如畫  一時多少豪傑

丙午春夜 雨初歇

東坡 念奴嬌 大江東去

AI唱得蕩氣迴腸  不絕於耳

張威龍 習書2026/4/8"	"江山如
畫一時
多少
豪傑
丙子春夜雨初歇
东坡念奴娇大江东去
红唱得萬氣迴腸
不绝于耳
張盛龍書"	/mnt/Suran_database/Users/thanhthanh_workspace/Project/NLP_K35/xlnntn_hp2_friend/data/mrDuc_data/Images/UzpfSTEwMDAwMDA5NDY5MjQ5NDpWSzoyNjI2MTYyMTk0MzQ3OTkwNA==_0.jpg
/images/UzpfSTEwMDA4MTQ5Nzk3NTM4MTpWSzoyNjI0NjkzODc4ODI4MTU1Mw==_0.jpg	0.865525	high_directional_coverage	天接雲濤連曉霧，九萬里風鵬正舉，摘自，宋，李清照詞，漁家傲之佳句。	"天接雲濤連曉霧
九萬里風鵬正舉
摘自宋代李清照詞漁家傲佳句 丙午年清明丁昭"	/mnt/Suran_database/Users/thanhthanh_workspace/Project/NLP_K35/xlnntn_hp2_friend/data/mrDuc_data/Images/UzpfSTEwMDA4MTQ5Nzk3NTM4MTpWSzoyNjI0NjkzODc4ODI4MTU1Mw==_0.jpg
/images/UzpfSTEwMDAwMTMwNjM0MDkxMDpWSzoyNjI1MTYwOTAyNzgxNDUyOQ==_2.jpg	0.640027	combined_score_above_threshold	"清明
清明时节雨纷纷，

路上行人欲断魂。

借问酒家何处有，

牧童遥指杏花村。"	"清
明
時
節
雨
紛
紛
路
上
行
人
欲
斷
魂
借
問
酒
家
何
處
有
牧
童
遥
指
杏
花
村
戊戌
石峰
書"	/mnt/Suran_database/Users/thanhthanh_workspace/Project/NLP_K35/xlnntn_hp2_friend/data/mrDuc_data/Images/UzpfSTEwMDAwMTMwNjM0MDkxMDpWSzoyNjI1MTYwOTAyNzgxNDUyOQ==_2.jpg
/images/UzpfSTEwMDAwMjgwNzA5MDE0OTpWSzoyNjE5Nzg4OTQ2MzE4NjQ4Ng==_0.jpg	0.828899	high_directional_coverage	"相見歡
南唐-李煜

無言獨上西樓，月如鉤。
寂寞梧桐深院鎖清秋。
剪不斷，理還亂，是離愁。
別是一般滋味在心頭。"	"無
言
獨
上
西
樓
月
如
鉤
寂
寞
梧
桐
深
院
鎖
清
秋
剪
不
斷
理
亂
是
離
愁
別
是
一
般
滋
味
在
心
頭
南
唐
李
煜
詞
相
見
歡
丙
子
春
徐
志
洋"	/mnt/Suran_database/Users/thanhthanh_workspace/Project/NLP_K35/xlnntn_hp2_friend/data/mrDuc_data/Images/UzpfSTEwMDAwMjgwNzA5MDE0OTpWSzoyNjE5Nzg4OTQ2MzE4NjQ4Ng==_0.jpg
/images/UzpfSTEwMDAwMTMwNjM0MDkxMDpWSzoyNjI1MTYwOTAyNzgxNDUyOQ==_1.jpg	0.952871	high_directional_coverage	"清明
清明时节雨纷纷，

路上行人欲断魂。

借问酒家何处有，

牧童遥指杏花村。"	"清
明
时
雨
纷
纷
路
上
行
人
欲
断
魂
借
问
酒
家
何
处
有
牧
童
遥
指
杏
花
村"	/mnt/Suran_database/Users/thanhthanh_workspace/Project/NLP_K35/xlnntn_hp2_friend/data/mrDuc_data/Images/UzpfSTEwMDAwMTMwNjM0MDkxMDpWSzoyNjI1MTYwOTAyNzgxNDUyOQ==_1.jpg
/images/UzpfSTEwMDAwMTMwNjM0MDkxMDpWSzoyNjI1MTYwOTAyNzgxNDUyOQ==_0.jpg	0.622989	combined_score_above_threshold	"清明
清明时节雨纷纷，

路上行人欲断魂。

借问酒家何处有，

牧童遥指杏花村。"	"清
明
時
節
雨
紛
紛
路
上
行
人
欲
斷
魂
借
問
酒
家
何
處
有
牧
童
遙
指
杏
花
村
杜
牧"	/mnt/Suran_database/Users/thanhthanh_workspace/Project/NLP_K35/xlnntn_hp2_friend/data/mrDuc_data/Images/UzpfSTEwMDAwMTMwNjM0MDkxMDpWSzoyNjI1MTYwOTAyNzgxNDUyOQ==_0.jpg
/images/UzpfSTEwMDAwMDM2NjMwMzY2NTpWSzoyNjI0NTY5MDY0NTA3MzAzNA==_0.jpg	0.764048	high_directional_coverage	"2026-04-07週二
中華字經
087
譏諷誹謗，渾噩督驗。
斟酌摻謊，包庇捂瞞。
隕墮棘阱，殃及祠眷。"	"譏
諷
誹
謗
渾
噩
督
驗
斟
酌
摻
謊
包
庇
括
瞞
隕
墮
棘
阱
殃
及
祠
眷
中華字經87丙午春彭啓登書"	/mnt/Suran_database/Users/thanhthanh_workspace/Project/NLP_K35/xlnntn_hp2_friend/data/mrDuc_data/Images/UzpfSTEwMDAwMDM2NjMwMzY2NTpWSzoyNjI0NTY5MDY0NTA3MzAzNA==_0.jpg
/images/UzpfSTEwMDAwMDM2OTIxMDcyNTpWSzoyNjI0MTg3Mzc2ODc4ODA1NQ==_0.jpg	0.897778	high_directional_coverage	丹青蒼鷹舞，翰墨神龍唫。今天的練習01	"丹
青
蒼
鷹
舞
翰
墨
神
龍
吟"	/mnt/Suran_database/Users/thanhthanh_workspace/Project/NLP_K35/xlnntn_hp2_friend/data/mrDuc_data/Images/UzpfSTEwMDAwMDM2OTIxMDcyNTpWSzoyNjI0MTg3Mzc2ODc4ODA1NQ==_0.jpg
/images/UzpfSTEwMDAwMzI4NDg3MDY0MDpWSzoyNjIzNzc0MzkzNTg2NzcwNQ==_6.jpg	0.616252	combined_score_above_threshold	"清明假期大雨無法出遊，故宅居找了東坡居士一起神遊於赤壁之下…

攜酒與魚，復游於赤壁之下。
江流有聲，斷岸千尺；
山高月小，水落石出。
曾日月之幾何，
而江山不可復識矣。
- 蘇東坡 節後赤壁賦

AI技術生成背景效果"	"攜酒與魚復遊於赤壁江流有
聲斷岸千尺山高月小水落石出
日月之幾何而江山不可復識矣
昔蘇東坡後赤壁賦書於松風僊舍
五十後得復大為字之名宋珏"	/mnt/Suran_database/Users/thanhthanh_workspace/Project/NLP_K35/xlnntn_hp2_friend/data/mrDuc_data/Images/UzpfSTEwMDAwMzI4NDg3MDY0MDpWSzoyNjIzNzc0MzkzNTg2NzcwNQ==_6.jpg
/images/UzpfSTEwMDAwMDM2OTIxMDcyNTpWSzoyNjI0MTg4NDk3ODc4NjkzNA==_0.jpg	0.675919	high_directional_coverage	訪舊傷離欲斷魂， 無因重見玉樓人。 六街微雨鏤香塵。 早為不逢巫峽夢， 那堪虛度錦江春？ 遇花傾酒莫辭頻。今天的練習03	"訪舊傷離難斷魂無因重見玉樓人
六街微雨糝春塵早知不逢巫峽夢
那堪更度錦江春鄉在傾杯莫放頻
五代詞人李珣浣溪沙
丙午冬書"	/mnt/Suran_database/Users/thanhthanh_workspace/Project/NLP_K35/xlnntn_hp2_friend/data/mrDuc_data/Images/UzpfSTEwMDAwMDM2OTIxMDcyNTpWSzoyNjI0MTg4NDk3ODc4NjkzNA==_0.jpg
/images/UzpfSTEwMDAwMDM2OTIxMDcyNTpWSzoyNjIzMTk2OTM1NjQ0NTE2Mw==_0.jpg	0.81435	high_directional_coverage	風送清香過短牆。煙籠晚色近修篁。夕陽樓外角聲長。欲去還留無限思,輕勻淡抹不成妝。一尊相對月生涼。今天的練習03	"風送清香過短墻煙籠晚色近修篁夕
陽槐外角聲長欲去還留無限事輕勻
淚抹不成妝一尊相對月生涼
宋王雱浣溪沙
丙子之春"	/mnt/Suran_database/Users/thanhthanh_workspace/Project/NLP_K35/xlnntn_hp2_friend/data/mrDuc_data/Images/UzpfSTEwMDAwMDM2OTIxMDcyNTpWSzoyNjIzMTk2OTM1NjQ0NTE2Mw==_0.jpg
/images/UzpfSTEwMDAwMzI4NDg3MDY0MDpWSzoyNjIzNzc0MzkzNTg2NzcwNQ==_0.jpg	0.620531	high_directional_coverage	"清明假期大雨無法出遊，故宅居找了東坡居士一起神遊於赤壁之下…

攜酒與魚，復游於赤壁之下。
江流有聲，斷岸千尺；
山高月小，水落石出。
曾日月之幾何，
而江山不可復識矣。
- 蘇東坡 節後赤壁賦

AI技術生成背景效果"	"携酒與魚復遊於赤壁之下江流有聲
斷岸千尺山高月小水落石出
曾日月之幾何而江山不可復識矣
仿趙大年筆意蜀人張大千"	/mnt/Suran_database/Users/thanhthanh_workspace/Project/NLP_K35/xlnntn_hp2_friend/data/mrDuc_data/Images/UzpfSTEwMDAwMzI4NDg3MDY0MDpWSzoyNjIzNzc0MzkzNTg2NzcwNQ==_0.jpg
/images/UzpfSTEwMDAwMDY0NDU0MTUxOTpWSzoyNjIzODE4ODM1MjQ4OTkzMA==_0.jpg	0.833857	high_directional_coverage	無花無酒過清明，興味蕭然似野僧。昨日鄰家乞新火，曉窗分與讀書燈。	"無
花
無
酒
過
清
明
興
味
蕭
然
似
野
僧
昨
日
鄰
家
乞
新
火
曉
窗
与
讀
書
燈
丙午
清明
前
一
日
豊
公"	/mnt/Suran_database/Users/thanhthanh_workspace/Project/NLP_K35/xlnntn_hp2_friend/data/mrDuc_data/Images/UzpfSTEwMDAwMDY0NDU0MTUxOTpWSzoyNjIzODE4ODM1MjQ4OTkzMA==_0.jpg
/images/UzpfSTEwMDAwMDM2NjMwMzY2NTpWSzoyNjIzNzAxODAwOTI3MzYzMQ==_0.jpg	0.812154	high_directional_coverage	"2026-04-06週一
琵琶行 白居易 
12
曲罷曾教善才服，
妝成每被秋娘妒。
五陵年少爭纏頭，
一曲紅綃不知數。"	"曲罷曾教善才服
妝成每被秋娘妒
五陵年少爭纏頭
一曲紅綃不知數
琵琶行白居易
丙午年紹華書"	/mnt/Suran_database/Users/thanhthanh_workspace/Project/NLP_K35/xlnntn_hp2_friend/data/mrDuc_data/Images/UzpfSTEwMDAwMDM2NjMwMzY2NTpWSzoyNjIzNzAxODAwOTI3MzYzMQ==_0.jpg
/images/UzpfSTU0MjM2Mjc2MDpWSzoyNjIzMTY2ODMyMzE0MTkzMw==_1.jpg	0.797427	high_directional_coverage	"日常練習.詩一首（7）

問餘何意棲碧山，
笑而不答心自閒。
桃花流水窅然去，
別有天地非人間。
#李白《#山中答問》

#練字養心 #隸書 #曹全碑 #日常練習"	"問余何意栖碧
山咲而不答心
自閒桃花流水
窅然去別有天
地非人間
ericleung.space"	/mnt/Suran_database/Users/thanhthanh_workspace/Project/NLP_K35/xlnntn_hp2_friend/data/mrDuc_data/Images/UzpfSTU0MjM2Mjc2MDpWSzoyNjIzMTY2ODMyMzE0MTkzMw==_1.jpg
/images/UzpfSTEwMDAwMDM2OTIxMDcyNTpWSzoyNjIzMTk2NjU1MzExMjExMA==_0.jpg	1.0	one_text_contains_the_other	既安且寧。今天的練習02	"既
安
且
寧"	/mnt/Suran_database/Users/thanhthanh_workspace/Project/NLP_K35/xlnntn_hp2_friend/data/mrDuc_data/Images/UzpfSTEwMDAwMDM2OTIxMDcyNTpWSzoyNjIzMTk2NjU1MzExMjExMA==_0.jpg
/images/UzpfSTU0MjM2Mjc2MDpWSzoyNjIzMTY2ODMyMzE0MTkzMw==_3.jpg	0.836931	high_directional_coverage	"日常練習.詩一首（7）

問餘何意棲碧山，
笑而不答心自閒。
桃花流水窅然去，
別有天地非人間。
#李白《#山中答問》

#練字養心 #隸書 #曹全碑 #日常練習"	"問
余
何
意
棲
碧
山
咲
而
不
答
心
自
閒
桃
花
流
水
窅
然
去
別
有
天
地
非
人
間
ericleung.space"	/mnt/Suran_database/Users/thanhthanh_workspace/Project/NLP_K35/xlnntn_hp2_friend/data/mrDuc_data/Images/UzpfSTU0MjM2Mjc2MDpWSzoyNjIzMTY2ODMyMzE0MTkzMw==_3.jpg
/images/UzpfSTU0MjM2Mjc2MDpWSzoyNjIzMTY2ODMyMzE0MTkzMw==_2.jpg	0.757923	high_directional_coverage	"日常練習.詩一首（7）

問餘何意棲碧山，
笑而不答心自閒。
桃花流水窅然去，
別有天地非人間。
#李白《#山中答問》

#練字養心 #隸書 #曹全碑 #日常練習"	"問余何意栖碧
山咲而不答心
自間桃花流水
窅然去別有天
地非人間
ericleung.space"	/mnt/Suran_database/Users/thanhthanh_workspace/Project/NLP_K35/xlnntn_hp2_friend/data/mrDuc_data/Images/UzpfSTU0MjM2Mjc2MDpWSzoyNjIzMTY2ODMyMzE0MTkzMw==_2.jpg
/images/UzpfSTU0MjM2Mjc2MDpWSzoyNjIzMTY2ODMyMzE0MTkzMw==_0.jpg	0.696702	high_directional_coverage	"日常練習.詩一首（7）

問餘何意棲碧山，
笑而不答心自閒。
桃花流水窅然去，
別有天地非人間。
#李白《#山中答問》

#練字養心 #隸書 #曹全碑 #日常練習"	"問
余
何
意
栖
碧
山
而
不
答
心
自
閒
桃
花
流
水
窅
去
别
地
非
人
ericleung.space"	/mnt/Suran_database/Users/thanhthanh_workspace/Project/NLP_K35/xlnntn_hp2_friend/data/mrDuc_data/Images/UzpfSTU0MjM2Mjc2MDpWSzoyNjIzMTY2ODMyMzE0MTkzMw==_0.jpg
/images/UzpfSTEwMDAwMDM2NjMwMzY2NTpWSzoyNjIyNDk5OTAyMDQ3NTUzMA==_0.jpg	0.761098	high_directional_coverage	"2026-04-05週日
今天清明節，祝大家假日平安。

清明 唐 杜牧
清明時節雨紛紛，
路上行人欲斷魂。
借問酒家何處有？
牧童遙指杏花村。"	"清
明
時
節
雨
紛
紛
路
上
行
人
欲
斷
魂
借
問
酒
家
何
處
有
牧
童
遙
指
杏
花
村
清明唐杜牧
丙午"	/mnt/Suran_database/Users/thanhthanh_workspace/Project/NLP_K35/xlnntn_hp2_friend/data/mrDuc_data/Images/UzpfSTEwMDAwMDM2NjMwMzY2NTpWSzoyNjIyNDk5OTAyMDQ3NTUzMA==_0.jpg
/images/UzpfSTEwMDAwMTM0MDk2MzU3OTpWSzoyNjIyNDg3OTk0MzgyMDc3MQ==_0.jpg	0.771842	one_text_contains_the_other	知音不在千杯酒 一盏空茶也醉人	"清水雅正
知音不在千杯酒
一盏空茶也醉人
岁次甲辰年夏
如书"	/mnt/Suran_database/Users/thanhthanh_workspace/Project/NLP_K35/xlnntn_hp2_friend/data/mrDuc_data/Images/UzpfSTEwMDAwMTM0MDk2MzU3OTpWSzoyNjIyNDg3OTk0MzgyMDc3MQ==_0.jpg
/images/UzpfSTEwMDAwMTU1NDAzNzIxNzpWSzoyNjIxNTA5OTE4ODEzMjE4MA==_0.jpg	0.889583	high_directional_coverage	"王維詩
行到水窮處.坐看雲起時。
偶然值林叟.談笑無還期。"	"行到水窮處坐看
雲起時偶然值林叟
談笑無還期
王維詩
无己"	/mnt/Suran_database/Users/thanhthanh_workspace/Project/NLP_K35/xlnntn_hp2_friend/data/mrDuc_data/Images/UzpfSTEwMDAwMTU1NDAzNzIxNzpWSzoyNjIxNTA5OTE4ODEzMjE4MA==_0.jpg
/images/UzpfSTEwMDAwMDM2OTIxMDcyNTpWSzoyNjIxOTE0MDAwNDM5NDc2NQ==_0.jpg	0.671111	combined_score_above_threshold	花影飛鸚去，歌聲度鳥來。今天的練習01	"半
野
飛
鷺
去
歌
聲
度
鳥
來"	/mnt/Suran_database/Users/thanhthanh_workspace/Project/NLP_K35/xlnntn_hp2_friend/data/mrDuc_data/Images/UzpfSTEwMDAwMDM2OTIxMDcyNTpWSzoyNjIxOTE0MDAwNDM5NDc2NQ==_0.jpg
/images/UzpfSTEwMDAwMTczNTA0OTA5OTpWSzoyNjIyNDczNjE0MzgzNTE1MQ==_0.jpg	0.958633	high_directional_coverage	"羽化登仙駕鶴去  與世長辭千秋別 音容笑貌彷猶在  刻骨銘心牽夢縈 荏苒歲月憶難忘  柔腸寸斷徹心扉 緬懷至親深悼念  願君安息寄哀思
緬懷至親  丙午清明   吳瑞和 撰"	"羽化登仙駕鶴去與世長辭千
秋別音容笑貌彷彿在刻骨
銘心牽夢縈荏苒歲月憶
難忘柔腸寸斷徹心扉緬懷
至親深悼念願君安息寄哀
思緬懷至親丙午清明泙和撰"	/mnt/Suran_database/Users/thanhthanh_workspace/Project/NLP_K35/xlnntn_hp2_friend/data/mrDuc_data/Images/UzpfSTEwMDAwMTczNTA0OTA5OTpWSzoyNjIyNDczNjE0MzgzNTE1MQ==_0.jpg
/images/UzpfSTEwMDAwODQwODMxNzg4NDpWSzoyNjIxNzk0NDc1NDUxNDI5MA==_0.jpg	0.290087	one_text_contains_the_other	**“閒聊藝術設計”**	"“閒聊藝術設計”
藝術家是曾經思想來展示其創作，在創作的
過程，必隨之要有面對並需解決的事物，此
便要依題目去設計之美術內容，如：展示的
方向、彩色的配置、结構的運用、空間的使
用、、、等等，此行動，是藝術家為求美術
作品之感染力的表達。
圖為 荷蘭 藝術家 Max Riv 的作品，Max
Riv作品主要拍攝於高山地區，圖之作品，是
氣勢磅礴，但視覺焦點常常會放在畫面中的
一個非常孤單渺小的個人身上，背景綺麗的
風光恰好體現出人類不畏艱難的探險精神，
我想，作者為表示圖之創作，是之美術過程，
會有多要滿足藝術作業需求的地方。"	/mnt/Suran_database/Users/thanhthanh_workspace/Project/NLP_K35/xlnntn_hp2_friend/data/mrDuc_data/Images/UzpfSTEwMDAwODQwODMxNzg4NDpWSzoyNjIxNzk0NDc1NDUxNDI5MA==_0.jpg
/images/UzpfSTEwMDAwMDM2OTIxMDcyNTpWSzoyNjIxOTE0MjY5NDM5NDQ5Ng==_0.jpg	1.0	one_text_contains_the_other	篤禮崇義。今天的練習02	"篤
禮
崇
義"	/mnt/Suran_database/Users/thanhthanh_workspace/Project/NLP_K35/xlnntn_hp2_friend/data/mrDuc_data/Images/UzpfSTEwMDAwMDM2OTIxMDcyNTpWSzoyNjIxOTE0MjY5NDM5NDQ5Ng==_0.jpg
/images/UzpfSTEwMDAxNjg4Mjk5NjczMzpWSzoyNjIxNjAzNDg1MTM3MTk0Nw==_0.jpg	0.909009	high_directional_coverage	燕子來時新社，梨花落後清明。池上碧苔三四點，葉底黃鸝一兩聲。日長飛絮輕。巧笑東鄰女伴，採桑徑里逢迎。疑怪昨宵春夢好，元是今朝鬥草贏。笑從雙臉生。	"燕子來時新社梨花落後清明池上碧苔
三四點葉底黃鸝一兩聲日長飛絮輕
巧笑東鄰女伴采桑徑裡逢迎
疑怪昨宵春夢好元是今朝斗草贏
笑從雙臉生
丙申春日虞愚"	/mnt/Suran_database/Users/thanhthanh_workspace/Project/NLP_K35/xlnntn_hp2_friend/data/mrDuc_data/Images/UzpfSTEwMDAxNjg4Mjk5NjczMzpWSzoyNjIxNjAzNDg1MTM3MTk0Nw==_0.jpg
/images/UzpfSTEwMDAwMDM2OTIxMDcyNTpWSzoyNjIwOTU2MDE2MjAxOTQxNg==_0.jpg	0.818697	high_directional_coverage	冰肌玉骨精神，不風塵。昨夜窗前都坼盡，忽疑君。清淚拂拂沾巾，誰相念、折贈芳春。羌笛休吹關塞曲，有人聽。今天的練習03	"冰肌玉骨精神不風塵昨夜窗
前都坼香忽驚君清淚拂沾巾
誰相念折贈芳春羌笛休吹弄
塞曲有人聽
作者佚名愁倚闌丙午之書"	/mnt/Suran_database/Users/thanhthanh_workspace/Project/NLP_K35/xlnntn_hp2_friend/data/mrDuc_data/Images/UzpfSTEwMDAwMDM2OTIxMDcyNTpWSzoyNjIwOTU2MDE2MjAxOTQxNg==_0.jpg
/images/UzpfSTEwMDAwODQwODMxNzg4NDpWSzoyNjIxODg0Mzk5Nzc1NzY5OQ==_0.jpg	0.28899	one_text_contains_the_other	**“早期物件上的金色”**	"“早期物件上的金色”
例圖：左為 1；右為 2
早期物件上的金色上彩，如：瓷、木製器具
的金色上料，在早期清代、明代、等時期的
物品上的金色色彩，為多見貼金箔或刷金
漆，其重要以金子為材料，上了這色彩的瓷
器、木製，觀看上去是金黃閃亮、色澤飽滿
的，久久不易變色，而現代材料的發展，是
可見於物件上用以化學金漆，但若用於化學
金漆之物件去比較早期上貼金箔或刷金漆，
將會發現，貼金箔或刷金漆的，顯較有金子
的光亮，使用化學金漆的，亮度就沒那麼好
又時空關係會變有暗色。
如圖，例圖 1. 2 器物上貼金箔刷和金漆，明
顯較有金子的光亮；例圖 3·4，上化學金漆，
例圖：左為 3；右為 4
色澤就沒那麼飽那麼滿。
提醒告知，各位朋友在有收購古玩，在有看
見物件上的金色為是化學金漆，便非常可能
是，這物件是近代玩物或近期補修的老物。"	/mnt/Suran_database/Users/thanhthanh_workspace/Project/NLP_K35/xlnntn_hp2_friend/data/mrDuc_data/Images/UzpfSTEwMDAwODQwODMxNzg4NDpWSzoyNjIxODg0Mzk5Nzc1NzY5OQ==_0.jpg
/images/UzpfSTEwMDAwMzUzNjA0MTQ0NzpWSzoyNjIxMzQ2MTQ0NDk2MjYyMQ==_0.jpg	0.802617	high_directional_coverage	"#感謝書友欣賞

行草 李商隱 夜雨寄北🙏☕😎

君問歸期未有期
巴山夜雨漲秋池
何當共剪西窗燭
卻話巴山夜雨時"	"君問歸期未有期
巴山夜雨漲秋池
何當共剪西窗燭
卻話巴山夜雨時
李商隱夜雨寄北乙巳秋月紹銘"	/mnt/Suran_database/Users/thanhthanh_workspace/Project/NLP_K35/xlnntn_hp2_friend/data/mrDuc_data/Images/UzpfSTEwMDAwMzUzNjA0MTQ0NzpWSzoyNjIxMzQ2MTQ0NDk2MjYyMQ==_0.jpg
/images/UzpfSTEwMDAwMzUzNjA0MTQ0NzpWSzoyNjIwMTQ4NTgxNjE2MDE4NA==_0.jpg	0.701577	high_directional_coverage	"#感謝書友欣賞

行草 唐 李建勛 春詞🙏☕😎

日高閑步下堂階
細草春莎沒繡鞋
折得玫瑰花一朵
憑君簪向鳳凰釵"	"日
高
閒
步
下
堂
階
細
草
春
莎
没
繡
鞋
折
得
玫
瑰
花
一
朵
憑
君
簪
向
鳳
凰
釵
唐
詩
勉
吾
同
己
酉
月
伯
欽"	/mnt/Suran_database/Users/thanhthanh_workspace/Project/NLP_K35/xlnntn_hp2_friend/data/mrDuc_data/Images/UzpfSTEwMDAwMzUzNjA0MTQ0NzpWSzoyNjIwMTQ4NTgxNjE2MDE4NA==_0.jpg
/images/UzpfSTEwMDAwMDM2OTIxMDcyNTpWSzoyNjIwOTU1NzU1NTM1MzAxMA==_0.jpg	1.0	one_text_contains_the_other	交錯觥籌。今天的練習02	"交
錯
觥
籌"	/mnt/Suran_database/Users/thanhthanh_workspace/Project/NLP_K35/xlnntn_hp2_friend/data/mrDuc_data/Images/UzpfSTEwMDAwMDM2OTIxMDcyNTpWSzoyNjIwOTU1NzU1NTM1MzAxMA==_0.jpg
/images/UzpfSTEwMDAwMDM2NjMwMzY2NTpWSzoyNjIxNTI4OTgzMTQ0NjQ0OQ==_0.jpg	0.779925	high_directional_coverage	"2026-04-04週六
琵琶行 白居易 
11
自言本是京城女，
家在蝦蟆陵下住。
十三學得琵琶成，
名屬教坊第一部。"	"自云本是京城女
家在蝦蟆陵下住
十三學得琵琶成
名屬教坊第一部
琵琶行白居易
丙午年
妙祥書"	/mnt/Suran_database/Users/thanhthanh_workspace/Project/NLP_K35/xlnntn_hp2_friend/data/mrDuc_data/Images/UzpfSTEwMDAwMDM2NjMwMzY2NTpWSzoyNjIxNTI4OTgzMTQ0NjQ0OQ==_0.jpg
/images/UzpfSTEwMDAwMDM2OTIxMDcyNTpWSzoyNjIwOTU1NTU4NTM1MzIwNw==_0.jpg	0.72	high_directional_coverage	紅蓼丹楓爽來軒戶。青山綠水潤逼琴書。今天的練習01	"紅鸞月榻爽來軒戶
青山綠水煙逼琴書"	/mnt/Suran_database/Users/thanhthanh_workspace/Project/NLP_K35/xlnntn_hp2_friend/data/mrDuc_data/Images/UzpfSTEwMDAwMDM2OTIxMDcyNTpWSzoyNjIwOTU1NTU4NTM1MzIwNw==_0.jpg
/images/UzpfSTEwMDAwMDM2OTIxMDcyNTpWSzoyNjE5ODIyNzQ3OTgxOTM1MQ==_0.jpg	0.775006	high_directional_coverage	門外月明如晝，窗內一燈如豆。何物影空梁，水雲光。忽聽遠鐘微度，又被曉風約住。此際惱閒情，是浮名。今天的練習03	"門外月明如晝窗內一燈如豆何物
新來染水雲光忽在遠鐘微度又被
曉風約住此際惱人情是浮名
清人黃仲則昭君怨
丙午之書"	/mnt/Suran_database/Users/thanhthanh_workspace/Project/NLP_K35/xlnntn_hp2_friend/data/mrDuc_data/Images/UzpfSTEwMDAwMDM2OTIxMDcyNTpWSzoyNjE5ODIyNzQ3OTgxOTM1MQ==_0.jpg
/images/UzpfSTY3MTc0OTU2NDpWSzoyNjIwNjI5MjgyNTY3OTQ4Mw==_0.jpg	0.623805	combined_score_above_threshold	"#吳大澂 #篆書作品 #諸葛亮 #誡子書 #不僅書法

吳大澂篆書作品/《諸葛武矦戒子書》
***********************************************
漢諸葛忠武矦戒子書曰：
勿以善小而不為，
勿以惡小而為之。"	"漢諸葛忠武侯戒
子書曰勿以善小
而不爲勿以惡小
而爲之
光緒壬辰孟夏四月
吳大澂書
漢諸葛忠武侯戒子書曰：
勿以善小而不為，
勿以惡小而為之。"	/mnt/Suran_database/Users/thanhthanh_workspace/Project/NLP_K35/xlnntn_hp2_friend/data/mrDuc_data/Images/UzpfSTY3MTc0OTU2NDpWSzoyNjIwNjI5MjgyNTY3OTQ4Mw==_0.jpg
/images/UzpfSTY3MTc0OTU2NDpWSzoyNjIxNzI1NzcwNzkxNjMyOA==_0.jpg	0.609348	high_directional_coverage	"#吳大澂 #篆書作品 #陰符經 #不僅書法

吳大澂篆書作品/節錄《陰符經中篇》
*************************************************************
天生天殺，道之理也。 天地萬物之盜，萬物人之盜，人，萬物之盗。三盗旣宜，三才旣安，故曰食其時，百骸理，動其機，萬化安。人知其神而神，不知不神而所以神，日月有數。"	"天生天殺，道之理也。天地萬物之盜，萬物
人之盜，人，萬物之盜。三盜既宜，三才既安，
故曰食其時，百骸理，動其機，萬化安。人知
其神而神，不知不神而所以神，日月有數。
天生天殺道之理也天地萬物之盜萬物
人之盜人萬物之盜三盜既宜三才既安
故曰食其時百骸理動其機萬化安人知
其神而神不知不神而所以神日月有數
乙酉處暑後五日
憲齋吳大澂"	/mnt/Suran_database/Users/thanhthanh_workspace/Project/NLP_K35/xlnntn_hp2_friend/data/mrDuc_data/Images/UzpfSTY3MTc0OTU2NDpWSzoyNjIxNzI1NzcwNzkxNjMyOA==_0.jpg
/images/UzpfSTE0NDkwODQxNjA6Vks6MjYxOTkzODU3OTk3MDM1MTk=_0.jpg	0.585641	combined_score_above_threshold	"將相本無種
男兒當自強"	"女
兒
當
自
強"	/mnt/Suran_database/Users/thanhthanh_workspace/Project/NLP_K35/xlnntn_hp2_friend/data/mrDuc_data/Images/UzpfSTE0NDkwODQxNjA6Vks6MjYxOTkzODU3OTk3MDM1MTk=_0.jpg
/images/UzpfSTEwMDAwMDM2OTIxMDcyNTpWSzoyNjE5ODIyMTc5NjQ4NjU4Ng==_0.jpg	1.0	one_text_contains_the_other	半榻有書邀月共，一春無事為花忙。今天的練習01	"半榻有書邀月共
一春無事為花忙"	/mnt/Suran_database/Users/thanhthanh_workspace/Project/NLP_K35/xlnntn_hp2_friend/data/mrDuc_data/Images/UzpfSTEwMDAwMDM2OTIxMDcyNTpWSzoyNjE5ODIyMTc5NjQ4NjU4Ng==_0.jpg
/images/UzpfSTEwMDAwMDM2NjMwMzY2NTpWSzoyNjIwMzcxMjc2NTkzNzQ4OQ==_0.jpg	0.743469	high_directional_coverage	"2026-04-03週五
中華字經
086
瀝濾澱濁，昭劃界限。
妨礙偵察，賄賂仕宦。
詛咒嚇唬，挑釁侮謾。"	"瀝
濾
澱
濁
昭
劃
界
限
妨
礙
偵
察
賂
仕
官
詛
咒
嚇
唬
挑
釁
侮
謾
中華字經86
丙子季秋書於"	/mnt/Suran_database/Users/thanhthanh_workspace/Project/NLP_K35/xlnntn_hp2_friend/data/mrDuc_data/Images/UzpfSTEwMDAwMDM2NjMwMzY2NTpWSzoyNjIwMzcxMjc2NTkzNzQ4OQ==_0.jpg
/images/UzpfSTEwMDAwMDM2OTIxMDcyNTpWSzoyNjE5ODIyNDI0OTgxOTY3NA==_0.jpg	1.0	one_text_contains_the_other	游目騁懷。今天的練習02	"游
目
騁
懷"	/mnt/Suran_database/Users/thanhthanh_workspace/Project/NLP_K35/xlnntn_hp2_friend/data/mrDuc_data/Images/UzpfSTEwMDAwMDM2OTIxMDcyNTpWSzoyNjE5ODIyNDI0OTgxOTY3NA==_0.jpg
/images/UzpfSTEwMDAwMDM2OTIxMDcyNTpWSzoyNjE4NjA3NTcyNzcwMTE5Mw==_0.jpg	0.784622	high_directional_coverage	人好遠，路能長。奈思量。更放晚來些小雨，做新涼。衰草低襯斜陽。斜陽外、水冷雲黃。借使有腸須斷盡，況無腸。今天的練習03	"人好在路能長奈思重更放晚來
些小雨做新凉裹子低襯斜陽
斜陽外水冷雲黃借使有腸須斷
盡況無腸
宋人石孝友愁倚闌
丙午之書"	/mnt/Suran_database/Users/thanhthanh_workspace/Project/NLP_K35/xlnntn_hp2_friend/data/mrDuc_data/Images/UzpfSTEwMDAwMDM2OTIxMDcyNTpWSzoyNjE4NjA3NTcyNzcwMTE5Mw==_0.jpg
/images/UzpfSTEwMDAwMzI4NDg3MDY0MDpWSzoyNjE5NjM4Mzk1MzMzNzAzNw==_4.jpg	0.692593	high_directional_coverage	"黃霑大師的「笑傲江湖」讓我重新認識了江湖…

天下風雲出我輩，
一入江湖歲月催，
皇圖霸業談笑中，
不勝人生一場醉。
- 黃霑 笑傲江湖"	"天下風雲出我輩一入江湖
歲月催皇圖霸業談笑中
不勝人生一場醉
庚寅
石千仲春"	/mnt/Suran_database/Users/thanhthanh_workspace/Project/NLP_K35/xlnntn_hp2_friend/data/mrDuc_data/Images/UzpfSTEwMDAwMzI4NDg3MDY0MDpWSzoyNjE5NjM4Mzk1MzMzNzAzNw==_4.jpg
/images/UzpfSTEwMDAwMzI4NDg3MDY0MDpWSzoyNjE5NjM4Mzk1MzMzNzAzNw==_1.jpg	0.617877	high_directional_coverage	"黃霑大師的「笑傲江湖」讓我重新認識了江湖…

天下風雲出我輩，
一入江湖歲月催，
皇圖霸業談笑中，
不勝人生一場醉。
- 黃霑 笑傲江湖"	"天下風雲出我輩一入江湖
歲月催皇圖霸業談笑中
不勝人生
庚寅年七月
石千仲書"	/mnt/Suran_database/Users/thanhthanh_workspace/Project/NLP_K35/xlnntn_hp2_friend/data/mrDuc_data/Images/UzpfSTEwMDAwMzI4NDg3MDY0MDpWSzoyNjE5NjM4Mzk1MzMzNzAzNw==_1.jpg
/images/UzpfSTEwMDAwMzI4NDg3MDY0MDpWSzoyNjE3MjAwOTU4OTEwNzgwNw==_5.jpg	0.642556	high_directional_coverage	"蘇東坡此作是在因烏台詩案被貶至黃州三月時所作，詩中那種於逆境不服老、樂觀向上的態度令人感佩…

山下蘭芽短浸溪，
松間沙路淨無泥，
蕭蕭暮雨子規啼。
誰道人生無再少？
門前流水尚能西！
休將白髮唱黃雞。

AI 生成背景效果"	"山下蘭芽短浸溪
松間沙路淨
無泥蕭蕭暮雨子規啼
誰道人
生無再少
門前流水
休將白髮唱黃雞
丙午仲夏霽恒"	/mnt/Suran_database/Users/thanhthanh_workspace/Project/NLP_K35/xlnntn_hp2_friend/data/mrDuc_data/Images/UzpfSTEwMDAwMzI4NDg3MDY0MDpWSzoyNjE3MjAwOTU4OTEwNzgwNw==_5.jpg
/images/UzpfSTEwMDAwMDM2NjMwMzY2NTpWSzoyNjE3ODM5MzQ4MTgwMjc1MQ==_0.jpg	0.734644	high_directional_coverage	"2026-04-01週三
中華字經
085
辭訟哭訴，含屈伸冤。
敞釋矛盾，剖層剝繭。
朦朧伎倆，仍留隙嫌。"	"辭
訟
哭
訴
舍
屈
伸
冤
敞
釋
矛
盾
剖
層
剎
繭
朦
朧
伎
倆
仍
留
隙
嫌
中華字經85丙午季鳴生書"	/mnt/Suran_database/Users/thanhthanh_workspace/Project/NLP_K35/xlnntn_hp2_friend/data/mrDuc_data/Images/UzpfSTEwMDAwMDM2NjMwMzY2NTpWSzoyNjE3ODM5MzQ4MTgwMjc1MQ==_0.jpg
/images/UzpfSTEwMDAwMjgwNzA5MDE0OTpWSzoyNjE1NTAxODgzNzQ3MzU0OQ==_0.jpg	0.858276	high_directional_coverage	"北青蘿
唐-李商隱

殘陽西入崦，茅屋訪孤僧。
落葉人何在，寒雲路幾層。
獨敲初夜磬，閒倚一枝藤。
世界微塵裏，吾寧愛與憎。"	"殘陽西入崦茅屋訪孤僧落葉人何在
寒雲路幾層獨敲初夜磬閒倚一枝藤
世界微塵裏吾寧愛與憎
李商隱北青蘿詩丙午春許志洋"	/mnt/Suran_database/Users/thanhthanh_workspace/Project/NLP_K35/xlnntn_hp2_friend/data/mrDuc_data/Images/UzpfSTEwMDAwMjgwNzA5MDE0OTpWSzoyNjE1NTAxODgzNzQ3MzU0OQ==_0.jpg
/images/UzpfSTEwMDAwMDM2OTIxMDcyNTpWSzoyNjE3Mzk0MTUxODkxNDYxNA==_0.jpg	0.912088	high_directional_coverage	西安石上校漢隸，北海尊前誦楚辭。今天的練習01	"西安石上校漢檠
北海尊前誦楚辭"	/mnt/Suran_database/Users/thanhthanh_workspace/Project/NLP_K35/xlnntn_hp2_friend/data/mrDuc_data/Images/UzpfSTEwMDAwMDM2OTIxMDcyNTpWSzoyNjE3Mzk0MTUxODkxNDYxNA==_0.jpg
/images/UzpfSTEwMDAwMDM2NjMwMzY2NTpWSzoyNjE2ODEyMTU5NjE2MzI3Mw==_0.jpg	0.820454	high_directional_coverage	"2026-03-31週二
琵琶行 白居易 
09
銀瓶乍破水漿迸，
鐵騎突出刀槍鳴。
曲終收撥當心畫，
四弦一聲如裂帛。"	"銀瓶乍破水漿迸，
鐵騎突出刀槍鳴，
曲終收撥當心畫，
四弦一聲如裂帛。
琵琶行白居易
丙子春
游書"	/mnt/Suran_database/Users/thanhthanh_workspace/Project/NLP_K35/xlnntn_hp2_friend/data/mrDuc_data/Images/UzpfSTEwMDAwMDM2NjMwMzY2NTpWSzoyNjE2ODEyMTU5NjE2MzI3Mw==_0.jpg
/images/UzpfSTEwMDAwMDM2OTIxMDcyNTpWSzoyNjE1NDU5MzgzNDE4MjcxNg==_0.jpg	0.875556	high_directional_coverage	風來花自舞，春入鳥能言。今天的練習01	"風来花自舞
春入鳥能言"	/mnt/Suran_database/Users/thanhthanh_workspace/Project/NLP_K35/xlnntn_hp2_friend/data/mrDuc_data/Images/UzpfSTEwMDAwMDM2OTIxMDcyNTpWSzoyNjE1NDU5MzgzNDE4MjcxNg==_0.jpg
/images/UzpfSTEwMDA4OTA0MzM2NTY5MDpWSzoyNjE2MTkyMjkwNjc4MzE0Mg==_3.jpg	0.276469	one_text_contains_the_other	書法離鉤。	"《書法離鉤》：盛傳顏公書得長史筆
法。僧懷素見公，自矜得折釵股
筆。顏公言：「折釵股何如屋漏
痕？」懷素起，捉公手云：「老賊！
盡之矣！」觀魯公《乞米》、《乞鹿
脯》帖，與郭令書《祭姪文》，皆當
與王中令雁行耳。懷素草，暮年乃
不減長史。蓋張妙於肥，藏真妙於
瘦。此兩人者，一代草書之冠冕
也。
盛傳顔公書得長史筆法
僧懷素見公自矜得折釵
股筆顔公言折釵股何
如屋漏痕懷素起捉公手
云老賊盡之矣觀魯公
乞米乞鹿脯帖與郭令書
祭姪文皆當與王中令
雁行耳懷素草暮年
乃不減長史蓋張妙於
肥藏真妙於瘦此兩人者
一代草書之冠冕也"	/mnt/Suran_database/Users/thanhthanh_workspace/Project/NLP_K35/xlnntn_hp2_friend/data/mrDuc_data/Images/UzpfSTEwMDA4OTA0MzM2NTY5MDpWSzoyNjE2MTkyMjkwNjc4MzE0Mg==_3.jpg
/images/UzpfSTEwMDAwMDMxOTgxNzA2MDpWSzoyNjE1ODMwODMxMzgxMTI2OA==_0.jpg	1.0	one_text_contains_the_other	書到用時方恨少	書到用時方恨少	/mnt/Suran_database/Users/thanhthanh_workspace/Project/NLP_K35/xlnntn_hp2_friend/data/mrDuc_data/Images/UzpfSTEwMDAwMDMxOTgxNzA2MDpWSzoyNjE1ODMwODMxMzgxMTI2OA==_0.jpg
/images/UzpfSTU0MjM2Mjc2MDpWSzoyNjE1NTI2NDQ4MDc4MjMxOA==_1.jpg	0.836931	high_directional_coverage	"日常練習.詩一首（6）
夜雨連明春水生，嬌雲濃暖弄陰晴。
簾虛日薄花竹靜，時有乳鳩相對鳴。
#蘇舜欽《#初晴游滄浪亭》

#練字養心 #隷書 #曹全碑"	"夜雨連明春水
生嬌雲濃煖弄
陰晴簾虛日薄
蒼竹靜時有乳
鳩相對鳴
ericleung.space"	/mnt/Suran_database/Users/thanhthanh_workspace/Project/NLP_K35/xlnntn_hp2_friend/data/mrDuc_data/Images/UzpfSTU0MjM2Mjc2MDpWSzoyNjE1NTI2NDQ4MDc4MjMxOA==_1.jpg
/images/UzpfSTEwMDA4OTA0MzM2NTY5MDpWSzoyNjE2MTkyMjkwNjc4MzE0Mg==_2.jpg	0.276469	one_text_contains_the_other	書法離鉤。	"《書法離鉤》：盛傳顏公書得長史筆
法。僧懷素見公，自矜得折釵股
筆。顏公言：「折釵股何如屋漏
痕？」懷素起，捉公手云：「老賊！
盡之矣！」觀魯公《乞米》、《乞鹿
脯》帖，與郭令書《祭姪文》，皆當
與王中令雁行耳。懷素草，暮年乃
不減長史。蓋張妙於肥，藏真妙於
瘦。此兩人者，一代草書之冠冕
也。
盛傳顏公書得長史筆法
僧懷素見公自矜得折釵
股筆顏公言折釵股何如屋
漏痕懷素起捉公手
云老賊盡之矣觀魯公
乞米乞鹿脯帖與郭令書
祭姪文皆當與王中令
雁行耳懷素草暮年
乃不減長史蓋張妙於
肥藏真妙於瘦此兩人者
一代草書之冠冕也"	/mnt/Suran_database/Users/thanhthanh_workspace/Project/NLP_K35/xlnntn_hp2_friend/data/mrDuc_data/Images/UzpfSTEwMDA4OTA0MzM2NTY5MDpWSzoyNjE2MTkyMjkwNjc4MzE0Mg==_2.jpg
/images/UzpfSTU0MjM2Mjc2MDpWSzoyNjE1NTI2NDQ4MDc4MjMxOA==_0.jpg	0.797427	high_directional_coverage	"日常練習.詩一首（6）
夜雨連明春水生，嬌雲濃暖弄陰晴。
簾虛日薄花竹靜，時有乳鳩相對鳴。
#蘇舜欽《#初晴游滄浪亭》

#練字養心 #隷書 #曹全碑"	"夜
雨
連
明
春
水
生
嬌
雲
濃
煖
弄
陰
晴
簾
密
日
薄
蒼
竹
靜
時
有
乳
鳩
相
對
鳴
ericleung.space"	/mnt/Suran_database/Users/thanhthanh_workspace/Project/NLP_K35/xlnntn_hp2_friend/data/mrDuc_data/Images/UzpfSTU0MjM2Mjc2MDpWSzoyNjE1NTI2NDQ4MDc4MjMxOA==_0.jpg
/images/UzpfSTU0MjM2Mjc2MDpWSzoyNjE1NTI2NDQ4MDc4MjMxOA==_2.jpg	0.797427	high_directional_coverage	"日常練習.詩一首（6）
夜雨連明春水生，嬌雲濃暖弄陰晴。
簾虛日薄花竹靜，時有乳鳩相對鳴。
#蘇舜欽《#初晴游滄浪亭》

#練字養心 #隷書 #曹全碑"	"夜
雨
連
明
春
水
生
嬌
雲
濃
煖
弄
陰
晴
簾
影
日
薄
苔
竹
靜
時
有
乳
鳩
相
對
鳴
ericleung.space"	/mnt/Suran_database/Users/thanhthanh_workspace/Project/NLP_K35/xlnntn_hp2_friend/data/mrDuc_data/Images/UzpfSTU0MjM2Mjc2MDpWSzoyNjE1NTI2NDQ4MDc4MjMxOA==_2.jpg
/images/UzpfSTEwMDAwMDM2OTIxMDcyNTpWSzoyNjE1NDU5ODU4NzUxNTU3NA==_0.jpg	0.677988	high_directional_coverage	雙雙蝶翅塗鉛粉，咂花心。綺窗秀戶飛來穩，畫堂陰。二三月愛隨柳絮，伴落花、來拂衣襟。更剪輕羅片，傅黃金。今天的練習03	"雙蝶翅塗鉛粉咂花心綺窗綉
戶不來隱壺堂陰二三月愛咫飄
絮伴游絲不拂衣襟更剪輕羅
片傅黃金
唐毛文錫紗窗恨
丙午立春"	/mnt/Suran_database/Users/thanhthanh_workspace/Project/NLP_K35/xlnntn_hp2_friend/data/mrDuc_data/Images/UzpfSTEwMDAwMDM2OTIxMDcyNTpWSzoyNjE1NDU5ODU4NzUxNTU3NA==_0.jpg
/images/UzpfSTU0MjM2Mjc2MDpWSzoyNjE1NTI2NDQ4MDc4MjMxOA==_3.jpg	0.836931	high_directional_coverage	"日常練習.詩一首（6）
夜雨連明春水生，嬌雲濃暖弄陰晴。
簾虛日薄花竹靜，時有乳鳩相對鳴。
#蘇舜欽《#初晴游滄浪亭》

#練字養心 #隷書 #曹全碑"	"夜雨連明春水
生嬌雲濃暖弄
陰晴簾櫳日薄
蒼竹靜時有乳
鳩相對鳴
ericleung.space"	/mnt/Suran_database/Users/thanhthanh_workspace/Project/NLP_K35/xlnntn_hp2_friend/data/mrDuc_data/Images/UzpfSTU0MjM2Mjc2MDpWSzoyNjE1NTI2NDQ4MDc4MjMxOA==_3.jpg
/images/UzpfSTEwMDAwODQwODMxNzg4NDpWSzoyNjE2MTYxMjc3NjgxNDE1NQ==_0.jpg	0.39637	one_text_contains_the_other	**“臨摹之學子，要不急、莫慌、慢慢來”**	"“臨摹之學子，要不急、莫慌、慢慢來”
在修學臨摹名家書寫，要多用心去看的清
楚，對範本之線條、結構、氣韻，去用心的
看清楚，再就為了解所知，才可臨摹書寫，
當然，學子多有求好、求進之心，必需提醒
學子，修學臨摹，是要不急、莫慌、慢慢來。
圖：1~9，為網路臨摹名家書法之 當 字，
給之分享。
圖：1~9
圖：1~9
圖：9
若
當
若
當
決
開"	/mnt/Suran_database/Users/thanhthanh_workspace/Project/NLP_K35/xlnntn_hp2_friend/data/mrDuc_data/Images/UzpfSTEwMDAwODQwODMxNzg4NDpWSzoyNjE2MTYxMjc3NjgxNDE1NQ==_0.jpg
/images/UzpfSTEwMDAwMzUzNjA0MTQ0NzpWSzoyNjEzNjc0MDYwMjYzNDcwNg==_0.jpg	0.611927	combined_score_above_threshold	"#感謝書友欣賞

行草 西藏六世達賴喇嘛倉央嘉措 詩歌🙏☕😎

曾慮多情損梵行
入山又恐別傾城
世間安得雙全法
不負如來不負卿"	"曾慮多情損梵行
入山又恐誤傾城
世間安得双全法
不負如來不負卿
六世达赖喇嘛仓央嘉措诗歌
岁次己亥年冬月剑锋书"	/mnt/Suran_database/Users/thanhthanh_workspace/Project/NLP_K35/xlnntn_hp2_friend/data/mrDuc_data/Images/UzpfSTEwMDAwMzUzNjA0MTQ0NzpWSzoyNjEzNjc0MDYwMjYzNDcwNg==_0.jpg
/images/UzpfSTEwMDAwMDM2OTIxMDcyNTpWSzoyNjE0MzkzOTQ5NTI0ODE1MA==_0.jpg	0.755867	high_directional_coverage	槐陰密，蔗漿寒。荔枝丹。珍重主人憐客意，薦雕盤。多情翠袖憑欄。晚妝罷、誰與共歡。簾卷玉鉤風細細，斂眉山。今天的練習03	"槐陰密葉將水平荔枝丹珍重主人憐
客意薦雕盤多情翠袖憑欄晚妝罷
誰與共吹簫捲玉鉤風細細斂眉山
宋人句觀本光好
丙午春月之吉"	/mnt/Suran_database/Users/thanhthanh_workspace/Project/NLP_K35/xlnntn_hp2_friend/data/mrDuc_data/Images/UzpfSTEwMDAwMDM2OTIxMDcyNTpWSzoyNjE0MzkzOTQ5NTI0ODE1MA==_0.jpg
/images/UzpfSTEwMDAwMDM2OTIxMDcyNTpWSzoyNjE0MzkzMzg1MTkxNTM4MQ==_0.jpg	0.745483	high_directional_coverage	罩向金籠好羽儀，分明喉舌似君稀。不須一向隨人語，須信人心有是非。今天的練習01	"罩向金籠好羽儀分明喉舌似天機不須一口隨人語
須信人心有是非宋僧定渚詩詠鸚鵡丙子春葉吉書"	/mnt/Suran_database/Users/thanhthanh_workspace/Project/NLP_K35/xlnntn_hp2_friend/data/mrDuc_data/Images/UzpfSTEwMDAwMDM2OTIxMDcyNTpWSzoyNjE0MzkzMzg1MTkxNTM4MQ==_0.jpg
/images/UzpfSTY3MTc0OTU2NDpWSzoyNjE0OTE2MzY1ODA1OTA2Nw==_0.jpg	0.566525	high_directional_coverage	"【篆書練習】/革命先烈紀念日/青年節/碧血黃花/不僅書法

獻身革命忍拋家，

志決身殲萬古誇，

七二忠魂標壯烈，

長留碧血暎黃花。

***************************************************

取材：是三行先生書法作品（楷書089）

《碧血黃花》劉漢光

*劉漢光，作者資料待核實。"	"獻身革命忍抛家志决身殲
萬古誇七二忠魂標壯烈長
留碧血暎黃花
劉偉光 碧血黃花
武廷建三川"	/mnt/Suran_database/Users/thanhthanh_workspace/Project/NLP_K35/xlnntn_hp2_friend/data/mrDuc_data/Images/UzpfSTY3MTc0OTU2NDpWSzoyNjE0OTE2MzY1ODA1OTA2Nw==_0.jpg
/images/UzpfSTEwMDAwMjgwNzA5MDE0OTpWSzoyNjE0NDMxNTY2NTIxMDUzMw==_0.jpg	0.646743	combined_score_above_threshold	"心燈不借他人火
自照乾坤步步明
莫言前路多荊棘
自有鋒芒破霧行"	"心燈不借他人火自照
乾坤步々皆春意在
路多荊棘自手將開
破霧行
丙子之春徐忠洋"	/mnt/Suran_database/Users/thanhthanh_workspace/Project/NLP_K35/xlnntn_hp2_friend/data/mrDuc_data/Images/UzpfSTEwMDAwMjgwNzA5MDE0OTpWSzoyNjE0NDMxNTY2NTIxMDUzMw==_0.jpg
/images/UzpfSTEwMDAxNjg4Mjk5NjczMzpWSzoyNjEzMjc4Njc2MzAzMDA5MA==_0.jpg	0.783333	one_text_contains_the_other	以和為貴！	"以
和
為
貴
二〇一六"	/mnt/Suran_database/Users/thanhthanh_workspace/Project/NLP_K35/xlnntn_hp2_friend/data/mrDuc_data/Images/UzpfSTEwMDAxNjg4Mjk5NjczMzpWSzoyNjEzMjc4Njc2MzAzMDA5MA==_0.jpg
/images/UzpfSTEwMDAwMjgwNzA5MDE0OTpWSzoyNjEzMjk2MDMzOTY3OTM5OQ==_0.jpg	0.82514	high_directional_coverage	"謝公亭
唐-李白

謝亭離別處，風景每生愁。
客散青天月，山空碧水流。
池花春映日，窗竹夜鳴秋。
今古一相接，長歌懷舊遊。"	"謝公離別處
風景每生愁
客散青天月
山空碧水流
池花春映日
窗竹夜吟秋
今古一相接
長歌懷舊遊
唐李白詩謝公亭
丙子之春
錄昌洋"	/mnt/Suran_database/Users/thanhthanh_workspace/Project/NLP_K35/xlnntn_hp2_friend/data/mrDuc_data/Images/UzpfSTEwMDAwMjgwNzA5MDE0OTpWSzoyNjEzMjk2MDMzOTY3OTM5OQ==_0.jpg
/images/UzpfSTU0MjM2Mjc2MDpWSzoyNjEzMzE5ODI3Mjk4ODkzOQ==_2.jpg	0.876434	high_directional_coverage	"日常練習.詩一首(5)
羅浮山下四時春，盧橘楊梅次第新。
日啖荔枝三百顆，不辭長作嶺南人。
#蘇軾 《#惠州一絕 》

#練字養心 #隸書 #曹全碑 #日常練習"	"羅浮山下四時
春盧橘楊梅次
第新日啖荔枝
三百顆不辭長
但嶺南人
ericleung.space"	/mnt/Suran_database/Users/thanhthanh_workspace/Project/NLP_K35/xlnntn_hp2_friend/data/mrDuc_data/Images/UzpfSTU0MjM2Mjc2MDpWSzoyNjEzMzE5ODI3Mjk4ODkzOQ==_2.jpg
/images/UzpfSTU0MjM2Mjc2MDpWSzoyNjEzMzE5ODI3Mjk4ODkzOQ==_5.jpg	0.756878	high_directional_coverage	"日常練習.詩一首(5)
羅浮山下四時春，盧橘楊梅次第新。
日啖荔枝三百顆，不辭長作嶺南人。
#蘇軾 《#惠州一絕 》

#練字養心 #隸書 #曹全碑 #日常練習"	"羅
浮
山
下
四
時
春
盧
橘
楊
楳
次
第
新
日
啖
荔
三
百
顆
不"	/mnt/Suran_database/Users/thanhthanh_workspace/Project/NLP_K35/xlnntn_hp2_friend/data/mrDuc_data/Images/UzpfSTU0MjM2Mjc2MDpWSzoyNjEzMzE5ODI3Mjk4ODkzOQ==_5.jpg
/images/UzpfSTU0MjM2Mjc2MDpWSzoyNjEzMzE5ODI3Mjk4ODkzOQ==_1.jpg	0.915938	one_text_contains_the_other	"日常練習.詩一首(5)
羅浮山下四時春，盧橘楊梅次第新。
日啖荔枝三百顆，不辭長作嶺南人。
#蘇軾 《#惠州一絕 》

#練字養心 #隸書 #曹全碑 #日常練習"	"羅
浮
山
下
四
時
春
盧
橘
楊
梅
次
第
新
日
啖
荔
枝
三
百
顆
不
辭
長
作
嶺
南
人
ericleung.space"	/mnt/Suran_database/Users/thanhthanh_workspace/Project/NLP_K35/xlnntn_hp2_friend/data/mrDuc_data/Images/UzpfSTU0MjM2Mjc2MDpWSzoyNjEzMzE5ODI3Mjk4ODkzOQ==_1.jpg
/images/UzpfSTU0MjM2Mjc2MDpWSzoyNjEzMzE5ODI3Mjk4ODkzOQ==_0.jpg	0.836931	high_directional_coverage	"日常練習.詩一首(5)
羅浮山下四時春，盧橘楊梅次第新。
日啖荔枝三百顆，不辭長作嶺南人。
#蘇軾 《#惠州一絕 》

#練字養心 #隸書 #曹全碑 #日常練習"	"羅
浮
山
下
四
時
春
盧
橘
楊
梅
次
第
新
曰
啖
荔
枝
三
百
顆
不
辭
長
但
嶺
南
人
ericleung.space"	/mnt/Suran_database/Users/thanhthanh_workspace/Project/NLP_K35/xlnntn_hp2_friend/data/mrDuc_data/Images/UzpfSTU0MjM2Mjc2MDpWSzoyNjEzMzE5ODI3Mjk4ODkzOQ==_0.jpg
/images/UzpfSTU0MjM2Mjc2MDpWSzoyNjEzMzE5ODI3Mjk4ODkzOQ==_3.jpg	0.803241	high_directional_coverage	"日常練習.詩一首(5)
羅浮山下四時春，盧橘楊梅次第新。
日啖荔枝三百顆，不辭長作嶺南人。
#蘇軾 《#惠州一絕 》

#練字養心 #隸書 #曹全碑 #日常練習"	"羅
浮
山
下
四
時
春
盧
橘
楊
梅
次
第
新
日
啖
荔
三
百
顆
不
ericleung.space"	/mnt/Suran_database/Users/thanhthanh_workspace/Project/NLP_K35/xlnntn_hp2_friend/data/mrDuc_data/Images/UzpfSTU0MjM2Mjc2MDpWSzoyNjEzMzE5ODI3Mjk4ODkzOQ==_3.jpg
/images/UzpfSTU0MjM2Mjc2MDpWSzoyNjEzMzE5ODI3Mjk4ODkzOQ==_4.jpg	0.836931	high_directional_coverage	"日常練習.詩一首(5)
羅浮山下四時春，盧橘楊梅次第新。
日啖荔枝三百顆，不辭長作嶺南人。
#蘇軾 《#惠州一絕 》

#練字養心 #隸書 #曹全碑 #日常練習"	"羅
浮
山
下
四
時
春
盧
橘
楊
梅
次
苐
新
日
啖
荔
枝
三
百
顆
不
辞
長
作
嶺
南
人
ericleung.space"	/mnt/Suran_database/Users/thanhthanh_workspace/Project/NLP_K35/xlnntn_hp2_friend/data/mrDuc_data/Images/UzpfSTU0MjM2Mjc2MDpWSzoyNjEzMzE5ODI3Mjk4ODkzOQ==_4.jpg
/images/UzpfSTEwMDAwMzI4NDg3MDY0MDpWSzoyNjEyMDEwNjQ4MDk2NDc4NQ==_2.jpg	0.720217	combined_score_above_threshold	"空寂感十足的一首詩…

獨憐幽草澗邊生，
上有黃鸝深樹鳴。
春潮帶雨晚來急，
野渡無人舟自橫。
-韋應物 滁州西澗"	"獨憐幽草澗邊生上有黃鸝
深樹鳴春潮帶雨晚來急
野渡無人舟自橫
唐韋應物詩一首
丙午仲春於香江
栗煌"	/mnt/Suran_database/Users/thanhthanh_workspace/Project/NLP_K35/xlnntn_hp2_friend/data/mrDuc_data/Images/UzpfSTEwMDAwMzI4NDg3MDY0MDpWSzoyNjEyMDEwNjQ4MDk2NDc4NQ==_2.jpg
/images/UzpfSTEwMDAwMzI4NDg3MDY0MDpWSzoyNjEyMDEwNjQ4MDk2NDc4NQ==_0.jpg	0.737324	high_directional_coverage	"空寂感十足的一首詩…

獨憐幽草澗邊生，
上有黃鸝深樹鳴。
春潮帶雨晚來急，
野渡無人舟自橫。
-韋應物 滁州西澗"	"獨
憐
幽
草
澗
邊
生
上
有
黃
鸝
深
樹
鳴
春
潮
帶
爲
書
野
渡
無
人
舟
自
橫"	/mnt/Suran_database/Users/thanhthanh_workspace/Project/NLP_K35/xlnntn_hp2_friend/data/mrDuc_data/Images/UzpfSTEwMDAwMzI4NDg3MDY0MDpWSzoyNjEyMDEwNjQ4MDk2NDc4NQ==_0.jpg
/images/UzpfSTEwMDA2NzAyMzA4NDYwMDpWSzoyNjEzOTAxNTEwMjQwNzI1Ng==_0.jpg	0.373697	one_text_contains_the_other	"1150327 節錄「岳陽樓記」

#購置新小楷開鋒試筆"	"慶曆四年春滕子京
謫守巴陵郡越明年
政通人和百廢俱興
乃重修岳陽樓增其
舊制刻唐賢今人詩
賦於其上屬於作文
以記之
節錄岳陽樓記 丙午年春 爕王筆"	/mnt/Suran_database/Users/thanhthanh_workspace/Project/NLP_K35/xlnntn_hp2_friend/data/mrDuc_data/Images/UzpfSTEwMDA2NzAyMzA4NDYwMDpWSzoyNjEzOTAxNTEwMjQwNzI1Ng==_0.jpg
/images/UzpfSTEwMDAwMzI4NDg3MDY0MDpWSzoyNjEyMDEwNjQ4MDk2NDc4NQ==_3.jpg	0.717906	high_directional_coverage	"空寂感十足的一首詩…

獨憐幽草澗邊生，
上有黃鸝深樹鳴。
春潮帶雨晚來急，
野渡無人舟自橫。
-韋應物 滁州西澗"	"獨憐幽草澗邊生上有黃鸝
深樹鳴春潮帶雨晚來急
野渡無人舟自橫
庚子初冬
白石老人"	/mnt/Suran_database/Users/thanhthanh_workspace/Project/NLP_K35/xlnntn_hp2_friend/data/mrDuc_data/Images/UzpfSTEwMDAwMzI4NDg3MDY0MDpWSzoyNjEyMDEwNjQ4MDk2NDc4NQ==_3.jpg
/images/UzpfSTEwMDAyNDE2MDk1ODcyMzpWSzoyNjEzMjIxODQ5NjQyMDI1MA==_0.jpg	0.696477	combined_score_above_threshold	王維 終南別業詩句 行到水窮處 坐看雲起時	"行到水窮處
坐看雲起時
王維終南別業詩句
葉君書"	/mnt/Suran_database/Users/thanhthanh_workspace/Project/NLP_K35/xlnntn_hp2_friend/data/mrDuc_data/Images/UzpfSTEwMDAyNDE2MDk1ODcyMzpWSzoyNjEzMjIxODQ5NjQyMDI1MA==_0.jpg
/images/UzpfSTEwMDAwMzI4NDg3MDY0MDpWSzoyNjEyMDEwNjQ4MDk2NDc4NQ==_1.jpg	0.714814	high_directional_coverage	"空寂感十足的一首詩…

獨憐幽草澗邊生，
上有黃鸝深樹鳴。
春潮帶雨晚來急，
野渡無人舟自橫。
-韋應物 滁州西澗"	"獨憐幽草澗邊生上有黃鸝
深樹鳴春潮帶雨晚來急
野渡無人舟自橫
庚子初冬
西平胡崇道書"	/mnt/Suran_database/Users/thanhthanh_workspace/Project/NLP_K35/xlnntn_hp2_friend/data/mrDuc_data/Images/UzpfSTEwMDAwMzI4NDg3MDY0MDpWSzoyNjEyMDEwNjQ4MDk2NDc4NQ==_1.jpg
/images/UzpfSTEwMDAwMzI4NDg3MDY0MDpWSzoyNjEyMDEwNjQ4MDk2NDc4NQ==_4.jpg	0.747118	high_directional_coverage	"空寂感十足的一首詩…

獨憐幽草澗邊生，
上有黃鸝深樹鳴。
春潮帶雨晚來急，
野渡無人舟自橫。
-韋應物 滁州西澗"	"獨憐幽草澗邊生
上有黃鸝
深樹鳴
春潮帶
雨晚來急
野渡無人
舟自橫
唐韋應物詩
丙子秋月雪健書"	/mnt/Suran_database/Users/thanhthanh_workspace/Project/NLP_K35/xlnntn_hp2_friend/data/mrDuc_data/Images/UzpfSTEwMDAwMzI4NDg3MDY0MDpWSzoyNjEyMDEwNjQ4MDk2NDc4NQ==_4.jpg
/images/UzpfSTEwMDAwMDM2OTIxMDcyNTpWSzoyNjEyMjE0NjY3NzQyNzQzMg==_0.jpg	0.639113	high_directional_coverage	斷石磨確校漢隸，高秋屈曲誦楚辭。今天的練習01	"斷
石
礳
碙
校
漢
隸
高
穟
屈
曲
誦
楚
辭
丙午冬月
葉喆民"	/mnt/Suran_database/Users/thanhthanh_workspace/Project/NLP_K35/xlnntn_hp2_friend/data/mrDuc_data/Images/UzpfSTEwMDAwMDM2OTIxMDcyNTpWSzoyNjEyMjE0NjY3NzQyNzQzMg==_0.jpg
/images/UzpfSTEwMDAwMzUzNjA0MTQ0NzpWSzoyNjExNDYyOTk4MTUxMjQzNQ==_0.jpg	0.828979	high_directional_coverage	"#感謝書友欣賞

行草 蘇軾 題西林壁🙏☕😎

橫看成嶺側成峰
遠近高低各不同
不識廬山真面目
只緣身在此山中"	"橫看成嶺側成峰
遠近高低各不同
不識廬山真面目
只緣身在此山中
蘇軾題西林壁己丑冬錄"	/mnt/Suran_database/Users/thanhthanh_workspace/Project/NLP_K35/xlnntn_hp2_friend/data/mrDuc_data/Images/UzpfSTEwMDAwMzUzNjA0MTQ0NzpWSzoyNjExNDYyOTk4MTUxMjQzNQ==_0.jpg
/images/UzpfSTEwMDAwMDM2NjMwMzY2NTpWSzoyNjEyNjIxOTA2MDM1MzUyNw==_0.jpg	0.631869	combined_score_above_threshold	"2026-03-27週五
琵琶行 白居易 
07
嘈嘈切切錯雜彈，
大珠小珠落玉盤。
間關鶯語花底滑，
幽咽泉流冰下難。"	"嘈々切々錯雜彈
大珠小珠落玉盤
间关莺语花底滑
幽咽泉流冰下难
琵琶行白居易
丙午岁
沈鹏书"	/mnt/Suran_database/Users/thanhthanh_workspace/Project/NLP_K35/xlnntn_hp2_friend/data/mrDuc_data/Images/UzpfSTEwMDAwMDM2NjMwMzY2NTpWSzoyNjEyNjIxOTA2MDM1MzUyNw==_0.jpg
/images/UzpfSTU0MjM2Mjc2MDpWSzoyNjA4NjQ2Nzg4MDk5NTMxMg==_0.jpg	0.753108	high_directional_coverage	"日常練習，詩一首（2）

花開不并百花叢，獨立疏籬趣未窮。
寧可枝頭抱香死，何曾吹落北風中。
#鄭思肖《#寒菊》

字是真寫，圖是AI+app

#練字養心  #隸書  #曹全碑  #日常練習"	"蒼
開
不
並
百
華
叢
獨
立
疏
籬
趣
未
窮
寧
可
枝
頭
抱
香
死
何
曾
吹
落
北
風
中
ericleung.space"	/mnt/Suran_database/Users/thanhthanh_workspace/Project/NLP_K35/xlnntn_hp2_friend/data/mrDuc_data/Images/UzpfSTU0MjM2Mjc2MDpWSzoyNjA4NjQ2Nzg4MDk5NTMxMg==_0.jpg
/images/UzpfSTEwMDAwMDAyOTcyMDEwOTpWSzoyNjEyMDgzMjE4NzU1ODg4MQ==_0.jpg	0.919249	high_directional_coverage	"問世間情為何物，直教生死相許？
天南地北雙飛客，老翅幾回寒暑。

歡樂趣，離別苦，就中更有癡兒女。

君應有語，渺萬里層雲，千山暮雪，隻影向誰去？

橫汾路，寂寞當年簫鼓，荒煙依舊平楚。

招魂楚些何嗟及，山鬼暗啼風雨。

天也妒，未信歟，鶯兒燕子俱黃土。

千秋萬古，為留待騷人，狂歌痛飲，來訪雁丘處。"	"問世間情為
何物直教生死
相許天南地北
雙飛客老翅
幾回寒暑
歡樂趣離別苦
就中更有癡
兒女君應有語
渺萬里層雲
千山暮雪隻影
向誰去
橫汾路寂寞
當年簫鼓
荒煙依舊平
楚招魂楚些
何嗟及山鬼自
啼風雨
天也妒未信
鶯兒燕子但
黃土千秋萬古
為留待騷人
狂歌痛飲
來訪雁丘處
元好問摸魚兒
雁丘辭
歲次乙巳夏月
倚碧軒"	/mnt/Suran_database/Users/thanhthanh_workspace/Project/NLP_K35/xlnntn_hp2_friend/data/mrDuc_data/Images/UzpfSTEwMDAwMDAyOTcyMDEwOTpWSzoyNjEyMDgzMjE4NzU1ODg4MQ==_0.jpg
/images/UzpfSTU0MjM2Mjc2MDpWSzoyNjA4NjQ2Nzg4MDk5NTMxMg==_3.jpg	0.783949	high_directional_coverage	"日常練習，詩一首（2）

花開不并百花叢，獨立疏籬趣未窮。
寧可枝頭抱香死，何曾吹落北風中。
#鄭思肖《#寒菊》

字是真寫，圖是AI+app

#練字養心  #隸書  #曹全碑  #日常練習"	"花
开
不
并
百
华
叢
獨
立
疏
籬
趣
未
窮
寧
可
枝
頭
抱
香
死
何
曾
吹
落
北
風
中
ericleung.space"	/mnt/Suran_database/Users/thanhthanh_workspace/Project/NLP_K35/xlnntn_hp2_friend/data/mrDuc_data/Images/UzpfSTU0MjM2Mjc2MDpWSzoyNjA4NjQ2Nzg4MDk5NTMxMg==_3.jpg
/images/UzpfSTU0MjM2Mjc2MDpWSzoyNjA4NjQ2Nzg4MDk5NTMxMg==_2.jpg	0.783949	high_directional_coverage	"日常練習，詩一首（2）

花開不并百花叢，獨立疏籬趣未窮。
寧可枝頭抱香死，何曾吹落北風中。
#鄭思肖《#寒菊》

字是真寫，圖是AI+app

#練字養心  #隸書  #曹全碑  #日常練習"	"花开不并百华
叢獨立疏籬趣
未窮寧可枝頭
抱香死何曾吹
落北風中
ericleung.space"	/mnt/Suran_database/Users/thanhthanh_workspace/Project/NLP_K35/xlnntn_hp2_friend/data/mrDuc_data/Images/UzpfSTU0MjM2Mjc2MDpWSzoyNjA4NjQ2Nzg4MDk5NTMxMg==_2.jpg
/images/UzpfSTU0MjM2Mjc2MDpWSzoyNjEyMTg5MzcyNDExOTM5NA==_2.jpg	0.836931	high_directional_coverage	"日常練習，詩一首（4）
曾經滄海難爲水，除卻巫山不是雲。
取次花叢懶回顧，半緣修道半緣君。
#元稹 #離詩
 
#練字養心 #隸書 #曹全碑 #日常練習"	"曾
經
滄
海
難
為
水
除
却
巫
山
不
是
雲
取
次
花
叢
懶
回
顧
半
緣
修
道
半
緣
君
ericleung.space"	/mnt/Suran_database/Users/thanhthanh_workspace/Project/NLP_K35/xlnntn_hp2_friend/data/mrDuc_data/Images/UzpfSTU0MjM2Mjc2MDpWSzoyNjEyMTg5MzcyNDExOTM5NA==_2.jpg
/images/UzpfSTU0MjM2Mjc2MDpWSzoyNjEyMTg5MzcyNDExOTM5NA==_3.jpg	0.797427	high_directional_coverage	"日常練習，詩一首（4）
曾經滄海難爲水，除卻巫山不是雲。
取次花叢懶回顧，半緣修道半緣君。
#元稹 #離詩
 
#練字養心 #隸書 #曹全碑 #日常練習"	"曾
經
滄
海
難
為
水
除
却
巫
山
不
是
雲
取
次
花
叢
懶
回
顧
半
緣
脩
道
半
緣
君"	/mnt/Suran_database/Users/thanhthanh_workspace/Project/NLP_K35/xlnntn_hp2_friend/data/mrDuc_data/Images/UzpfSTU0MjM2Mjc2MDpWSzoyNjEyMTg5MzcyNDExOTM5NA==_3.jpg
/images/UzpfSTU0MjM2Mjc2MDpWSzoyNjEyMTg5MzcyNDExOTM5NA==_0.jpg	0.797427	high_directional_coverage	"日常練習，詩一首（4）
曾經滄海難爲水，除卻巫山不是雲。
取次花叢懶回顧，半緣修道半緣君。
#元稹 #離詩
 
#練字養心 #隸書 #曹全碑 #日常練習"	"曾
經
滄
海
難
爲
水
除
却
巫
山
不
是
雲
取
次
花
叢
嬾
回
顧
半
緣
脩
道
半
緣
君
ericleung.space"	/mnt/Suran_database/Users/thanhthanh_workspace/Project/NLP_K35/xlnntn_hp2_friend/data/mrDuc_data/Images/UzpfSTU0MjM2Mjc2MDpWSzoyNjEyMTg5MzcyNDExOTM5NA==_0.jpg
/images/UzpfSTU0MjM2Mjc2MDpWSzoyNjEyMTg5MzcyNDExOTM5NA==_1.jpg	0.724977	high_directional_coverage	"日常練習，詩一首（4）
曾經滄海難爲水，除卻巫山不是雲。
取次花叢懶回顧，半緣修道半緣君。
#元稹 #離詩
 
#練字養心 #隸書 #曹全碑 #日常練習"	"曾
經
滄
海
難
為
水
除
却
巫
山
不
是
雲
取
次
花
藂
嬾
回
顧
半
緣
脩
道
半
緣
君
ericleung.space"	/mnt/Suran_database/Users/thanhthanh_workspace/Project/NLP_K35/xlnntn_hp2_friend/data/mrDuc_data/Images/UzpfSTU0MjM2Mjc2MDpWSzoyNjEyMTg5MzcyNDExOTM5NA==_1.jpg
/images/UzpfSTEwMDAwMDM2OTIxMDcyNTpWSzoyNjEyMjE1MzYwNDA5MzQwNg==_0.jpg	0.685033	high_directional_coverage	禁煙卻釀春愁。正系馬、清淮渡頭。後日清明催疊鼓，應在揚州。歸時元已臨流。要綺陌、芳郊恣游。三月羈懷當一洗，莫放觥籌。今天的練習03	"禁煙却聽青驄嘶繫馬清淮渡口時
清明催疊鼓應在揚州歸時兀兀臨流
要綺陌芳郊恣遊三月羈懷當一洗莫
放觥籌
宋葛立方書于揚州丙午春"	/mnt/Suran_database/Users/thanhthanh_workspace/Project/NLP_K35/xlnntn_hp2_friend/data/mrDuc_data/Images/UzpfSTEwMDAwMDM2OTIxMDcyNTpWSzoyNjEyMjE1MzYwNDA5MzQwNg==_0.jpg
/images/UzpfSTEwMDAwMDM2OTIxMDcyNTpWSzoyNjEwMDE0NjA3NjI5NDE1OQ==_0.jpg	0.912088	high_directional_coverage	未免初禪卻花影，始知小驛是楓香。今天的練習0	"未免初禪却花影
始知小驛是楓香"	/mnt/Suran_database/Users/thanhthanh_workspace/Project/NLP_K35/xlnntn_hp2_friend/data/mrDuc_data/Images/UzpfSTEwMDAwMDM2OTIxMDcyNTpWSzoyNjEwMDE0NjA3NjI5NDE1OQ==_0.jpg
/images/UzpfSTU0MjM2Mjc2MDpWSzoyNjA4NjQ2Nzg4MDk5NTMxMg==_1.jpg	0.783949	high_directional_coverage	"日常練習，詩一首（2）

花開不并百花叢，獨立疏籬趣未窮。
寧可枝頭抱香死，何曾吹落北風中。
#鄭思肖《#寒菊》

字是真寫，圖是AI+app

#練字養心  #隸書  #曹全碑  #日常練習"	"花
開
不
並
百
華
叢
獨
立
疏
籬
趣
未
窮
寧
可
枝
頭
抱
香
死
何
曾
吹
落
北
風
中
ericleung.space"	/mnt/Suran_database/Users/thanhthanh_workspace/Project/NLP_K35/xlnntn_hp2_friend/data/mrDuc_data/Images/UzpfSTU0MjM2Mjc2MDpWSzoyNjA4NjQ2Nzg4MDk5NTMxMg==_1.jpg
/images/UzpfSTEwMDAwMDM2OTIxMDcyNTpWSzoyNjExMDc1NjY3ODU2NjQzMg==_0.jpg	0.695968	high_directional_coverage	路入南中，桄榔葉暗蓼花紅。兩岸人家微雨後，收紅豆，樹(錯寫成葉)底纖纖擡素手。今天的練習03	"路入南中桄榔葉暗蓼花紅
兩岸人家微雨後收紅豆葉底
纎々擣素手
五代詞人歐陽炯南鄉子丙子之書"	/mnt/Suran_database/Users/thanhthanh_workspace/Project/NLP_K35/xlnntn_hp2_friend/data/mrDuc_data/Images/UzpfSTEwMDAwMDM2OTIxMDcyNTpWSzoyNjExMDc1NjY3ODU2NjQzMg==_0.jpg
/images/UzpfSTEwMDAwMDM2OTIxMDcyNTpWSzoyNjEwMDE1NzMzNjI5MzAzMw==_0.jpg	0.893349	high_directional_coverage	河橋柳，佔芳春，映水含煙拂路。幾回攀折贈行人，暗傷神。 樂府吹爲橫笛曲，能使離腸斷續。不如移植在金門，近天恩。今天的練習03	"河橋柳佔芳春映水含煙拂路幾回
攀折贈行人暗傷神樂府吹為橫
笛曲能使離腸斷續不如移植在金門
近天恩
唐毛文錫柳含煙
丙午之春"	/mnt/Suran_database/Users/thanhthanh_workspace/Project/NLP_K35/xlnntn_hp2_friend/data/mrDuc_data/Images/UzpfSTEwMDAwMDM2OTIxMDcyNTpWSzoyNjEwMDE1NzMzNjI5MzAzMw==_0.jpg
/images/UzpfSTEwMDAwMjgwNzA5MDE0OTpWSzoyNjExMDE0NzQ0ODYyNzM1NQ==_0.jpg	0.847576	one_text_contains_the_other	"日暮酒醒人已遠
滿天風雨下西樓"	"日暮酒醒人已遠
滿天風雨下西樓
丙子之春律志洋"	/mnt/Suran_database/Users/thanhthanh_workspace/Project/NLP_K35/xlnntn_hp2_friend/data/mrDuc_data/Images/UzpfSTEwMDAwMjgwNzA5MDE0OTpWSzoyNjExMDE0NzQ0ODYyNzM1NQ==_0.jpg
/images/UzpfSTEwMDAwMzUzNjA0MTQ0NzpWSzoyNjEwMzY0ODgzMjYxMDU1MA==_0.jpg	0.69343	combined_score_above_threshold	"#感謝書友欣賞

行草 祖詠 終南望餘雪🙏☕😎

終南陰嶺秀 積雪浮雲端
林表明霽色 城中添暮寒"	"終
南
陰
嶺
秀
積
雪
浮
雲
端
林
表
明
霽
色
城
中
增
暮
寒
祖
詠
終
南
望
餘
雪
岁
次
己
丑
初
春
绍
魏"	/mnt/Suran_database/Users/thanhthanh_workspace/Project/NLP_K35/xlnntn_hp2_friend/data/mrDuc_data/Images/UzpfSTEwMDAwMzUzNjA0MTQ0NzpWSzoyNjEwMzY0ODgzMjYxMDU1MA==_0.jpg
/images/UzpfSTEwMDAwMDM2OTIxMDcyNTpWSzoyNjExMDc0OTk2NTIzMzc3MA==_0.jpg	1.0	one_text_contains_the_other	曲徑通幽。今天的練習02	"曲
徑
通
幽"	/mnt/Suran_database/Users/thanhthanh_workspace/Project/NLP_K35/xlnntn_hp2_friend/data/mrDuc_data/Images/UzpfSTEwMDAwMDM2OTIxMDcyNTpWSzoyNjExMDc0OTk2NTIzMzc3MA==_0.jpg
/images/UzpfSTEwMDAwMDM2NjMwMzY2NTpWSzoyNjEwNDE4NDk2NTg5MDI3MA==_0.jpg	0.715885	combined_score_above_threshold	"2026-03-25週三
琵琶行 白居易 
06
輕攏慢捻抹復挑，
初爲《霓裳》後《六幺》。
大弦嘈嘈如急雨，
小弦切切如私語。"	"輕攏慢撚抹復挑、
初為霓裳後六幺、
大弦嘈々如急雨、
小弦切々如私語、
琵琶行白居易
丙子春
啓書"	/mnt/Suran_database/Users/thanhthanh_workspace/Project/NLP_K35/xlnntn_hp2_friend/data/mrDuc_data/Images/UzpfSTEwMDAwMDM2NjMwMzY2NTpWSzoyNjEwNDE4NDk2NTg5MDI3MA==_0.jpg
/images/UzpfSTU0MjM2Mjc2MDpWSzoyNjA5ODMyMDAzOTgxMDA5Ng==_2.jpg	0.836931	high_directional_coverage	"日常練習，詩一首（3）
別夢依依到謝家，小廊回合曲闌斜。
多情只有春庭月，猶爲離人照落花。
#張泌 《#寄人》
 
#練字養心 #隸書 #曹全碑 #日常練習"	"別夢依依到謝
家小廊迴合曲
闌斜多情祇有
春庭月猶爲離
人照落花
ericleung.space"	/mnt/Suran_database/Users/thanhthanh_workspace/Project/NLP_K35/xlnntn_hp2_friend/data/mrDuc_data/Images/UzpfSTU0MjM2Mjc2MDpWSzoyNjA5ODMyMDAzOTgxMDA5Ng==_2.jpg
/images/UzpfSTU0MjM2Mjc2MDpWSzoyNjA5ODMyMDAzOTgxMDA5Ng==_1.jpg	0.843488	high_directional_coverage	"日常練習，詩一首（3）
別夢依依到謝家，小廊回合曲闌斜。
多情只有春庭月，猶爲離人照落花。
#張泌 《#寄人》
 
#練字養心 #隸書 #曹全碑 #日常練習"	"別夢依依到謝
家小廊回合曲
闌斜多情祇有
春庭月猶爲離
人照落華
ericleung.space"	/mnt/Suran_database/Users/thanhthanh_workspace/Project/NLP_K35/xlnntn_hp2_friend/data/mrDuc_data/Images/UzpfSTU0MjM2Mjc2MDpWSzoyNjA5ODMyMDAzOTgxMDA5Ng==_1.jpg
/images/UzpfSTU0MjM2Mjc2MDpWSzoyNjA5ODMyMDAzOTgxMDA5Ng==_0.jpg	0.764481	high_directional_coverage	"日常練習，詩一首（3）
別夢依依到謝家，小廊回合曲闌斜。
多情只有春庭月，猶爲離人照落花。
#張泌 《#寄人》
 
#練字養心 #隸書 #曹全碑 #日常練習"	"別
夢
依
依
對
謝
家
小
廊
迴
合
曲
闌
斜
多
情
祇
有
春
庭
月
猶
爲
離
人
照
落
華
ericleung.space"	/mnt/Suran_database/Users/thanhthanh_workspace/Project/NLP_K35/xlnntn_hp2_friend/data/mrDuc_data/Images/UzpfSTU0MjM2Mjc2MDpWSzoyNjA5ODMyMDAzOTgxMDA5Ng==_0.jpg
/images/UzpfSTY3MTc0OTU2NDpWSzoyNjA5NzQxMTc3OTkwMDkyMg==_0.jpg	0.601201	high_directional_coverage	"#吳大澂 #篆書作品 #左宗棠 #天山扶欄銘 #不僅書法

吳大澂篆書作品/清 左宗棠《天山扶欄銘》
************************************************
天山三十有二般，伐石貫木樹扶欄，
誰其化險貽之安，嵩武上將唯桓桓，
利有攸往萬口歡，恪靖銘石字龍蟠，
戒毋折損毋鑽刓。
光緒二年六月刊"	"天山三十二般伐石貫木樹
扶欄誰其化險貽之安嵩武
上將唯桓桓利有攸往萬口歡恪靖
天山三十二般，伐石貫木樹
扶欄，誰其化險貽之安，嵩武上
將唯桓桓，利有攸往萬口歡，恪靖
銘石字龍蟠戒毋折損毋鑽刊
容牆二字亦曰形
湘陰相國寄示近作天山扶欄碑銘古雅可誦書奉
朗齋仁兄大人正之
清卿弟吳大澂
銘石字龍蟠，戒毋折損毋鑽刊。
光緒二年六月刊"	/mnt/Suran_database/Users/thanhthanh_workspace/Project/NLP_K35/xlnntn_hp2_friend/data/mrDuc_data/Images/UzpfSTY3MTc0OTU2NDpWSzoyNjA5NzQxMTc3OTkwMDkyMg==_0.jpg
/images/UzpfSTEwMDAwMDM2OTIxMDcyNTpWSzoyNjA2OTA5NTI0NjA2NTkwOQ==_0.jpg	1.0	one_text_contains_the_other	寧靜致遠。今天的練習02	"寧
靜
致
遠"	/mnt/Suran_database/Users/thanhthanh_workspace/Project/NLP_K35/xlnntn_hp2_friend/data/mrDuc_data/Images/UzpfSTEwMDAwMDM2OTIxMDcyNTpWSzoyNjA2OTA5NTI0NjA2NTkwOQ==_0.jpg
/images/UzpfSTEwMDAwNjk5OTg0Mzk5MjpWSzoyNjA5MzgwMTA0NjkyODY2Mg==_0.jpg	0.683567	high_directional_coverage	"書友早安舒心😃
書友早安舒心😃
習字塗鴉分享🙏_
《金縷衣》
作者：杜秋娘
勸君莫惜金縷衣，勸君惜取少年時。
花開堪折直須折，莫待無花空折枝。
✍️於:烘爐茶壺"	"勸君莫惜金縷衣勸君
惜取少年時花開堪折
直須折莫待無花空
折枝
杜秋娘金縷衣詩意"	/mnt/Suran_database/Users/thanhthanh_workspace/Project/NLP_K35/xlnntn_hp2_friend/data/mrDuc_data/Images/UzpfSTEwMDAwNjk5OTg0Mzk5MjpWSzoyNjA5MzgwMTA0NjkyODY2Mg==_0.jpg
/images/UzpfSTEwMDAwNjk5OTg0Mzk5MjpWSzoyNjA5MzgwMTA0NjkyODY2Mg==_2.jpg	0.662388	high_directional_coverage	"書友早安舒心😃
書友早安舒心😃
習字塗鴉分享🙏_
《金縷衣》
作者：杜秋娘
勸君莫惜金縷衣，勸君惜取少年時。
花開堪折直須折，莫待無花空折枝。
✍️於:烘爐茶壺"	"勸
君
莫
惜
金
縷
衣
勸
君
須
惜
少
年
時
花
開
堪
折
直
須
折
莫
待
無
花
空
折
枝
壬寅秋"	/mnt/Suran_database/Users/thanhthanh_workspace/Project/NLP_K35/xlnntn_hp2_friend/data/mrDuc_data/Images/UzpfSTEwMDAwNjk5OTg0Mzk5MjpWSzoyNjA5MzgwMTA0NjkyODY2Mg==_2.jpg
/images/UzpfSTEwMDAwMDM2OTIxMDcyNTpWSzoyNjA4OTY4MDEzMDY3NDA4Nw==_0.jpg	0.848824	one_text_contains_the_other	行盡江南數十程，曉風殘月入華清。 朝元閣上西風急，都入長楊作雨聲。今天的練習0１	"行盡江南數十程曉風殘月入華清朝元閣上西風急
都入長楊作雨聲
宋杜常詩詠華清宮丙午之春葉吉"	/mnt/Suran_database/Users/thanhthanh_workspace/Project/NLP_K35/xlnntn_hp2_friend/data/mrDuc_data/Images/UzpfSTEwMDAwMDM2OTIxMDcyNTpWSzoyNjA4OTY4MDEzMDY3NDA4Nw==_0.jpg
/images/UzpfSTEwMDAwNjk5OTg0Mzk5MjpWSzoyNjA5MzgwMTA0NjkyODY2Mg==_1.jpg	0.731082	one_text_contains_the_other	"書友早安舒心😃
書友早安舒心😃
習字塗鴉分享🙏_
《金縷衣》
作者：杜秋娘
勸君莫惜金縷衣，勸君惜取少年時。
花開堪折直須折，莫待無花空折枝。
✍️於:烘爐茶壺"	"勸君莫惜金縷衣
勸君惜取少年時
花開堪折直須折
莫待
無花空折枝"	/mnt/Suran_database/Users/thanhthanh_workspace/Project/NLP_K35/xlnntn_hp2_friend/data/mrDuc_data/Images/UzpfSTEwMDAwNjk5OTg0Mzk5MjpWSzoyNjA5MzgwMTA0NjkyODY2Mg==_1.jpg
/images/UzpfSTEwMDAwMDM2OTIxMDcyNTpWSzoyNjA4OTY4MjMyNzM0MDUzNA==_0.jpg	1.0	one_text_contains_the_other	大智若愚。今天的練習02	"大
智
若
愚"	/mnt/Suran_database/Users/thanhthanh_workspace/Project/NLP_K35/xlnntn_hp2_friend/data/mrDuc_data/Images/UzpfSTEwMDAwMDM2OTIxMDcyNTpWSzoyNjA4OTY4MjMyNzM0MDUzNA==_0.jpg
/images/UzpfSTEwMDAwMzI4NDg3MDY0MDpWSzoyNjA4Njc5MTgwNzYyOTU4Ng==_0.jpg	0.640507	high_directional_coverage	"「春夜洛城聞笛」是李白一首講「遠情」與「聲、風、折柳」流動感的意境結合的鄉愁詩…
誰家玉笛暗飛聲

散入春風滿洛城

此夜曲中聞折柳

何人不起故園情

-  李白 春夜洛城聞笛"	"誰
家
玉
笛
暗
飛
聲
散
入
春
風
滿
洛
城
此
夜
曲
聞
折
柳
何
人
不
起
故
園
情
李白詩
丙申年春
宋皇"	/mnt/Suran_database/Users/thanhthanh_workspace/Project/NLP_K35/xlnntn_hp2_friend/data/mrDuc_data/Images/UzpfSTEwMDAwMzI4NDg3MDY0MDpWSzoyNjA4Njc5MTgwNzYyOTU4Ng==_0.jpg
/images/UzpfSTEwMDAwMDM2OTIxMDcyNTpWSzoyNjA4OTY4NDUxMDY3MzY0OQ==_0.jpg	0.662821	high_directional_coverage	醉痕深暈潮紅。睡初濃。寒食來時池館，舊東風。銀燭換。月西轉。夢魂中。明日春和人去，繡屏空。今天的練習03	"醉花深暈潮紅睡初濃宮人念本事
池館憑東風銀燭換月西斜夢魂中
昨日春和人去繡屏空
宋人吴文英相見歡
丙午之春"	/mnt/Suran_database/Users/thanhthanh_workspace/Project/NLP_K35/xlnntn_hp2_friend/data/mrDuc_data/Images/UzpfSTEwMDAwMDM2OTIxMDcyNTpWSzoyNjA4OTY4NDUxMDY3MzY0OQ==_0.jpg
/images/UzpfSTEwMDAyNDk4OTEwMzQxMDpWSzoyNjA3ODQxODMwMTgwMDI3MA==_0.jpg	0.823077	one_text_contains_the_other	天地有正氣 ,雜然賦流形。	"天
地
有
正
氣
雜
然
賦
流
形
丙
子
春
月
生
照"	/mnt/Suran_database/Users/thanhthanh_workspace/Project/NLP_K35/xlnntn_hp2_friend/data/mrDuc_data/Images/UzpfSTEwMDAyNDk4OTEwMzQxMDpWSzoyNjA3ODQxODMwMTgwMDI3MA==_0.jpg
/images/UzpfSTEwMDAwMDM2NjMwMzY2NTpWSzoyNjA4MzM5MjUzNDYzNjE4MA==_0.jpg	0.677262	combined_score_above_threshold	"2026-03-23週一
琵琶行 白居易 
05
弦弦掩抑聲聲思，
似訴平生不得志。
低眉信手續續彈，
說盡心中無限事。"	"弦々掩抑聲々思、
以訴平生不得志、
低眉信手續々彈、
說尽心中無限事、
琵琶行句居易丙午老煥書"	/mnt/Suran_database/Users/thanhthanh_workspace/Project/NLP_K35/xlnntn_hp2_friend/data/mrDuc_data/Images/UzpfSTEwMDAwMDM2NjMwMzY2NTpWSzoyNjA4MzM5MjUzNDYzNjE4MA==_0.jpg
/images/UzpfSTEwMDAwMzUzNjA0MTQ0NzpWSzoyNjA1MDE2ODYxNzk1ODU3Mg==_0.jpg	0.608562	combined_score_above_threshold	"#感謝書友欣賞

行草 李白 望廬山瀑布🙏☕😎

日照香爐生紫煙
遙看瀑布掛前川
飛流直下三千尺
疑是銀河落九天"	"日照香炉生紫烟
遥看瀑布挂前川
飞流直下三千尺
疑是银河落九天
李白望庐山瀑布己巳冬何绍"	/mnt/Suran_database/Users/thanhthanh_workspace/Project/NLP_K35/xlnntn_hp2_friend/data/mrDuc_data/Images/UzpfSTEwMDAwMzUzNjA0MTQ0NzpWSzoyNjA1MDE2ODYxNzk1ODU3Mg==_0.jpg
/images/UzpfSTEwMDAwMDE4MjQyNTQyMjpWSzoyNjA3NjcyMDgxNTMwMzM1Mg==_0.jpg	0.845578	high_directional_coverage	"靜默【馬年迎新】
時迎丙午待何求？伏驥於今志不休。
逐日身期方外去，凌霜氣向此中留 。
四蹄掠影征千里，雙耳裁風踏九洲。
莫信人間終悔誤，更思策馬報嘉猷。"	"時迎丙午待何求伏驥於今志不休
逐日身期方外去凌霜氣向此中留
四蹄掠影征千里雙耳裁風踏九州
莫信人間多悔誤更思策馬報嘉猷
丙申年仲春於新北寓齋
靜照"	/mnt/Suran_database/Users/thanhthanh_workspace/Project/NLP_K35/xlnntn_hp2_friend/data/mrDuc_data/Images/UzpfSTEwMDAwMDE4MjQyNTQyMjpWSzoyNjA3NjcyMDgxNTMwMzM1Mg==_0.jpg
/images/UzpfSTEwMDAwMDAyOTcyMDEwOTpWSzoyNjA3OTY2MTA0NTAwOTMyOQ==_2.jpg	0.592506	high_directional_coverage	"長江雨霽見前山，
老樹如雲蒼莽間。

景物壯年曾歷過，

白頭奔走未知還。"	"長江雨霽見前山秀樹如雲蒼
莽間景物壯麗曾歷過白沙奔
走來忽逢
宋黃庭堅山水題畫詩一首
丙申年仲春蕭良材書於臨汀客寓"	/mnt/Suran_database/Users/thanhthanh_workspace/Project/NLP_K35/xlnntn_hp2_friend/data/mrDuc_data/Images/UzpfSTEwMDAwMDAyOTcyMDEwOTpWSzoyNjA3OTY2MTA0NTAwOTMyOQ==_2.jpg
/images/UzpfSTEwMDAwNzI5MzE4NTg0MTpWSzoyNjA5NDgyMDc0NjgyNjY5Mg==_0.jpg	0.724075	high_directional_coverage	"草鋪橫野六七里，笛弄晚風三四聲。
歸來飽飯黃昏後，不脫蓑衣臥月明。唐/呂岩/牧童"	"草
鋪
橫
野
六
七
里
歸
來
飽
飯
黃
昏
後
不
脫
蓑
衣
淸坪"	/mnt/Suran_database/Users/thanhthanh_workspace/Project/NLP_K35/xlnntn_hp2_friend/data/mrDuc_data/Images/UzpfSTEwMDAwNzI5MzE4NTg0MTpWSzoyNjA5NDgyMDc0NjgyNjY5Mg==_0.jpg
/images/UzpfSTEwMDAwNTM3OTI0MjE1MDpWSzoyNjA3NTcxMTk2NTQwNDIzNw==_0.jpg	0.752346	combined_score_above_threshold	"范仲淹      岳陽樓記句
登斯樓也  則有心曠神怡

寵辱俱忘  把酒臨風       

其喜洋洋者矣"	"登斯樓也則有心曠神怡寵辱
俱忘把酒臨風其喜洋、者矣
丙午春錄范仲淹岳陽樓記句玄山呂炳昊"	/mnt/Suran_database/Users/thanhthanh_workspace/Project/NLP_K35/xlnntn_hp2_friend/data/mrDuc_data/Images/UzpfSTEwMDAwNTM3OTI0MjE1MDpWSzoyNjA3NTcxMTk2NTQwNDIzNw==_0.jpg
/images/UzpfSTEwMDAwMzI4NDg3MDY0MDpWSzoyNjA2NzI3MzIwMjkxNDc4MA==_3.jpg	0.760625	high_directional_coverage	"用「偷閒學少年」的心態，過著下半場「雲淡風輕」的歲月...

雲淡風輕近午天，
傍花隨柳過前川。
時人不識余心樂，
將謂偷閒學少年。
- 程顥 春日偶成

AI 生成背景效果"	"雲淡風輕近午天傍花隨柳
過前川時人不識余心樂將謂
偷閒學少年
程顥春日偶成丙申"	/mnt/Suran_database/Users/thanhthanh_workspace/Project/NLP_K35/xlnntn_hp2_friend/data/mrDuc_data/Images/UzpfSTEwMDAwMzI4NDg3MDY0MDpWSzoyNjA2NzI3MzIwMjkxNDc4MA==_3.jpg
/images/UzpfSTEwMDAwMDM2OTIxMDcyNTpWSzoyNjA3OTI3OTk1ODM4MDc3MQ==_0.jpg	0.648889	combined_score_above_threshold	風來花自舞，春入鳥能言。今天的練習01	"風
來
華
自
舞
書
人
鳥
能
言"	/mnt/Suran_database/Users/thanhthanh_workspace/Project/NLP_K35/xlnntn_hp2_friend/data/mrDuc_data/Images/UzpfSTEwMDAwMDM2OTIxMDcyNTpWSzoyNjA3OTI3OTk1ODM4MDc3MQ==_0.jpg
/images/UzpfSTEwMDAwMzI4NDg3MDY0MDpWSzoyNjA2NzI3MzIwMjkxNDc4MA==_1.jpg	0.67645	high_directional_coverage	"用「偷閒學少年」的心態，過著下半場「雲淡風輕」的歲月...

雲淡風輕近午天，
傍花隨柳過前川。
時人不識余心樂，
將謂偷閒學少年。
- 程顥 春日偶成

AI 生成背景效果"	"雲淡風輕近午天
傍花隨柳
過前川
時人不識
余心樂
將謂偷
閑學少年
程顥詩庚子"	/mnt/Suran_database/Users/thanhthanh_workspace/Project/NLP_K35/xlnntn_hp2_friend/data/mrDuc_data/Images/UzpfSTEwMDAwMzI4NDg3MDY0MDpWSzoyNjA2NzI3MzIwMjkxNDc4MA==_1.jpg
/images/UzpfSTEwMDA4MjI5ODQ4Nzk3OTpWSzoyNjA3NjYwNDIzODY0ODM0Mw==_0.jpg	0.795776	high_directional_coverage	"三思方舉步，百折不回頭
一勤天下無難事，百思胸中有良謀
#calligraphy #funny #練字 #中性筆 #書法 #handwriting #art #中文 #漢字 #書道 #書道家 #硬筆書法 #草書"	"三思方舉
步百折不回
頭一勤字
世上無難事
百思心中
有良謀
丙午年
仲"	/mnt/Suran_database/Users/thanhthanh_workspace/Project/NLP_K35/xlnntn_hp2_friend/data/mrDuc_data/Images/UzpfSTEwMDA4MjI5ODQ4Nzk3OTpWSzoyNjA3NjYwNDIzODY0ODM0Mw==_0.jpg
/images/UzpfSTEwMDAwMzI4NDg3MDY0MDpWSzoyNjA2NzI3MzIwMjkxNDc4MA==_2.jpg	0.731643	high_directional_coverage	"用「偷閒學少年」的心態，過著下半場「雲淡風輕」的歲月...

雲淡風輕近午天，
傍花隨柳過前川。
時人不識余心樂，
將謂偷閒學少年。
- 程顥 春日偶成

AI 生成背景效果"	"雲淡風輕近午天傍花隨柳
過前川時人不識余心樂將謂
偷閒學少年
程顥春日偶成丙申年宋白"	/mnt/Suran_database/Users/thanhthanh_workspace/Project/NLP_K35/xlnntn_hp2_friend/data/mrDuc_data/Images/UzpfSTEwMDAwMzI4NDg3MDY0MDpWSzoyNjA2NzI3MzIwMjkxNDc4MA==_2.jpg
/images/UzpfSTEwMDAwODQwODMxNzg4NDpWSzoyNjA3NjAyMzAzNTM3MzEzMA==_3.jpg	0.359133	one_text_contains_the_other	**“閒聊 頭城老街「新長興樹記」在畫之茶花，沒動感 ”**	"“閒聊 頭城老街「新長興樹記」在畫之茶花，沒動感 ”
在自然，是有靜、有動，當然中畫之描繪也要跟至自然，在有靜之花卉
描繪論說，在清代 鄒一桂《小山畫譜》寫到：「無風翻葉不須多。」 鄒
一桂 意思為 没有起風， 枝葉翻動不要多， 鄒一桂 指出畫面中無動
態美感表現，在畫面展現是要合乎邏輯的，所以整體表現畫面也必須有
所跟隨。頭城老街「新長興樹記」之門面裝置有寫茶花(圖：1)，在門
面裝置的茶花是描寫於磁材，「新長興樹記」 屋舍，地址：宜蘭縣頭城
鎮和平街 121 號,「新長興樹記」,為是 日治 昭和 時期完成的建築,「新
長興樹記」是在從事南北貨的店商房舍。在感覺「新長興樹記」之門面
裝置有寫的茶花(圖：1) ，是無動感。
圖：1"	/mnt/Suran_database/Users/thanhthanh_workspace/Project/NLP_K35/xlnntn_hp2_friend/data/mrDuc_data/Images/UzpfSTEwMDAwODQwODMxNzg4NDpWSzoyNjA3NjAyMzAzNTM3MzEzMA==_3.jpg
/images/UzpfSTEwMDAwODQwODMxNzg4NDpWSzoyNjA3NjAyMzAzNTM3MzEzMA==_1.jpg	0.359133	one_text_contains_the_other	**“閒聊 頭城老街「新長興樹記」在畫之茶花，沒動感 ”**	"“閒聊 頭城老街「新長興樹記」在畫之茶花，沒動感 ”
在自然，是有靜、有動，當然中畫之描繪也要跟至自然，在有靜之花卉
描繪論說，在清代 鄒一桂《小山畫譜》寫到:「無風翻葉不須多。」 鄒
一桂 意思為 沒有起風， 枝葉翻動不要多， 鄒一桂 指出畫面中無動
態美感表現，在畫面展現是要合乎邏輯的，所以整體表現畫面也必須有
所跟隨。頭城老街「新長興樹記」之門面裝置有寫茶花(圖：1) ，在門
面裝置的茶花是描寫於磁材，「新長興樹記」 屋舍，地址：宜蘭縣頭城
鎮和平街 121 號,「新長興樹記」,為是 日治 昭和 時期完成的建築,「新
長興樹記」是在從事南北貨的店商房舍。在感覺「新長興樹記」之門面
裝置有寫的茶花(圖：1) ，是無動感。
圖：1"	/mnt/Suran_database/Users/thanhthanh_workspace/Project/NLP_K35/xlnntn_hp2_friend/data/mrDuc_data/Images/UzpfSTEwMDAwODQwODMxNzg4NDpWSzoyNjA3NjAyMzAzNTM3MzEzMA==_1.jpg
/images/UzpfSTEwMDAwMDM2NjMwMzY2NTpWSzoyNjA3NDE1MDExODg5Mzc1NQ==_2.jpg	0.608374	one_text_contains_the_other	"2026-03-22週日
今天週日，祝大家假日愉快。

常用漢字
260
及急疾即

玉龍歌 
133
傳尸勞病最難醫，
湧泉出血免災危，

使徒行傳9:34-35.
詩篇119:11-15."	"傳
尸
勞
病
最
難
醫
湧
泉
出
血
免
災
危"	/mnt/Suran_database/Users/thanhthanh_workspace/Project/NLP_K35/xlnntn_hp2_friend/data/mrDuc_data/Images/UzpfSTEwMDAwMDM2NjMwMzY2NTpWSzoyNjA3NDE1MDExODg5Mzc1NQ==_2.jpg
/images/UzpfSTEwMDAwMzI4NDg3MDY0MDpWSzoyNjA2NzI3MzIwMjkxNDc4MA==_5.jpg	0.615975	high_directional_coverage	"用「偷閒學少年」的心態，過著下半場「雲淡風輕」的歲月...

雲淡風輕近午天，
傍花隨柳過前川。
時人不識余心樂，
將謂偷閒學少年。
- 程顥 春日偶成

AI 生成背景效果"	"雲淡風輕近午天傍花隨
柳過前川時人不識余心樂將謂偷閒
學少年
紅秋客同石外人于東"	/mnt/Suran_database/Users/thanhthanh_workspace/Project/NLP_K35/xlnntn_hp2_friend/data/mrDuc_data/Images/UzpfSTEwMDAwMzI4NDg3MDY0MDpWSzoyNjA2NzI3MzIwMjkxNDc4MA==_5.jpg
/images/UzpfSTEwMDAwMjgwNzA5MDE0OTpWSzoyNjA2ODA2Mjg5MjgzNTgxMQ==_0.jpg	0.807955	one_text_contains_the_other	"與誰同坐
明月、清風、我"	"與誰同坐
明月清風我
丙子三春家洋"	/mnt/Suran_database/Users/thanhthanh_workspace/Project/NLP_K35/xlnntn_hp2_friend/data/mrDuc_data/Images/UzpfSTEwMDAwMjgwNzA5MDE0OTpWSzoyNjA2ODA2Mjg5MjgzNTgxMQ==_0.jpg
/images/UzpfSTEwMDAwMzI4NDg3MDY0MDpWSzoyNjA2NzI3MzIwMjkxNDc4MA==_6.jpg	0.71613	high_directional_coverage	"用「偷閒學少年」的心態，過著下半場「雲淡風輕」的歲月...

雲淡風輕近午天，
傍花隨柳過前川。
時人不識余心樂，
將謂偷閒學少年。
- 程顥 春日偶成

AI 生成背景效果"	"雲
淡
風
輕
近
午
天
傍
花
隨
柳
過
前
川
時
人
不
識
余
心
樂
將
謂
偷
閒
學
少
年
程
顥
春
日
偶
成
丙
子
仲
春
秉
暄"	/mnt/Suran_database/Users/thanhthanh_workspace/Project/NLP_K35/xlnntn_hp2_friend/data/mrDuc_data/Images/UzpfSTEwMDAwMzI4NDg3MDY0MDpWSzoyNjA2NzI3MzIwMjkxNDc4MA==_6.jpg
/images/UzpfSTEwMDAwODQwODMxNzg4NDpWSzoyNjA2NjkxMzA1OTYxNzQ2MQ==_0.jpg	0.360918	one_text_contains_the_other	**“閒聊 頭城老街「新長興樹記」在畫的牡丹之空間用的是遠近法 ”**	"“閒聊 頭城老街「新長興樹記」在畫的牡丹之空間用的是遠近法 ”
在頭城老街「新長興樹記」之門面裝置有牡丹，聊聊在描繪牡丹之空間
的運用，在頭城老街「新長興樹記」之門面裝置有寫牡丹，在門面裝置
的牡丹是描繪於磁材,「新長興樹記」 屋舍，地址:宜蘭縣頭城鎮和平
街 121 號,「新長興樹記」,為是 日治 昭和 時期完成的建築,「新長興
樹記」是在從事南北貨的店商房舍，在中國畫空間的運用,為是有寫遠
近法的，中國畫遠近法的形成，是有悠久的歷史，早在南北朝時代，宗
炳 便有論述 ，我們知道~ 使用 遠近法 特點:前景 清楚,中景 清楚 ，
後景清楚。近的物體大、遠的物體小.............等等 ，可見圖1 「新長興
樹記」之門面裝置之繪的牡丹;圖2 清代 蔣廷錫 《群芳擷秀冊》故
宮收藏之畫的花卉，圖1、圖2 都可看到之在表現空間，都為遠近，
則非常要告知，在 頭城老街「新長興樹記」在畫的牡丹之空間運用，
是為遠近法的。"	/mnt/Suran_database/Users/thanhthanh_workspace/Project/NLP_K35/xlnntn_hp2_friend/data/mrDuc_data/Images/UzpfSTEwMDAwODQwODMxNzg4NDpWSzoyNjA2NjkxMzA1OTYxNzQ2MQ==_0.jpg
/images/UzpfSTEwMDAwMDM2OTIxMDcyNTpWSzoyNjA2OTA5Nzg5NjA2NTY0NA==_0.jpg	0.670793	high_directional_coverage	江頭三月清明。柳風輕。巴峽誰知還是、洛陽城。春寂寂。嬌滴滴。笑盈盈。一段烏絲闌上、記多情。今天的練習03	"江頭三月清明柳風輕巴峽誰知画
是淚是珠點點滴滴笑盈盈
一段烏絲欄上記多情
宋人辛稼軒相見歡
丙子春月"	/mnt/Suran_database/Users/thanhthanh_workspace/Project/NLP_K35/xlnntn_hp2_friend/data/mrDuc_data/Images/UzpfSTEwMDAwMDM2OTIxMDcyNTpWSzoyNjA2OTA5Nzg5NjA2NTY0NA==_0.jpg
/images/UzpfSTEwMDAwMDM2NjMwMzY2NTpWSzoyNjA3MzA5Mzk2MjMzMjcwNA==_0.jpg	0.773068	high_directional_coverage	"2026-03-22週日
中華字經
080
蝙蝠棲洞，梧桐引凰。
蜘蛛牽補，螟蛉蛀糧。
蜻蜓振翅，鳩鵬張膀。"	"蝙
蝠
棲
洞
梧
桐
引
凰
蜘
蛛
牽
補
螟
蛉
蛙
糧
蜻
蜓
振
翅
鳩
鵬
張
膀
中華字經80丙子考啓楚堃"	/mnt/Suran_database/Users/thanhthanh_workspace/Project/NLP_K35/xlnntn_hp2_friend/data/mrDuc_data/Images/UzpfSTEwMDAwMDM2NjMwMzY2NTpWSzoyNjA3MzA5Mzk2MjMzMjcwNA==_0.jpg
/images/UzpfSTEwMDAwMDM2OTIxMDcyNTpWSzoyNjA1NzY2NTIyMzg3NTU3OA==_0.jpg	0.847576	one_text_contains_the_other	無數雲山供點筆，滿江風月不論錢。今天的練習01	"無
數
雲
山
供
點
筆
滿
江
風
月
不
論
錢
丙午春月
葉吉璘"	/mnt/Suran_database/Users/thanhthanh_workspace/Project/NLP_K35/xlnntn_hp2_friend/data/mrDuc_data/Images/UzpfSTEwMDAwMDM2OTIxMDcyNTpWSzoyNjA1NzY2NTIyMzg3NTU3OA==_0.jpg
/images/UzpfSTEwMDAxNjU3OTY2OTM3NTpWSzoyNjA1NjU3MDc3MDY1MTY5MA==_0.jpg	0.604872	combined_score_above_threshold	健康平安	"一身健康
一生平安
林華明"	/mnt/Suran_database/Users/thanhthanh_workspace/Project/NLP_K35/xlnntn_hp2_friend/data/mrDuc_data/Images/UzpfSTEwMDAxNjU3OTY2OTM3NTpWSzoyNjA1NjU3MDc3MDY1MTY5MA==_0.jpg
/images/UzpfSTEwMDAwMDM2OTIxMDcyNTpWSzoyNjA1NzY3MTE4Mzg3NDk4Mg==_0.jpg	0.630738	high_directional_coverage	一自佳人墜玉樓，繁華東逐洛河流。 唯餘金谷園中樹，殘日蟬聲送客愁。今天的練習03	"一
自
佳
人
墜
玉
樓
繁
華
東
逐
流
如
今
唯
有
舊
時
園
中
柳
終
日
蟬
聲
送
客
愁
唐
人
胡
曾
詩
丙
午
春
日
之
吉"	/mnt/Suran_database/Users/thanhthanh_workspace/Project/NLP_K35/xlnntn_hp2_friend/data/mrDuc_data/Images/UzpfSTEwMDAwMDM2OTIxMDcyNTpWSzoyNjA1NzY3MTE4Mzg3NDk4Mg==_0.jpg
/images/UzpfSTEwMDAwODQwODMxNzg4NDpWSzoyNjA1NTU2NjA1MDc1MjE2Mg==_1.jpg	0.339637	one_text_contains_the_other	“閒聊 頭城老街「新長興樹記」之畫的雞，是沒影子 ”	"“閒聊 頭城老街「新長興樹記」之畫的雞，是沒影子”
用頭城老街「新長興樹記」之門面裝置之雞，聊聊沒影子，在頭城老街
「新長興樹記」之門面裝置有寫雞，在門面裝置的雞是描繪於磁材，「新
長興樹記」屋舍，地址：宜蘭縣頭城鎮和平街 121 號，「新長興樹記」，
為是 日治 昭和 時期完成的建築，「新長興樹記」是在從事南北貨的店
商房舍，閒談在中國繪畫之有影和沒影，在自然事物之物體因光的關係
是確實有光與影的，但於中畫之歷朝代中畫在有影的表現之是不多，則
中畫的繪之物件，在無表現影子，是合章法的。
圖 2 為 雞 的相片，圖 1 為「新長興樹記」之門面裝置的 雞，可見圖
2 的相片之雞 有看至影子，而圖 1 的「新長興樹記」門面裝置的 雞，
沒看到影子，必需提出，在中畫之繪的物件在無影子，是合原則的。
記樹興長新
↑新長興樹記
→吳朝陽宅
←康元吉
圖：1
圖：2
雞的影子"	/mnt/Suran_database/Users/thanhthanh_workspace/Project/NLP_K35/xlnntn_hp2_friend/data/mrDuc_data/Images/UzpfSTEwMDAwODQwODMxNzg4NDpWSzoyNjA1NTU2NjA1MDc1MjE2Mg==_1.jpg
/images/UzpfSTEwMDAwODQwODMxNzg4NDpWSzoyNjA1NTU2NjA1MDc1MjE2Mg==_0.jpg	0.343515	one_text_contains_the_other	“閒聊 頭城老街「新長興樹記」之畫的雞，是沒影子 ”	"“閒聊 頭城老街「新長興樹記」之畫的雞,是沒影子”
用頭城老街「新長興樹記」之門面裝置之雞,聊聊沒影子,在頭城老街
「新長興樹記」之門面裝置之寫雞,在門面裝置的雞是描繪於磁材,「新
長興樹記」 屋舍,地址:宜蘭縣頭城鎮和平街 121 號,「新長興樹記」,
為是 日治 昭和 時期完成的建築,「新長興樹記」是在從事南北貨的店
商房舍,閒談在中國繪畫之有影和沒影,在自然事物之物體因光的關係
是確實有光與影的,但於中畫之歷朝代中畫在有影的表現之是不多,則
中畫的繪之物件,在無表現影子,是合章法的。
圖 2 為 雞 的相片,圖1為「新長興樹記」之門面裝置的 雞,可見圖
2 的相片之雞 有看到影子,而圖1 的「新長興樹記」門面裝置的 雞,
沒看到影子,必需提出,在中畫之繪的物件在無影子,是合原則的。
記興長新
圖:1
圖:2
雞的影子"	/mnt/Suran_database/Users/thanhthanh_workspace/Project/NLP_K35/xlnntn_hp2_friend/data/mrDuc_data/Images/UzpfSTEwMDAwODQwODMxNzg4NDpWSzoyNjA1NTU2NjA1MDc1MjE2Mg==_0.jpg
/images/UzpfSTEwMDAwMDM2NjMwMzY2NTpWSzoyNjA2MjA2MzYzMzQzNTczNw==_0.jpg	0.779925	high_directional_coverage	"2026-03-21週六
琵琶行 白居易 
04
千呼萬喚始出來，
猶抱琵琶半遮面。
轉軸撥絃三兩聲，
未成曲調先有情。"	"千呼萬喚始出來
猶抱琵琶半遮面
轉軸撥弦三兩聲
未成曲調先有情
琵琶行白居易丙子春楚黎書"	/mnt/Suran_database/Users/thanhthanh_workspace/Project/NLP_K35/xlnntn_hp2_friend/data/mrDuc_data/Images/UzpfSTEwMDAwMDM2NjMwMzY2NTpWSzoyNjA2MjA2MzYzMzQzNTczNw==_0.jpg
/images/UzpfSTEwMDAwMzI4NDg3MDY0MDpWSzoyNjAyMzk0MzY5MzkxNDM5OA==_2.jpg	0.654245	high_directional_coverage	"每每看東坡先生的詩詞，都會觸動到心中的某根心弦，而會想把它寫一寫…

春宵一刻值千金，
花有清香月有陰。
歌管樓臺聲細細，
鞦韆院落夜沈沈。
- 蘇東坡 春宵"	"春宵一刻值千金花有清
香月有陰歌管樓台聲
細細鞦韆院落夜沈沈
丙子"	/mnt/Suran_database/Users/thanhthanh_workspace/Project/NLP_K35/xlnntn_hp2_friend/data/mrDuc_data/Images/UzpfSTEwMDAwMzI4NDg3MDY0MDpWSzoyNjAyMzk0MzY5MzkxNDM5OA==_2.jpg
/images/UzpfSTEwMDAwMzI4NDg3MDY0MDpWSzoyNjAyMzk0MzY5MzkxNDM5OA==_3.jpg	0.646988	high_directional_coverage	"每每看東坡先生的詩詞，都會觸動到心中的某根心弦，而會想把它寫一寫…

春宵一刻值千金，
花有清香月有陰。
歌管樓臺聲細細，
鞦韆院落夜沈沈。
- 蘇東坡 春宵"	"春
宵
一
刻
值
千金
花
有
清
香
月
有
陰
歌
管
樓
台
聲
細
々
鞦
韆
院
落
夜
沈
蘇東坡春宵
丙午正月寒溪"	/mnt/Suran_database/Users/thanhthanh_workspace/Project/NLP_K35/xlnntn_hp2_friend/data/mrDuc_data/Images/UzpfSTEwMDAwMzI4NDg3MDY0MDpWSzoyNjAyMzk0MzY5MzkxNDM5OA==_3.jpg
/images/UzpfSTEwMDAwMjgwNzA5MDE0OTpWSzoyNjA0NjM1MDg3ODM0MDM0Ng==_0.jpg	0.790325	high_directional_coverage	"題都城南莊
唐-崔護

去年今日此門中，人面桃花相映紅。
人面不知何處去，桃花依舊笑春風。"	"去年今日此門中人面
桃花相映紅人面不知
何處去桃花依舊
笑春風
丙子冬書徐志洋"	/mnt/Suran_database/Users/thanhthanh_workspace/Project/NLP_K35/xlnntn_hp2_friend/data/mrDuc_data/Images/UzpfSTEwMDAwMjgwNzA5MDE0OTpWSzoyNjA0NjM1MDg3ODM0MDM0Ng==_0.jpg
/images/UzpfSTEwMDAwMDM2OTIxMDcyNTpWSzoyNjAzNjc3NzA1OTI5NzcyOA==_0.jpg	0.912088	high_directional_coverage	花開堪折直須折，道是無晴卻有晴。今天的練習01	"花
開
堪
折
直
須
折
道
是
無
晴
却
有
晴"	/mnt/Suran_database/Users/thanhthanh_workspace/Project/NLP_K35/xlnntn_hp2_friend/data/mrDuc_data/Images/UzpfSTEwMDAwMDM2OTIxMDcyNTpWSzoyNjAzNjc3NzA1OTI5NzcyOA==_0.jpg
/images/UzpfSTEwMDAwMzUzNjA0MTQ0NzpWSzoyNjAzMDczNjE5MzIzNTE0OA==_0.jpg	0.830812	high_directional_coverage	"#感謝書友欣賞

行草 李白 贈汪倫🙏☕😎

李白乘舟將欲行
忽聞岸上踏歌聲
桃花潭水深千尺
不及汪倫送我情"	"李白乘舟將欲行
忽聞岸上踏歌聲
桃花潭水深千尺
不及汪倫送我情
李白贈汪倫
己亥冬
伯欽"	/mnt/Suran_database/Users/thanhthanh_workspace/Project/NLP_K35/xlnntn_hp2_friend/data/mrDuc_data/Images/UzpfSTEwMDAwMzUzNjA0MTQ0NzpWSzoyNjAzMDczNjE5MzIzNTE0OA==_0.jpg
/images/UzpfSTEwMDAwMDM2NjMwMzY2NTpWSzoyNjA1MTMxNzE4MTE3NzA0OQ==_0.jpg	0.735126	combined_score_above_threshold	"2026-03-20週五
中華字經
079
第十三課 動物32
蝌蚪擺尾，蛤蟆鼓囊。
釣餌蚯蚓，蠕蟲螞蟥。
鸚鵡學舌，蜜蜂穿忙。"	"蝌
蚪
擺
尾
蛤
蟆
鼓
囊
釣
餌
蚯
蚓
蠕
蟲
螞
蟥
鸚
鵡
學
舌
蜜
蜂
穿
忙
中華字經79丙子年冬澂書"	/mnt/Suran_database/Users/thanhthanh_workspace/Project/NLP_K35/xlnntn_hp2_friend/data/mrDuc_data/Images/UzpfSTEwMDAwMDM2NjMwMzY2NTpWSzoyNjA1MTMxNzE4MTE3NzA0OQ==_0.jpg
/images/UzpfSTEwMDAwMDM2OTIxMDcyNTpWSzoyNjA0NjE0OTIwMTY5Mzg0Nw==_0.jpg	0.666991	high_directional_coverage	謝亭離別處，風景每生愁。客散青天月，山空碧水流。池花春映日，窗竹夜鳴秋。今古一相接，長歌懷舊遊。今天的練習03	"谢亭离别处风景每生愁客散青天
月山空碧水流池花春映日窗竹夜鸣
秋今古一相接长歌怀旧游
唐李太白诗
丙午春月之吉"	/mnt/Suran_database/Users/thanhthanh_workspace/Project/NLP_K35/xlnntn_hp2_friend/data/mrDuc_data/Images/UzpfSTEwMDAwMDM2OTIxMDcyNTpWSzoyNjA0NjE0OTIwMTY5Mzg0Nw==_0.jpg
/images/UzpfSTEwMDAwMzUzNjA0MTQ0NzpWSzoyNjAyMDM0MDU4NzYwODA0Mg==_0.jpg	0.590242	combined_score_above_threshold	"#感謝書友欣賞

行草 唐 李遠 讀田光傳🙏☕😎

秦滅燕丹怨正深
古來豪客盡沾襟
荊卿不了真閑事
辜負田光一片心"	"秦滅燕丹怨亦深
古來豪客共沾襟
荊卿不了生前事
喜看田光一片心
魯李達讀田光詩己巳冬月錄"	/mnt/Suran_database/Users/thanhthanh_workspace/Project/NLP_K35/xlnntn_hp2_friend/data/mrDuc_data/Images/UzpfSTEwMDAwMzUzNjA0MTQ0NzpWSzoyNjAyMDM0MDU4NzYwODA0Mg==_0.jpg
/images/UzpfSTEwNzE5OTI5NzA6Vks6MjYwNDY5OTAxOTQ5NDMwODE=_0.jpg	0.669729	combined_score_above_threshold	"2026年3月20日

每日一書 | 以筆為伴, 以墨为乐

《 大林寺桃花 》白居易诗

人间四月芳非尽
山寺桃花始盛开
长恨春归無觅处
不知转入此中来"	"人间四月芳菲尽山寺桃花
始盛开长恨春归无觅处
不知转入此中来
大林寺桃花
白居易诗有稚"	/mnt/Suran_database/Users/thanhthanh_workspace/Project/NLP_K35/xlnntn_hp2_friend/data/mrDuc_data/Images/UzpfSTEwNzE5OTI5NzA6Vks6MjYwNDY5OTAxOTQ5NDMwODE=_0.jpg
/images/UzpfSTEwMDAwODQwODMxNzg4NDpWSzoyNjA0NDA2NjcwODU2ODc2Mw==_1.jpg	0.363542	one_text_contains_the_other	**“閒聊 頭城老街「新長興樹記」之畫的茶花有四面 ”**	"“閒聊 頭城老街「新長興樹記」之畫的茶花有四面 ”
「新長興樹記」之描寫的茶花(圖：1)，有繪之四面，在清代 高秉 的美
術論述《指頭畫說》寫到：「昔人雲，枝分四面是但調花木......。」意思
為前人講，枝分四面是但說花卉樹木.....。指花卉樹木要表現四面，提
出，在頭城老街「新長興樹記」 屋舍，地址：宜蘭縣頭城鎮和平街121
號，「新長興樹記」，為是 日治 昭和 時期完成的建築，「新長興樹記」
是在從事南北貨的店商房舍。在「新長興樹記」之門面裝置的描繪於磁
材之展示之茶花(圖：1)，為葉有陰陽向背，左右顧盼，上下相生，枝有
上、下、前、後、左、右，花是有自然氣韻，為是在其之茶花，有展
現四面。
圖：相片茶花
記樹興長新
圖：1"	/mnt/Suran_database/Users/thanhthanh_workspace/Project/NLP_K35/xlnntn_hp2_friend/data/mrDuc_data/Images/UzpfSTEwMDAwODQwODMxNzg4NDpWSzoyNjA0NDA2NjcwODU2ODc2Mw==_1.jpg
/images/UzpfSTEwMDAwODQwODMxNzg4NDpWSzoyNjA0NDA2NjcwODU2ODc2Mw==_2.jpg	0.367335	one_text_contains_the_other	**“閒聊 頭城老街「新長興樹記」之畫的茶花有四面 ”**	"“閒聊 頭城老街「新長興樹記」之畫的茶花有四面 ”
「新長興樹記」之描寫的茶花(圖：1)，有繪之四面，在清代 高秉 的美
術論述《指頭畫說》寫到：「昔人雲，枝分四面是但謂花木……。」意思
為前人講，枝分四面是但說花卉樹木……。指花卉樹木要表現四面，提
出，在頭城老街「新長興樹記」屋舍，地址：宜蘭縣頭城鎮和平街121
號，「新長興樹記」，為是 日治 昭和 時期完成的建築，「新長興樹記」
是在從事南北貨的店商房舍。在「新長興樹記」之門面裝置的描繪於磁
材之展示之茶花(圖：1)，為葉有陰陽向背，左右顧盼，上下相生，枝有
上、下、前、後、左、右，花是有自然氣韻 ，為是在其之茶花，有展
現四面。
圖 1 茶花"	/mnt/Suran_database/Users/thanhthanh_workspace/Project/NLP_K35/xlnntn_hp2_friend/data/mrDuc_data/Images/UzpfSTEwMDAwODQwODMxNzg4NDpWSzoyNjA0NDA2NjcwODU2ODc2Mw==_2.jpg
/images/UzpfSTEwMDAwNzEzNTAyNjM0NjpWSzoyNjAwNDIxOTA3OTIyMDE5Mw==_0.jpg	0.653684	combined_score_above_threshold	草書習作一則，布袋和尚廣為流傳詩一首：手把青秧插滿田，低頭便見水中天，六根清淨方為道，退步原來是向前。	"手把青秧插滿田低頭便見
水中天六根清淨方為道
步原本是向前
布袋和尚插秧詩
丙申春陳銘良"	/mnt/Suran_database/Users/thanhthanh_workspace/Project/NLP_K35/xlnntn_hp2_friend/data/mrDuc_data/Images/UzpfSTEwMDAwNzEzNTAyNjM0NjpWSzoyNjAwNDIxOTA3OTIyMDE5Mw==_0.jpg
/images/UzpfSTEwMDAwMjgwNzA5MDE0OTpWSzoyNjAzNjQwMDkwNjAwMjAxMA==_0.jpg	0.791863	high_directional_coverage	"梅花
宋-王安石

白玉堂前一樹梅，為誰零落為誰開。
唯有春風最相惜，一年一度一歸來。"	"玉堂前一樹梅為誰
零落為誰開唯有
春風最相惜一年一度
一歸來
王安石詩丙子三春許志洋"	/mnt/Suran_database/Users/thanhthanh_workspace/Project/NLP_K35/xlnntn_hp2_friend/data/mrDuc_data/Images/UzpfSTEwMDAwMjgwNzA5MDE0OTpWSzoyNjAzNjQwMDkwNjAwMjAxMA==_0.jpg
/images/UzpfSTEwMDAwMjgwNzA5MDE0OTpWSzoyNjAyODE0OTg2MDE2MDQ0OA==_0.jpg	0.664424	high_directional_coverage	"江神子·恨別
宋代-蘇軾

天涯流落思無窮！既相逢，卻匆匆。攜手佳人，和淚折殘紅。爲問東風餘幾許？春縱在，與誰同！
隋堤三月水溶溶。背歸鴻，去吳中。回首彭城，清泗與淮通。欲寄相思千點淚，流不到，楚江東。"	"天
涯
流
落
思
無
窮
既
相
逢
卻
匆
匆
攜
手
佳
人
和
淚
折
殘
紅
為
問
東
風
餘
幾
許
春
縱
在
與
誰
同
东
坡"	/mnt/Suran_database/Users/thanhthanh_workspace/Project/NLP_K35/xlnntn_hp2_friend/data/mrDuc_data/Images/UzpfSTEwMDAwMjgwNzA5MDE0OTpWSzoyNjAyODE0OTg2MDE2MDQ0OA==_0.jpg
/images/UzpfSTEwMDAwMDM2NjMwMzY2NTpWSzoyNjA0MTk1ODk1ODc3OTUzOA==_0.jpg	0.820454	high_directional_coverage	"2026-03-19週四
琵琶行 白居易 
03
尋聲暗問彈者誰？
琵琶聲停欲語遲。
移船相近邀相見，
添酒回燈重開宴。"	"尋聲暗問彈者誰
琵琶聲停欲語遲
移船相近邀相見
添酒回燈重開宴
琵琶行白居易丙午老燈書"	/mnt/Suran_database/Users/thanhthanh_workspace/Project/NLP_K35/xlnntn_hp2_friend/data/mrDuc_data/Images/UzpfSTEwMDAwMDM2NjMwMzY2NTpWSzoyNjA0MTk1ODk1ODc3OTUzOA==_0.jpg
/images/UzpfSTYxNTUxMDc1MDAwMTA3OlZLOjI2MDI0NTYxNTE3MTg1OTQ5_0.jpg	0.639163	combined_score_above_threshold	橫看成嶺側成峰 遠近高低各不同 不識廬山真面目 只緣身在此山中/蘇軾	"横看成岭侧成峰
远近高低各不同
不识庐山真面目
只缘身在此山中
丙子春清木书"	/mnt/Suran_database/Users/thanhthanh_workspace/Project/NLP_K35/xlnntn_hp2_friend/data/mrDuc_data/Images/UzpfSTYxNTUxMDc1MDAwMTA3OlZLOjI2MDI0NTYxNTE3MTg1OTQ5_0.jpg
/images/UzpfSTEwNzE5OTI5NzA6Vks6MjYwMzcxOTMyMzI1ODk0NDQ=_0.jpg	0.609759	combined_score_above_threshold	"2026年3月19日

每日一書  |   心静如水 , 筆下生香
  
《竹裏館》王维诗

獨坐幽篁裏
弹琴復長啸
深林人不知
明月来相照"	"獨
坐
幽
篁
裏
彈
琴
復
長
嘯
深
林
人
不
知
明
月
来
相
照
竹
裏
館
王
维
有
权"	/mnt/Suran_database/Users/thanhthanh_workspace/Project/NLP_K35/xlnntn_hp2_friend/data/mrDuc_data/Images/UzpfSTEwNzE5OTI5NzA6Vks6MjYwMzcxOTMyMzI1ODk0NDQ=_0.jpg
/images/UzpfSTEwMDAwMDM2OTIxMDcyNTpWSzoyNjAwNzIzMjQ1NTU4NTUyMg==_0.jpg	0.808711	high_directional_coverage	船上齊橈樂，湖心泛月歸。白鷗閒不去，爭拂酒筵飛。今天的練習01	"船上齊橈樂湖心泛月歸白鷗閒不去
爭拂楚筵飛
唐人李太白詩丙午春"	/mnt/Suran_database/Users/thanhthanh_workspace/Project/NLP_K35/xlnntn_hp2_friend/data/mrDuc_data/Images/UzpfSTEwMDAwMDM2OTIxMDcyNTpWSzoyNjAwNzIzMjQ1NTU4NTUyMg==_0.jpg
/images/UzpfSTEwMDAwMDM2NjMwMzY2NTpWSzoyNjAzMTIyNjQ1MzE4NjEyMg==_0.jpg	0.732442	high_directional_coverage	"2026-03-18週三
中華字經
078
擔抬扛搬，偏僻串藝。
炮震房宅，宣沸弄裏。
鐃鈸咚嗆，樂吹轎娶。"	"擔
抬
扛
搬
偏
僻
串
藝
炮
震
房
宅
宣
沸
弄
裹
鏡
鈸
咚
嗆
樂
吹
轎
娶
中華字經丙戌年春溫紹基"	/mnt/Suran_database/Users/thanhthanh_workspace/Project/NLP_K35/xlnntn_hp2_friend/data/mrDuc_data/Images/UzpfSTEwMDAwMDM2NjMwMzY2NTpWSzoyNjAzMTIyNjQ1MzE4NjEyMg==_0.jpg
/images/UzpfSTEwMDAwNzI5MzE4NTg0MTpWSzoyNjA0MTk2NDE3MjExMjM1MA==_0.jpg	0.965611	high_directional_coverage	"細如毫末，大無方所。
本自圓成，不勞機杼。
世事悠悠，不如山丘。
青松蔽日，碧澗長流。
山雲當幕，夜月為鉤。
臥藤蘿下，塊石枕頭。
不朝天子，豈羨王侯。
生死無慮，更復何憂。
水月無形，我常只寧。唐/懶殘禪師"	"細
如
毫
末
大
無
方
所
本
自
圓
成
不
勞
機
杼
世
事
悠
悠
不
如
山
丘
青
松
蔽
日
碧
澗
長
流
山
雲
當
幕
夜
月
為
鉤
臥
藤
蘿
下
塊
石
枕
頭
不
朝
天
子
豈
羨
王
侯
生
死
無
慮
更
復
何
憂
水
月
無
形
我
常
只
寧
懶殘禪師詩句
傅燁書"	/mnt/Suran_database/Users/thanhthanh_workspace/Project/NLP_K35/xlnntn_hp2_friend/data/mrDuc_data/Images/UzpfSTEwMDAwNzI5MzE4NTg0MTpWSzoyNjA0MTk2NDE3MjExMjM1MA==_0.jpg
/images/UzpfSTEwMDAwMDM2OTIxMDcyNTpWSzoyNjAyNzE3NzQwNjkyNDM2MA==_0.jpg	1.0	one_text_contains_the_other	彳亍而行。今天的練習02	"彳
亍
而
行"	/mnt/Suran_database/Users/thanhthanh_workspace/Project/NLP_K35/xlnntn_hp2_friend/data/mrDuc_data/Images/UzpfSTEwMDAwMDM2OTIxMDcyNTpWSzoyNjAyNzE3NzQwNjkyNDM2MA==_0.jpg
/images/UzpfSTEwMDAwODQwODMxNzg4NDpWSzoyNjAyNTEzNjEyMzc5NTE1NQ==_3.jpg	0.330732	one_text_contains_the_other	**“閒聊 頭城老街「新長興樹記」之畫牡丹和茶花 ”**	"“閒聊 頭城老街「新長興樹記」之畫牡丹和茶花”
聊聊 頭城老街「新長興樹記」之門面裝置的花卉 (圖1. 牡丹、圖2. 茶
花),在門面裝置的花卉 是描繪於磁材之展示牡丹和茶花,「新長興樹
記」 屋舍,地址:宜蘭縣頭城鎮和平街121號,「新長興樹記」,為是日
治 昭和 時期完成的建築,「新長興樹記」是在從事南北貨的店商房舍。
我們知道,中繪之畫來自自然,來自自然,表現自然,當然,繪畫要合
其道,則在中國之描寫牡丹、茶花為是要合自然,便是繪畫之花要似自
然的花、繪畫之葉要似自然的葉、繪畫之幹要似自然的幹、繪畫之枝要
似自然的枝,在自然之花卉植物有四面,繪畫的花卉植物隨要有四面,
就上、下、左、右、前、後的展現,「新長興樹記」的門面裝置之寫在
磁材之展示牡丹和茶花,看之雅緻且合自然,有像自然之花、自然之葉、
自然之幹、自然之枝,且有四面。
圖: 1. 繪之牡丹
圖: 相片 牡丹
圖: 2. 繪之茶花
圖: 相片 茶花"	/mnt/Suran_database/Users/thanhthanh_workspace/Project/NLP_K35/xlnntn_hp2_friend/data/mrDuc_data/Images/UzpfSTEwMDAwODQwODMxNzg4NDpWSzoyNjAyNTEzNjEyMzc5NTE1NQ==_3.jpg
/images/UzpfSTEwMDAwMDM2OTIxMDcyNTpWSzoyNjAxNjUyMzYzMTMyMzA3MQ==_0.jpg	0.617817	combined_score_above_threshold	(作者應為，宋_汪元量)長安不見使人愁。物換星移幾度秋。一自佳人墜玉樓。莫淹留。遠別秦城萬里遊。今天的練習03	"長安不見使人愁物換星移幾度
秋一自佳人隱玉梅莫淹留遠別
秦珠美且超
宋人洪无量惟王孫
丙午之書"	/mnt/Suran_database/Users/thanhthanh_workspace/Project/NLP_K35/xlnntn_hp2_friend/data/mrDuc_data/Images/UzpfSTEwMDAwMDM2OTIxMDcyNTpWSzoyNjAxNjUyMzYzMTMyMzA3MQ==_0.jpg
/images/UzpfSTEwMDAwODQwODMxNzg4NDpWSzoyNjAyNTEzNjEyMzc5NTE1NQ==_5.jpg	0.328124	one_text_contains_the_other	**“閒聊 頭城老街「新長興樹記」之畫牡丹和茶花 ”**	"“閒聊 頭城老街「新長興樹記」之畫牡丹和茶花 ”
聊聊 頭城老街「新長興樹記」之門面裝置的花卉(圖1.牡丹、圖2.茶
花),在門面裝置的花卉 是描繪於磁材之展示牡丹和茶花,「新長興樹
記」 屋舍,地址:宜蘭縣頭城鎮和平街121號,「新長興樹記」,為是日
治 昭和 時期完成的建築,「新長興樹記」是在從事南北貨的店商房舍。
我們知道,中繪之畫來至自然,來至自然,表現自然,當然,繪畫要合
其道,則在中國之描寫牡丹、茶花為是要合自然,便是繪畫之花要似自
然的花、繪畫之葉要似自然的葉、繪畫之幹要似自然的幹、繪畫之枝要
似自然的枝,在自然之花卉植物有四面,繪畫的花卉植物隨要有四面,
就上、下、左、右、前、後的展現,「新長興樹記」的門面裝置之寫在
磁材之展示牡丹和茶花,看之雅緻且合自然,有像自然之花、自然之葉、
自然之幹、自然之枝,且有四面。
圖:1.繪之牡丹
圖:相片 牡丹
後葉
左葉
前葉
圖:相片 茶花
後葉
後葉
右葉
左葉
前葉"	/mnt/Suran_database/Users/thanhthanh_workspace/Project/NLP_K35/xlnntn_hp2_friend/data/mrDuc_data/Images/UzpfSTEwMDAwODQwODMxNzg4NDpWSzoyNjAyNTEzNjEyMzc5NTE1NQ==_5.jpg
/images/UzpfSTEwMDAwMDM2OTIxMDcyNTpWSzoyNjAxNjUxNjkzMTMyMzc0MQ==_0.jpg	1.0	one_text_contains_the_other	鍥而不舍。今天的練習02	"鍥
而
不
舍"	/mnt/Suran_database/Users/thanhthanh_workspace/Project/NLP_K35/xlnntn_hp2_friend/data/mrDuc_data/Images/UzpfSTEwMDAwMDM2OTIxMDcyNTpWSzoyNjAxNjUxNjkzMTMyMzc0MQ==_0.jpg
/images/UzpfSTEwMDAwMDM2NjMwMzY2NTpWSzoyNjAyMDY3MjI1NzU3NDg3NQ==_0.jpg	0.793363	high_directional_coverage	"2026-03-17週二
琵琶行 白居易 
02
醉不成歡慘將別，
別時茫茫江浸月。
忽聞水上琵琶聲，
主人忘歸客不發。"	"醉不成歡慘將別，
別時茫々江浸月，
忽聞水上琵琶聲，
主人忘歸客不發，
琵琶行白居易丙子春楚煇書"	/mnt/Suran_database/Users/thanhthanh_workspace/Project/NLP_K35/xlnntn_hp2_friend/data/mrDuc_data/Images/UzpfSTEwMDAwMDM2NjMwMzY2NTpWSzoyNjAyMDY3MjI1NzU3NDg3NQ==_0.jpg
/images/UzpfSTEwMDAwMDM2OTIxMDcyNTpWSzoyNjAxNjUxNDI4Nzk5MDY3Mg==_0.jpg	0.923333	high_directional_coverage	景行維賢鑒貌辨色，求古尋論勒石刻銘。今天的練習01	"景行維賢鑒貌辨色
永古尋論勒石刻銘"	/mnt/Suran_database/Users/thanhthanh_workspace/Project/NLP_K35/xlnntn_hp2_friend/data/mrDuc_data/Images/UzpfSTEwMDAwMDM2OTIxMDcyNTpWSzoyNjAxNjUxNDI4Nzk5MDY3Mg==_0.jpg
/images/UzpfSTEwMDAwNDE4MzAzOTE2MDpWSzoyNjAxNDM4NDEzNDg3MDM1NA==_0.jpg	1.0	one_text_contains_the_other	書山有路勤為徑 學海無涯苦作舟	"書
山
有
路
勤
為
徑
學
海
無
涯
苦
作
舟"	/mnt/Suran_database/Users/thanhthanh_workspace/Project/NLP_K35/xlnntn_hp2_friend/data/mrDuc_data/Images/UzpfSTEwMDAwNDE4MzAzOTE2MDpWSzoyNjAxNDM4NDEzNDg3MDM1NA==_0.jpg
/images/UzpfSTYxNTUxMDc1MDAwMTA3OlZLOjI2MDA0MjI0ODU1ODg2Mjgy_0.jpg	0.878608	high_directional_coverage	"黃巢
待到秋來九月八 我花開後百花殺
沖天香陣透長安 滿城盡帶黃金甲"	"待
到
秋
來
九
月
八
我
花
開
後
百
花
殺
沖
天
香
陣
透
長
安
滿
城
盡
帶
黃
金
甲
丙
子
春
月
徐
杰
書"	/mnt/Suran_database/Users/thanhthanh_workspace/Project/NLP_K35/xlnntn_hp2_friend/data/mrDuc_data/Images/UzpfSTYxNTUxMDc1MDAwMTA3OlZLOjI2MDA0MjI0ODU1ODg2Mjgy_0.jpg
/images/UzpfSTY3MTc0OTU2NDpWSzoyNjAxMTE5NTI2MTg1NTkwOA==_0.jpg	0.297082	one_text_contains_the_other	"【篆書練習】/紫砂壺銘集錦part3/不僅書法

洛陽親友如相問，

一片冰心在玉壺。

*************************************************

周桂珍/環龍三足壺/馮其庸書

*********************************************************

周桂珍（1943-），江蘇宜興人，紫砂陶藝家。師從紫砂大家王寅春、顧景舟。1982年，進入宜興紫砂工藝廠紫砂研究所。1989年晉升工藝美術師。1993，又晉升為高級工藝美術師。1997年獲「江蘇省工藝美術大師」稱號。2018年，成為國家級非物質文化遺產「宜興紫砂陶製作技藝」代表性傳承人。

*馮其庸（1924—2017），名遲，字其庸，號寬堂，齋名瓜飯樓，江蘇無錫縣前洲鎮人，紅學家，文史專家，生前是中國人民大學教授，中國人民大學國學院名譽院長，中國藝術研究院終身研究員。"	洛陽親友如相問	/mnt/Suran_database/Users/thanhthanh_workspace/Project/NLP_K35/xlnntn_hp2_friend/data/mrDuc_data/Images/UzpfSTY3MTc0OTU2NDpWSzoyNjAxMTE5NTI2MTg1NTkwOA==_0.jpg
/images/UzpfSTEwMDAxNjg4Mjk5NjczMzpWSzoyNjAwNjIyOTg1NTY4NTc4Mg==_0.jpg	0.84	one_text_contains_the_other	其味無窮！	"其
味
無
窮
舟書"	/mnt/Suran_database/Users/thanhthanh_workspace/Project/NLP_K35/xlnntn_hp2_friend/data/mrDuc_data/Images/UzpfSTEwMDAxNjg4Mjk5NjczMzpWSzoyNjAwNjIyOTg1NTY4NTc4Mg==_0.jpg
/images/UzpfSTEwMDAwMDM2NjMwMzY2NTpWSzoyNjAxMjI4MDI5ODQxNDA3MQ==_0.jpg	0.764048	high_directional_coverage	"2026-03-16週一
中華字經
077
哥嫂諮詢，夥伴參議。
爸媽恩准，爺奶評批。
敍述綿延，緩遲尋覓。"	"哥
嫂
諮
詢
夥
伴
參
議
爸
媽
恩
准
爺
奶
評
批
敘
述
綿
延
緩
遲
尋
覓
中
華
字
經
卄
丙
子
春
炳
玉
書"	/mnt/Suran_database/Users/thanhthanh_workspace/Project/NLP_K35/xlnntn_hp2_friend/data/mrDuc_data/Images/UzpfSTEwMDAwMDM2NjMwMzY2NTpWSzoyNjAxMjI4MDI5ODQxNDA3MQ==_0.jpg
/images/UzpfSTEwMDAwMDM2OTIxMDcyNTpWSzoyNjAwNzIzNzc4MjI1MTY1Ng==_0.jpg	0.747499	high_directional_coverage	深相憶，莫相憶，相憶情難極。 銀漢是紅墻，一帶遙相隔。 金盤珠露滴，兩岸榆花白。 風搖玉珮清，今夕為何。今天的練習03	"深相憶莫相怪相憶情難極銀漢是
紅牆一帶遙相隔金盤珠露滴高竹
榆花白風搖玉珮清夜夜為何夕
唐人毛文錫醉花間丙午之春"	/mnt/Suran_database/Users/thanhthanh_workspace/Project/NLP_K35/xlnntn_hp2_friend/data/mrDuc_data/Images/UzpfSTEwMDAwMDM2OTIxMDcyNTpWSzoyNjAwNzIzNzc4MjI1MTY1Ng==_0.jpg
/images/UzpfSTEwMDAwMjgwNzA5MDE0OTpWSzoyNjAwMjIzMTgyNjA4NTU4NQ==_0.jpg	0.904583	one_text_contains_the_other	"心中若有桃花源
何處不是水雲間"	"心中若有桃花源
何處不是水雲間
丙子冬于..."	/mnt/Suran_database/Users/thanhthanh_workspace/Project/NLP_K35/xlnntn_hp2_friend/data/mrDuc_data/Images/UzpfSTEwMDAwMjgwNzA5MDE0OTpWSzoyNjAwMjIzMTgyNjA4NTU4NQ==_0.jpg
/images/UzpfSTEwMDA1MDU5Mjk1MDg2MzpWSzoyNTk5OTA1MTg3OTczNjkxMw==_0.jpg	0.771528	high_directional_coverage	紫天衣染成朝顏露	紫天衣染成朝颜露琉璃	/mnt/Suran_database/Users/thanhthanh_workspace/Project/NLP_K35/xlnntn_hp2_friend/data/mrDuc_data/Images/UzpfSTEwMDA1MDU5Mjk1MDg2MzpWSzoyNTk5OTA1MTg3OTczNjkxMw==_0.jpg
/images/UzpfSTEwMDAwNjk5OTg0Mzk5MjpWSzoyNjAwMjc3ODkwMjY5NzU0NA==_0.jpg	0.580719	high_directional_coverage	"書友早安舒心😃
習字塗鴉分享🙏
🪷茶道精神🪷
人生如茶湏慢品，
歲月似歌要靜聽。
✍️於:烘爐茶壺"	"茶
人生如茶須慢品
歲月似歌要靜聽
楊浩書"	/mnt/Suran_database/Users/thanhthanh_workspace/Project/NLP_K35/xlnntn_hp2_friend/data/mrDuc_data/Images/UzpfSTEwMDAwNjk5OTg0Mzk5MjpWSzoyNjAwMjc3ODkwMjY5NzU0NA==_0.jpg
/images/UzpfSTYxNTUxMDc1MDAwMTA3OlZLOjI1OTkyODM0NDg3MDI1MzE5_0.jpg	0.910108	high_directional_coverage	"崔護
去年今日此門中，人面桃花相映紅。
人面不知何處去，桃花依舊笑春風。"	"去年今日此門中人
面桃花相映紅人面
不知何處去桃花
依舊笑春風
丙子春月"	/mnt/Suran_database/Users/thanhthanh_workspace/Project/NLP_K35/xlnntn_hp2_friend/data/mrDuc_data/Images/UzpfSTYxNTUxMDc1MDAwMTA3OlZLOjI1OTkyODM0NDg3MDI1MzE5_0.jpg
/images/UzpfSTEwMDAwMDM2OTIxMDcyNTpWSzoyNTk5ODUzNTU0MzEyMTg4MA==_0.jpg	0.785412	one_text_contains_the_other	世事亦猶雲迭起，我思長與月相摩。今天的練習01	"世事亦猶雲迭起
我思長與月相摩
丙午正月
葉吉璋時於高程"	/mnt/Suran_database/Users/thanhthanh_workspace/Project/NLP_K35/xlnntn_hp2_friend/data/mrDuc_data/Images/UzpfSTEwMDAwMDM2OTIxMDcyNTpWSzoyNTk5ODUzNTU0MzEyMTg4MA==_0.jpg
/images/UzpfSTEwMDAwMzUzNjA0MTQ0NzpWSzoyNTk3MzM0MzE4MjMwNzc4Mw==_0.jpg	0.712887	combined_score_above_threshold	"#感謝書友欣賞

行草 柳宗元 江雪🙏☕😎

千山鳥飛絕 萬徑人蹤滅
孤舟簑笠翁 獨釣寒江雪"	"千山鳥飛絕萬
徑人蹤滅孤舟
蓑笠翁獨釣寒
江雪
柳宗元詩
江雪
己丑年再偶錄"	/mnt/Suran_database/Users/thanhthanh_workspace/Project/NLP_K35/xlnntn_hp2_friend/data/mrDuc_data/Images/UzpfSTEwMDAwMzUzNjA0MTQ0NzpWSzoyNTk3MzM0MzE4MjMwNzc4Mw==_0.jpg
/images/UzpfSTEwMDAwMDM2OTIxMDcyNTpWSzoyNTk5ODUzOTk2MzEyMTQzOA==_0.jpg	0.598876	combined_score_above_threshold	隋堤柳，汴河旁。夾岸綠陰千里，龍舟鳳舸木蘭香。錦帆張。因夢江南春景好，一路流蘇羽葆。笙歌未盡起橫流，鎖春愁。今天的練習03	"隋堤柳汴河旁夹岸绿阴千里龙
舟凤舸木兰香锦帆张因戏江南
春景好一路流苏羽葆笙歌未散
起横流锁春愁
唐人毛文锡柳含烟 丙午春月"	/mnt/Suran_database/Users/thanhthanh_workspace/Project/NLP_K35/xlnntn_hp2_friend/data/mrDuc_data/Images/UzpfSTEwMDAwMDM2OTIxMDcyNTpWSzoyNTk5ODUzOTk2MzEyMTQzOA==_0.jpg
/images/UzpfSTEwMDAwMDM2NjMwMzY2NTpWSzoyNjAwMTYzMTYyNjE0NTYwNQ==_0.jpg	0.753102	high_directional_coverage	"2026-03-15週日
琵琶行 白居易 
01
潯陽江頭夜送客，
楓葉荻花秋瑟瑟。
主人下馬客在船，
舉酒欲飲無管絃。"	"潯陽江頭夜送客
楓葉荻花秋瑟瑟
主人下馬客在船
欲飲無管絃醉不
琵琶行白居易丙午春新我書"	/mnt/Suran_database/Users/thanhthanh_workspace/Project/NLP_K35/xlnntn_hp2_friend/data/mrDuc_data/Images/UzpfSTEwMDAwMDM2NjMwMzY2NTpWSzoyNjAwMTYzMTYyNjE0NTYwNQ==_0.jpg
/images/UzpfSTEwMDAwMDM2NjMwMzY2NTpWSzoyNTk5NTkzMzgxNjcxNTM4Ng==_0.jpg	0.67175	combined_score_above_threshold	"2026-03-14週六
中華字經
076
轉識迷性，苦樂惱煩。
第十二課 姻緣16
嘉偶婚配，衷懇悦己。
做媒介紹，卿獲嬌媳。"	"轉
識
迷
性
苦
樂
惱
煩
嘉
偶
婚
配
喪
懇
悅
己
做
媒
介
紹
卿
獲
嬌
媳
中華字經丙戌冬敬書"	/mnt/Suran_database/Users/thanhthanh_workspace/Project/NLP_K35/xlnntn_hp2_friend/data/mrDuc_data/Images/UzpfSTEwMDAwMDM2NjMwMzY2NTpWSzoyNTk5NTkzMzgxNjcxNTM4Ng==_0.jpg
/images/UzpfSTEwMDAwMDM2OTIxMDcyNTpWSzoyNTk3OTU0NDU3MTY4NzY0NA==_0.jpg	0.588269	combined_score_above_threshold	江頭綠暗紅稀。燕交飛。忽到當年行處、恨依依。灑清淚。嘆人事。與心違。滿酌玉壺花露、送春歸。今天的練習03	"江頭綠暗紅稀燕交飛忽省曾遊
怊悵瀟湘欸乃人歸人事與心違滿酌玉壺
花露送春歸
宋陸放翁鵲橋仙丙子春月之吉"	/mnt/Suran_database/Users/thanhthanh_workspace/Project/NLP_K35/xlnntn_hp2_friend/data/mrDuc_data/Images/UzpfSTEwMDAwMDM2OTIxMDcyNTpWSzoyNTk3OTU0NDU3MTY4NzY0NA==_0.jpg
/images/UzpfSTYxNTUxMDc1MDAwMTA3OlZLOjI1OTc3NDk0ODQ1MjI1OTUw_0.jpg	0.626714	combined_score_above_threshold	"李嶠《風》
解落三秋葉，能開二月花。
過江千尺浪，入竹萬竿斜。"	"解
落
三
秋
叶
能
开
二
月
花
过
江
千
尺
浪
入
竹
万
竿
斜
丙
子
春
深
书
于"	/mnt/Suran_database/Users/thanhthanh_workspace/Project/NLP_K35/xlnntn_hp2_friend/data/mrDuc_data/Images/UzpfSTYxNTUxMDc1MDAwMTA3OlZLOjI1OTc3NDk0ODQ1MjI1OTUw_0.jpg
/images/UzpfSTEwMDAwMDM2OTIxMDcyNTpWSzoyNTk4ODkwMTMzNDA4NTMwMQ==_0.jpg	1.0	one_text_contains_the_other	博雅達觀。今天的練習02	"博
雅
達
觀"	/mnt/Suran_database/Users/thanhthanh_workspace/Project/NLP_K35/xlnntn_hp2_friend/data/mrDuc_data/Images/UzpfSTEwMDAwMDM2OTIxMDcyNTpWSzoyNTk4ODkwMTMzNDA4NTMwMQ==_0.jpg
/images/UzpfSTEwMDAwMDM2OTIxMDcyNTpWSzoyNTk4ODg5OTE5NzQxODg0OA==_0.jpg	1.0	one_text_contains_the_other	衡山千疊翠，陽氣萬靈生。今天的練習01	"衡山千疊翠
陽氣萬靈生"	/mnt/Suran_database/Users/thanhthanh_workspace/Project/NLP_K35/xlnntn_hp2_friend/data/mrDuc_data/Images/UzpfSTEwMDAwMDM2OTIxMDcyNTpWSzoyNTk4ODg5OTE5NzQxODg0OA==_0.jpg
/images/UzpfSTEwMDAwMDM2OTIxMDcyNTpWSzoyNTk2OTMxOTg4OTM3Njc3OQ==_0.jpg	0.582196	combined_score_above_threshold	流水無情，潮到空城頭盡白。離歌一曲，怨殘陽，斷人腸。東風官柳舞雕牆。三十六宫花濺淚，春聲何處説興亡，燕雙雙。今天的練習03	"流水無情潮有信休向花前醉一
曲怨殘陽斷人腸東風官柳舞盼墻
三十六宮花渺漠春去春來何處說興亡
燕雙雙
宋辛稼軒西江月 丙午之書"	/mnt/Suran_database/Users/thanhthanh_workspace/Project/NLP_K35/xlnntn_hp2_friend/data/mrDuc_data/Images/UzpfSTEwMDAwMDM2OTIxMDcyNTpWSzoyNTk2OTMxOTg4OTM3Njc3OQ==_0.jpg
/images/UzpfSTEwMDAwMjgwNzA5MDE0OTpWSzoyNTk4OTY0MjM0NzM0NDUzMw==_0.jpg	0.777968	high_directional_coverage	"遊山西村
南宋-陸游

莫笑農家臘酒渾，豐年留客足雞豚。
山重水複疑無路，柳暗花明又一村。
簫鼓追隨春社近，衣冠簡樸古風存。
從今若許閒乘月，拄杖無時夜叩門。"	"莫笑農家臘酒渾豐年留客足鷄豚山重水
復疑無路柳暗花明又一村簫鼓追隨春社
近衣冠簡樸古風存从今若許閑乘月拄杖无
時夜叩门
陸游詩遊山西村丙子冬徐忠洋"	/mnt/Suran_database/Users/thanhthanh_workspace/Project/NLP_K35/xlnntn_hp2_friend/data/mrDuc_data/Images/UzpfSTEwMDAwMjgwNzA5MDE0OTpWSzoyNTk4OTY0MjM0NzM0NDUzMw==_0.jpg
/images/UzpfSTEwMDAwMDM2NjMwMzY2NTpWSzoyNTk4NjIyMTg3MTAxOTkxNA==_0.jpg	0.774291	high_directional_coverage	"2026-03-13週五
春江花月夜 
唐 張若虛 
09終
斜月沉沉藏海霧，
碣石瀟湘無限路。
不知乘月幾人歸，
落月搖情滿江樹。"	"斜月沉沉藏海霧
碣石瀟湘無限路
不知乘月幾人歸
落月搖情滿江樹
春江花月夜
丙午春
敬之"	/mnt/Suran_database/Users/thanhthanh_workspace/Project/NLP_K35/xlnntn_hp2_friend/data/mrDuc_data/Images/UzpfSTEwMDAwMDM2NjMwMzY2NTpWSzoyNTk4NjIyMTg3MTAxOTkxNA==_0.jpg
/images/UzpfSTEwMDAwMDM2OTIxMDcyNTpWSzoyNTk4ODkxMjc3NDA4NDE1Nw==_0.jpg	0.797719	high_directional_coverage	新春燕子還來至，一雙飛。 壘巢泥濕時時墜，涴人衣。 後園裏看百花發，香風拂綉戶金扉。 月照紗窗，恨依依。今天的練習03	"新春燕子還來時一雙飛去壘巢
泥濕時時隨院人衣後園裏百花
發香風拂綉戶金扉月照紗窗
恨依依
唐人毛文錫紗窗恨
丙午之春"	/mnt/Suran_database/Users/thanhthanh_workspace/Project/NLP_K35/xlnntn_hp2_friend/data/mrDuc_data/Images/UzpfSTEwMDAwMDM2OTIxMDcyNTpWSzoyNTk4ODkxMjc3NDA4NDE1Nw==_0.jpg
/images/UzpfSTEwMDAwODQwODMxNzg4NDpWSzoyNTk4NzA4OTcyNDI2NjQ2Mg==_0.jpg	0.281084	one_text_contains_the_other	**“頭城老街「新長興樹記」之 鳳凰 ，真的太瘦了~”**	"“頭城老街「新長興樹記」之 鳳凰 ，真的太瘦了~”
聊聊 頭城老街「新長興樹記」之門面裝置的 鳳凰 (圖3),這門面裝置
的 鳳凰 是描繪於磁材,「新長興樹記」 屋舍,地址:宜蘭縣頭城鎮和
平街121號,「新長興樹記」,為是 日治 昭和 時期完成的建築,其在從
事南北貨的店商房舍。在鳳凰,亦稱丹鳥、火鳥、鵽雞、威鳳,是中華
古代傳說之神鳥,在中華文化中的地位和龍相同,而圖徽常用來象徵祥
瑞和安泰,在漢代 韓嬰《韓詩外傳》中,對鳳凰的形象描述,書中說:
「夫鳳象,鴻(大雁)前,麟後,蛇頸而魚尾,龍紋而龜身,燕頷而雞
喙…………。」意思指出鳳凰的形象,前似大雁,後似麟,蛇的頸而魚的
尾,龍紋而龜身,燕的頷而雞的喙…………。在「新長興樹記」門面裝
置的 鳳凰 (圖3),對較《韓詩外傳》之鳳凰論,猜~有些地方要有思
考,在我向之最見特別的,我認為「新長興樹記」之門面裝置的 鳳凰 (圖
3),真搞的太瘦了~
影相:圖1.「新長興樹記」房舍;圖2.「新長興樹記」房舍;圖3.「新
長興樹記」之門面裝置的 鳳凰。
圖 1
圖 2
圖 3
“鳳凰”
鳳凰，亦稱丹鳥、火鳥、鵽雞、威鳳，是中國古代傳說之神鳥，
在中華文化中的地位和龍相同，而圖徽常用來象徵祥瑞和安泰。
在漢代 韓嬰《韓詩外傳》中，對鳳凰的形象、習性和瑞應有更詳
細的描述，書中說：「夫鳳象，鴻（大雁）前，麟後，蛇頸而魚
尾，龍紋而龜身，燕頷而雞喙、戴德、負仁、抱忠、挾義、小音
金，大音鼓，延頸奮翼，五彩備明，舉動八風，氣應時雨。食有
質，飲有儀，往即文始，來即嘉成，唯鳳為能通天祉，應地靈，
律五音，覽九德，天下有道，得鳳象之一，則風過之；得鳳象之
二，則烏翔之；得鳳象之三，則庶鳥集之；得鳳象之四，則萬物春
下之；得鳳象之五，則風沒身居之。」指出鳳凰的形象，前似大
雁，後似麟，蛇的頸而魚的尾，龍紋而龜身，燕的頷而雞的喙。
擔戴德仁，抱持忠義，聲音小像金，聲音大像鼓，伸長頭頸振起
翅膀，五彩燦爛，舉動八風，氣應時雨，吃食物有質品，喝水有
儀表，往即有文始，來即有嘉成，唯鳳為能通天賜福福祉，應山
川靈氣，來律音樂，看登九德優良品格，天下有道理，得取鳳凰
的形象之一，則是風過而吻；得取鳳凰的形象之二，則是鳳鳥翔；
得取鳳凰的形象之三，則眾鳥集聚；得取鳳凰的形象之四，則萬
物春季和秋季下；得取鳳凰的形象之五，則是鳳自身居住。
這段話，將鳳的頭、身、雞、尾、翅、喙等部位的特徵都描出
來了，歷代藝術品的鳳紋和造型，多以此為參照。
鳳凰"	/mnt/Suran_database/Users/thanhthanh_workspace/Project/NLP_K35/xlnntn_hp2_friend/data/mrDuc_data/Images/UzpfSTEwMDAwODQwODMxNzg4NDpWSzoyNTk4NzA4OTcyNDI2NjQ2Mg==_0.jpg
/images/UzpfSTEwMDAwMDM2OTIxMDcyNTpWSzoyNTk3OTU0MTc0ODM1NDU5Mw==_0.jpg	1.0	one_text_contains_the_other	寵辱不驚。今天的練習02	"寵
辱
不
驚"	/mnt/Suran_database/Users/thanhthanh_workspace/Project/NLP_K35/xlnntn_hp2_friend/data/mrDuc_data/Images/UzpfSTEwMDAwMDM2OTIxMDcyNTpWSzoyNTk3OTU0MTc0ODM1NDU5Mw==_0.jpg
/images/UzpfSTEwMDAwMDM2OTIxMDcyNTpWSzoyNTk3OTUzOTQxNTAyMTQ5Mw==_0.jpg	0.912088	high_directional_coverage	重器久聞陪業虡，和聲長是合弦匏。今天的練習01	"重器久聞陪業虞
和聲長是合弦匏"	/mnt/Suran_database/Users/thanhthanh_workspace/Project/NLP_K35/xlnntn_hp2_friend/data/mrDuc_data/Images/UzpfSTEwMDAwMDM2OTIxMDcyNTpWSzoyNTk3OTUzOTQxNTAyMTQ5Mw==_0.jpg
/images/UzpfSTEwMDA1MDU5Mjk1MDg2MzpWSzoyNTk3MDIxNzcyMjYyMDMyOQ==_0.jpg	0.610714	one_text_contains_the_other	"富貴飄香
60×60cm"	"富貴飄香
丙午年春月琉璃張"	/mnt/Suran_database/Users/thanhthanh_workspace/Project/NLP_K35/xlnntn_hp2_friend/data/mrDuc_data/Images/UzpfSTEwMDA1MDU5Mjk1MDg2MzpWSzoyNTk3MDIxNzcyMjYyMDMyOQ==_0.jpg
/images/UzpfSTEwMDAwMDM2OTIxMDcyNTpWSzoyNTk2MDgxMjg0Njg5NDE1MA==_0.jpg	1.0	one_text_contains_the_other	遠鷗浮水靜，輕燕受風斜。今天的練習01	"遠鷗浮水靜
輕燕受風斜"	/mnt/Suran_database/Users/thanhthanh_workspace/Project/NLP_K35/xlnntn_hp2_friend/data/mrDuc_data/Images/UzpfSTEwMDAwMDM2OTIxMDcyNTpWSzoyNTk2MDgxMjg0Njg5NDE1MA==_0.jpg
/images/UzpfSTEwMDAwMDM2NjMwMzY2NTpWSzoyNTk3ODUzODUwNTEyMTU4NA==_0.jpg	0.802002	high_directional_coverage	"2026-03-12週四
中華字經
075
私戀舊侶，好娃阿丹。
讚歎稱頌，宛若娥仙。
情投系姻，欲淨見緣。"	"私戀舊侶好娃
阿丹讚歎稱頌
宛若娥仙情投
系姻欲淨見緣
中華字經75丙午春書于臨摹"	/mnt/Suran_database/Users/thanhthanh_workspace/Project/NLP_K35/xlnntn_hp2_friend/data/mrDuc_data/Images/UzpfSTEwMDAwMDM2NjMwMzY2NTpWSzoyNTk3ODUzODUwNTEyMTU4NA==_0.jpg
/images/UzpfSTEwMDAwMzUzNjA0MTQ0NzpWSzoyNTg4MDg2ODYxMTU1NTI0MQ==_0.jpg	0.659969	combined_score_above_threshold	"行楷 網文聯句🙏☕😎

家有素風惟孝悌
世貽清澤在詩書"	"家有素風惟孝悌
世貽清澤在詩書
辛丑冬月于西安
伯紹"	/mnt/Suran_database/Users/thanhthanh_workspace/Project/NLP_K35/xlnntn_hp2_friend/data/mrDuc_data/Images/UzpfSTEwMDAwMzUzNjA0MTQ0NzpWSzoyNTg4MDg2ODYxMTU1NTI0MQ==_0.jpg
/images/UzpfSTEwMDAwMzI4NDg3MDY0MDpWSzoyNTk2Njk1ODgyOTYxMjg4NQ==_4.jpg	0.635435	high_directional_coverage	"王獻之的用筆真的跟王羲之的很不一樣⋯⋯

此作試著用墨色來潤韻一下王獻之的鵝群帖。

釋文：
獻之䓁再拜：不審海鹽諸捨上下動靜，比復常憂之。姊告無他事。崇虛劉道士鵞群並復歸也。獻之䓁當須向彼謝之。獻之等再拜。"	"羲之等再拜
不審海鹽
諸舍上下動靜
比復常憂
之姊告無他事
崇虛劉道
士鵝群首復歸也
獻之等當
得問便謝之
羲之等再拜"	/mnt/Suran_database/Users/thanhthanh_workspace/Project/NLP_K35/xlnntn_hp2_friend/data/mrDuc_data/Images/UzpfSTEwMDAwMzI4NDg3MDY0MDpWSzoyNTk2Njk1ODgyOTYxMjg4NQ==_4.jpg
/images/UzpfSTEwMDAwMDM2NjMwMzY2NTpWSzoyNTk2NjE0ODUwNjM2MDU4NA==_0.jpg	0.75048	combined_score_above_threshold	"2026-03-11週三
春江花月夜 
唐 張若虛 
08
昨夜閒潭夢落花，
可憐春半不還家。
江水流春去欲盡，
江潭落月復西斜。"	"昨夜閒潭夢落花
可憐春半不還家
江水流春去欲盡
江潭落月及西斜
春江花月夜丙申姜嬈書"	/mnt/Suran_database/Users/thanhthanh_workspace/Project/NLP_K35/xlnntn_hp2_friend/data/mrDuc_data/Images/UzpfSTEwMDAwMDM2NjMwMzY2NTpWSzoyNTk2NjE0ODUwNjM2MDU4NA==_0.jpg
/images/UzpfSTEwMDAwMDM2OTIxMDcyNTpWSzoyNTk2OTMxNTM5NjA0Mzg5NQ==_0.jpg	0.593977	combined_score_above_threshold	花下愁。月下愁。花落月明人在樓。斷腸春復秋。 從他休。任他休。如今青鸞不自由。看看天盡頭。今天的練習01	"花下愁月亦愁花落月照人在梅断肠
春復秋送他歸休任他懷如々春病不自
由看々天盡頭
宋張元幹長相思
丙午春月"	/mnt/Suran_database/Users/thanhthanh_workspace/Project/NLP_K35/xlnntn_hp2_friend/data/mrDuc_data/Images/UzpfSTEwMDAwMDM2OTIxMDcyNTpWSzoyNTk2OTMxNTM5NjA0Mzg5NQ==_0.jpg
/images/UzpfSTEwMDAwMDM2OTIxMDcyNTpWSzoyNTk2MDgxNTQ3Njg5Mzg4Nw==_0.jpg	1.0	one_text_contains_the_other	箕風畢雨。今天的練習02	箕風畢雨	/mnt/Suran_database/Users/thanhthanh_workspace/Project/NLP_K35/xlnntn_hp2_friend/data/mrDuc_data/Images/UzpfSTEwMDAwMDM2OTIxMDcyNTpWSzoyNTk2MDgxNTQ3Njg5Mzg4Nw==_0.jpg
/images/UzpfSTEwMDAwMzI4NDg3MDY0MDpWSzoyNTk1NDg1MjIyNDE1Njg3OQ==_2.jpg	0.595684	combined_score_above_threshold	"試著用筆墨宣洩杜甫詩句中那種世態炎涼的憤懣感..

翻手作雲覆手雨，
紛紛輕薄何須數。
君不見管鮑貧時交，
此道今人棄如土。
- 杜甫 貧交行

@ AI 背景效果圖"	"翻手作雲覆手雨
紛紛輕薄何須數
今人棄如土
右杜甫貧交行
丙子夏月"	/mnt/Suran_database/Users/thanhthanh_workspace/Project/NLP_K35/xlnntn_hp2_friend/data/mrDuc_data/Images/UzpfSTEwMDAwMzI4NDg3MDY0MDpWSzoyNTk1NDg1MjIyNDE1Njg3OQ==_2.jpg
/images/UzpfSTEwMDAwMDM2OTIxMDcyNTpWSzoyNTk2MDgxNzc4MDIyNjk5MA==_0.jpg	0.673306	high_directional_coverage	晚花露葉風條。燕飛高。行過長廊西畔、小紅橋。 歌再起，人再舞，酒才消。更把一杯重勸、摘櫻桃。今天的練習03	"晚花露葉風條燕飛高巧畫長廊
西畔小紅樓歌起人尋綠灑塵消更
把一杯重勸摘櫻桃
錄辛稼軒相見歡
丙午春月之吉"	/mnt/Suran_database/Users/thanhthanh_workspace/Project/NLP_K35/xlnntn_hp2_friend/data/mrDuc_data/Images/UzpfSTEwMDAwMDM2OTIxMDcyNTpWSzoyNTk2MDgxNzc4MDIyNjk5MA==_0.jpg
/images/UzpfSTEwMDAwMzI4NDg3MDY0MDpWSzoyNTk1NDg1MjIyNDE1Njg3OQ==_1.jpg	0.614175	combined_score_above_threshold	"試著用筆墨宣洩杜甫詩句中那種世態炎涼的憤懣感..

翻手作雲覆手雨，
紛紛輕薄何須數。
君不見管鮑貧時交，
此道今人棄如土。
- 杜甫 貧交行

@ AI 背景效果圖"	"翻手作雲覆手雨紛紛輕薄何須數
君不見管鮑貧時交此道今人棄如土
久素如玉
唐杜甫貧交行一首
丙申春月於谷中茶溪舍霖"	/mnt/Suran_database/Users/thanhthanh_workspace/Project/NLP_K35/xlnntn_hp2_friend/data/mrDuc_data/Images/UzpfSTEwMDAwMzI4NDg3MDY0MDpWSzoyNTk1NDg1MjIyNDE1Njg3OQ==_1.jpg
/images/UzpfSTEwMDAwNjk5OTg0Mzk5MjpWSzoyNTk1NTMzNTc4MDc3NTE5MA==_0.jpg	0.712463	high_directional_coverage	"書友早安舒心😃
習字塗鴉分享🙏
《城东早春》
作者：楊巨源
詩家清景在新春，綠柳才黃半未勻。
若待上林花似錦，出門俱是看花人。
✍️於:烘爐茶壺"	"詩
家
清
景
在
新
春
綠
柳
才
黃
半
未
勻
若
待
上
林
花
似
錦
出
門
俱
是
看
花
人
楊
巨
源
詩
揚
然"	/mnt/Suran_database/Users/thanhthanh_workspace/Project/NLP_K35/xlnntn_hp2_friend/data/mrDuc_data/Images/UzpfSTEwMDAwNjk5OTg0Mzk5MjpWSzoyNTk1NTMzNTc4MDc3NTE5MA==_0.jpg
/images/UzpfSTEwMDAwMDM2NjMwMzY2NTpWSzoyNTk1Nzk2ODIyNzE3ODYxMg==_0.jpg	0.831398	high_directional_coverage	"2026-03-10週二
中華字經
074
薄黛輕施，靚耀矯蓮。
服絹飾佩，繽綾繡緞。
雉翎並勃，婀娜妮曼。"	"薄
黛
輕
施
靚
耀
矯
蓮
服
絹
飾
佩
繽
綾
繡
緞
雉
翎
並
勃
婀
娜
妮
曼
中
華
字
經
參
丙
子
書"	/mnt/Suran_database/Users/thanhthanh_workspace/Project/NLP_K35/xlnntn_hp2_friend/data/mrDuc_data/Images/UzpfSTEwMDAwMDM2NjMwMzY2NTpWSzoyNTk1Nzk2ODIyNzE3ODYxMg==_0.jpg
/images/UzpfSTEwMDAwMDM2OTIxMDcyNTpWSzoyNTk1MTQyNDkwMTE2NjI3OA==_0.jpg	1.0	one_text_contains_the_other	積學儲寶。今天的練習02	"積
學
儲
寶"	/mnt/Suran_database/Users/thanhthanh_workspace/Project/NLP_K35/xlnntn_hp2_friend/data/mrDuc_data/Images/UzpfSTEwMDAwMDM2OTIxMDcyNTpWSzoyNTk1MTQyNDkwMTE2NjI3OA==_0.jpg
/images/UzpfSTEwMDAwNDE4MzAzOTE2MDpWSzoyNTk1MzEyMDUyMDk5NjcxNg==_0.jpg	0.453297	one_text_contains_the_other	厚德載物	"厚
德
載
物
天
健
子
自
不
地
坤
子
厚
載
行
君
以
彊
息
勢
君
㠯
德
物"	/mnt/Suran_database/Users/thanhthanh_workspace/Project/NLP_K35/xlnntn_hp2_friend/data/mrDuc_data/Images/UzpfSTEwMDAwNDE4MzAzOTE2MDpWSzoyNTk1MzEyMDUyMDk5NjcxNg==_0.jpg
/images/UzpfSTEwMDAwMDM2OTIxMDcyNTpWSzoyNTk1MTQyMjY3NDQ5OTgzNA==_0.jpg	0.923333	high_directional_coverage	香霧霏微冷光搖曳，白雲自在流水縈紆。今天的練習01	"香
霧
霏
微
冷
光
輝
曳
白
雲
自
在
流
水
縈
紆"	/mnt/Suran_database/Users/thanhthanh_workspace/Project/NLP_K35/xlnntn_hp2_friend/data/mrDuc_data/Images/UzpfSTEwMDAwMDM2OTIxMDcyNTpWSzoyNTk1MTQyMjY3NDQ5OTgzNA==_0.jpg
/images/UzpfSTEwMDAwMDM2OTIxMDcyNTpWSzoyNTk0MjI0NjMwMjA4NDEzOA==_0.jpg	1.0	one_text_contains_the_other	與萬卷詩書為友，留一根脊骨做人。今天的練習01	"與萬卷詩書為友
留一根脊骨做人"	/mnt/Suran_database/Users/thanhthanh_workspace/Project/NLP_K35/xlnntn_hp2_friend/data/mrDuc_data/Images/UzpfSTEwMDAwMDM2OTIxMDcyNTpWSzoyNTk0MjI0NjMwMjA4NDEzOA==_0.jpg
/images/UzpfSTEwMDAwODQwODMxNzg4NDpWSzoyNTk0OTQ0NDYyNDY5NzYzOQ==_0.jpg	0.301898	one_text_contains_the_other	**“國畫之有影和沒影”**	"“國畫之有影和沒影”
中國繪畫之有影子和沒影子，在自然事物之物體因光的關係是確實有光
與影的，在中國畫，想想，看歷朝代中國畫有影的表現之是為不多，
也許可談談有影和沒影之中畫。
在 元代 張中 臺北故宮博物院藏 的《枯荷鴛鴦圖》中在水面有見到 水
邊坡石 與 枯荷竿 的 倒影；宋代 臺北故宮博物院藏 的《乳鴨圖》
之畫面的物件 是沒見影之表示。
需向提之有二，一.中國畫的影之描繪，是於元代已經有；二.中國畫少
有光影的展現，算是一種藝術習慣。
圖：元代 張中 《枯荷鴛鴦圖》臺
北故宮博物院藏
圖：宋代 佚名 《乳鴨圖》
臺北故宮博物院藏"	/mnt/Suran_database/Users/thanhthanh_workspace/Project/NLP_K35/xlnntn_hp2_friend/data/mrDuc_data/Images/UzpfSTEwMDAwODQwODMxNzg4NDpWSzoyNTk0OTQ0NDYyNDY5NzYzOQ==_0.jpg
/images/UzpfSTEwMDAwMzUzNjA0MTQ0NzpWSzoyNTkzNjc3MjY0MjYzMTUwNA==_0.jpg	0.839884	high_directional_coverage	"行草 節 詩經 漢廣🙏☕😎

南有喬木 不可休思
漢有游女 不可求思
漢之廣矣 不可泳思
江之永矣 不可方思"	"南有喬木不可休思
漢有游女不可求思
漢之廣矣不可泳思
江之永矣不可方思
節詩經漢廣
己巳冬筆
伯融"	/mnt/Suran_database/Users/thanhthanh_workspace/Project/NLP_K35/xlnntn_hp2_friend/data/mrDuc_data/Images/UzpfSTEwMDAwMzUzNjA0MTQ0NzpWSzoyNTkzNjc3MjY0MjYzMTUwNA==_0.jpg
/images/UzpfSTEwMDAwMDM2OTIxMDcyNTpWSzoyNTk0MjI1NjYxMjA4MzEwNw==_0.jpg	0.645001	high_directional_coverage	庭樹霜凋，一夜愁人窗下睡。蕭幃風，蘭燭焰，夢遙遙。 金籠鸚鵡怨長宵，籠畔玉箏弦斷。隴頭雲，桃源路，兩魂銷。今天的練習03	"庭樹霜凋一夜愁人窗下睡蕭條風送
燭焰芳尊金籠麝鴨怨長宵笙猶吹玉
箏弦斷隴頭雲桃花源路雨魂銷
五代詞人馮延巳酒泉子丙子冬書"	/mnt/Suran_database/Users/thanhthanh_workspace/Project/NLP_K35/xlnntn_hp2_friend/data/mrDuc_data/Images/UzpfSTEwMDAwMDM2OTIxMDcyNTpWSzoyNTk0MjI1NjYxMjA4MzEwNw==_0.jpg
/images/UzpfSTY3MTc0OTU2NDpWSzoyNTkzNzkxMzcwNTg1MDczMQ==_2.jpg	0.256678	one_text_contains_the_other	"#金文 #青銅器拓片釋義 #中山王厝圓鼎 #中山三器 #不僅書法

《中山王▲圓鼎》（集成2840）（一般或用中山王「厝」）
***************************************************************
《中山王▲圓鼎》，正名《中山王▲鐵足銅鼎》，略稱《中山王圓鼎》為戰國時期「中山國」青銅禮器，1977年出土於河北省平山縣中山王▲墓，與《中山王▲方壺》《中山王妾子𧊒圓壺》並稱「中山三器」。
*「中山三器」：圓鼎、方壺/為▲中山王（厝）為主，圓壺（也稱為妾子𧊒圓壺、胤嗣壺）/為中山王「胤嗣」為告▲（厝）先王而鑄造的壺。
**********************************************************
《中山王▲圓鼎》通高51.5公分，最大直徑65.8公分，銅身鐵足，覆缽形蓋頂設三環鈕，是我國迄今發現最大的鐵足銅鼎。鼎身及蓋刻有469字銘文，是戰國青銅器中，字數僅次於西周《毛公鼎》的長銘。
《中山王▲圓鼎》《中山王▲方壺》的銘文內容相似，主要記載：讚頌「中山國」相邦「司馬賙」伐燕拓疆的功勳史實，並譴責燕王「噲」禪讓王位予燕相子之（臣主易位，逆天違人）致身死國亡。
*今據鼎、壺銘文，中山國的相邦司馬也率師參加了這次伐燕，並奪地數百里，城數十座。齊伐燕事發生在周慎靚王五年（前 316），鼎和壺的鑄造時間當在此後不久。並追溯「桓王至成王六代世系」，這填補了史籍對「中山國」王室記載的斷層。

銘文採用瘦硬勁挺的篆書，線條纖細工致，佈局嚴整，為研究戰國金文演變提供範例。器物採用銅、鐵複合鑄造工藝，原料系伐燕所獲「吉金」，反映戰國冶金技術革新，印證中山國鼎盛期的國力。現存中國河北省博物館。
****************************************************
拓片釋義：由於拓片（集成2840）的清晰不全，以360個人圖書館網友/河南/朝歌淇水悠悠/臨寫作品，拆分置入釋義。文字詳如下：
1）
隹（唯）十四年，中山王○詐（作）鼎，于銘曰：於（嗚）虖（呼）！語不○（廢）○（哉）？○（寡）人䎽（聞）之，蒦（與）其汋（溺）於人旃（也），寧汋（溺）於○淵。昔者郾（燕）君子徻（噲），叡（睿）弇（恰）夫㹳（悟）長，為人宗閈（幹）。於天下之勿（物）矣，猶粯（迷）惑於子之，
2）
而亡其邦，為天下戮。而皇（況）才（在）於少君乎？昔者○（吾）先考成王，○（早）棄羣臣，寡人○（幼）堹（童）未甬（通）。智隹（唯）俌（傅）㑄（姆）。氏（是）從天降休命于朕邦，又（有）氒（厥）忠臣，賈（賙）克○（順）克卑亡（無），不率仁敬，○（順）
3）
天德以佐右（佑）寡人使智。社稷之賃（任）臣宗之宜（義），夙夜不解（懈），以誘道寡人。含（今）舍方壯智天若否龠（論）其德省其行，亡（無）不順道。考厈（宅）厈隹（唯）型（刑）於（嗚）虖（呼）? 折○（哉）社稷其庶虖（乎）氒（厥）業才（在）
4）
祗寡人䎽（聞）之，事少女（如）長事（使）愚女（如）智此易言而難行旃（也）。非○（信）與忠其隹（誰）能之？唯○（吾）老賈（賙）是皮（彼）行之，於（嗚）虖（呼）? 攸（悠）○（哉）？天其又（有）型（刑）于哉？氒（厥）邦氏（是）以寡人○（委）賃（任）之邦，而去之遊
5）
亡（無）○（懅）惖（惕）之慮昔者吾先祖桓王、邵考、成王，身勤
社稷，行四方，以憂愁邦家。含（今）吾老賈（貯），親率參（三）軍之眾，以征不宜（義）之邦。奮桴䢅（振）鐸，闢（辟）啟封彊（疆），方數百里，列城數十。
6）
克㒀（敵）大邦，寡人庸其德，嘉其力，氏（是）以賜之氒（厥）命。隹（雖）又（有）死辠（罪），及參（三）世，亡（無）不若以明其德。庸其工（功），吾老賈（貯），奔走不聽命。寡懼其忽然不可㝵（得）憚憚○○〈忄業〉。恐損社稷之光，氏（是）
7）
以寡許之謀慮。皆從皮（彼）克又（有）工（功）智旃（也）。詒死辠（罪）之又（有）， 若智（知）為人臣之宜（義）旃（也），於（嗚）虖（呼）！念之哉！後人其庸之毋忘尔（爾）邦。昔者吳人並雩（越），人修教，備賃（任）五年，覆吳克並之，至于
8）
今。尔（爾）毋大而肆，毋富而喬（驕），毋眾而囂，○（鄰）邦難親，○（仇）人才（在）彷（旁）。於（嗚）虖（呼），念之哉！子子孫孫，永定保之，毋竝（替）氒（厥）邦。
****************************************************************
【銘文釋意】
唯十四年，中山王作鼎，於銘曰：嗚呼！語不廢哉？寡人聞之，與其溺於人也，甯溺於淵。昔者燕君子噲，睿恰夫吾長，為人宗幹。於天下之勿糾，猶迷惑於子之，而亡其邦，為天下戮。而皇在於少君乎？昔者吾先考成王，早棄群臣，寡人幼童未通。智唯傅。是從天降休命於朕邦，有厥忠臣，喜克順克卑亡，不率仁敬，順天德以佐右寡人使智。社稷之賃臣宗之義，夙夜不懈，以道寡人。今方壯智天其德省其行，亡不順道。考宅唯嗚呼？折哉社稷其庶乎厥業在只寡人聞之，事如長事愚如智此易言而難行也。非賃與忠其誰能之？其誰能之？唯吾老喜是克行之，嗚呼？攸哉？天其有於哉？厥邦是以寡人 賃之邦而去之遊無遽惕之慮昔者吾先祖桓王、邵考、成王，身勤社稷，行四方，以憂勞邦家。今吾老喜，親帥三軍之眾，以征不義之邦。奮桴振鐸，辟啟封疆，方數百里，列城數十。克敵大邦，寡人庸其德，嘉其力，是以賜之厥命。唯有死罪，及三世，不以明其德。庸其工，吾老喜，奔走不聽命。寡懼其忽然不可得憚憚。 恐損社稷之光，是以寡許之謀慮。 從克有工智也。詒死罪之有， 智為人臣之義也，嗚呼！念之哉！後人其庸之毋忘爾邦。昔者吳人並越，越人修教，備賃五年，覆吳克並之，至於今。爾毋大而肆，毋富而驕，毋眾而囂，鄰邦難親，仇人在旁。嗚呼，念之哉!子子孫孫，永定保之，毋替厥邦。
**********************************************"	中山王▲鐵足銅鼎	/mnt/Suran_database/Users/thanhthanh_workspace/Project/NLP_K35/xlnntn_hp2_friend/data/mrDuc_data/Images/UzpfSTY3MTc0OTU2NDpWSzoyNTkzNzkxMzcwNTg1MDczMQ==_2.jpg
/images/UzpfSTEwMDAwMDM2NjMwMzY2NTpWSzoyNTkzOTIzNTEzMjM4NTI1NQ==_0.jpg	0.682126	combined_score_above_threshold	"2026-03-08週日
中華字經
073
故謎梗概，版載登刊。
專題刪節，普遍瀏覽。
第十一課 妝扮16
沐浴潔身，梳妝喬扮。"	"故
謎
梗
概
版
載
登
刊
專
題
删
節
普
遍
瀏
覽
沐
浴
潔
身
梳
妝
喬
扮
中華字經乃丙午春煌臨之"	/mnt/Suran_database/Users/thanhthanh_workspace/Project/NLP_K35/xlnntn_hp2_friend/data/mrDuc_data/Images/UzpfSTEwMDAwMDM2NjMwMzY2NTpWSzoyNTkzOTIzNTEzMjM4NTI1NQ==_0.jpg
/images/UzpfSTY3MTc0OTU2NDpWSzoyNTkzNzkxMzcwNTg1MDczMQ==_3.jpg	0.256678	one_text_contains_the_other	"#金文 #青銅器拓片釋義 #中山王厝圓鼎 #中山三器 #不僅書法

《中山王▲圓鼎》（集成2840）（一般或用中山王「厝」）
***************************************************************
《中山王▲圓鼎》，正名《中山王▲鐵足銅鼎》，略稱《中山王圓鼎》為戰國時期「中山國」青銅禮器，1977年出土於河北省平山縣中山王▲墓，與《中山王▲方壺》《中山王妾子𧊒圓壺》並稱「中山三器」。
*「中山三器」：圓鼎、方壺/為▲中山王（厝）為主，圓壺（也稱為妾子𧊒圓壺、胤嗣壺）/為中山王「胤嗣」為告▲（厝）先王而鑄造的壺。
**********************************************************
《中山王▲圓鼎》通高51.5公分，最大直徑65.8公分，銅身鐵足，覆缽形蓋頂設三環鈕，是我國迄今發現最大的鐵足銅鼎。鼎身及蓋刻有469字銘文，是戰國青銅器中，字數僅次於西周《毛公鼎》的長銘。
《中山王▲圓鼎》《中山王▲方壺》的銘文內容相似，主要記載：讚頌「中山國」相邦「司馬賙」伐燕拓疆的功勳史實，並譴責燕王「噲」禪讓王位予燕相子之（臣主易位，逆天違人）致身死國亡。
*今據鼎、壺銘文，中山國的相邦司馬也率師參加了這次伐燕，並奪地數百里，城數十座。齊伐燕事發生在周慎靚王五年（前 316），鼎和壺的鑄造時間當在此後不久。並追溯「桓王至成王六代世系」，這填補了史籍對「中山國」王室記載的斷層。

銘文採用瘦硬勁挺的篆書，線條纖細工致，佈局嚴整，為研究戰國金文演變提供範例。器物採用銅、鐵複合鑄造工藝，原料系伐燕所獲「吉金」，反映戰國冶金技術革新，印證中山國鼎盛期的國力。現存中國河北省博物館。
****************************************************
拓片釋義：由於拓片（集成2840）的清晰不全，以360個人圖書館網友/河南/朝歌淇水悠悠/臨寫作品，拆分置入釋義。文字詳如下：
1）
隹（唯）十四年，中山王○詐（作）鼎，于銘曰：於（嗚）虖（呼）！語不○（廢）○（哉）？○（寡）人䎽（聞）之，蒦（與）其汋（溺）於人旃（也），寧汋（溺）於○淵。昔者郾（燕）君子徻（噲），叡（睿）弇（恰）夫㹳（悟）長，為人宗閈（幹）。於天下之勿（物）矣，猶粯（迷）惑於子之，
2）
而亡其邦，為天下戮。而皇（況）才（在）於少君乎？昔者○（吾）先考成王，○（早）棄羣臣，寡人○（幼）堹（童）未甬（通）。智隹（唯）俌（傅）㑄（姆）。氏（是）從天降休命于朕邦，又（有）氒（厥）忠臣，賈（賙）克○（順）克卑亡（無），不率仁敬，○（順）
3）
天德以佐右（佑）寡人使智。社稷之賃（任）臣宗之宜（義），夙夜不解（懈），以誘道寡人。含（今）舍方壯智天若否龠（論）其德省其行，亡（無）不順道。考厈（宅）厈隹（唯）型（刑）於（嗚）虖（呼）? 折○（哉）社稷其庶虖（乎）氒（厥）業才（在）
4）
祗寡人䎽（聞）之，事少女（如）長事（使）愚女（如）智此易言而難行旃（也）。非○（信）與忠其隹（誰）能之？唯○（吾）老賈（賙）是皮（彼）行之，於（嗚）虖（呼）? 攸（悠）○（哉）？天其又（有）型（刑）于哉？氒（厥）邦氏（是）以寡人○（委）賃（任）之邦，而去之遊
5）
亡（無）○（懅）惖（惕）之慮昔者吾先祖桓王、邵考、成王，身勤
社稷，行四方，以憂愁邦家。含（今）吾老賈（貯），親率參（三）軍之眾，以征不宜（義）之邦。奮桴䢅（振）鐸，闢（辟）啟封彊（疆），方數百里，列城數十。
6）
克㒀（敵）大邦，寡人庸其德，嘉其力，氏（是）以賜之氒（厥）命。隹（雖）又（有）死辠（罪），及參（三）世，亡（無）不若以明其德。庸其工（功），吾老賈（貯），奔走不聽命。寡懼其忽然不可㝵（得）憚憚○○〈忄業〉。恐損社稷之光，氏（是）
7）
以寡許之謀慮。皆從皮（彼）克又（有）工（功）智旃（也）。詒死辠（罪）之又（有）， 若智（知）為人臣之宜（義）旃（也），於（嗚）虖（呼）！念之哉！後人其庸之毋忘尔（爾）邦。昔者吳人並雩（越），人修教，備賃（任）五年，覆吳克並之，至于
8）
今。尔（爾）毋大而肆，毋富而喬（驕），毋眾而囂，○（鄰）邦難親，○（仇）人才（在）彷（旁）。於（嗚）虖（呼），念之哉！子子孫孫，永定保之，毋竝（替）氒（厥）邦。
****************************************************************
【銘文釋意】
唯十四年，中山王作鼎，於銘曰：嗚呼！語不廢哉？寡人聞之，與其溺於人也，甯溺於淵。昔者燕君子噲，睿恰夫吾長，為人宗幹。於天下之勿糾，猶迷惑於子之，而亡其邦，為天下戮。而皇在於少君乎？昔者吾先考成王，早棄群臣，寡人幼童未通。智唯傅。是從天降休命於朕邦，有厥忠臣，喜克順克卑亡，不率仁敬，順天德以佐右寡人使智。社稷之賃臣宗之義，夙夜不懈，以道寡人。今方壯智天其德省其行，亡不順道。考宅唯嗚呼？折哉社稷其庶乎厥業在只寡人聞之，事如長事愚如智此易言而難行也。非賃與忠其誰能之？其誰能之？唯吾老喜是克行之，嗚呼？攸哉？天其有於哉？厥邦是以寡人 賃之邦而去之遊無遽惕之慮昔者吾先祖桓王、邵考、成王，身勤社稷，行四方，以憂勞邦家。今吾老喜，親帥三軍之眾，以征不義之邦。奮桴振鐸，辟啟封疆，方數百里，列城數十。克敵大邦，寡人庸其德，嘉其力，是以賜之厥命。唯有死罪，及三世，不以明其德。庸其工，吾老喜，奔走不聽命。寡懼其忽然不可得憚憚。 恐損社稷之光，是以寡許之謀慮。 從克有工智也。詒死罪之有， 智為人臣之義也，嗚呼！念之哉！後人其庸之毋忘爾邦。昔者吳人並越，越人修教，備賃五年，覆吳克並之，至於今。爾毋大而肆，毋富而驕，毋眾而囂，鄰邦難親，仇人在旁。嗚呼，念之哉!子子孫孫，永定保之，毋替厥邦。
**********************************************"	中山王▲鐵足銅鼎	/mnt/Suran_database/Users/thanhthanh_workspace/Project/NLP_K35/xlnntn_hp2_friend/data/mrDuc_data/Images/UzpfSTY3MTc0OTU2NDpWSzoyNTkzNzkxMzcwNTg1MDczMQ==_3.jpg
/images/UzpfSTEwMDAwMDM2OTIxMDcyNTpWSzoyNTkzMzY1ODUyOTYwOTU4Mg==_0.jpg	0.62168	high_directional_coverage	窗間梅熟落蒂，牆下筍成出林。連雨不知春去，一晴方覺夏深。今天的練習0	"窗间梅熟落蒂墙下笋成出林连雨不知春去一晴
方觉夏深
宋人范成大诗喜晴
乙巳冬月之吉"	/mnt/Suran_database/Users/thanhthanh_workspace/Project/NLP_K35/xlnntn_hp2_friend/data/mrDuc_data/Images/UzpfSTEwMDAwMDM2OTIxMDcyNTpWSzoyNTkzMzY1ODUyOTYwOTU4Mg==_0.jpg
/images/UzpfSTEwMDAwMDM2NjMwMzY2NTpWSzoyNTkzMTI1MDU4MzE4MzcxMA==_0.jpg	0.753301	combined_score_above_threshold	"2026-03-07週六
春江花月夜 
唐 張若虛 
06
可憐樓上月徘徊，
應照離人妝鏡臺。
玉戶簾中卷不去，
擣衣砧上拂還來。"	"可憐樓上月徘徊
應照離人妝鏡臺
玉戶簾中卷不去
搗衣砧上拂還來
春江花月夜張若虛己未冬始澂"	/mnt/Suran_database/Users/thanhthanh_workspace/Project/NLP_K35/xlnntn_hp2_friend/data/mrDuc_data/Images/UzpfSTEwMDAwMDM2NjMwMzY2NTpWSzoyNTkzMTI1MDU4MzE4MzcxMA==_0.jpg
/images/UzpfSTEwMDAwNjgwMDEwNDc5MjpWSzoyNTkyOTg2NDcxMzMyMjI5Nw==_0.jpg	0.777525	high_directional_coverage	"春日習作：
朱熹的詠春日詩~ 
勝日尋芳泗水濱，無邊光景一時新。 等閒識得東風面，萬紫千紅總是春。 ."	"勝
日
尋
芳
泗
水
濱
無
邊
光
景
一
時
新
等
閒
識
得
東
風
面
萬
紫
千
紅
總
是
春
朱
熹
春
日
丙
子
冬
深
書"	/mnt/Suran_database/Users/thanhthanh_workspace/Project/NLP_K35/xlnntn_hp2_friend/data/mrDuc_data/Images/UzpfSTEwMDAwNjgwMDEwNDc5MjpWSzoyNTkyOTg2NDcxMzMyMjI5Nw==_0.jpg
/images/UzpfSTEwMDAwMDM2OTIxMDcyNTpWSzoyNTkyNDYzMTQyNzE3ODk1OQ==_0.jpg	1.0	one_text_contains_the_other	至天松不屈，無人蘭自香。今天的練習01	"至天松不屈
無人蘭自香"	/mnt/Suran_database/Users/thanhthanh_workspace/Project/NLP_K35/xlnntn_hp2_friend/data/mrDuc_data/Images/UzpfSTEwMDAwMDM2OTIxMDcyNTpWSzoyNTkyNDYzMTQyNzE3ODk1OQ==_0.jpg
/images/UzpfSTEwMDAwMDM2OTIxMDcyNTpWSzoyNTkyNDYzNjc3NzE3ODQyNA==_0.jpg	0.582719	combined_score_above_threshold	短長亭子短長橋，橋外垂楊一萬條。那回臨別兩魂銷，恨迢迢，雙槳春風打暮潮。今天的練習03	"短長亭子短長橋
外垂楊一萬條
那回相送最魂銷
恨道幾時東風
打著歸
清錢枚憶王孫
丙午春月"	/mnt/Suran_database/Users/thanhthanh_workspace/Project/NLP_K35/xlnntn_hp2_friend/data/mrDuc_data/Images/UzpfSTEwMDAwMDM2OTIxMDcyNTpWSzoyNTkyNDYzNjc3NzE3ODQyNA==_0.jpg
/images/UzpfSTEwMDAwMjgwNzA5MDE0OTpWSzoyNTkxNDc2Mzg5NDgzMjM3OQ==_0.jpg	0.8961	high_directional_coverage	"送別
民國-李叔同

長亭外，古道邊，芳草碧連天。

晚風拂柳笛聲殘，夕陽山外山。

天之涯，地之角，知交半零落。

一壺濁酒盡餘歡，今宵別夢寒。"	"長亭外古道邊芳草碧連天晚風拂柳
笛聲殘夕陽山外山天之涯地之角知交半
零落一壺濁酒盡餘歡今宵別夢寒
李叔同送別
徐志洋"	/mnt/Suran_database/Users/thanhthanh_workspace/Project/NLP_K35/xlnntn_hp2_friend/data/mrDuc_data/Images/UzpfSTEwMDAwMjgwNzA5MDE0OTpWSzoyNTkxNDc2Mzg5NDgzMjM3OQ==_0.jpg
/images/UzpfSTEwMDAwMDM2OTIxMDcyNTpWSzoyNTg5NjE3NzM0NjY5MTAzNA==_0.jpg	0.885417	one_text_contains_the_other	朱雀橋邊野草花，烏衣巷口夕陽斜。 舊時王謝堂前燕，飛入尋常百姓家。今天的練習01	"朱雀橋邊野草花烏衣巷口夕陽斜舊時王謝
堂前燕飛入尋常百姓家
唐劉禹錫詩丙子春吉峰"	/mnt/Suran_database/Users/thanhthanh_workspace/Project/NLP_K35/xlnntn_hp2_friend/data/mrDuc_data/Images/UzpfSTEwMDAwMDM2OTIxMDcyNTpWSzoyNTg5NjE3NzM0NjY5MTAzNA==_0.jpg
/images/UzpfSTEwMDAwMDM2NjMwMzY2NTpWSzoyNTkyMTQzNDkwNzQ5ODYxMQ==_0.jpg	0.831398	high_directional_coverage	"2026-03-06週五
中華字經
072
翻譯授課，考究鑽研。
錯誤耽擱，猶豫豈敢。
校訛編輯，頁稿匯篇。"	"翻
譯
授
課
考
究
鑽
研
錯
誤
耽
擱
猶
豫
豈
敢
校
訛
編
輯
頁
稿
匯
篇
中華字經馮志傑書"	/mnt/Suran_database/Users/thanhthanh_workspace/Project/NLP_K35/xlnntn_hp2_friend/data/mrDuc_data/Images/UzpfSTEwMDAwMDM2NjMwMzY2NTpWSzoyNTkyMTQzNDkwNzQ5ODYxMQ==_0.jpg
/images/UzpfSTEwMDAwMDM2OTIxMDcyNTpWSzoyNTkxNTQwNTU1ODEwMTU0Ng==_0.jpg	1.0	one_text_contains_the_other	憑高眺遠。今天的練習02	"憑
高
眺
遠"	/mnt/Suran_database/Users/thanhthanh_workspace/Project/NLP_K35/xlnntn_hp2_friend/data/mrDuc_data/Images/UzpfSTEwMDAwMDM2OTIxMDcyNTpWSzoyNTkxNTQwNTU1ODEwMTU0Ng==_0.jpg
/images/UzpfSTEwMDAwMDM2OTIxMDcyNTpWSzoyNTkxNTM5NTAwNDc2OTI2OA==_0.jpg	0.671111	combined_score_above_threshold	東風吹地暖，春水接天長。今天的練習01	"東
風
吹
地
暖
春
冰
釋
天
兵"	/mnt/Suran_database/Users/thanhthanh_workspace/Project/NLP_K35/xlnntn_hp2_friend/data/mrDuc_data/Images/UzpfSTEwMDAwMDM2OTIxMDcyNTpWSzoyNTkxNTM5NTAwNDc2OTI2OA==_0.jpg
/images/UzpfSTE1MDcxMzU5NTI6Vks6MjU5MTE1NDE2NDg0ODc5Mzc=_0.jpg	0.744902	high_directional_coverage	丙午第三節氣	"丙午年第三節氣
驚
蟄
贤仁"	/mnt/Suran_database/Users/thanhthanh_workspace/Project/NLP_K35/xlnntn_hp2_friend/data/mrDuc_data/Images/UzpfSTE1MDcxMzU5NTI6Vks6MjU5MTE1NDE2NDg0ODc5Mzc=_0.jpg
/images/UzpfSTEwMDAwMDM2OTIxMDcyNTpWSzoyNTkwNTc2MDcyOTA2NjAyOQ==_0.jpg	1.0	one_text_contains_the_other	風生水起。今天的練習0	風生水起	/mnt/Suran_database/Users/thanhthanh_workspace/Project/NLP_K35/xlnntn_hp2_friend/data/mrDuc_data/Images/UzpfSTEwMDAwMDM2OTIxMDcyNTpWSzoyNTkwNTc2MDcyOTA2NjAyOQ==_0.jpg
/images/UzpfSTEwMDAwMDM2NjMwMzY2NTpWSzoyNTkxMTkzNzU4MTc4MTY3Nw==_0.jpg	0.769568	combined_score_above_threshold	"2026-03-05週四
春江花月夜 
唐 張若虛 
05
白雲一片去悠悠，
青楓浦上不勝愁。
誰家今夜扁舟子，
何處相思明月樓？"	"白雲一片去悠悠
青楓浦上不勝愁
誰家今夜扁舟子
何處相思明月樓
春江花月夜庚子春啓華書"	/mnt/Suran_database/Users/thanhthanh_workspace/Project/NLP_K35/xlnntn_hp2_friend/data/mrDuc_data/Images/UzpfSTEwMDAwMDM2NjMwMzY2NTpWSzoyNTkxMTkzNzU4MTc4MTY3Nw==_0.jpg
/images/UzpfSTEwMDAwODM1NTAzOTc2MDpWSzoyNTkxMDI5NzA3MTk0NTcyOA==_0.jpg	0.725763	high_directional_coverage	"元宵節雨
王利新

元夕瀟瀟雨未休，天涯孤客滯西洲。
泥途葉落凝眸樹，雪盡寒消隱月樓。
忍看殘雲遮舊徑，忽聞徵雁過平丘。
何時得借東風便，一夜飛歸到故疇。"	"元夕濛濛雨
未休天涯
孤客滯西
河泥途
葉落遊眸
掛雪盡寒
消隱月樓
忍看殘雲逝
舊徑忽聞
激雁過平丘
何時得借東
風便一隻
飛歸到
故疇
癸亥初冬月
紅明書于北"	/mnt/Suran_database/Users/thanhthanh_workspace/Project/NLP_K35/xlnntn_hp2_friend/data/mrDuc_data/Images/UzpfSTEwMDAwODM1NTAzOTc2MDpWSzoyNTkxMDI5NzA3MTk0NTcyOA==_0.jpg
/images/UzpfSTEwMDAwOTU5NjQwODMyMzpWSzoyNTkxMDIxNDI2ODYyMDY3NQ==_0.jpg	0.777866	high_directional_coverage	取自曹操短歌行:月明星稀,烏鵲南飛,繞樹三匝,何枝可依!謝謝!	"月
明
星
稀
烏
鵲
南
飛
繞
樹
三
匝
何
枝
可
依
宣書"	/mnt/Suran_database/Users/thanhthanh_workspace/Project/NLP_K35/xlnntn_hp2_friend/data/mrDuc_data/Images/UzpfSTEwMDAwOTU5NjQwODMyMzpWSzoyNTkxMDIxNDI2ODYyMDY3NQ==_0.jpg
/images/UzpfSTEwMDA4MTQ5Nzk3NTM4MTpWSzoyNTkxMDgyMTQ3NTIyNjYyMQ==_0.jpg	0.635641	one_text_contains_the_other	無我茶禪。	"無我茶禪
庚子大雪丁明祥"	/mnt/Suran_database/Users/thanhthanh_workspace/Project/NLP_K35/xlnntn_hp2_friend/data/mrDuc_data/Images/UzpfSTEwMDA4MTQ5Nzk3NTM4MTpWSzoyNTkxMDgyMTQ3NTIyNjYyMQ==_0.jpg
/images/UzpfSTEwMDAwMDM2OTIxMDcyNTpWSzoyNTkwNTc1ODYwMjM5OTU3NQ==_0.jpg	0.912088	high_directional_coverage	一尺輪囷霜蟹美，十分瀲灔社醅濃。今天的練習01	"一尺輪囷霜蟹美
十分瀲灩社醅濃"	/mnt/Suran_database/Users/thanhthanh_workspace/Project/NLP_K35/xlnntn_hp2_friend/data/mrDuc_data/Images/UzpfSTEwMDAwMDM2OTIxMDcyNTpWSzoyNTkwNTc1ODYwMjM5OTU3NQ==_0.jpg
/images/UzpfSTEwMDAwMDM2OTIxMDcyNTpWSzoyNTkwNTc2MzQ0NTczMjQyNA==_0.jpg	0.616039	high_directional_coverage	金井墮高梧，玉殿籠斜月。 永巷寂無人，斂態愁堪絕。 玉爐寒，香燼滅，還似君恩歇。 翠輦不歸來，幽恨將誰說。今天的練習03	"金井隨高梧玉殿籠斜月永巷深
無人斂態愁堪绝玉爐寒香緒減
還以君恩斷翠輦不逢来画恨将
誰說
五代词人孙光宪生查子丙子之書"	/mnt/Suran_database/Users/thanhthanh_workspace/Project/NLP_K35/xlnntn_hp2_friend/data/mrDuc_data/Images/UzpfSTEwMDAwMDM2OTIxMDcyNTpWSzoyNTkwNTc2MzQ0NTczMjQyNA==_0.jpg
/images/UzpfSTEwMDAwNDE4MzAzOTE2MDpWSzoyNTkwNTgxMTY3OTA2MDkzNA==_0.jpg	0.881832	high_directional_coverage	唯願花常開人常 一生知己永不相負	"唯
願
答
常
開
人
常
在
一
生
知
己
永
不
相
負"	/mnt/Suran_database/Users/thanhthanh_workspace/Project/NLP_K35/xlnntn_hp2_friend/data/mrDuc_data/Images/UzpfSTEwMDAwNDE4MzAzOTE2MDpWSzoyNTkwNTgxMTY3OTA2MDkzNA==_0.jpg
/images/UzpfSTEwMDAwMDM2OTIxMDcyNTpWSzoyNTg5NjE3OTQ0MDAyNDE1OA==_0.jpg	1.0	one_text_contains_the_other	劍膽琴心。今天的練習02	"劍
膽
琴
心"	/mnt/Suran_database/Users/thanhthanh_workspace/Project/NLP_K35/xlnntn_hp2_friend/data/mrDuc_data/Images/UzpfSTEwMDAwMDM2OTIxMDcyNTpWSzoyNTg5NjE3OTQ0MDAyNDE1OA==_0.jpg
/images/UzpfSTEwMDAwMDM2NjMwMzY2NTpWSzoyNTkwNDUyMzEzNTg1NjQ1NQ==_0.jpg	0.74287	high_directional_coverage	"2026-03-04週三
中華字經
071
畝噸鈞斤，個拾佰仟。
尺寸釐秒，每隻億半。
第十課 治學12
謠決淆或，是非確斷。"	"畝
噸
鈞
斤
個
拾
佰
仟
尺
寸
釐
秒
每
隻
億
半
謠
決
清
或
是
非
確
斷
中華字經
丙戌春"	/mnt/Suran_database/Users/thanhthanh_workspace/Project/NLP_K35/xlnntn_hp2_friend/data/mrDuc_data/Images/UzpfSTEwMDAwMDM2NjMwMzY2NTpWSzoyNTkwNDUyMzEzNTg1NjQ1NQ==_0.jpg
/images/UzpfSTY3MTc0OTU2NDpWSzoyNTkwMDA0NTQyOTYzNzU1OQ==_0.jpg	0.581508	combined_score_above_threshold	"【篆書練習】是三行金石文字形/韓紅/回家(終)/不僅書法

天上星星排成行，在目送孩子回家鄉；

林木健朗，風雪逐浪，年輕的生命在路上。

人間歲月山水長，是熱血讓青春閃光。

天涯滾燙，落日金黃，

孩子的牽掛，永遠是家鄉。

*************************************************

摘錄/韓紅《回家》歌曲（三）終

詞：陳曦

曲：董冬冬

原始音樂著作公司：上海冬曦音樂文化傳播有限公司

代理音樂著作公司：天津光合世紀文化有限公司"	"天上星星排行，在目送孩子回家鄉；
林木健朗，風雪逐浪，年輕的生命在路上。
人間歲月山水長，是熱血讓青春閃光。
天涯滾燙，落日金黃，
孩子的牽掛，永遠是家鄉。
摘錄：韓紅《回家》歌曲 (三) 終
詞：陳曦
曲：董冬冬
天
上
星
星
排
行
在
目
送
孩
子
回
家
鄉
林
木
健
朗
風
雪
逐
浪
年
輕
的
生
命
在
路
上
人
間
月
山
水
長
是
熱
血
讓
青
春
閃
光
天
涯
滾
燙
落
日
金
黃
孩
子
的
牽
掛
永
遠
是
家
鄉"	/mnt/Suran_database/Users/thanhthanh_workspace/Project/NLP_K35/xlnntn_hp2_friend/data/mrDuc_data/Images/UzpfSTY3MTc0OTU2NDpWSzoyNTkwMDA0NTQyOTYzNzU1OQ==_0.jpg
/images/UzpfSTEwMDAwMDM2OTIxMDcyNTpWSzoyNTg5NjE4MjExMzM1NzIyNA==_0.jpg	0.765387	high_directional_coverage	春病與春愁，何事年年有。半為枕前人，半為花間酒。醉金尊，摧玉手，共作鴛鴦偶。倒載臥雲屏，雪面腰如柳。今天的練習03	"春病與春愁何事年年有半為
意中人半為花間酒金尊攜玉手
共作鴛鴦侶偶載臥雲屏雪面腰
如柳
五代詞人孫光憲生查子
丙午冬書"	/mnt/Suran_database/Users/thanhthanh_workspace/Project/NLP_K35/xlnntn_hp2_friend/data/mrDuc_data/Images/UzpfSTEwMDAwMDM2OTIxMDcyNTpWSzoyNTg5NjE4MjExMzM1NzIyNA==_0.jpg
/images/UzpfSTEwMDAwMzI4NDg3MDY0MDpWSzoyNTkwMTExOTA3OTUzMDE5NA==_2.jpg	0.60737	combined_score_above_threshold	"公道世間唯白髮…
再寫三年前寫過的，確實白頭了不少。

無媒徑路草蕭蕭，
自古雲林遠市朝。
公道世間唯白髮，
貴人頭上不曾饒。
-杜牧"	"無媒徑路草蕭蕭，自古雲林遠市朝
公道世間唯有白髮貴人頭上
不曾饒
庚子仲春臨晉人筆意於碧雲庄"	/mnt/Suran_database/Users/thanhthanh_workspace/Project/NLP_K35/xlnntn_hp2_friend/data/mrDuc_data/Images/UzpfSTEwMDAwMzI4NDg3MDY0MDpWSzoyNTkwMTExOTA3OTUzMDE5NA==_2.jpg
/images/UzpfSTEwMDAwMDM2OTIxMDcyNTpWSzoyNTg4NjU5ODcwNzY0ODg5OA==_0.jpg	1.0	one_text_contains_the_other	壯志凌雲。今天的練習02	"壯
志
凌
雲"	/mnt/Suran_database/Users/thanhthanh_workspace/Project/NLP_K35/xlnntn_hp2_friend/data/mrDuc_data/Images/UzpfSTEwMDAwMDM2OTIxMDcyNTpWSzoyNTg4NjU5ODcwNzY0ODg5OA==_0.jpg
/images/UzpfSTYxNTUwNzMzODg2Njg0OlZLOjI1ODkyMjcxNjA3MDgxNjA4_0.jpg	0.902679	one_text_contains_the_other	六畜興旺人平安	"Today.
興
旺
vivo V40
六畜興旺人平安
1/50s ISO1228
2026/03/03 11:03"	/mnt/Suran_database/Users/thanhthanh_workspace/Project/NLP_K35/xlnntn_hp2_friend/data/mrDuc_data/Images/UzpfSTYxNTUwNzMzODg2Njg0OlZLOjI1ODkyMjcxNjA3MDgxNjA4_0.jpg
/images/UzpfSTE0MTMwNjQ0MjY6Vks6MjU4OTM0NTQzOTAyOTY2NjM=_0.jpg	0.743318	high_directional_coverage	老去又逢新嵗月  春来更有好花枝  （元宵习書法）	"花去又逢新岁月
春来更有好花枝"	/mnt/Suran_database/Users/thanhthanh_workspace/Project/NLP_K35/xlnntn_hp2_friend/data/mrDuc_data/Images/UzpfSTE0MTMwNjQ0MjY6Vks6MjU4OTM0NTQzOTAyOTY2NjM=_0.jpg
/images/UzpfSTEwMDAwMjgwNzA5MDE0OTpWSzoyNTg4NjQ4MDEwNzY2MDc1OA==_0.jpg	0.626991	high_directional_coverage	"不知明月為誰好
時有落花隨我行"	"不知明月爲誰好
时有落花随我行
丙子三春徐东洋"	/mnt/Suran_database/Users/thanhthanh_workspace/Project/NLP_K35/xlnntn_hp2_friend/data/mrDuc_data/Images/UzpfSTEwMDAwMjgwNzA5MDE0OTpWSzoyNTg4NjQ4MDEwNzY2MDc1OA==_0.jpg
/images/UzpfSTEwMDAwMDM2OTIxMDcyNTpWSzoyNTg4NjU5NjUzNDMxNTc4Mg==_0.jpg	0.912088	high_directional_coverage	更捲碧筩嫌戶窄，貪看紅葉到門遲。今天的練習01	"更
捲
碧
簾
嫌
戶
窄
貪
看
紅
葉
到
門
遲"	/mnt/Suran_database/Users/thanhthanh_workspace/Project/NLP_K35/xlnntn_hp2_friend/data/mrDuc_data/Images/UzpfSTEwMDAwMDM2OTIxMDcyNTpWSzoyNTg4NjU5NjUzNDMxNTc4Mg==_0.jpg
/images/UzpfSTYxNTU1OTE1NjczMjIxOlZLOjI1ODg0NjYzMDU0NTA5MTMw_5.jpg	0.691111	one_text_contains_the_other	吳平（堪白刻畫留痕）手拓印譜：官網🔗https://www.midabookweb.com	堪白刻畫留痕	/mnt/Suran_database/Users/thanhthanh_workspace/Project/NLP_K35/xlnntn_hp2_friend/data/mrDuc_data/Images/UzpfSTYxNTU1OTE1NjczMjIxOlZLOjI1ODg0NjYzMDU0NTA5MTMw_5.jpg
/images/UzpfSTYxNTU1OTE1NjczMjIxOlZLOjI1ODg0NjYzMDU0NTA5MTMw_7.jpg	0.691111	one_text_contains_the_other	吳平（堪白刻畫留痕）手拓印譜：官網🔗https://www.midabookweb.com	堪白刻畫留痕	/mnt/Suran_database/Users/thanhthanh_workspace/Project/NLP_K35/xlnntn_hp2_friend/data/mrDuc_data/Images/UzpfSTYxNTU1OTE1NjczMjIxOlZLOjI1ODg0NjYzMDU0NTA5MTMw_7.jpg
/images/UzpfSTEwMDAwMDM2OTIxMDcyNTpWSzoyNTg3NzU5NzQ4ODU0OTAyMA==_0.jpg	1.0	one_text_contains_the_other	難得糊塗。今天的練習02	難得糊塗	/mnt/Suran_database/Users/thanhthanh_workspace/Project/NLP_K35/xlnntn_hp2_friend/data/mrDuc_data/Images/UzpfSTEwMDAwMDM2OTIxMDcyNTpWSzoyNTg3NzU5NzQ4ODU0OTAyMA==_0.jpg
/images/UzpfSTEwMDAwMzUzNjA0MTQ0NzpWSzoyNTg3MTgxNDM3OTEyNzMzMQ==_0.jpg	0.706053	high_directional_coverage	"行楷 錄 網文🙏☕😎

棲息綠陰舒浩氣
乘時奮翼任凌霄"	"棲息綠陰舒浩氣
乘時奮翼任凌霄
丙戌之大雪
伯敏"	/mnt/Suran_database/Users/thanhthanh_workspace/Project/NLP_K35/xlnntn_hp2_friend/data/mrDuc_data/Images/UzpfSTEwMDAwMzUzNjA0MTQ0NzpWSzoyNTg3MTgxNDM3OTEyNzMzMQ==_0.jpg
/images/UzpfSTEwMDAwMDM2OTIxMDcyNTpWSzoyNTg2ODkxNDc1Mjc1MDYyNw==_0.jpg	0.681308	high_directional_coverage	雨水洗春容，平田已見龍。祭魚盈浦嶼，歸雁過山峰。雲色輕還重，風光淡濃。向春入二月，花色影重重。今天的練習0	"雨水洗春寒平田已見獺祭魚盈
溫嶼遙看近山峰雲色輕還重
風光淡又濃向春入二月花色新重、
歲次穎治雨水節月中丙午春月"	/mnt/Suran_database/Users/thanhthanh_workspace/Project/NLP_K35/xlnntn_hp2_friend/data/mrDuc_data/Images/UzpfSTEwMDAwMDM2OTIxMDcyNTpWSzoyNTg2ODkxNDc1Mjc1MDYyNw==_0.jpg
/images/UzpfSTEwMDAwMDM2OTIxMDcyNTpWSzoyNTg2ODkwODMxNjA4NDYwNA==_0.jpg	1.0	one_text_contains_the_other	天道酬勤。今天的練習02	"天
道
酬
勤"	/mnt/Suran_database/Users/thanhthanh_workspace/Project/NLP_K35/xlnntn_hp2_friend/data/mrDuc_data/Images/UzpfSTEwMDAwMDM2OTIxMDcyNTpWSzoyNTg2ODkwODMxNjA4NDYwNA==_0.jpg
/images/UzpfSTYzMjkwODMwNTpWSzoyNTg3NzM4NDAzMTkwMzY5OQ==_2.jpg	0.58597	combined_score_above_threshold	"苏轼【江城子·密州出猎】
老夫聊发少年狂，左牵黄，右擎苍，锦帽貂裘，千骑卷平冈。为报倾城随太守，亲射虎，看孙郎。酒酣胸胆尚开张，鬓微霜，又何妨？持节云中，何日遣冯唐？会挽雕弓如满月，西北望，射天狼。"	"老夫聊發少年狂左牽黃右擎蒼
錦帽貂裘千騎卷平岡為報傾城隨太
守親射虎看孫郎酒酣胸膽尚開
張鬢微霜又何妨持節雲中何
日遣馮唐會挽雕弓如滿月西北
望射天狼
蘇軾江城子密州出獵丙申年冬月書"	/mnt/Suran_database/Users/thanhthanh_workspace/Project/NLP_K35/xlnntn_hp2_friend/data/mrDuc_data/Images/UzpfSTYzMjkwODMwNTpWSzoyNTg3NzM4NDAzMTkwMzY5OQ==_2.jpg
/images/UzpfSTYzMjkwODMwNTpWSzoyNTg3NzM4NDAzMTkwMzY5OQ==_0.jpg	0.58597	combined_score_above_threshold	"苏轼【江城子·密州出猎】
老夫聊发少年狂，左牵黄，右擎苍，锦帽貂裘，千骑卷平冈。为报倾城随太守，亲射虎，看孙郎。酒酣胸胆尚开张，鬓微霜，又何妨？持节云中，何日遣冯唐？会挽雕弓如满月，西北望，射天狼。"	"老夫聊發少年狂左牽黃右擎蒼
錦帽貂裘千騎卷平岡為報傾城隨太
守親射虎看孫郎酒酣胸膽尚開
張鬢微霜又何妨持節雲中何日
遣馮唐會挽雕弓如滿月西北望
射天狼
蘇軾江城子密州出獵丙午春德忠書"	/mnt/Suran_database/Users/thanhthanh_workspace/Project/NLP_K35/xlnntn_hp2_friend/data/mrDuc_data/Images/UzpfSTYzMjkwODMwNTpWSzoyNTg3NzM4NDAzMTkwMzY5OQ==_0.jpg
/images/UzpfSTYzMjkwODMwNTpWSzoyNTg3NzM4NDAzMTkwMzY5OQ==_1.jpg	0.795878	high_directional_coverage	"苏轼【江城子·密州出猎】
老夫聊发少年狂，左牵黄，右擎苍，锦帽貂裘，千骑卷平冈。为报倾城随太守，亲射虎，看孙郎。酒酣胸胆尚开张，鬓微霜，又何妨？持节云中，何日遣冯唐？会挽雕弓如满月，西北望，射天狼。"	"老
夫
聊
发
少
年
狂
锦
帽
貂
裘
千
骑
卷
平
冈
为
为
报
倾
城
随
太
守
亲
射
虎
看
孙
郎
酒
酣
胸
胆
尚
开
张
鬓
微
霜
又
何
妨
持
节
云
中
何"	/mnt/Suran_database/Users/thanhthanh_workspace/Project/NLP_K35/xlnntn_hp2_friend/data/mrDuc_data/Images/UzpfSTYzMjkwODMwNTpWSzoyNTg3NzM4NDAzMTkwMzY5OQ==_1.jpg
/images/UzpfSTEwMDAwMjgwNzA5MDE0OTpWSzoyNTg2NjgzMzU2OTYyNTQxMg==_0.jpg	0.648771	high_directional_coverage	"一念放下
萬般自在"	"丙午年春
一切放下
萬般自在
徐忠洋"	/mnt/Suran_database/Users/thanhthanh_workspace/Project/NLP_K35/xlnntn_hp2_friend/data/mrDuc_data/Images/UzpfSTEwMDAwMjgwNzA5MDE0OTpWSzoyNTg2NjgzMzU2OTYyNTQxMg==_0.jpg
/images/UzpfSTEwMDAwMDM2OTIxMDcyNTpWSzoyNTg3NzYwMDU4MTg4MjA0NA==_0.jpg	0.837166	high_directional_coverage	秋風悽切傷離，行客未歸時。塞外草先衰，江南雁到遲。芙蓉凋嫩臉，楊柳墮新眉。搖落使人悲，斷腸誰得知。今天的練習03	"秋
風
悽
切
傷
離
行
客
未
遇
時
塞
外
草
先
衰
江
南
雁
到
遲
芙
蓉
凋
嫩
臉
楊
柳
隨
新
眉
搖
落
使
人
悲
愁
腸
誰
誰
得
知
唐
溫
如
詩
玉
蟬
丙
午
書"	/mnt/Suran_database/Users/thanhthanh_workspace/Project/NLP_K35/xlnntn_hp2_friend/data/mrDuc_data/Images/UzpfSTEwMDAwMDM2OTIxMDcyNTpWSzoyNTg3NzYwMDU4MTg4MjA0NA==_0.jpg
/images/UzpfSTEwMDAwNzAwNzM0NzQ0ODpWSzoyNTg3MjA2MjM4NTc2OTE5Nw==_1.jpg	0.709997	high_directional_coverage	"###小 喜齋十願###
  喜樂 淡泊 赤子心
  出入平安  不染塵
  知足 有餘 常布施
  勇猛精進  日日新

3/1（ 正月十三日）
小厂 黃明修 篆隸早課

攝影 李興維"	"喜樂淡泊赤子心出
入平安不染塵知足
有餘常希施勇猛精
進日日新
丙子六月十二日于"	/mnt/Suran_database/Users/thanhthanh_workspace/Project/NLP_K35/xlnntn_hp2_friend/data/mrDuc_data/Images/UzpfSTEwMDAwNzAwNzM0NzQ0ODpWSzoyNTg3MjA2MjM4NTc2OTE5Nw==_1.jpg
/images/UzpfSTEwMDAwMDM2OTIxMDcyNTpWSzoyNTg2ODkwNjE2OTQxODE1Mg==_0.jpg	1.0	one_text_contains_the_other	獨有太白配殘月，更無凡木爭春華。今天的練習01	"獨有太白配殘月
更無凡木爭春華"	/mnt/Suran_database/Users/thanhthanh_workspace/Project/NLP_K35/xlnntn_hp2_friend/data/mrDuc_data/Images/UzpfSTEwMDAwMDM2OTIxMDcyNTpWSzoyNTg2ODkwNjE2OTQxODE1Mg==_0.jpg
/images/UzpfSTEwMDAwNDE4MzAzOTE2MDpWSzoyNTg2NzU1NjUwNjIxOTc4NQ==_0.jpg	0.846522	one_text_contains_the_other	和氣一家樂 同心萬事成	"家和萬事興
和氣一家樂
同心萬事成"	/mnt/Suran_database/Users/thanhthanh_workspace/Project/NLP_K35/xlnntn_hp2_friend/data/mrDuc_data/Images/UzpfSTEwMDAwNDE4MzAzOTE2MDpWSzoyNTg2NzU1NjUwNjIxOTc4NQ==_0.jpg
/images/UzpfSTEwMDAxNjg4Mjk5NjczMzpWSzoyNTg1MzYwNjY5NDI4MTQzMw==_0.jpg	0.877748	high_directional_coverage	"小草一幅！見笑！
明月出天山，蒼茫雲海間。

長風幾萬里，吹度玉門關。

漢下白登道，胡窺青海灣。

由來徵戰地，不見有人還。

戍客望邊邑，思歸多苦顏。

高樓當此夜，嘆息未應閒。"	"明月出天山蒼茫雲海間長風幾萬里
度玉門關漢下白登道胡窺青海灣由
來征戰地不見有人還戍客望邊色思歸
多苦顏高樓當此夜歎息未應閒
子玉"	/mnt/Suran_database/Users/thanhthanh_workspace/Project/NLP_K35/xlnntn_hp2_friend/data/mrDuc_data/Images/UzpfSTEwMDAxNjg4Mjk5NjczMzpWSzoyNTg1MzYwNjY5NDI4MTQzMw==_0.jpg
/images/UzpfSTEwMDAwMDM2NjMwMzY2NTpWSzoyNTg3NTI2MzgwNTQ0OTA1NQ==_0.jpg	0.768877	combined_score_above_threshold	"2026-03-01週日
春江花月夜 
唐 張若虛 
04
人生代代無窮已，
江月年年祇相似。
不知江月待何人？
但見長江送流水。"	"人生代代無窮已，
江月年年祇相似。
不知江月待何人，
但見長江送流水。
春江花月夜張若虛詩
丙午春
王啓書"	/mnt/Suran_database/Users/thanhthanh_workspace/Project/NLP_K35/xlnntn_hp2_friend/data/mrDuc_data/Images/UzpfSTEwMDAwMDM2NjMwMzY2NTpWSzoyNTg3NTI2MzgwNTQ0OTA1NQ==_0.jpg
/images/UzpfSTEwMDAwMDM2NjMwMzY2NTpWSzoyNTg2NjM1OTk5MzAwNjEwMw==_0.jpg	0.780101	high_directional_coverage	"2026-02-28週六
中華字經
069
葡萄美酒，玉液瓊漿。
咖啡益智，茗茶順腸。
第九課 形數12
點線面段，球弧橢圓。"	"葡
萄
美
酒
玉
液
瓊
漿
咖
啡
益
智
茗
茶
順
腸
點
線
面
段
球
弧
橢
圓
中華字經
丙子春"	/mnt/Suran_database/Users/thanhthanh_workspace/Project/NLP_K35/xlnntn_hp2_friend/data/mrDuc_data/Images/UzpfSTEwMDAwMDM2NjMwMzY2NTpWSzoyNTg2NjM1OTk5MzAwNjEwMw==_0.jpg
/images/UzpfSTEyMzY0NDYzNTU6Vks6MjU4NjQ2MDIxMTk4NDg1NTc=_0.jpg	0.874392	high_directional_coverage	"日暮蒼山遠，天寒白屋貧，柴門聞犬吠，風雪夜歸人。
唐，劉長卿詩。"	"日
暮
蒼
山
遠
天
寒
白
屋
貧
柴
門
聞
犬
吠
風
雪
夜
歸
人
劉長卿詩
乙巳冬月黃原書"	/mnt/Suran_database/Users/thanhthanh_workspace/Project/NLP_K35/xlnntn_hp2_friend/data/mrDuc_data/Images/UzpfSTEyMzY0NDYzNTU6Vks6MjU4NjQ2MDIxMTk4NDg1NTc=_0.jpg
/images/UzpfSTEwMDAwMDM2OTIxMDcyNTpWSzoyNTg1OTM1MjMzMDM3MzUzNg==_0.jpg	0.819867	one_text_contains_the_other	我有明珠一顆，久被塵勞關鎖；今朝塵盡光生，照破山河萬朵。今天的練習01	"我有明珠一顆久被塵勞關鎖今朝塵盡光生
照破山河萬朵
宋茶陵郁禪師悟道詩
丙午春蕭吉珠"	/mnt/Suran_database/Users/thanhthanh_workspace/Project/NLP_K35/xlnntn_hp2_friend/data/mrDuc_data/Images/UzpfSTEwMDAwMDM2OTIxMDcyNTpWSzoyNTg1OTM1MjMzMDM3MzUzNg==_0.jpg
/images/UzpfSTY3MTc0OTU2NDpWSzoyNTg2NTMwMTU5OTc3ODYwOQ==_5.jpg	0.850358	high_directional_coverage	"#楊沂孫 #篆書作品 #李白 #春夜宴桃李園序 #不僅書法

楊沂孫篆書作品/唐 李白《春夜宴桃李園序》四屏
*********************************************************** 
夫天地者，萬物之逆旅；光陰者，百代之過客。而浮生若夢，為歡幾何？古人秉燭夜遊，良有以也。況陽春召我以煙景，大塊假我以文章；會桃花之芳園，序天倫之樂事。羣季俊秀，皆為惠連；吾人詠歌，獨慚康樂。幽賞未已，高談轉清。開瓊筵以坐花，飛羽觴而醉月。不有佳詠，何伸雅懷？如詩不成，罰依金谷酒數。"	"夫
天
地
者
萬
物
之
逆
旅
光
陰
者
百
代
之
過
客
而
浮
生
若
夢
為
歡
幾
何
古
人
秉
燭
夜
遊
良
有
以
也
況
陽
春
召
以
煙
景
大
塊
假
我
以
文
章
會
桃
李
之
園
序
天
倫
之
樂
事
群
季
俊
秀
皆
為
惠
連
吾
人
詠
歌
獨
慚
康
樂
幽
賞
未
已
高
談
轉
清
開
瓊
筵
以
坐
花
飛
羽
觴
而
醉
月
不
有
佳
作
何
伸
雅
懷
如
詩
不
成
罰
依
金
谷
酒
數
尤
珽
戊
寅
清
和
月
中
澣
潘
交
祁
敬
篆"	/mnt/Suran_database/Users/thanhthanh_workspace/Project/NLP_K35/xlnntn_hp2_friend/data/mrDuc_data/Images/UzpfSTY3MTc0OTU2NDpWSzoyNTg2NTMwMTU5OTc3ODYwOQ==_5.jpg
/images/UzpfSTEwMDAwMDM2NjMwMzY2NTpWSzoyNTg1NjMxMjQ5MDY3NzUyMA==_0.jpg	0.783718	combined_score_above_threshold	"2026-02-27週五
春江花月夜 
唐 張若虛 
03
江天一色無纖塵，
皎皎空中孤月輪。
江畔何人初見月，
江月何年初照人？"	"江天一色無纖塵
皎皎空中孤月輪
江畔何人初見月
江月何年初照人
春江花月夜張若虛
丙午春
煜書"	/mnt/Suran_database/Users/thanhthanh_workspace/Project/NLP_K35/xlnntn_hp2_friend/data/mrDuc_data/Images/UzpfSTEwMDAwMDM2NjMwMzY2NTpWSzoyNTg1NjMxMjQ5MDY3NzUyMA==_0.jpg
/images/UzpfSTEwMDAwMDM2OTIxMDcyNTpWSzoyNTg0OTg4MjQyNDY1Mzg2MA==_0.jpg	0.901395	one_text_contains_the_other	秦地羅敷女，採桑綠水邊。素手青條上，紅妝白日鮮。蠶飢妾欲去，五馬莫留連。今天的練習03	"秦地羅敷女採桑綠水邊素手青
條上紅妝白日鮮蠶飢妾欲去五馬
莫留連
唐李太白詩
丙午三春"	/mnt/Suran_database/Users/thanhthanh_workspace/Project/NLP_K35/xlnntn_hp2_friend/data/mrDuc_data/Images/UzpfSTEwMDAwMDM2OTIxMDcyNTpWSzoyNTg0OTg4MjQyNDY1Mzg2MA==_0.jpg
/images/UzpfSTY3MTc0OTU2NDpWSzoyNTg2NTMwMTU5OTc3ODYwOQ==_0.jpg	0.848837	high_directional_coverage	"#楊沂孫 #篆書作品 #李白 #春夜宴桃李園序 #不僅書法

楊沂孫篆書作品/唐 李白《春夜宴桃李園序》四屏
*********************************************************** 
夫天地者，萬物之逆旅；光陰者，百代之過客。而浮生若夢，為歡幾何？古人秉燭夜遊，良有以也。況陽春召我以煙景，大塊假我以文章；會桃花之芳園，序天倫之樂事。羣季俊秀，皆為惠連；吾人詠歌，獨慚康樂。幽賞未已，高談轉清。開瓊筵以坐花，飛羽觴而醉月。不有佳詠，何伸雅懷？如詩不成，罰依金谷酒數。"	"夫
天
地
者
萬
物
之
逆
旅
光
陰
者
百
代
之
過
客
也
而
浮
生
夢
為
歡
幾
何
古
人
秉
燭
夜
遊
良
有
以
也
況
陽
春
召
我
以
煙
景
大
塊
假
我
以
文
章
會
桃
李
之
芳
序
天
倫
之
樂
事
群
季
俊
秀
皆
為
惠
連
吾
人
詠
歌
獨
慚
康
樂
幽
賞
未
已
高
談
轉
清
開
瓊
筵
以
坐
花
飛
羽
觴
而
醉
月
不
有
佳
作
何
伸
雅
懷
如
詩
不
成
罰
依
金
谷
酒
數
尤
強
戊
寅
和
月
中
澣
漾
皮
柯
茲
篆"	/mnt/Suran_database/Users/thanhthanh_workspace/Project/NLP_K35/xlnntn_hp2_friend/data/mrDuc_data/Images/UzpfSTY3MTc0OTU2NDpWSzoyNTg2NTMwMTU5OTc3ODYwOQ==_0.jpg
/images/UzpfSTEwMDAwMDM2OTIxMDcyNTpWSzoyNTg0OTg3NjIxMTMyMTE0OA==_0.jpg	1.0	one_text_contains_the_other	書對聖賢成主客，竹兼風雨似笙鏞。今天的練習01	"書
對
聖
賢
成
主
客
竹
兼
風
雨
似
笙
鏞"	/mnt/Suran_database/Users/thanhthanh_workspace/Project/NLP_K35/xlnntn_hp2_friend/data/mrDuc_data/Images/UzpfSTEwMDAwMDM2OTIxMDcyNTpWSzoyNTg0OTg3NjIxMTMyMTE0OA==_0.jpg
/images/UzpfSTEwMDAwMDM2NjMwMzY2NTpWSzoyNTg0ODcxNzE0NDc3MDM4OA==_0.jpg	0.732442	high_directional_coverage	"2026-02-26週四
中華字經
068
番茄蘑菇，乳蛋醇釀。
碘鹽食醋，茲卜甜糖。
珍饈旨甘，餚饌膏粱。"	"番
茄
磨
菇
乳
蛋
醇
釀
碘
鹽
食
醋
茲
卜
甜
糖
珍
饈
旨
甘
餚
饌
膏
梁
中華字經68
丙午春王姬雅書"	/mnt/Suran_database/Users/thanhthanh_workspace/Project/NLP_K35/xlnntn_hp2_friend/data/mrDuc_data/Images/UzpfSTEwMDAwMDM2NjMwMzY2NTpWSzoyNTg0ODcxNzE0NDc3MDM4OA==_0.jpg
/images/UzpfSTEwMDAwMDM2OTIxMDcyNTpWSzoyNTg0MDM2MDgwODkzOTM1NQ==_0.jpg	0.75832	high_directional_coverage	道是花來春未。道是雪來香異。竹外一枝斜。野人家。 冷落竹籬茅舍。富貴玉堂瓊榭。兩地不同栽。一般開。今天的練習03	"道是花來春未道是雪來香無竹
外一枝斜野人家冷落竹籬茅舍
富貴玉堂瓊粉爲地消栽一般閒
宗人鄰域和百首梅花丙子書"	/mnt/Suran_database/Users/thanhthanh_workspace/Project/NLP_K35/xlnntn_hp2_friend/data/mrDuc_data/Images/UzpfSTEwMDAwMDM2OTIxMDcyNTpWSzoyNTg0MDM2MDgwODkzOTM1NQ==_0.jpg
/images/UzpfSTEwMDAwMzUzNjA0MTQ0NzpWSzoyNTgyNTcxNTM0MDQwMzkwMg==_0.jpg	0.785961	combined_score_above_threshold	"行楷 唐 司空曙 江村即事🙏☕😎

釣罷歸來不繫船
江村月落正堪眠
縱然一夜風吹去
祇在蘆花淺水邊"	"釣罷歸來不繫船
江村月落正堪眠
縱然一夜風吹去只
在蘆花淺水邊
唐司空曙江村即事己亥錄"	/mnt/Suran_database/Users/thanhthanh_workspace/Project/NLP_K35/xlnntn_hp2_friend/data/mrDuc_data/Images/UzpfSTEwMDAwMzUzNjA0MTQ0NzpWSzoyNTgyNTcxNTM0MDQwMzkwMg==_0.jpg
/images/UzpfSTEwMDAwMDM2OTIxMDcyNTpWSzoyNTgzMDg5NjQ3OTg4NTc4OA==_0.jpg	0.828758	one_text_contains_the_other	翻手作雲覆手雨，紛紛輕薄何須數。君不見管鮑貧時交，此道今人棄如土。今天的練習01	"翻手作雲覆手雨
紛紛輕薄何須數
君不見管鮑貧時交
此道今人棄如土
唐杜工部詩
丙午初春
葉吉林時書於高梧"	/mnt/Suran_database/Users/thanhthanh_workspace/Project/NLP_K35/xlnntn_hp2_friend/data/mrDuc_data/Images/UzpfSTEwMDAwMDM2OTIxMDcyNTpWSzoyNTgzMDg5NjQ3OTg4NTc4OA==_0.jpg
/images/UzpfSTEwMDAwMDM2NjMwMzY2NTpWSzoyNTgzNjUzODE4NTk4ODI4NA==_0.jpg	0.715971	combined_score_above_threshold	"2026-02-25週三
春江花月夜 
唐 張若虛 
02
江流宛轉遶芳甸，
月照花林皆似霰。
空裏流霜不覺飛，
汀上白沙看不見。"	"江流宛轉繞芳甸
月照花林皆似霰
空里流霜不覺飛
汀上白沙看不見
春江花月夜張若虛
丙午年
煌蘭書"	/mnt/Suran_database/Users/thanhthanh_workspace/Project/NLP_K35/xlnntn_hp2_friend/data/mrDuc_data/Images/UzpfSTEwMDAwMDM2NjMwMzY2NTpWSzoyNTgzNjUzODE4NTk4ODI4NA==_0.jpg
/images/UzpfSTEwMDAwMjgwNzA5MDE0OTpWSzoyNTgzMDM3NTcyOTkzNzg2Mw==_0.jpg	0.820176	high_directional_coverage	"漏字，補正一張
小重山

宋-岳飛

昨夜寒蛩不住鳴。驚回千里夢，已三更。

起來獨自繞階行。

人悄悄，簾外月朧明。

白首爲功名。

舊山松竹老，阻歸程。

欲將心事付瑤琴。

知音少，弦斷有誰聽。"	"昨夜寒蛩不住鳴驚回千里夢已三更起來獨
自繞階行人悄悄簾外月朧明白首為功名舊
山松竹老阻歸程欲將心事付瑤琴知音少弦
斷
誰
聽
岳飛詞小重山丙子春月徐东洋"	/mnt/Suran_database/Users/thanhthanh_workspace/Project/NLP_K35/xlnntn_hp2_friend/data/mrDuc_data/Images/UzpfSTEwMDAwMjgwNzA5MDE0OTpWSzoyNTgzMDM3NTcyOTkzNzg2Mw==_0.jpg
/images/UzpfSTEwMDA4MjI5ODQ4Nzk3OTpWSzoyNTgyOTIzNzczNjcxODMyOQ==_0.jpg	0.816416	one_text_contains_the_other	客製化書籤🔖：當初就不應該下凡～#calligraphy #funny #練字 #中性筆 #書法 #handwriting #art #中文 #漢字 #書道 #書道家 #硬筆書法 #草書	當初就不應該下凡	/mnt/Suran_database/Users/thanhthanh_workspace/Project/NLP_K35/xlnntn_hp2_friend/data/mrDuc_data/Images/UzpfSTEwMDA4MjI5ODQ4Nzk3OTpWSzoyNTgyOTIzNzczNjcxODMyOQ==_0.jpg
/images/UzpfSTEwMDAwMjgwNzA5MDE0OTpWSzoyNTgzMDM3NTcyOTkzNzg2Mw==_1.jpg	0.787315	high_directional_coverage	"漏字，補正一張
小重山

宋-岳飛

昨夜寒蛩不住鳴。驚回千里夢，已三更。

起來獨自繞階行。

人悄悄，簾外月朧明。

白首爲功名。

舊山松竹老，阻歸程。

欲將心事付瑤琴。

知音少，弦斷有誰聽。"	"昨夜寒蛩不住鳴
驚回千里夢
已三更
起來
獨自繞階行
人悄悄
簾外月朧明
名舊山松竹老
欲將心事
付瑤琴
知音少
弦斷
宋岳飛詞小重山丙子春月許启洋
有誰聽"	/mnt/Suran_database/Users/thanhthanh_workspace/Project/NLP_K35/xlnntn_hp2_friend/data/mrDuc_data/Images/UzpfSTEwMDAwMjgwNzA5MDE0OTpWSzoyNTgzMDM3NTcyOTkzNzg2Mw==_1.jpg
/images/UzpfSTEwMDAwMDM2OTIxMDcyNTpWSzoyNTgzMDkwMTE4NjU1MTk4NA==_0.jpg	0.608551	combined_score_above_threshold	長記瀟湘秋晚。歌舞橘洲人散。走馬月明中。折芙蓉。 今日西山南浦。畫棟珠簾雲雨。風景不爭多。奈愁何。今天的練習03	"長記瀟湘秋晚歌舞橘洲人散去
馬首月中折芙蓉今日西山南浦去
極目崔嵬為風雨不與吾曹愁何
宋人辛稼軒昭君怨
丙子春月"	/mnt/Suran_database/Users/thanhthanh_workspace/Project/NLP_K35/xlnntn_hp2_friend/data/mrDuc_data/Images/UzpfSTEwMDAwMDM2OTIxMDcyNTpWSzoyNTgzMDkwMTE4NjU1MTk4NA==_0.jpg
/images/UzpfSTEwMDAwMDM2NjMwMzY2NTpWSzoyNTgyODA2MzA2NjgzNTc5Ng==_0.jpg	0.662244	combined_score_above_threshold	"2026-02-24週二
中華字經
067
第八課 調味16
瓜果蔬菜，葱蒜韮薑。
茴椒芹葵，皮芥辣醬。
蕓薹芋筍，葫蘆瓢瓤。"	"瓜果蔬菜蔥蒜
韮薑茴椒芹葵
皮芥辣醬蕓薹
芋筍葫蘆瓢瓤
中華壬戌年丙午春臨於墨堂"	/mnt/Suran_database/Users/thanhthanh_workspace/Project/NLP_K35/xlnntn_hp2_friend/data/mrDuc_data/Images/UzpfSTEwMDAwMDM2NjMwMzY2NTpWSzoyNTgyODA2MzA2NjgzNTc5Ng==_0.jpg
/images/UzpfSTYxNTUxMDc1MDAwMTA3OlZLOjI1ODE3MjE2MTY0NTg3MTUz_0.jpg	0.852241	high_directional_coverage	"太上隱者《答人》
偶來松樹下，高枕石頭眠。山中無曆日，寒盡不知年。"	"偶
來
松
樹
下
高
枕
石
頭
眠
山
中
無
曆
日
寒
盡
不
知
年
太
上
隱
者
答
人
書"	/mnt/Suran_database/Users/thanhthanh_workspace/Project/NLP_K35/xlnntn_hp2_friend/data/mrDuc_data/Images/UzpfSTYxNTUxMDc1MDAwMTA3OlZLOjI1ODE3MjE2MTY0NTg3MTUz_0.jpg
/images/UzpfSTEwMDAwMjk0MjI3Nzk2NTpWSzoyNTgyNTQ4NDAwMDQyNzAzNg==_0.jpg	0.857543	high_directional_coverage	"【終南別業】王維
中歲頗好道，晚家南山陲。

興來每獨往，勝事空自知。

行到水窮處，坐看雲起時。

偶然值林叟，談笑無還期。"	"中歲頗好道晚家南山陲
興來每獨往勝事空自知
寧
靜
致
遠
行到水窮處坐看雲起時
偶然值林叟談笑無還期
賴圭禹
2024 0224"	/mnt/Suran_database/Users/thanhthanh_workspace/Project/NLP_K35/xlnntn_hp2_friend/data/mrDuc_data/Images/UzpfSTEwMDAwMjk0MjI3Nzk2NTpWSzoyNTgyNTQ4NDAwMDQyNzAzNg==_0.jpg
/images/UzpfSTEwMDAwMDM2OTIxMDcyNTpWSzoyNTgyMTU5NjQ3MDgxNTc4OQ==_0.jpg	1.0	one_text_contains_the_other	習勤能使一身振，悟道須教雜念清。今天的練習01	"習
勤
能
使
一
身
振
悟
道
須
教
雜
念
清"	/mnt/Suran_database/Users/thanhthanh_workspace/Project/NLP_K35/xlnntn_hp2_friend/data/mrDuc_data/Images/UzpfSTEwMDAwMDM2OTIxMDcyNTpWSzoyNTgyMTU5NjQ3MDgxNTc4OQ==_0.jpg
/images/UzpfSTEwMDAwNjk5OTg0Mzk5MjpWSzoyNTgxNjg1MzM4NDYyMzQzMQ==_0.jpg	0.680906	high_directional_coverage	"書友早安舒心😃
習字塗鴉分享🙏
（唐‧楊巨源‧《城東早春》）
詩家清景在新春，綠柳才黃半未勻。若待上林花似錦，出門俱是看花人。
✍️於:烘爐茶壺"	"詩家清景在新春綠
柳才黃半未勻若待
上林花似錦出門俱是
看花人
城東子春丙午錫游書"	/mnt/Suran_database/Users/thanhthanh_workspace/Project/NLP_K35/xlnntn_hp2_friend/data/mrDuc_data/Images/UzpfSTEwMDAwNjk5OTg0Mzk5MjpWSzoyNTgxNjg1MzM4NDYyMzQzMQ==_0.jpg
/images/UzpfSTEwMDAwMjgwNzA5MDE0OTpWSzoyNTc0MzkwMDc5ODU4NTM1Nw==_0.jpg	0.62626	combined_score_above_threshold	"涼州詞
唐-王翰
葡萄美酒夜光杯
欲飲琵琶馬上催
醉臥沙場君莫笑
古來征戰幾人回"	"葡
萄
美
酒
夜
光
杯
欲
饮
琵
琶
马
上
催
醉
卧
沙
场
君
莫
笑
古
来
征
战
几
人
回
志洋"	/mnt/Suran_database/Users/thanhthanh_workspace/Project/NLP_K35/xlnntn_hp2_friend/data/mrDuc_data/Images/UzpfSTEwMDAwMjgwNzA5MDE0OTpWSzoyNTc0MzkwMDc5ODU4NTM1Nw==_0.jpg
/images/UzpfSTEwMDAwMDM2NjMwMzY2NTpWSzoyNTgyMDM4ODg0NzYwMzIxOA==_0.jpg	0.825462	high_directional_coverage	"2026-02-23週一
春江花月夜 
唐 張若虛 
01
春江潮水連海平，
海上明月共潮生。
灩灩隨波千萬里，
何處春江無月明？"	"春江潮水連海平
海上明月共潮生
灩灩隨波千萬里
何處春江無月明
春江花月夜張若虛詩"	/mnt/Suran_database/Users/thanhthanh_workspace/Project/NLP_K35/xlnntn_hp2_friend/data/mrDuc_data/Images/UzpfSTEwMDAwMDM2NjMwMzY2NTpWSzoyNTgyMDM4ODg0NzYwMzIxOA==_0.jpg
/images/UzpfSTEwMDAwMjgwNzA5MDE0OTpWSzoyNTgxMDI4NTgwMTk0Njg1Ng==_0.jpg	0.68274	combined_score_above_threshold	"佛教禪詩一首
落葉已隨流水去

春風未放百花舒

青山面目依然在

盡日橫陳對落暉"	"落
葉
已
隨
流
水
去
春
風
未
放
百
花
開
青
山
面
目
依
然
在
空
自
横
陳
對
落
暉
佛
教
禅
诗
丙
子
六
月
志
洋"	/mnt/Suran_database/Users/thanhthanh_workspace/Project/NLP_K35/xlnntn_hp2_friend/data/mrDuc_data/Images/UzpfSTEwMDAwMjgwNzA5MDE0OTpWSzoyNTgxMDI4NTgwMTk0Njg1Ng==_0.jpg
/images/UzpfSTEwMDAwMDM2OTIxMDcyNTpWSzoyNTgxMjQ5MzE0ODM5Mjc4OA==_0.jpg	0.767733	high_directional_coverage	暮景斜芳殿，年華麗綺宮。寒辭去冬雪，暖帶入春風。階馥舒梅素，盤花捲燭紅。共歡新故歲，迎送一宵中。今天的練習03	"暮景斜芳殿年華麗綺宮寒辞
去冬雪暖帯入春風階馥舒梅素
盤花巻燭紅共歓新歳好迎送一
宵中
唐太宗詩丙申冬書"	/mnt/Suran_database/Users/thanhthanh_workspace/Project/NLP_K35/xlnntn_hp2_friend/data/mrDuc_data/Images/UzpfSTEwMDAwMDM2OTIxMDcyNTpWSzoyNTgxMjQ5MzE0ODM5Mjc4OA==_0.jpg
/images/UzpfSTEwMDAwMDM2OTIxMDcyNTpWSzoyNTgxMjQ4ODY5ODM5MzIzMw==_0.jpg	0.638801	high_directional_coverage	道德文章家國事，江河華岱畫書源。今天的練習01	"道
德
文
章
家
國
事
江
河
筆
紙
畫
書
源
丙午春月之吉
葉吉爍書于古檀"	/mnt/Suran_database/Users/thanhthanh_workspace/Project/NLP_K35/xlnntn_hp2_friend/data/mrDuc_data/Images/UzpfSTEwMDAwMDM2OTIxMDcyNTpWSzoyNTgxMjQ4ODY5ODM5MzIzMw==_0.jpg
/images/UzpfSTEwMDAwMDM2OTIxMDcyNTpWSzoyNTgwMzI3Njc5MjY0Nzc1Nw==_0.jpg	1.0	one_text_contains_the_other	鸞歌鳳舞。今天的練習02	"鸞
歌
鳳
舞"	/mnt/Suran_database/Users/thanhthanh_workspace/Project/NLP_K35/xlnntn_hp2_friend/data/mrDuc_data/Images/UzpfSTEwMDAwMDM2OTIxMDcyNTpWSzoyNTgwMzI3Njc5MjY0Nzc1Nw==_0.jpg
/images/UzpfSTEwMDAwMDM2OTIxMDcyNTpWSzoyNTgwMzI3Mzk3OTMxNDcwNQ==_0.jpg	0.591209	combined_score_above_threshold	書體雄渾或參米，史臣紀載欲師遷。今天的練習01	"書
體
雖
迥
或
參
米
豈
臣
紀
朝
欲
師
籀"	/mnt/Suran_database/Users/thanhthanh_workspace/Project/NLP_K35/xlnntn_hp2_friend/data/mrDuc_data/Images/UzpfSTEwMDAwMDM2OTIxMDcyNTpWSzoyNTgwMzI3Mzk3OTMxNDcwNQ==_0.jpg
/images/UzpfSTEwMDAwMDM2NjMwMzY2NTpWSzoyNTgxMDI1NzU5ODYxNjM0Mw==_0.jpg	0.782377	high_directional_coverage	"2026-02-22週日
中華字經
066
秕稗蓑稞，秫秸稼稈。
顆粒籽核，株蕊莖杆。
剪丫打杈，嫁接插扦。"	"秕
稗
蓑
棵
秫
秸
稼
稈
顆
粒
籽
核
株
蕊
莖
杆
剪
丫
打
杈
嫁
接
插
扦
中華字經66.
丙午姜煜書"	/mnt/Suran_database/Users/thanhthanh_workspace/Project/NLP_K35/xlnntn_hp2_friend/data/mrDuc_data/Images/UzpfSTEwMDAwMDM2NjMwMzY2NTpWSzoyNTgxMDI1NzU5ODYxNjM0Mw==_0.jpg
/images/UzpfSTEwMDAxNjg4Mjk5NjczMzpWSzoyNTc5OTcwMTA4NjMzODY2MQ==_0.jpg	0.881886	high_directional_coverage	"行書一篇！見笑
長江悲已滯，萬里念將歸。況屬高風晚，山山黃葉飛。"	"長
江
悲
已
滯
萬
里
念
將
歸
況
屬
高
風
晚
山
々
黃
葉
飛"	/mnt/Suran_database/Users/thanhthanh_workspace/Project/NLP_K35/xlnntn_hp2_friend/data/mrDuc_data/Images/UzpfSTEwMDAxNjg4Mjk5NjczMzpWSzoyNTc5OTcwMTA4NjMzODY2MQ==_0.jpg
/images/UzpfSTEwMDAwMjk0MjI3Nzk2NTpWSzoyNTc5Nzg2MDk1MzE4OTM0MQ==_0.jpg	0.709127	high_directional_coverage	人閒桂花落,夜靜春山空。 月出驚山鳥,時鳴春澗中。王維的詩作《鳥鳴澗》	"人間桂花落
夜静春山空
月出驚山鳥
時鳴春涧中
王維鳥鳴涧
賴廷勇書"	/mnt/Suran_database/Users/thanhthanh_workspace/Project/NLP_K35/xlnntn_hp2_friend/data/mrDuc_data/Images/UzpfSTEwMDAwMjk0MjI3Nzk2NTpWSzoyNTc5Nzg2MDk1MzE4OTM0MQ==_0.jpg
/images/UzpfSTEwMDAwMDM2OTIxMDcyNTpWSzoyNTc5NDAzNDQ5MzU3MTk4Nw==_0.jpg	1.0	one_text_contains_the_other	亂插繁花向晴昊，短裁孤竹理雲韶。今天的練習01	"亂插繁花向晴昊
短裁孤竹理雲韶"	/mnt/Suran_database/Users/thanhthanh_workspace/Project/NLP_K35/xlnntn_hp2_friend/data/mrDuc_data/Images/UzpfSTEwMDAwMDM2OTIxMDcyNTpWSzoyNTc5NDAzNDQ5MzU3MTk4Nw==_0.jpg
/images/UzpfSTEwMDA1MDU5Mjk1MDg2MzpWSzoyNTc3Mjk1MzUzOTAxMzQxNg==_0.jpg	0.827778	one_text_contains_the_other	花開富貴滿春喜	"花開富貴
滿春喜
癸卯琉璃"	/mnt/Suran_database/Users/thanhthanh_workspace/Project/NLP_K35/xlnntn_hp2_friend/data/mrDuc_data/Images/UzpfSTEwMDA1MDU5Mjk1MDg2MzpWSzoyNTc3Mjk1MzUzOTAxMzQxNg==_0.jpg
/images/UzpfSTEwMDAwMDM2OTIxMDcyNTpWSzoyNTc5NDAzODYxNjkwNDkwOA==_0.jpg	0.584773	combined_score_above_threshold	(落款錯寫成乙巳年_一時忘了)涼生冰簟怯衣單。明月樓高空畫欄。滿院啼螿人未眠。掩重關。烏鵲南飛風露寒。今天的練習03	"涼生冰簟怯衣單明月樓高客
畫欄清院啼螢人未眠捲重簾
烏鵲南飛風露寒
宋蔡伸憶王孫
己巳冬月之吉"	/mnt/Suran_database/Users/thanhthanh_workspace/Project/NLP_K35/xlnntn_hp2_friend/data/mrDuc_data/Images/UzpfSTEwMDAwMDM2OTIxMDcyNTpWSzoyNTc5NDAzODYxNjkwNDkwOA==_0.jpg
/images/UzpfSTEwMDAwMDM2NjMwMzY2NTpWSzoyNTc5MDM1NTg2NzI3MzE4Mw==_0.jpg	0.773068	high_directional_coverage	"2026-02-20週五
中華字經
065
埂堤撿薯，壟畦摘棉。
蓖麩荸薺，粟苞芝簡。
稻麥穀豆，蕎黍蔗豌。"	"埂
堤
撿
薯
壟
畦
摘
棉
蒐
麩
荸
薺
粟
苞
芝
簡
稻
麥
穀
豆
蕎
黍
蔗
豌
中華字經版
丙午春
修之"	/mnt/Suran_database/Users/thanhthanh_workspace/Project/NLP_K35/xlnntn_hp2_friend/data/mrDuc_data/Images/UzpfSTEwMDAwMDM2NjMwMzY2NTpWSzoyNTc5MDM1NTg2NzI3MzE4Mw==_0.jpg
/images/UzpfSTEwMDAwMjgwNzA5MDE0OTpWSzoyNTc3NjMwODY4ODY3NzkwMQ==_0.jpg	0.84811	high_directional_coverage	"定風波
宋-蘇軾

料峭春風吹酒醒，微冷、山頭斜照卻相迎；
回首向來蕭瑟處，歸去、也無風雨也無晴。"	"料
峭
春
風
吹
酒
醒
微
冷
山
頭
斜
照
卻
相
迎
回
首
向
來
蕭
瑟
處
歸
去
也
無
風
雨
也
無
晴
蘇
軾
定
風
波
丙
午
正
月
許
洋"	/mnt/Suran_database/Users/thanhthanh_workspace/Project/NLP_K35/xlnntn_hp2_friend/data/mrDuc_data/Images/UzpfSTEwMDAwMjgwNzA5MDE0OTpWSzoyNTc3NjMwODY4ODY3NzkwMQ==_0.jpg
/images/UzpfSTEwMDAwMDM2OTIxMDcyNTpWSzoyNTc4NTA1NzY4NDQ2OTY2OA==_0.jpg	1.0	one_text_contains_the_other	鸞翔鳳翥。今天的練習02	"鸞
翔
鳳
翥"	/mnt/Suran_database/Users/thanhthanh_workspace/Project/NLP_K35/xlnntn_hp2_friend/data/mrDuc_data/Images/UzpfSTEwMDAwMDM2OTIxMDcyNTpWSzoyNTc4NTA1NzY4NDQ2OTY2OA==_0.jpg
/images/UzpfSTEwMDAwNzI5MzE4NTg0MTpWSzoyNTc4OTUwMDc4MDY5MjAyNQ==_1.jpg	0.736667	one_text_contains_the_other	"吉祥如意
開春大吉"	"吉
祥
如
意"	/mnt/Suran_database/Users/thanhthanh_workspace/Project/NLP_K35/xlnntn_hp2_friend/data/mrDuc_data/Images/UzpfSTEwMDAwNzI5MzE4NTg0MTpWSzoyNTc4OTUwMDc4MDY5MjAyNQ==_1.jpg
/images/UzpfSTEwMDAwNzI5MzE4NTg0MTpWSzoyNTc4OTUwMDc4MDY5MjAyNQ==_3.jpg	0.736667	one_text_contains_the_other	"吉祥如意
開春大吉"	"吉
祥
如
意"	/mnt/Suran_database/Users/thanhthanh_workspace/Project/NLP_K35/xlnntn_hp2_friend/data/mrDuc_data/Images/UzpfSTEwMDAwNzI5MzE4NTg0MTpWSzoyNTc4OTUwMDc4MDY5MjAyNQ==_3.jpg
/images/UzpfSTEwMDAwNzI5MzE4NTg0MTpWSzoyNTc4OTUwMDc4MDY5MjAyNQ==_0.jpg	0.736667	one_text_contains_the_other	"吉祥如意
開春大吉"	"開
春
大
吉"	/mnt/Suran_database/Users/thanhthanh_workspace/Project/NLP_K35/xlnntn_hp2_friend/data/mrDuc_data/Images/UzpfSTEwMDAwNzI5MzE4NTg0MTpWSzoyNTc4OTUwMDc4MDY5MjAyNQ==_0.jpg
/images/UzpfSTEwMDAwMjk0MjI3Nzk2NTpWSzoyNTc4ODc2OTY0NDA5ODQ3Mg==_0.jpg	0.416912	one_text_contains_the_other	駿馬奔騰	"萬馬奔騰迎新春
駿馬奔騰
十里春风呈吉祥
福祥街社区管理委员会立智"	/mnt/Suran_database/Users/thanhthanh_workspace/Project/NLP_K35/xlnntn_hp2_friend/data/mrDuc_data/Images/UzpfSTEwMDAwMjk0MjI3Nzk2NTpWSzoyNTc4ODc2OTY0NDA5ODQ3Mg==_0.jpg
/images/UzpfSTEwMDAwMzI4NDg3MDY0MDpWSzoyNTc4MjQ0MjY3NDczMTE2OQ==_1.jpg	0.612515	combined_score_above_threshold	"黃庭堅的這首詞其實非常「耐看」，
是靜中見深的好作品。

春歸何處。
寂寞無行路。
若有人知春去處。
喚取歸來同住。
春無蹤跡誰知。
除非問取黃鸝。
百囀無人能解，
因風飛過薔薇。
- 黃庭堅 清平樂"	"春歸何處寂寞無行路若有人知春
去處喚取歸來同住春無蹤跡誰知得
但只送百囀無人能解因風飛過薔薇
山谷道人清平樂詞一首
辛丑雨水後春分前臨於春申宋煌"	/mnt/Suran_database/Users/thanhthanh_workspace/Project/NLP_K35/xlnntn_hp2_friend/data/mrDuc_data/Images/UzpfSTEwMDAwMzI4NDg3MDY0MDpWSzoyNTc4MjQ0MjY3NDczMTE2OQ==_1.jpg
/images/UzpfSTEwMDAwMzI4NDg3MDY0MDpWSzoyNTc4MjQ0MjY3NDczMTE2OQ==_2.jpg	0.585885	combined_score_above_threshold	"黃庭堅的這首詞其實非常「耐看」，
是靜中見深的好作品。

春歸何處。
寂寞無行路。
若有人知春去處。
喚取歸來同住。
春無蹤跡誰知。
除非問取黃鸝。
百囀無人能解，
因風飛過薔薇。
- 黃庭堅 清平樂"	"春歸何處寂寞無行路若有人知春
去處喚取歸來同住春無憑准
只被鶯呼喚百囀無人能解因風飛過薔薇
山谷老人清平樂
辛丑冬十月書於香江宋耀"	/mnt/Suran_database/Users/thanhthanh_workspace/Project/NLP_K35/xlnntn_hp2_friend/data/mrDuc_data/Images/UzpfSTEwMDAwMzI4NDg3MDY0MDpWSzoyNTc4MjQ0MjY3NDczMTE2OQ==_2.jpg
/images/UzpfSTEwMDAwMDM2OTIxMDcyNTpWSzoyNTc4NTA1NTQ2NzgwMzIyMw==_0.jpg	0.61155	combined_score_above_threshold	日長高柳一蟬聲。翡翠簾深寶簟清。夢遠春雲不散情。曉風輕。玉楝花飛宿雨晴。今天的練習01	"日長高柳一蟬聲翡翠簾涼簟簟清客夢遠
隨蝴蝶去晚風輕玉楝花飛宿鳥晴
宋趙子發桂王孫
丙子立春"	/mnt/Suran_database/Users/thanhthanh_workspace/Project/NLP_K35/xlnntn_hp2_friend/data/mrDuc_data/Images/UzpfSTEwMDAwMDM2OTIxMDcyNTpWSzoyNTc4NTA1NTQ2NzgwMzIyMw==_0.jpg
/images/UzpfSTEwMDAwMDM2OTIxMDcyNTpWSzoyNTcyOTk2MTE1OTk3OTMyMQ==_0.jpg	1.0	one_text_contains_the_other	酒逢知己。今天的練習02	"酒
逢
知
己"	/mnt/Suran_database/Users/thanhthanh_workspace/Project/NLP_K35/xlnntn_hp2_friend/data/mrDuc_data/Images/UzpfSTEwMDAwMDM2OTIxMDcyNTpWSzoyNTcyOTk2MTE1OTk3OTMyMQ==_0.jpg
/images/UzpfSTEwMDAwMjgwNzA5MDE0OTpWSzoyNTc1ODY3MDUzNzEwODM4Mw==_0.jpg	0.683915	combined_score_above_threshold	"新年除夕守歲
來一篇

江南逢李龜年

唐-杜甫

岐王宅裏尋常見，

崔九堂前幾度聞。

正是江南好風景，

落花時節又逢君。"	"岐王宅裏尋常見崔
九堂前幾度聞正
是江南好風景落花
時節又逢君
杜甫詩 丙午正月初一
許志洋"	/mnt/Suran_database/Users/thanhthanh_workspace/Project/NLP_K35/xlnntn_hp2_friend/data/mrDuc_data/Images/UzpfSTEwMDAwMjgwNzA5MDE0OTpWSzoyNTc1ODY3MDUzNzEwODM4Mw==_0.jpg
/images/UzpfSTEwMDAwMDM2OTIxMDcyNTpWSzoyNTc3NTYyMjg5NTQxMzE0Nw==_0.jpg	0.927473	high_directional_coverage	湛露香生蘭桂蕊，光風春長鳳凰苞。今天的練習01	"湛
露
香
生
蘭
桂
蕊
光
風
春
長
鳳
凰
芭"	/mnt/Suran_database/Users/thanhthanh_workspace/Project/NLP_K35/xlnntn_hp2_friend/data/mrDuc_data/Images/UzpfSTEwMDAwMDM2OTIxMDcyNTpWSzoyNTc3NTYyMjg5NTQxMzE0Nw==_0.jpg
/images/UzpfSTEwMDAwMDM2OTIxMDcyNTpWSzoyNTc3NTYyNDkzMjA3OTYxMA==_0.jpg	1.0	one_text_contains_the_other	紫氣東來。今天的練習02	"紫
氣
東
來"	/mnt/Suran_database/Users/thanhthanh_workspace/Project/NLP_K35/xlnntn_hp2_friend/data/mrDuc_data/Images/UzpfSTEwMDAwMDM2OTIxMDcyNTpWSzoyNTc3NTYyNDkzMjA3OTYxMA==_0.jpg
/images/UzpfSTEwMDAwMDM2OTIxMDcyNTpWSzoyNTc2NjgzNzA2NjI5MTczMA==_0.jpg	1.0	one_text_contains_the_other	龍馬精神。今天的練習02	"龍
馬
精
神"	/mnt/Suran_database/Users/thanhthanh_workspace/Project/NLP_K35/xlnntn_hp2_friend/data/mrDuc_data/Images/UzpfSTEwMDAwMDM2OTIxMDcyNTpWSzoyNTc2NjgzNzA2NjI5MTczMA==_0.jpg
/images/UzpfSTEwMDAxMTczMTcyNzg1NTpWSzoyNTc2NzkwNjYxMjg1MTQ0Mg==_0.jpg	0.588824	one_text_contains_the_other	馬上幸福	"馬上幸福
乙巳年冬月黃健憲書"	/mnt/Suran_database/Users/thanhthanh_workspace/Project/NLP_K35/xlnntn_hp2_friend/data/mrDuc_data/Images/UzpfSTEwMDAxMTczMTcyNzg1NTpWSzoyNTc2NzkwNjYxMjg1MTQ0Mg==_0.jpg
/images/UzpfSTEwMDAwMDM2OTIxMDcyNTpWSzoyNTc1NzkxMDY0NzE4NDM3Mg==_0.jpg	1.0	one_text_contains_the_other	福自我召。今天的練習02	"福
自
我
召"	/mnt/Suran_database/Users/thanhthanh_workspace/Project/NLP_K35/xlnntn_hp2_friend/data/mrDuc_data/Images/UzpfSTEwMDAwMDM2OTIxMDcyNTpWSzoyNTc1NzkxMDY0NzE4NDM3Mg==_0.jpg
/images/UzpfSTEwMDAwMDM2OTIxMDcyNTpWSzoyNTc2Njg0MDA3NjI5MTQyOQ==_0.jpg	0.586528	combined_score_above_threshold	白雲堆裡看青山，猿鳥為鄰日往還。 黃綺後身應我是，再來依舊一生閒。今天的練習03	"白
雲
堆
裏
看
青
山
猿
鳥
為
鄰
日
自
意
氣
後
身
應
處
士
且
再
來
游
急
一
生
閒
宋
放
翁
詩
丙
子
之
春"	/mnt/Suran_database/Users/thanhthanh_workspace/Project/NLP_K35/xlnntn_hp2_friend/data/mrDuc_data/Images/UzpfSTEwMDAwMDM2OTIxMDcyNTpWSzoyNTc2Njg0MDA3NjI5MTQyOQ==_0.jpg
/images/UzpfSTEwMDAwMDM2OTIxMDcyNTpWSzoyNTc0ODM1Mzg2MTQ3MzM4NA==_0.jpg	0.399123	one_text_contains_the_other	新年期間，十分忙碌，小弟po文可能不會十分順利，大家見諒。在此先祝書友們「新年快樂！！！」	"新
年
快
樂"	/mnt/Suran_database/Users/thanhthanh_workspace/Project/NLP_K35/xlnntn_hp2_friend/data/mrDuc_data/Images/UzpfSTEwMDAwMDM2OTIxMDcyNTpWSzoyNTc0ODM1Mzg2MTQ3MzM4NA==_0.jpg
/images/UzpfSTEwMDAxNzk4OTMyMjk4MTpWSzoyNTc2MTIyMzkxMDE4NjM3OQ==_0.jpg	0.773901	high_directional_coverage	"昂首揚鬃騰浩氣
奮蹄踏雪躍春風
丙午新正開筆迎春，陳志聲賀年"	"昂
首
揚
鬃
騰
浩
氣
奮
蹄
踏
雪
躍
春
風
丙子新正作句迎春開筆谷音陳志聲并書"	/mnt/Suran_database/Users/thanhthanh_workspace/Project/NLP_K35/xlnntn_hp2_friend/data/mrDuc_data/Images/UzpfSTEwMDAxNzk4OTMyMjk4MTpWSzoyNTc2MTIyMzkxMDE4NjM3OQ==_0.jpg
/images/UzpfSTEwMDA1MDU5Mjk1MDg2MzpWSzoyNTc2MTk0NjI3MzQ0NzQ3Ng==_0.jpg	0.580952	combined_score_above_threshold	"新春愉快！
富貴風華"	"富貴風華
毓瑞"	/mnt/Suran_database/Users/thanhthanh_workspace/Project/NLP_K35/xlnntn_hp2_friend/data/mrDuc_data/Images/UzpfSTEwMDA1MDU5Mjk1MDg2MzpWSzoyNTc2MTk0NjI3MzQ0NzQ3Ng==_0.jpg
/images/UzpfSTEwMDAwMzUzNjA0MTQ0NzpWSzoyNTc1MjMwMTM3Nzc0NTI5OQ==_0.jpg	0.788816	high_directional_coverage	"行草 宋 志南 絕句🙏☕😎

古木陰中繫短篷
杖藜扶我過橋東
霑衣欲濕杏花雨
吹面不寒楊柳風"	"古木陰中繫短篷
杖藜扶我過橋東
沾衣欲濕杏花雨
吹面不寒楊柳風
宋志南詩
己巳
炳鎔"	/mnt/Suran_database/Users/thanhthanh_workspace/Project/NLP_K35/xlnntn_hp2_friend/data/mrDuc_data/Images/UzpfSTEwMDAwMzUzNjA0MTQ0NzpWSzoyNTc1MjMwMTM3Nzc0NTI5OQ==_0.jpg
/images/UzpfSTEwMDAwMzUzNjA0MTQ0NzpWSzoyNTc1NTI3NTk3NzQ0NzgzOQ==_0.jpg	0.585897	combined_score_above_threshold	"行草 詩友翁新川 除夕夜🙏☕😎

爆竹一聲辭昨歲
紅梅數點報今春
圍爐同守團圓夜
喜迎人間萬象新"	"爆竹一聲送舊歲
紅梅數點報新春
圍爐同守闔家歡
喜迎人間萬象新
翁新川詩一首丙子新春伯銘"	/mnt/Suran_database/Users/thanhthanh_workspace/Project/NLP_K35/xlnntn_hp2_friend/data/mrDuc_data/Images/UzpfSTEwMDAwMzUzNjA0MTQ0NzpWSzoyNTc1NTI3NTk3NzQ0NzgzOQ==_0.jpg
/images/UzpfSTEwMDAwMzI4NDg3MDY0MDpWSzoyNTc2MDMxNDU4MDI3NzMxMg==_0.jpg	0.610714	one_text_contains_the_other	祝願大家新春開局 “馬到功成”	"馬
到
功
成"	/mnt/Suran_database/Users/thanhthanh_workspace/Project/NLP_K35/xlnntn_hp2_friend/data/mrDuc_data/Images/UzpfSTEwMDAwMzI4NDg3MDY0MDpWSzoyNTc2MDMxNDU4MDI3NzMxMg==_0.jpg
/images/UzpfSTEwMDAwMzUzNjA0MTQ0NzpWSzoyNTczMzQ1Njg1Mjk2MzA4NQ==_0.jpg	0.698129	combined_score_above_threshold	"行草 賈島 劍客述劍🙏☕😎

十年磨一劍 霜刃未曾試
今日把示君 誰有不平事"	"十
年
磨
一
劍
霜
刃
未
曾
試
今
日
把
示
君
誰
為
不
平
事
賈
島
劍
客
詩
刻
己
巳
冬
伯
強"	/mnt/Suran_database/Users/thanhthanh_workspace/Project/NLP_K35/xlnntn_hp2_friend/data/mrDuc_data/Images/UzpfSTEwMDAwMzUzNjA0MTQ0NzpWSzoyNTczMzQ1Njg1Mjk2MzA4NQ==_0.jpg
/images/UzpfSTEwMDAwNzAwNzM0NzQ0ODpWSzoyNTc1MTg3NDIyNDQ1NDY4MQ==_0.jpg	0.34247	one_text_contains_the_other	"####乙巳除夕 ####

   篆隸  小喜齋十願
   祝大家  福壽康寧
   
   喜樂 淡泊 赤子心
   出入平安  不染塵
   知足 有餘 常布施
   勇猛精進  日日新

2/16（ 十二月廿九日）
小厂 黃明修 篆隸早課"	"福
壽
康
寧"	/mnt/Suran_database/Users/thanhthanh_workspace/Project/NLP_K35/xlnntn_hp2_friend/data/mrDuc_data/Images/UzpfSTEwMDAwNzAwNzM0NzQ0ODpWSzoyNTc1MTg3NDIyNDQ1NDY4MQ==_0.jpg
/images/UzpfSTEwMDA4MTQ5Nzk3NTM4MTpWSzoyNTc1MzIzNDY3NzY1MTk2OQ==_0.jpg	1.0	one_text_contains_the_other	歲歲平安。	"歲
歲
平
安"	/mnt/Suran_database/Users/thanhthanh_workspace/Project/NLP_K35/xlnntn_hp2_friend/data/mrDuc_data/Images/UzpfSTEwMDA4MTQ5Nzk3NTM4MTpWSzoyNTc1MzIzNDY3NzY1MTk2OQ==_0.jpg
/images/UzpfSTEwMDAwNzAwNzM0NzQ0ODpWSzoyNTc1MTg3NDIyNDQ1NDY4MQ==_3.jpg	0.739447	high_directional_coverage	"####乙巳除夕 ####

   篆隸  小喜齋十願
   祝大家  福壽康寧
   
   喜樂 淡泊 赤子心
   出入平安  不染塵
   知足 有餘 常布施
   勇猛精進  日日新

2/16（ 十二月廿九日）
小厂 黃明修 篆隸早課"	"喜樂淡泊赤子心也
入平安不染塵知足
有餘常布施勇猛精
進日日新
二二年十二月廿九日小广"	/mnt/Suran_database/Users/thanhthanh_workspace/Project/NLP_K35/xlnntn_hp2_friend/data/mrDuc_data/Images/UzpfSTEwMDAwNzAwNzM0NzQ0ODpWSzoyNTc1MTg3NDIyNDQ1NDY4MQ==_3.jpg
/images/UzpfSTYxNTUxMDc1MDAwMTA3OlZLOjI1NzMzNDk1ODIyOTU5MTg4_0.jpg	0.830719	one_text_contains_the_other	人生哪能多如意 萬事只求半稱心	"人生哪能多如意
萬事只求半稱心
丙午之春後李和書"	/mnt/Suran_database/Users/thanhthanh_workspace/Project/NLP_K35/xlnntn_hp2_friend/data/mrDuc_data/Images/UzpfSTYxNTUxMDc1MDAwMTA3OlZLOjI1NzMzNDk1ODIyOTU5MTg4_0.jpg
/images/UzpfSTEwMDAwNzAwNzM0NzQ0ODpWSzoyNTc1MTg3NDIyNDQ1NDY4MQ==_2.jpg	0.34247	one_text_contains_the_other	"####乙巳除夕 ####

   篆隸  小喜齋十願
   祝大家  福壽康寧
   
   喜樂 淡泊 赤子心
   出入平安  不染塵
   知足 有餘 常布施
   勇猛精進  日日新

2/16（ 十二月廿九日）
小厂 黃明修 篆隸早課"	"福
壽
康
寧"	/mnt/Suran_database/Users/thanhthanh_workspace/Project/NLP_K35/xlnntn_hp2_friend/data/mrDuc_data/Images/UzpfSTEwMDAwNzAwNzM0NzQ0ODpWSzoyNTc1MTg3NDIyNDQ1NDY4MQ==_2.jpg
/images/UzpfSTEwMDAwMDM2OTIxMDcyNTpWSzoyNTc1NzkwMzg5Mzg1MTcxNA==_0.jpg	1.0	one_text_contains_the_other	柳搖金翠東風軟，花壓闌干春晝長。今天的練習01	"柳搖金翠東風軟
花壓闌干春晝長"	/mnt/Suran_database/Users/thanhthanh_workspace/Project/NLP_K35/xlnntn_hp2_friend/data/mrDuc_data/Images/UzpfSTEwMDAwMDM2OTIxMDcyNTpWSzoyNTc1NzkwMzg5Mzg1MTcxNA==_0.jpg
/images/UzpfSTEwMDAwMjk0MjI3Nzk2NTpWSzoyNTc0OTAzOTE5NDczODE4NA==_0.jpg	0.522944	one_text_contains_the_other	小龍辭歲，駿馬奔騰	"萬馬奔騰日 千門幸福春
小龍辭歲
駿馬奔騰
萬馬奔騰日 千門幸福春
甲午春
賴廷瑞書"	/mnt/Suran_database/Users/thanhthanh_workspace/Project/NLP_K35/xlnntn_hp2_friend/data/mrDuc_data/Images/UzpfSTEwMDAwMjk0MjI3Nzk2NTpWSzoyNTc0OTAzOTE5NDczODE4NA==_0.jpg
/images/UzpfSTEwMDAwMDM2OTIxMDcyNTpWSzoyNTcyMDM0MjIyMDk0MTIxNQ==_0.jpg	1.0	one_text_contains_the_other	竹露煎茶松風揮塵，桐雲讀畫蕉雨譚詩。今天的練習01	"竹露煎茶松風揮塵
桐雲讀畫蕉雨譚詩"	/mnt/Suran_database/Users/thanhthanh_workspace/Project/NLP_K35/xlnntn_hp2_friend/data/mrDuc_data/Images/UzpfSTEwMDAwMDM2OTIxMDcyNTpWSzoyNTcyMDM0MjIyMDk0MTIxNQ==_0.jpg
/images/UzpfSTEwMDAwMDM2OTIxMDcyNTpWSzoyNTc0ODMwMzkzMTQ3ODM3Nw==_0.jpg	0.752937	high_directional_coverage	花深深。柳陰陰。度柳穿花覓信音。君心負妾心。 怨嗚琴。恨孤衾。鈿誓釵盟何處尋。當初誰料今。今天的練習03	"花深柳陰，度柳穿花覓信音。君心
負妾心。怨唱琴，恨孤衾。細誓敘盟何
處尋。當初誰料今
宋人陈东甫長相思  乙巳冬月之吉"	/mnt/Suran_database/Users/thanhthanh_workspace/Project/NLP_K35/xlnntn_hp2_friend/data/mrDuc_data/Images/UzpfSTEwMDAwMDM2OTIxMDcyNTpWSzoyNTc0ODMwMzkzMTQ3ODM3Nw==_0.jpg
/images/UzpfSTEwMDAwMDM2OTIxMDcyNTpWSzoyNTc0ODI5OTM5MTQ3ODgzMQ==_0.jpg	0.847321	high_directional_coverage	楊柳渡頭行客稀，罟師蕩槳向臨圻。唯有相思似春色，江南江北送君歸 。今天的練習01	"楊柳渡頭行客稀罟師蕩槳向臨圻惟有相思似
春色江南江北送君歸
唐王維詩
乙巳冬月之吉"	/mnt/Suran_database/Users/thanhthanh_workspace/Project/NLP_K35/xlnntn_hp2_friend/data/mrDuc_data/Images/UzpfSTEwMDAwMDM2OTIxMDcyNTpWSzoyNTc0ODI5OTM5MTQ3ODgzMQ==_0.jpg
/images/UzpfSTEwMDAwMzUzNjA0MTQ0NzpWSzoyNTc0MjY3MzQ2ODcwODA5MA==_0.jpg	0.755447	combined_score_above_threshold	"行草 李清照 如夢令-昨夜雨疏風驟🙏☕😎

昨夜雨疏風驟
濃睡不消殘酒
試問卷簾人 
卻道海棠依舊
知否 知否
應是綠肥紅瘦"	"昨
夜
雨
疏
風
驟
濃
睡
不
消
殘
酒
試
問
卷
簾
人
卻
道
海
棠
依
舊
知
否
知
否
應
是
綠
肥
瘦
李清照如夢令
昨夜雨疏風驟
己丑春
天心懈
偶錄"	/mnt/Suran_database/Users/thanhthanh_workspace/Project/NLP_K35/xlnntn_hp2_friend/data/mrDuc_data/Images/UzpfSTEwMDAwMzUzNjA0MTQ0NzpWSzoyNTc0MjY3MzQ2ODcwODA5MA==_0.jpg
/images/UzpfSTY3MTc0OTU2NDpWSzoyNTc0NjA4ODUxMTY5OTkxOQ==_5.jpg	0.687435	high_directional_coverage	"#篆書作品 #何紹基 #說文解字序

何紹基篆書作品/節錄《說文解字序》四屏
********************************************************
是時，秦燒滅經書，滌除舊典。大發隸卒，興役戍。官獄職務繁，初有隸書，以趣約易，而古文繇（由）此絕矣。自爾秦書有八體：一曰大篆，二曰小篆，三曰刻符，四者蟲書，五曰摹印，六曰署書，七曰殳書，八曰隸書。
翰興有草書。尉律：學僮十七以上始試。諷籀書九千字，乃得為史。又以八體試之。郡移太史並課。最者，以為尚書史。書或不正，輒輒舉劾之。今雖有尉律，不課，小學不修。
*************************************************************
何紹基（1799—1873），字子貞，號東洲，別號東洲居士，晚號蝯叟，湖南道州（今湖南道縣）人，道光十六年進士出身，晚清詩人、畫家、書法家。何紹基學識淵博，才華超群。經史皆通，尤精《小學》，旁及金石考證。書法自成一家，上溯秦兩漢古篆隸，下至六朝南北碑，皆心摹手追，草書尤為一代之冠，有「清代第一」之譽。"	"是時秦燒滅經書滌除舊典大
發隸卒興役戍官職繁多初
有隸書欲趨約易而古文
貌矣自秦書有八體一曰大
篆二曰小篆三曰刻符四曰
書五曰摹印六曰署書七曰殳
書八曰隸書漢興有草書尉
學僮十七已上始試諷籀書九
千字乃得為吏又以八體試之
郡移太史並課最簡者以為書
史書或不正輒舉劾之今雖
有尉律不課小學不修
東海居士"	/mnt/Suran_database/Users/thanhthanh_workspace/Project/NLP_K35/xlnntn_hp2_friend/data/mrDuc_data/Images/UzpfSTY3MTc0OTU2NDpWSzoyNTc0NjA4ODUxMTY5OTkxOQ==_5.jpg
/images/UzpfSTEwMDA4MTQ5Nzk3NTM4MTpWSzoyNTc0NDEwOTYxODU2NDQ3NQ==_0.jpg	1.0	one_text_contains_the_other	歲月靜好。	"歲
月
靜
好"	/mnt/Suran_database/Users/thanhthanh_workspace/Project/NLP_K35/xlnntn_hp2_friend/data/mrDuc_data/Images/UzpfSTEwMDA4MTQ5Nzk3NTM4MTpWSzoyNTc0NDEwOTYxODU2NDQ3NQ==_0.jpg
/images/UzpfSTEwMDAwNjk5OTg0Mzk5MjpWSzoyNTc0MzgzODM0NTI1ODI2OQ==_0.jpg	0.707836	high_directional_coverage	"書友早安舒心😃
習字塗鴉分享🙏
嫦娥  李商隱
雲母屏風燭影深，長河漸落曉星沉。
嫦娥應悔偷靈藥，碧海青天夜夜心。
✍️於:烘爐茶壺"	"雲母屏風燭影深
長河漸落曉星沉
嫦娥應悔偷靈藥
碧海青天夜夜心
李商隱嫦娥詩晉陽潮書"	/mnt/Suran_database/Users/thanhthanh_workspace/Project/NLP_K35/xlnntn_hp2_friend/data/mrDuc_data/Images/UzpfSTEwMDAwNjk5OTg0Mzk5MjpWSzoyNTc0MzgzODM0NTI1ODI2OQ==_0.jpg
/images/UzpfSTEwMDAwMDM2OTIxMDcyNTpWSzoyNTczOTM4NTk4MjM3MDE3Mg==_0.jpg	0.751648	high_directional_coverage	逶隨乎乘經之府，相羊於眾藝之區。今天的練習01	"逶
随
乎
乘
經
之
府
相
羊
於
衆
蓺
之
區"	/mnt/Suran_database/Users/thanhthanh_workspace/Project/NLP_K35/xlnntn_hp2_friend/data/mrDuc_data/Images/UzpfSTEwMDAwMDM2OTIxMDcyNTpWSzoyNTczOTM4NTk4MjM3MDE3Mg==_0.jpg
/images/UzpfSTEwMDAwMjk0MjI3Nzk2NTpWSzoyNTc0MzE2NzY4ODY1ODY2OA==_0.jpg	0.354558	one_text_contains_the_other	金馬迎春	"一號竹雅毫中楷 中華筆莊
駿馬奔騰開盛世
馬到福到慶佳節
金
馬
迎
春
駿馬奔騰開盛世
馬到福到慶佳節
丙午年賴建華書"	/mnt/Suran_database/Users/thanhthanh_workspace/Project/NLP_K35/xlnntn_hp2_friend/data/mrDuc_data/Images/UzpfSTEwMDAwMjk0MjI3Nzk2NTpWSzoyNTc0MzE2NzY4ODY1ODY2OA==_0.jpg
/images/UzpfSTY3MTc0OTU2NDpWSzoyNTc0NjA4ODUxMTY5OTkxOQ==_2.jpg	0.671654	high_directional_coverage	"#篆書作品 #何紹基 #說文解字序

何紹基篆書作品/節錄《說文解字序》四屏
********************************************************
是時，秦燒滅經書，滌除舊典。大發隸卒，興役戍。官獄職務繁，初有隸書，以趣約易，而古文繇（由）此絕矣。自爾秦書有八體：一曰大篆，二曰小篆，三曰刻符，四者蟲書，五曰摹印，六曰署書，七曰殳書，八曰隸書。
翰興有草書。尉律：學僮十七以上始試。諷籀書九千字，乃得為史。又以八體試之。郡移太史並課。最者，以為尚書史。書或不正，輒輒舉劾之。今雖有尉律，不課，小學不修。
*************************************************************
何紹基（1799—1873），字子貞，號東洲，別號東洲居士，晚號蝯叟，湖南道州（今湖南道縣）人，道光十六年進士出身，晚清詩人、畫家、書法家。何紹基學識淵博，才華超群。經史皆通，尤精《小學》，旁及金石考證。書法自成一家，上溯秦兩漢古篆隸，下至六朝南北碑，皆心摹手追，草書尤為一代之冠，有「清代第一」之譽。"	"是時秦燒爇經書滌除舊典大
發隸卒興役作官獄職務繁初
有隸書以趣約易而不古式
自爾秦書有八體一曰大
篆二曰小篆三曰刻符四曰
殳書五曰摹印六曰署書七曰
殳書八曰隸書漢興有尉律
學童十七已上始試諷書九千
字乃得為吏又以八體試之郡
縣課最者以為尚書史
書或不正輒舉劾之今雖
有尉律不課小學不修
東海居士"	/mnt/Suran_database/Users/thanhthanh_workspace/Project/NLP_K35/xlnntn_hp2_friend/data/mrDuc_data/Images/UzpfSTY3MTc0OTU2NDpWSzoyNTc0NjA4ODUxMTY5OTkxOQ==_2.jpg
/images/UzpfSTEwMDAwMjk0MjI3Nzk2NTpWSzoyNTczMjUwMTEwMzA1ODY2MA==_0.jpg	0.395253	one_text_contains_the_other	滄海之水	"曾經滄海難為水
除卻巫山不是雲
滄海之水
曾經滄海難為水
除卻巫山不是雲
趙青書
2024 0214"	/mnt/Suran_database/Users/thanhthanh_workspace/Project/NLP_K35/xlnntn_hp2_friend/data/mrDuc_data/Images/UzpfSTEwMDAwMjk0MjI3Nzk2NTpWSzoyNTczMjUwMTEwMzA1ODY2MA==_0.jpg
/images/UzpfSTEwMDAxNjg4Mjk5NjczMzpWSzoyNTczMDI1ODU5NjYxNjI0NA==_0.jpg	0.815	high_directional_coverage	明月松間照，清泉石上流！	"明月
松
间照
清泉
石上流
王维"	/mnt/Suran_database/Users/thanhthanh_workspace/Project/NLP_K35/xlnntn_hp2_friend/data/mrDuc_data/Images/UzpfSTEwMDAxNjg4Mjk5NjczMzpWSzoyNTczMDI1ODU5NjYxNjI0NA==_0.jpg
/images/UzpfSTEwMDAwMjk0MjI3Nzk2NTpWSzoyNTcyNjg0OTE2Njk1NzE4Nw==_0.jpg	0.335417	one_text_contains_the_other	春暖花開	"勝日尋芳泗水濱
無邊光景一時新
等閑識得東風面
萬紫千紅總是春
春暖花開
勝日尋芳泗水濱
無邊光景一時新
等閑識得東風面
萬紫千紅總是春
顏書
2020 0208"	/mnt/Suran_database/Users/thanhthanh_workspace/Project/NLP_K35/xlnntn_hp2_friend/data/mrDuc_data/Images/UzpfSTEwMDAwMjk0MjI3Nzk2NTpWSzoyNTcyNjg0OTE2Njk1NzE4Nw==_0.jpg
/images/UzpfSTEwMDAwMDM2OTIxMDcyNTpWSzoyNTcyOTk2NDk3MzMxMjI3Mw==_0.jpg	0.825509	high_directional_coverage	雲千重，水千重，身在千重雲水中。月明收釣筒。 頭未童，耳未聾，得酒猶能雙臉紅。一尊誰與同。今天的練習03	"雲千重水千重身在千重雲水中月
臨收釣筒頭未蓬耳未聾得酒猶能
雙臉紅一尊誰與同
宋陸放翁長相思
乙巳冬月言吉"	/mnt/Suran_database/Users/thanhthanh_workspace/Project/NLP_K35/xlnntn_hp2_friend/data/mrDuc_data/Images/UzpfSTEwMDAwMDM2OTIxMDcyNTpWSzoyNTcyOTk2NDk3MzMxMjI3Mw==_0.jpg
/images/UzpfSTEwMDAwMjk0MjI3Nzk2NTpWSzoyNTczMzQ2MTY2NjI5NTkzNw==_0.jpg	0.395253	one_text_contains_the_other	春滿乾坤	"春滿乾坤福滿堂
梅開瑞雪兆丰年
春滿乾坤
春滿乾坤福滿堂
梅開瑞雪兆丰年
賴孝華
2024 0214"	/mnt/Suran_database/Users/thanhthanh_workspace/Project/NLP_K35/xlnntn_hp2_friend/data/mrDuc_data/Images/UzpfSTEwMDAwMjk0MjI3Nzk2NTpWSzoyNTczMzQ2MTY2NjI5NTkzNw==_0.jpg
/images/UzpfSTEwMDAwMzUzNjA0MTQ0NzpWSzoyNTcwNTIwOTg4MjQ1NDQ0OQ==_0.jpg	0.71653	high_directional_coverage	"行草 節 杜甫 客至🙏☕😎

舍南舍北皆春水
但見羣鷗日日來
花徑不曾緣客掃
蓬門今始為君開"	"舍南舍北皆春水
但見群鷗日日來
花徑不曾緣客掃
蓬門今始為君開
書錄杜甫詩
書爲
辛卯七月廿日書
伯敏"	/mnt/Suran_database/Users/thanhthanh_workspace/Project/NLP_K35/xlnntn_hp2_friend/data/mrDuc_data/Images/UzpfSTEwMDAwMzUzNjA0MTQ0NzpWSzoyNTcwNTIwOTg4MjQ1NDQ0OQ==_0.jpg
/images/UzpfSTEwMDAwMDM2OTIxMDcyNTpWSzoyNTcyMDM0NDIwMDk0MTAxNw==_0.jpg	1.0	one_text_contains_the_other	知足常樂。今天的練習02	"知
足
常
樂"	/mnt/Suran_database/Users/thanhthanh_workspace/Project/NLP_K35/xlnntn_hp2_friend/data/mrDuc_data/Images/UzpfSTEwMDAwMDM2OTIxMDcyNTpWSzoyNTcyMDM0NDIwMDk0MTAxNw==_0.jpg
/images/UzpfSTEwMDAwMzUzNjA0MTQ0NzpWSzoyNTY3NzM5NDk2ODU2OTI3NA==_0.jpg	0.723118	high_directional_coverage	"行草 李商隱 李衛公🙏☕😎

絳紗弟子音塵絕
鸞鏡佳人舊會稀
今日致身歌舞地
木棉花暖鷓鴣飛"	"絳紗弟子音塵絕
鸞鏡佳人衰鬢稀
今日致身歌舞地
木棉花暖鷓鴣飛
李商隱詩李南公己丑年華海錄"	/mnt/Suran_database/Users/thanhthanh_workspace/Project/NLP_K35/xlnntn_hp2_friend/data/mrDuc_data/Images/UzpfSTEwMDAwMzUzNjA0MTQ0NzpWSzoyNTY3NzM5NDk2ODU2OTI3NA==_0.jpg
/images/UzpfSTY3MTc0OTU2NDpWSzoyNTcxNTkzMzc1MTM4MjA2Mg==_2.jpg	0.600179	combined_score_above_threshold	"【篆書練習】/牧牛圖頌

譬如牧牛，執杖視之。

不令縱逸。犯人苗稼。

*犯人苗稼：語見《景德傳燈錄》，比喻修行者，需如牧牛人般執杖看守心牛，不讓其侵犯、踐踏他人的莊稼。

*******************************************************

取材：《筆疇.懺摩錄.牧牛圖頌》

節錄《牧牛圖頌/原序》

*****************************************************

《牧牛圖頌》原序

遺教經云：譬如牧牛，執杖視之。不令縱逸。犯人苗稼。則牧牛之說所自起也。嗣是馬祖問石鞏。汝在此何務。答曰：「牧牛」。又問。牛作麼生牧。答曰：一回入草去。驀鼻拽將來。則善牧之人也。又大潙安公之在潙山也。曰：吾依潙山住。不學潙山禪。但牧一頭水牯牛。又，白雲端公之於郭功輔也。詰之曰：牛淳乎？而若「自牧」若教「他牧」。層見疊出。於古今者。益彰彰矣。後乃有繪之乎圖。始於「未牧」，終於「雙泯」。品而列之為十。其牛則如次。初黑繼白。以至於無粲如也。而普明復一一，係之以頌。普明未詳何許人。圖頌亦不知出一人之手否。今無論惟是。其為圖也。象顯而意深。其為頌也。言近而旨遠。學人持為左券。因之審德稽業。俯察其已臻仰。希其所未到。免使得少為足。以墮於增上慢地。則裨益良多。遂錄而重壽諸梓。

外更有「尋牛」以至「入𫑮」。亦為圖者十。與今大同小異。俱附末簡。以便參考。若夫一超直入之士。無勞鞭挽。而天然露地白牛。不落階級。而刹那能所雙絕。則圖成滯貨。頌成剩語。覽之當發一笑。吾無強焉。

萬歷己酉佛誕日後學袾宏謹書。

*袾宏：蓮池袾宏（1535—1615），浙江杭州仁和（今杭州市）人，俗姓沈，法名袾宏，字佛慧，法號蓮池，故常稱為蓮池大師，又因常居「雲棲寺」，常稱為「雲棲蓮池」或「雲棲袾宏」，是中國佛教淨土宗的第八代祖師，與紫柏真可、憨山德清、蕅益智旭等並稱明末四大高僧。

**************************************

又序

普明《牧牛圖頌》源流。雲栖序之詳矣。但敘云：外更有「尋牛」以至「入𫑮」。亦為圖者十。與今大同小異。附末篇以便參考。而不及梁山遠公序偈。何也？況梁山原唱既妙。附和代不乏人。其見地超卓。聲調軒亮。希彜、千巖、楚石三公。獨據上流。普明原唱。從而和之者固多。而磬山真寂南礀綠羅𨍏轢次序井井。頗與普明相捋。至於別展機軸。短音促節。精義入神。惟大覺普濟禪師為最真。今古所不及。今將諸大老頌。和普明者附普明。和梁山者附梁山。彙成一帙。刊布流通。使天下參學之士。得因圖頌，想見先德造誼。復因先德以自考驗其悟證。則牧牛圖頌有裨于禪者。較之南泉。猶出一頭地在。

康熙四十四年佛誕日武林南磵夢菴超格識

*南磵夢菴超格：夢菴超格（1632－1698）為清初臨濟宗著名禪師，江南蕪湖（安徽，蕪湖可以算為江南區域）人，俗姓丁，名超格，號夢菴，又稱夢菴格、東禪格。是杭州理安寺的住持。他幼年能吟詠，因悟性極高，曾傳法給迦陵性音禪師，並有《夢庵格禪師語錄》傳世。

******************************************

夢菴格禪師輯《牧牛圖頌》目錄/（略）

*****************************************************

跋/迦陵音

雲栖蓮大師重刊《牧牛圖頌》。而普明之名方著。梁山遠原唱。吾師夢老人覓之四十載未獲一見。主南磵日始得于幻舟和尚。所喜不自勝。但原本蠹郵數字。遂空之。俟再得他本查補。今仍其舊。至諸公頌內。亦有數字可商者。老人易字于本頌下。請政大方/音，見聞疎略。未能盡閱古今諸錄。謹將老人自頌及納公發心刊刻。亦次彙入。

伏望　諸方尊宿。倘于古德錄中。得牧牛佳頌。乞郵寄白門古鏡。俾續二集。性音敬跋。

**迦陵音：迦陵性音（17世紀？—1726年），法名性音，字迦陵，是清朝清康熙雍正年間大覺寺的住持。"	"牧牛圖頌原序
遺教經云譬如牧牛執杖視之不令縱逸犯人苗稼則牧
牛之說所自起也嗣是馬祖問石鞏汝在此何務答曰牧
牛又問牛作麼生牧答曰一回入草去驀鼻拽將來則善
牧之人也又大溈安公之在鴻山也曰吾依鴻山住不學
鴻山禪但牧一頭水牯牛又白雲端公之於郭功輔也詰
之曰牛淳乎而若自牧若教他牧層見疊出於古今者益
彰彰矣後乃有繪之乎圖始於未牧終於雙泯品而列之
為十其牛則如次初黑繼白以至於無槩如也而普明復
一一係之以頌普明未詳何許人圖頌亦不知出一人之
如卜蜀貢
予
手否今無論惟是其為圖也象顯而意深其為頌也言近
而旨遠學人持為左券因之審德稽業俯察其已臻仰希
其所未到免使得少為足以墮於增上慢地則裨益良多
遂錄而重夀諸梓外更有尋牛以至入鄽亦為圖者十與
今大同小異俱附末簡以便参考若夫一超直入之士無
勞鞭挽而天然露地白牛不落階級而刹那能所雙絕則
圖成滯貨頌成剩語覽之當發一笑吾無强焉
萬曆己酉佛誕日後學祩宏謹書"	/mnt/Suran_database/Users/thanhthanh_workspace/Project/NLP_K35/xlnntn_hp2_friend/data/mrDuc_data/Images/UzpfSTY3MTc0OTU2NDpWSzoyNTcxNTkzMzc1MTM4MjA2Mg==_2.jpg
/images/UzpfSTEwMDAwMDM2OTIxMDcyNTpWSzoyNTcwMTk5OTAwMjc3NTUzNw==_0.jpg	0.77128	high_directional_coverage	清夜長。泛玉觴。照座江梅花正芳。風傳細細香。圍豔妝。 留醉鄉。一曲清歌聲繞梁。尊前人斷腸。今天的練習03	"清
夜
長
泛
玉
觴
照
座
江
梅
花
已
芳
風
傳
細
細
香
圍
艷
燭
留
醉
鄉
一
盞
清
歌
聲
繞
梁
尊
前
人
斷
腸
宋
人
黃
觀
長
相
思
己
巳
冬
月
之
吉"	/mnt/Suran_database/Users/thanhthanh_workspace/Project/NLP_K35/xlnntn_hp2_friend/data/mrDuc_data/Images/UzpfSTEwMDAwMDM2OTIxMDcyNTpWSzoyNTcwMTk5OTAwMjc3NTUzNw==_0.jpg
/images/UzpfSTEwMDAwMTQ4MzIxNjY5NTpWSzoyNTcwODM2NDAxNTQ3MjM2OQ==_2.jpg	0.552167	one_text_contains_the_other	和 一乐书画 – 我刚刚成为了超级粉丝！🎉	超级粉丝	/mnt/Suran_database/Users/thanhthanh_workspace/Project/NLP_K35/xlnntn_hp2_friend/data/mrDuc_data/Images/UzpfSTEwMDAwMTQ4MzIxNjY5NTpWSzoyNTcwODM2NDAxNTQ3MjM2OQ==_2.jpg
/images/UzpfSTEwMDAwMTQ4MzIxNjY5NTpWSzoyNTcwODM2NDAxNTQ3MjM2OQ==_1.jpg	0.552167	one_text_contains_the_other	和 一乐书画 – 我刚刚成为了超级粉丝！🎉	超级粉丝	/mnt/Suran_database/Users/thanhthanh_workspace/Project/NLP_K35/xlnntn_hp2_friend/data/mrDuc_data/Images/UzpfSTEwMDAwMTQ4MzIxNjY5NTpWSzoyNTcwODM2NDAxNTQ3MjM2OQ==_1.jpg
/images/UzpfSTEwMDAwMDM2OTIxMDcyNTpWSzoyNTcxMTM3NDM5ODUwNDY2NA==_0.jpg	0.624336	high_directional_coverage	燈輝輝。月微微。帳暖香深春漏遲。夢迴聞子規。 欲成詩。未成詩。生怕春歸春又歸。花飛花未飛。今天的練習03	"燈輝三月微 帳暖香深春漏遲 夢
回閃子規欲成詩 未半許生怕却歸春
又送花飛去未知
宋人周密詞句 乙巳冬月吉"	/mnt/Suran_database/Users/thanhthanh_workspace/Project/NLP_K35/xlnntn_hp2_friend/data/mrDuc_data/Images/UzpfSTEwMDAwMDM2OTIxMDcyNTpWSzoyNTcxMTM3NDM5ODUwNDY2NA==_0.jpg
/images/UzpfSTEwMDAwMDM2NjMwMzY2NTpWSzoyNTcxMDI0OTgyODYxNzEyMQ==_0.jpg	0.78955	high_directional_coverage	"2026-02-11週三
眾生賦 王安石（？）
13
汲汲於得失者，
徒增三千煩惱。
安守於本分者，
自得一方清寧。"	"汲汲於得失者
徒增三千煩惱
安守於本分者
自得一方清寧
眾生賦王安石丙戌春怡然書"	/mnt/Suran_database/Users/thanhthanh_workspace/Project/NLP_K35/xlnntn_hp2_friend/data/mrDuc_data/Images/UzpfSTEwMDAwMDM2NjMwMzY2NTpWSzoyNTcxMDI0OTgyODYxNzEyMQ==_0.jpg
/images/UzpfSTY3MTc0OTU2NDpWSzoyNTcxNTkzMzc1MTM4MjA2Mg==_3.jpg	0.593876	combined_score_above_threshold	"【篆書練習】/牧牛圖頌

譬如牧牛，執杖視之。

不令縱逸。犯人苗稼。

*犯人苗稼：語見《景德傳燈錄》，比喻修行者，需如牧牛人般執杖看守心牛，不讓其侵犯、踐踏他人的莊稼。

*******************************************************

取材：《筆疇.懺摩錄.牧牛圖頌》

節錄《牧牛圖頌/原序》

*****************************************************

《牧牛圖頌》原序

遺教經云：譬如牧牛，執杖視之。不令縱逸。犯人苗稼。則牧牛之說所自起也。嗣是馬祖問石鞏。汝在此何務。答曰：「牧牛」。又問。牛作麼生牧。答曰：一回入草去。驀鼻拽將來。則善牧之人也。又大潙安公之在潙山也。曰：吾依潙山住。不學潙山禪。但牧一頭水牯牛。又，白雲端公之於郭功輔也。詰之曰：牛淳乎？而若「自牧」若教「他牧」。層見疊出。於古今者。益彰彰矣。後乃有繪之乎圖。始於「未牧」，終於「雙泯」。品而列之為十。其牛則如次。初黑繼白。以至於無粲如也。而普明復一一，係之以頌。普明未詳何許人。圖頌亦不知出一人之手否。今無論惟是。其為圖也。象顯而意深。其為頌也。言近而旨遠。學人持為左券。因之審德稽業。俯察其已臻仰。希其所未到。免使得少為足。以墮於增上慢地。則裨益良多。遂錄而重壽諸梓。

外更有「尋牛」以至「入𫑮」。亦為圖者十。與今大同小異。俱附末簡。以便參考。若夫一超直入之士。無勞鞭挽。而天然露地白牛。不落階級。而刹那能所雙絕。則圖成滯貨。頌成剩語。覽之當發一笑。吾無強焉。

萬歷己酉佛誕日後學袾宏謹書。

*袾宏：蓮池袾宏（1535—1615），浙江杭州仁和（今杭州市）人，俗姓沈，法名袾宏，字佛慧，法號蓮池，故常稱為蓮池大師，又因常居「雲棲寺」，常稱為「雲棲蓮池」或「雲棲袾宏」，是中國佛教淨土宗的第八代祖師，與紫柏真可、憨山德清、蕅益智旭等並稱明末四大高僧。

**************************************

又序

普明《牧牛圖頌》源流。雲栖序之詳矣。但敘云：外更有「尋牛」以至「入𫑮」。亦為圖者十。與今大同小異。附末篇以便參考。而不及梁山遠公序偈。何也？況梁山原唱既妙。附和代不乏人。其見地超卓。聲調軒亮。希彜、千巖、楚石三公。獨據上流。普明原唱。從而和之者固多。而磬山真寂南礀綠羅𨍏轢次序井井。頗與普明相捋。至於別展機軸。短音促節。精義入神。惟大覺普濟禪師為最真。今古所不及。今將諸大老頌。和普明者附普明。和梁山者附梁山。彙成一帙。刊布流通。使天下參學之士。得因圖頌，想見先德造誼。復因先德以自考驗其悟證。則牧牛圖頌有裨于禪者。較之南泉。猶出一頭地在。

康熙四十四年佛誕日武林南磵夢菴超格識

*南磵夢菴超格：夢菴超格（1632－1698）為清初臨濟宗著名禪師，江南蕪湖（安徽，蕪湖可以算為江南區域）人，俗姓丁，名超格，號夢菴，又稱夢菴格、東禪格。是杭州理安寺的住持。他幼年能吟詠，因悟性極高，曾傳法給迦陵性音禪師，並有《夢庵格禪師語錄》傳世。

******************************************

夢菴格禪師輯《牧牛圖頌》目錄/（略）

*****************************************************

跋/迦陵音

雲栖蓮大師重刊《牧牛圖頌》。而普明之名方著。梁山遠原唱。吾師夢老人覓之四十載未獲一見。主南磵日始得于幻舟和尚。所喜不自勝。但原本蠹郵數字。遂空之。俟再得他本查補。今仍其舊。至諸公頌內。亦有數字可商者。老人易字于本頌下。請政大方/音，見聞疎略。未能盡閱古今諸錄。謹將老人自頌及納公發心刊刻。亦次彙入。

伏望　諸方尊宿。倘于古德錄中。得牧牛佳頌。乞郵寄白門古鏡。俾續二集。性音敬跋。

**迦陵音：迦陵性音（17世紀？—1726年），法名性音，字迦陵，是清朝清康熙雍正年間大覺寺的住持。"	"牧牛圖頌原序
遺教經云譬如牧牛執杖視之不令縱逸犯人苗稼則牧
牛之說所自起也嗣是馬祖問石鞏汝在此何務答曰牧
牛又問牛作麼生牧答曰一回入草去驀鼻拽將來則善
牧之人也又大溈安公之在溈山也曰吾依溈山住不學
溈山禪但牧一頭水牯牛又白雲端公之於郭功輔也詰
之曰牛淳乎而若自牧若教他牧層見疊出於古今者益
彰彰矣後乃有繪之乎圖始於未牧終於雙泯品而列之
爲十其牛則如次初黑繼白以至於無槩如也而普明復
一一係之以頌普明未詳何許人圖頌亦不知出一人之
牧牛圖頁
序
手否今無論惟是其爲圖也象顯而意深其爲頌也言近
而旨遠學人持爲左券因之審德稽業俯察其已臻仰希
其所未到免使得少爲足以墮於增上慢地則裨益良多
遂錄而重壽諸梓外更有尋牛以至入鄽亦爲圖者十與
今大同小異俱附末簡以便參考若夫一超直入之士無
勞鞭挽而天然露地白牛不落階級而剎那能所雙絕則
圖成滯貨頌成剩語覽之當發一笑吾無強焉
萬曆己酉佛誕日後學祩宏謹書"	/mnt/Suran_database/Users/thanhthanh_workspace/Project/NLP_K35/xlnntn_hp2_friend/data/mrDuc_data/Images/UzpfSTY3MTc0OTU2NDpWSzoyNTcxNTkzMzc1MTM4MjA2Mg==_3.jpg
/images/UzpfSTEwMDAwMDM2OTIxMDcyNTpWSzoyNTcxMTM2OTExNTE3MTg1OQ==_0.jpg	0.613407	combined_score_above_threshold	廬山煙雨浙江潮，未至千般恨不消。 到得還來別無事(別無事錯寫成無別事)，廬山煙雨浙江潮。今天的練習01	"廬山煙雨浙江潮未到千般恨不消及至到來無一事
廬山煙雨浙江潮
宋蘇東坡詩
乙未冬月立吉"	/mnt/Suran_database/Users/thanhthanh_workspace/Project/NLP_K35/xlnntn_hp2_friend/data/mrDuc_data/Images/UzpfSTEwMDAwMDM2OTIxMDcyNTpWSzoyNTcxMTM2OTExNTE3MTg1OQ==_0.jpg
/images/UzpfSTEwMDAwMDM2OTIxMDcyNTpWSzoyNTcwMTk5NjY1OTQ0MjQzOA==_0.jpg	1.0	one_text_contains_the_other	離經辨志。今天的練習02	離經辨志	/mnt/Suran_database/Users/thanhthanh_workspace/Project/NLP_K35/xlnntn_hp2_friend/data/mrDuc_data/Images/UzpfSTEwMDAwMDM2OTIxMDcyNTpWSzoyNTcwMTk5NjY1OTQ0MjQzOA==_0.jpg
/images/UzpfSTEwMDAwNjk5OTg0Mzk5MjpWSzoyNTcwNTg1NTMyOTA1NjU3MQ==_0.jpg	0.74277	high_directional_coverage	"書友早安舒心😃
習字塗鴉分享🙏
菊花：元稹
秋叢繞舍似陶家，遍繞籬邊日漸斜。
不是花中偏愛菊，此花開盡更無花。
✍️於:烘爐茶壺"	"秋
叢
繞
舍
似
陶
家
遍
繞
籬
邊
日
漸
斜
不
是
花
中
偏
愛
菊
此
花
開
盡
更
無
花
元
稹
菊
花
楊
皓
書"	/mnt/Suran_database/Users/thanhthanh_workspace/Project/NLP_K35/xlnntn_hp2_friend/data/mrDuc_data/Images/UzpfSTEwMDAwNjk5OTg0Mzk5MjpWSzoyNTcwNTg1NTMyOTA1NjU3MQ==_0.jpg
/images/UzpfSTEwMDAwMDM2OTIxMDcyNTpWSzoyNTY3MzY3NDU0ODk0MTMxNg==_0.jpg	0.613715	high_directional_coverage	粉艷明。秋水盈。柳樣纖柔花樣輕。笑前雙靨生。寒江平。江櫓鳴。誰道潮溝非遠行。回頭千里情。今天的練習03	"粉
艷
明
秋
水
盈
柳
樣
纖
柔
色
樣
輕
笑
前
裝
靨
生
宿
江
南
江
櫓
鳴
誰
道
湘
江
非
遠
迺
因
郎
子
里
情
宋
人
張
先
長
相
思
乙
巳
冬
之
吉"	/mnt/Suran_database/Users/thanhthanh_workspace/Project/NLP_K35/xlnntn_hp2_friend/data/mrDuc_data/Images/UzpfSTEwMDAwMDM2OTIxMDcyNTpWSzoyNTY3MzY3NDU0ODk0MTMxNg==_0.jpg
/images/UzpfSTEwMDAwMDM2OTIxMDcyNTpWSzoyNTcwMTk5NDY1OTQ0MjYzOA==_0.jpg	0.912088	high_directional_coverage	雨餘千疊暮山紫，花落一谿春水香。今天的練習01	"雨
餘
千
疊
暮
山
紫
花
落
一
點
春
水
香"	/mnt/Suran_database/Users/thanhthanh_workspace/Project/NLP_K35/xlnntn_hp2_friend/data/mrDuc_data/Images/UzpfSTEwMDAwMDM2OTIxMDcyNTpWSzoyNTcwMTk5NDY1OTQ0MjYzOA==_0.jpg
/images/UzpfSTEwMDAwMjgwNzA5MDE0OTpWSzoyNTcwMTU2ODMyMjgxODYwNQ==_0.jpg	0.703667	high_directional_coverage	"江流天地外
山色有無中"	"江流天地外山色
有无中
乙巳之冬
徐志洋"	/mnt/Suran_database/Users/thanhthanh_workspace/Project/NLP_K35/xlnntn_hp2_friend/data/mrDuc_data/Images/UzpfSTEwMDAwMjgwNzA5MDE0OTpWSzoyNTcwMTU2ODMyMjgxODYwNQ==_0.jpg
/images/UzpfSTYxNTUwNzMzODg2Njg0OlZLOjI1NzAwMTEzOTQyOTY0MDQz_0.jpg	0.610714	one_text_contains_the_other	舞動青春	"舞
童好书
青
童
春
動
舞動青春
ZEISS
vivo V40 Pro | ZEISS
35mm f/2.8 1/50s ISO1000"	/mnt/Suran_database/Users/thanhthanh_workspace/Project/NLP_K35/xlnntn_hp2_friend/data/mrDuc_data/Images/UzpfSTYxNTUwNzMzODg2Njg0OlZLOjI1NzAwMTEzOTQyOTY0MDQz_0.jpg
/images/UzpfSTEwMDAwMDM2NjMwMzY2NTpWSzoyNTY5OTI3MTI5OTcxNDk3NA==_0.jpg	0.743469	high_directional_coverage	"2026-02-10週二
中華字經
063
耕耘耬耙，播耪攪拌。
農墾灌溉，漁獵駁船。
柴棚炊熱，牧畜糞煙。"	"耕
耘
耬
耙
播
耮
攪
拌
農
墾
灌
溉
漁
獵
馭
船
柴
棚
炊
熱
牧
畜
糞
煙
中華字經63丙申春敬書"	/mnt/Suran_database/Users/thanhthanh_workspace/Project/NLP_K35/xlnntn_hp2_friend/data/mrDuc_data/Images/UzpfSTEwMDAwMDM2NjMwMzY2NTpWSzoyNTY5OTI3MTI5OTcxNDk3NA==_0.jpg
/images/UzpfSTEwMDAwMDM2NjMwMzY2NTpWSzoyNTY5MTYxMjA4MDQ4MDg5Ng==_0.jpg	0.812154	high_directional_coverage	"2026-02-09週一
眾生賦 王安石（？）
12
命途如棋局局變，
人生如茗盞盞新。
百態營生煙火眾，
各藏風雪各披霜。"	"命途如棋局局變、
人生如茗盞盞新、
百態營生煙火眾、
各藏風雪各披霜、
眾生賦王安石丙午春游子書"	/mnt/Suran_database/Users/thanhthanh_workspace/Project/NLP_K35/xlnntn_hp2_friend/data/mrDuc_data/Images/UzpfSTEwMDAwMDM2NjMwMzY2NTpWSzoyNTY5MTYxMjA4MDQ4MDg5Ng==_0.jpg
/images/UzpfSTEwMDAwMDM2OTIxMDcyNTpWSzoyNTY4MzQ2NjIwNzk2MjE1MA==_0.jpg	1.0	one_text_contains_the_other	寒香嚼得成詩句，新月邀將入酒杯。今天的練習01	"寒香嚼得成詩句
新月邀將入酒杯"	/mnt/Suran_database/Users/thanhthanh_workspace/Project/NLP_K35/xlnntn_hp2_friend/data/mrDuc_data/Images/UzpfSTEwMDAwMDM2OTIxMDcyNTpWSzoyNTY4MzQ2NjIwNzk2MjE1MA==_0.jpg
/images/UzpfSTEwMDAwMjgwNzA5MDE0OTpWSzoyNTY2NDA5OTgyOTg5ODc4OA==_0.jpg	0.691817	high_directional_coverage	"活水亭觀書有感二首·其一
宋-朱熹

半畝方塘一鑑開，天光雲影共徘徊。

問渠哪得清如許？爲有源頭活水來。"	"半
畝
方
塘
一
鑑
開
天
光
雲
影
共
徘
徊
問
渠
那
得
清
如
許
為
有
源
頭
活
水
來
丙申冬
符忠洋"	/mnt/Suran_database/Users/thanhthanh_workspace/Project/NLP_K35/xlnntn_hp2_friend/data/mrDuc_data/Images/UzpfSTEwMDAwMjgwNzA5MDE0OTpWSzoyNTY2NDA5OTgyOTg5ODc4OA==_0.jpg
/images/UzpfSTEwMDAwMDM2OTIxMDcyNTpWSzoyNTY4MzQ3MTYyNzk2MTYwOA==_0.jpg	0.76646	high_directional_coverage	去來心。短長亭。只隔中間一片雲。不知何處尋。 悶還瞋。恨還顰。同是天涯流落人。此情煙水深。今天的練習03	"去来心短長亭只隔中間一片雲不知
何處尋問還瞋恨還顰同是天涯淪
落人此情綆水深
宋人張炎長相思
乙巳冬月之吉"	/mnt/Suran_database/Users/thanhthanh_workspace/Project/NLP_K35/xlnntn_hp2_friend/data/mrDuc_data/Images/UzpfSTEwMDAwMDM2OTIxMDcyNTpWSzoyNTY4MzQ3MTYyNzk2MTYwOA==_0.jpg
/images/UzpfSTEwMDAwMDM2NjMwMzY2NTpWSzoyNTY4MDQ1MDQ4MTU5NzA1Ng==_0.jpg	0.682126	combined_score_above_threshold	"2026-02-08週日
中華字經
062
部屬僚員，涕淚潸然。
彪炳銘冊，炫爍燦爛。
第七課 農耕26
省區署郊，村鎮屯店。"	"部
屬
僚
員
涕
淚
潸
然
彪
炳
銘
册
炫
爍
燦
爛
省
區
署
郊
村
鎮
屯
店
中
華
字
經
红二、
丙
午
春
賀
賢
書"	/mnt/Suran_database/Users/thanhthanh_workspace/Project/NLP_K35/xlnntn_hp2_friend/data/mrDuc_data/Images/UzpfSTEwMDAwMDM2NjMwMzY2NTpWSzoyNTY4MDQ1MDQ4MTU5NzA1Ng==_0.jpg
/images/UzpfSTEwMDAwMDM2OTIxMDcyNTpWSzoyNTYzNjEyNjUyMjY5NjExOQ==_0.jpg	1.0	one_text_contains_the_other	內視反聽。今天的練習02	"內
視
反
聽"	/mnt/Suran_database/Users/thanhthanh_workspace/Project/NLP_K35/xlnntn_hp2_friend/data/mrDuc_data/Images/UzpfSTEwMDAwMDM2OTIxMDcyNTpWSzoyNTYzNjEyNjUyMjY5NjExOQ==_0.jpg
/images/UzpfSTEwMDAwMDM2OTIxMDcyNTpWSzoyNTY4MzQ2ODgyNDYyODU1NQ==_0.jpg	1.0	one_text_contains_the_other	瞠目結舌。今天的練習02	"瞠
目
結
舌"	/mnt/Suran_database/Users/thanhthanh_workspace/Project/NLP_K35/xlnntn_hp2_friend/data/mrDuc_data/Images/UzpfSTEwMDAwMDM2OTIxMDcyNTpWSzoyNTY4MzQ2ODgyNDYyODU1NQ==_0.jpg
/images/UzpfSTEwMDAwMzI4NDg3MDY0MDpWSzoyNTY4MDExNDk5ODI5NzI3MQ==_3.jpg	0.714912	combined_score_above_threshold	"鮮少寫到清代詩人的詩…

清代•顧嗣協《雜興》
駿馬能歷險，力田不如牛。
堅車能載重，渡河不如舟。
捨長以就短，智者難爲謀。
生材貴適用，慎勿多苛求。"	"駿馬能歷險
力田不如牛
堅車能載重
渡
河不如舟
捨長以就短
智者難為謀
生材
貴適用
慎勿多苛求
清顧嗣協雜興詩一首
乙未年秋八月書于樂愷"	/mnt/Suran_database/Users/thanhthanh_workspace/Project/NLP_K35/xlnntn_hp2_friend/data/mrDuc_data/Images/UzpfSTEwMDAwMzI4NDg3MDY0MDpWSzoyNTY4MDExNDk5ODI5NzI3MQ==_3.jpg
/images/UzpfSTEwMDAwMzI4NDg3MDY0MDpWSzoyNTY4MDExNDk5ODI5NzI3MQ==_0.jpg	0.642666	combined_score_above_threshold	"鮮少寫到清代詩人的詩…

清代•顧嗣協《雜興》
駿馬能歷險，力田不如牛。
堅車能載重，渡河不如舟。
捨長以就短，智者難爲謀。
生材貴適用，慎勿多苛求。"	"AI生成
駿馬能歷險力田不如牛堅車能載重
渡河不如舟捨長以就短智者不為謀生村
貴適意何必多營求
乙未秋月"	/mnt/Suran_database/Users/thanhthanh_workspace/Project/NLP_K35/xlnntn_hp2_friend/data/mrDuc_data/Images/UzpfSTEwMDAwMzI4NDg3MDY0MDpWSzoyNTY4MDExNDk5ODI5NzI3MQ==_0.jpg
/images/UzpfSTEwMDAwMDM2OTIxMDcyNTpWSzoyNTY3MzY2OTY1ODk0MTgwNQ==_0.jpg	0.766771	high_directional_coverage	馬首望青山，零落繁華如此。再向斷煙衰草，認蘚碑題字。休尋折載話當年，只灑悲秋淚。斜日十三陵下，過新豐獵騎。今天的練習01	"馬首望青山零落繁華如此再向斷煙寒草認蘚
碑題字休尋折戟話當年只灑悲秋淚復科日十三陵
色新豐獵騎
清人納蘭容若金縷曲一首
己巳冬
葉吉姝"	/mnt/Suran_database/Users/thanhthanh_workspace/Project/NLP_K35/xlnntn_hp2_friend/data/mrDuc_data/Images/UzpfSTEwMDAwMDM2OTIxMDcyNTpWSzoyNTY3MzY2OTY1ODk0MTgwNQ==_0.jpg
/images/UzpfSTEwMDAwMjgwNzA5MDE0OTpWSzoyNTY3NDIxNzM2ODg4NzAzNA==_0.jpg	0.808846	high_directional_coverage	"清平樂·六盤山
作者：毛澤東

天高雲淡，望斷南飛雁。

不到長城非好漢，屈指行程二萬。

六盤山上高峯，紅旗漫卷西風。

今日長纓在手，何時縛住蒼龍？"	"天高雲淡望斷南飛雁不到長城非好漢
屈指行程二萬六盤山上高峰紅旗漫捲
西風今日長纓在手何時縛住蒼龍
己亥冬徐志洋"	/mnt/Suran_database/Users/thanhthanh_workspace/Project/NLP_K35/xlnntn_hp2_friend/data/mrDuc_data/Images/UzpfSTEwMDAwMjgwNzA5MDE0OTpWSzoyNTY3NDIxNzM2ODg4NzAzNA==_0.jpg
/images/UzpfSTEwMDAwMDM2OTIxMDcyNTpWSzoyNTY2NDY1MjU1MzE3Njg0OQ==_0.jpg	0.912088	high_directional_coverage	金閨舊籍聯朱鷺，青桂新香散紫泥。今天的練習01	"金閨舊藉聯朱鷺
青桂新香散紫泥"	/mnt/Suran_database/Users/thanhthanh_workspace/Project/NLP_K35/xlnntn_hp2_friend/data/mrDuc_data/Images/UzpfSTEwMDAwMDM2OTIxMDcyNTpWSzoyNTY2NDY1MjU1MzE3Njg0OQ==_0.jpg
/images/UzpfSTEwMDAwMDM2OTIxMDcyNTpWSzoyNTYzNjEyOTQ2NjAyOTE1OA==_0.jpg	0.61575	combined_score_above_threshold	天四垂。山四圍。山色天容入坐帷。清風吹我衣。湖水東，江水西。東去西來無盡期。不如君共伊。今天的練習03	"天四無山四圍山色天容人共推清
風吹我衣湖水東江水西東去西去
吾不歸相期無後期
宋人王之道長相思
乙巳冬"	/mnt/Suran_database/Users/thanhthanh_workspace/Project/NLP_K35/xlnntn_hp2_friend/data/mrDuc_data/Images/UzpfSTEwMDAwMDM2OTIxMDcyNTpWSzoyNTYzNjEyOTQ2NjAyOTE1OA==_0.jpg
/images/UzpfSTEwMDAwMDM2OTIxMDcyNTpWSzoyNTY0NDkyNDgyNTE0OTYyMg==_0.jpg	1.0	one_text_contains_the_other	暴殄天物。今天的練習02	暴殄天物	/mnt/Suran_database/Users/thanhthanh_workspace/Project/NLP_K35/xlnntn_hp2_friend/data/mrDuc_data/Images/UzpfSTEwMDAwMDM2OTIxMDcyNTpWSzoyNTY0NDkyNDgyNTE0OTYyMg==_0.jpg
/images/UzpfSTEwMDAwMDM2OTIxMDcyNTpWSzoyNTY2NDY1NzgzOTg0Mjk4Nw==_0.jpg	0.747638	high_directional_coverage	雨如絲。柳如絲。織出春來一段奇。鶯梭來往飛。酒如池。醉如泥。遮莫教人有醒時。雨晴都不知。今天的練習03	"雨如絲柳如絲織出春光一段奇鶯
梭木往來飛酒如池醉如泥遮莫教人
有醒時爲甚都不起
宋人佚名調寄生草
乙巳之冬"	/mnt/Suran_database/Users/thanhthanh_workspace/Project/NLP_K35/xlnntn_hp2_friend/data/mrDuc_data/Images/UzpfSTEwMDAwMDM2OTIxMDcyNTpWSzoyNTY2NDY1NzgzOTg0Mjk4Nw==_0.jpg
/images/UzpfSTEwMDAwMDM2OTIxMDcyNTpWSzoyNTY0NDkyMjEzNTE0OTg5MQ==_0.jpg	0.912088	high_directional_coverage	欲將秋水明吾性，好領春風適化機。今天的練習01	"欲
将
秋
水
明
吾
性
好
領
春
風
適
化
機"	/mnt/Suran_database/Users/thanhthanh_workspace/Project/NLP_K35/xlnntn_hp2_friend/data/mrDuc_data/Images/UzpfSTEwMDAwMDM2OTIxMDcyNTpWSzoyNTY0NDkyMjEzNTE0OTg5MQ==_0.jpg
/images/UzpfSTEwMDAwNzI5MzE4NTg0MTpWSzoyNTY2OTc1OTI4MjY2NjE3Ng==_0.jpg	0.613755	combined_score_above_threshold	"海上生明月，天涯共此時。
情人怨遙夜，竟夕起相思。
滅燭憐光滿，披衣覺露滋。
不堪盈手贈，還寢夢佳期。張九齡/望月懷遠"	"海
生
明
月
天
涯
共
此
时
情
人
怨
遥
夜
竟
夕
起
相
思
灭
烛
怜
光
满
披
衣
觉
露
滋
不
堪
盈
手
赠
还
寝
梦
佳
期
诗
书"	/mnt/Suran_database/Users/thanhthanh_workspace/Project/NLP_K35/xlnntn_hp2_friend/data/mrDuc_data/Images/UzpfSTEwMDAwNzI5MzE4NTg0MTpWSzoyNTY2OTc1OTI4MjY2NjE3Ng==_0.jpg
/images/UzpfSTEwMDAwMDM2NjMwMzY2NTpWSzoyNTY2MTY3OTA2NjgwNzUzMQ==_0.jpg	0.776075	high_directional_coverage	"2026-02-06週五
眾生賦 王安石（？）
11
乾坤浩淼間，
誰非芥子微塵？
世路崎嶇處，
盡是風霜行客。"	"乾坤浩淼間誰非
芥子微塵世路崎
嶇處盡是風霜行
客
眾生賦王安石丙申春妙蓮書"	/mnt/Suran_database/Users/thanhthanh_workspace/Project/NLP_K35/xlnntn_hp2_friend/data/mrDuc_data/Images/UzpfSTEwMDAwMDM2NjMwMzY2NTpWSzoyNTY2MTY3OTA2NjgwNzUzMQ==_0.jpg
/images/UzpfSTEwMDAwMjgwNzA5MDE0OTpWSzoyNTY0ODE0NTIzMTQ5NDI0OA==_0.jpg	0.803985	high_directional_coverage	"江河不語流千古
日月無聲照萬年

莫問浮雲滄海事

且將杯酒醉人間"	"江
河
不
語
流
千
古
日
月
無
聲
照
萬
年
昔
自
浮
雲
滄
海
去
且
將
杯
酒
醉
人
間
庚子
冬
月
徐
岳
洋"	/mnt/Suran_database/Users/thanhthanh_workspace/Project/NLP_K35/xlnntn_hp2_friend/data/mrDuc_data/Images/UzpfSTEwMDAwMjgwNzA5MDE0OTpWSzoyNTY0ODE0NTIzMTQ5NDI0OA==_0.jpg
/images/UzpfSTEwMDAwMzUzNjA0MTQ0NzpWSzoyNTY1ODQ5OTQ4Mzc5MjE1Ng==_0.jpg	0.585639	combined_score_above_threshold	"行草 張籍 涼州詞三首 其三🙏☕😎

鳳林關裏解東流
白草黃榆六十秋
邊將皆承主恩澤
無人解道取涼州"	"鳳林關裏願分司
不寫黃榆六十稘
邊將皆承主恩澤
無人解道得涼州
張籍涼州詞三首之三己亥冬月錫"	/mnt/Suran_database/Users/thanhthanh_workspace/Project/NLP_K35/xlnntn_hp2_friend/data/mrDuc_data/Images/UzpfSTEwMDAwMzUzNjA0MTQ0NzpWSzoyNTY1ODQ5OTQ4Mzc5MjE1Ng==_0.jpg
/images/UzpfSTU0MjM2Mjc2MDpWSzoyNTY1NTU0NDE1NzQyMTAyMg==_0.jpg	0.739598	high_directional_coverage	"#結廬在人境，而無車馬喧。
問君何能爾？#心遠地自偏。

採菊東籬下，悠然見南山。

山氣日夕佳，飛鳥相與還。

此中有真意，欲辨已忘言。

#陶淵明 《飲酒詩.其五》

#練字養心 #米芾 #行書 #創作"	"結廬在人境而無車馬
問君何能爾心遠地
自偏采菊東籬下悠然
見南山山氣日夕佳飛
鳥相與還此中有真
意欲辨已忘言
錄陶淵明詩
乙巳錦堂書
ericleung.space"	/mnt/Suran_database/Users/thanhthanh_workspace/Project/NLP_K35/xlnntn_hp2_friend/data/mrDuc_data/Images/UzpfSTU0MjM2Mjc2MDpWSzoyNTY1NTU0NDE1NzQyMTAyMg==_0.jpg
/images/UzpfSTEwMDAwMjgwNzA5MDE0OTpWSzoyNTY1NDUwNTY3NzUyNDg3MA==_0.jpg	0.875347	high_directional_coverage	"闕題
唐-劉昚虛

道由白雲盡，春與青溪長。

時有落花至，遠隨流水香。

閒門向山路，深柳讀書堂。

幽映每白日，清輝照衣裳。"	"道由白雲盡春與青溪長時有落花
至遠隨流水香閒門向山路深柳讀
書堂幽映每白日清輝照衣裳
唐劉眘虛詩
徐志洋"	/mnt/Suran_database/Users/thanhthanh_workspace/Project/NLP_K35/xlnntn_hp2_friend/data/mrDuc_data/Images/UzpfSTEwMDAwMjgwNzA5MDE0OTpWSzoyNTY1NDUwNTY3NzUyNDg3MA==_0.jpg
/images/UzpfSTEwMDAwMDM2NjMwMzY2NTpWSzoyNTY1MzYxODA1MDk0Njk2Ng==_0.jpg	0.811492	high_directional_coverage	"2026-02-05週四
中華字經
061
檄悼撰訖，佛陀繹傳。
廉奉殉職，獎功頒銜。
組織籌備，撫卹申籤。"	"檄悼撰訖佛陀
繹傳廉奉殉職
獎功頒銜組織
籌備撫卹申籤
中華字經61.
丙午春妙之雅"	/mnt/Suran_database/Users/thanhthanh_workspace/Project/NLP_K35/xlnntn_hp2_friend/data/mrDuc_data/Images/UzpfSTEwMDAwMDM2NjMwMzY2NTpWSzoyNTY1MzYxODA1MDk0Njk2Ng==_0.jpg
/images/UzpfSTEwMDAwMDM2OTIxMDcyNTpWSzoyNTY1NDkzODk4MDgxNDg3Mw==_0.jpg	0.591209	combined_score_above_threshold	獨與白雲如有約，遙疑積雪亦生香。今天的練習01	"獨
與
白
雲
相
契
約
驛
徑
積
雪
未
生
香"	/mnt/Suran_database/Users/thanhthanh_workspace/Project/NLP_K35/xlnntn_hp2_friend/data/mrDuc_data/Images/UzpfSTEwMDAwMDM2OTIxMDcyNTpWSzoyNTY1NDkzODk4MDgxNDg3Mw==_0.jpg
/images/UzpfSTEwMDAwNjk5OTg0Mzk5MjpWSzoyNTY0OTgwNjk0MTMyODA3Nw==_0.jpg	0.679011	high_directional_coverage	"書友早安舒心😃
習字塗鴉分享🙏
昨夜星辰昨夜風，畫樓西畔桂堂東。
身無綵鳳雙飛翼，心有靈犀一點通。
✍️於:烘爐茶壺"	"昨
夜
星
辰
昨
夜
風
畫
樓
西
畔
桂
堂
東
身
無
彩
鳳
雙
飛
翼
有
靈
犀
一
點
通
李
商
隱
詩
楊
漱
書"	/mnt/Suran_database/Users/thanhthanh_workspace/Project/NLP_K35/xlnntn_hp2_friend/data/mrDuc_data/Images/UzpfSTEwMDAwNjk5OTg0Mzk5MjpWSzoyNTY0OTgwNjk0MTMyODA3Nw==_0.jpg
/images/UzpfSTEwMDAwMDM2NjMwMzY2NTpWSzoyNTY0MzY4NDQ0NTI3MzY2MA==_0.jpg	0.781034	combined_score_above_threshold	"2026-02-04週三
眾生賦 王安石（？）
10
明月尚虧盈有數，
山川亦崩裂無常。
況血肉凡胎乎。"	"明
月
尚
虧
盈
有
數
山
川
亦
崩
裂
無
常
況
血
肉
凡
胎
乎
眾生賦王安石丙子春書"	/mnt/Suran_database/Users/thanhthanh_workspace/Project/NLP_K35/xlnntn_hp2_friend/data/mrDuc_data/Images/UzpfSTEwMDAwMDM2NjMwMzY2NTpWSzoyNTY0MzY4NDQ0NTI3MzY2MA==_0.jpg
/images/UzpfSTY3MTc0OTU2NDpWSzoyNTY0MTcyNzA2ODgwMjczMQ==_4.jpg	0.269476	one_text_contains_the_other	"#金文貝字及部首析形與釋義 –#嬰

以「金文」的「貝」字及其部首的析形與釋義，並參照取字的青銅器拓本，佐以釋文，以觀「金文」之趣。
*******************************************************
35【嬰】（字義：人名）
《王子嬰次鐘》（集成0052）「□初吉日，佳□王子嬰次自乍□鐘，永用匽喜」
【語譯】□初吉日，佳□王子嬰次自己作□鐘，永久使用安心喜悅。
*匽（yǎn，ㄧㄢˇ）：古通「宴」；安。
********************************************************
*中國國家博物館研究館員蘇強介紹：根據銘文內容，學界多認為「王子嬰次」即「嬰齊」，為楚令尹「子重」（另亦有持不同觀點：王子嬰次就是鄭莊公老三鄭子嬰齊）。
*楚令尹：楚武王時設置「令尹」，入則領政、出則統軍。
*子重（？—前570），羋姓，名嬰齊，字子重，即公子嬰齊，春秋時期楚國的令尹，楚穆王之子，楚莊王的弟弟。
*鄭莊公（前757—前701），姬姓，名寤生，中國春秋時代鄭國第三任君主，《史記十二諸侯年表》記載。鄭莊公四個兒子先後出任國君，分別為世子忽 （鄭昭公）、公子突 （鄭厲公）、公子亹及公子嬰（子儀）。
****************************************************
青銅編鐘按其形制，主要分為「甬鐘」、「鈕鐘」和「鎛」三種，略述如下：
1）甬鐘，側懸，上方有一根直立的「甬」，於口上凹弧曲。
2）鈕鐘，直懸，下方的於口也是上凹弧曲，舞部（即頂部）鑄有鐘鈕。
3）鎛，為平口，上方有繁鈕，早期多見扉棱。"	"王子嬰次鐘
52"	/mnt/Suran_database/Users/thanhthanh_workspace/Project/NLP_K35/xlnntn_hp2_friend/data/mrDuc_data/Images/UzpfSTY3MTc0OTU2NDpWSzoyNTY0MTcyNzA2ODgwMjczMQ==_4.jpg
/images/UzpfSTEwMDAwMzUzNjA0MTQ0NzpWSzoyNTYyOTAwNDYzNjc0MTY0MQ==_0.jpg	0.721159	combined_score_above_threshold	"行草 王昌齡 從軍行七首 其二🙏☕😎

琵琶起舞換新聲
總是關山舊別情
撩亂邊愁聽不盡
高高秋月照長城"	"琵琶起舞換新聲
總是關山離別情
撩亂邊愁聽不盡
高々秋月照長城
唐王昌齡從軍行七首之二己丑伯欽"	/mnt/Suran_database/Users/thanhthanh_workspace/Project/NLP_K35/xlnntn_hp2_friend/data/mrDuc_data/Images/UzpfSTEwMDAwMzUzNjA0MTQ0NzpWSzoyNTYyOTAwNDYzNjc0MTY0MQ==_0.jpg
/images/UzpfSTEwMDAwMjgwNzA5MDE0OTpWSzoyNTYzNTA4NjY0NjEzMzQ0MA==_0.jpg	0.798	high_directional_coverage	"菩薩蠻·歸鴻聲斷殘雲碧
宋-李清照

歸鴻聲斷殘雲碧。背窗雪落爐煙直。

燭底鳳釵明。釵頭人勝輕。

角聲催曉漏。曙色回牛鬥。

春意看花難。西風留舊寒。"	"歸
鴻
聲
斷
殘
雲
碧
背
窗
雪
落
爐
煙
直
燭
底
鳳
釵
明
釵
頭
人
勝
輕
角
聲
催
曉
漏
曙
色
回
牛
斗
春
意
看
花
難
西
風
留
舊
寒
丙子立春
徐志洋"	/mnt/Suran_database/Users/thanhthanh_workspace/Project/NLP_K35/xlnntn_hp2_friend/data/mrDuc_data/Images/UzpfSTEwMDAwMjgwNzA5MDE0OTpWSzoyNTYzNTA4NjY0NjEzMzQ0MA==_0.jpg
/images/UzpfSTEwMDAzOTQzNzQ0MzgxNDpWSzoyNTYyNzc1MjQ0MDIwMDE5NA==_4.jpg	0.966282	one_text_contains_the_other	少年聽雨歌樓上，紅燭昏羅帳，壯年聽雨客舟中，江闊雲低斷雁叫西風，而今聽雨僧廬下，鬢已星星也，悲歡離合總無情，一任階前點滴到天明。宋 蔣捷 虞美人-聽雨。	"少年聽雨歌樓上紅燭昏羅帳
壯年聽雨客舟中江闊雲低斷
雁叫西風而今聽雨僧廬下鬢已
星星也悲歡離合總無情一任階
前點滴到天明
宋蔣捷虞美人聽雨
乙亥寒江錦書"	/mnt/Suran_database/Users/thanhthanh_workspace/Project/NLP_K35/xlnntn_hp2_friend/data/mrDuc_data/Images/UzpfSTEwMDAzOTQzNzQ0MzgxNDpWSzoyNTYyNzc1MjQ0MDIwMDE5NA==_4.jpg
/images/UzpfSTEwMDAwMDM2OTIxMDcyNTpWSzoyNTYyNjM4MzUxMzY3MDQyMA==_0.jpg	0.767033	high_directional_coverage	為尋西寺山前月，更得南岩雪後花。今天的練習01	"爲尋西寺山前月
更得南巖雪後等"	/mnt/Suran_database/Users/thanhthanh_workspace/Project/NLP_K35/xlnntn_hp2_friend/data/mrDuc_data/Images/UzpfSTEwMDAwMDM2OTIxMDcyNTpWSzoyNTYyNjM4MzUxMzY3MDQyMA==_0.jpg
/images/UzpfSTEwMDAwMDM2OTIxMDcyNTpWSzoyNTYxODQ0NzE1Nzc5NzM4OQ==_0.jpg	0.805623	high_directional_coverage	一重山，兩重山。山遠天高煙水寒，相思楓葉丹。菊花開，菊花殘。塞雁高飛人未還，一簾風月閒。今天的練習03	"一重山兩重山山遠天高煙水寒
相思楓葉丹菊花開葉落霜塞
雁高飛人未還一簾風月閒
五代李煜長相思
乙巳冬月之吉"	/mnt/Suran_database/Users/thanhthanh_workspace/Project/NLP_K35/xlnntn_hp2_friend/data/mrDuc_data/Images/UzpfSTEwMDAwMDM2OTIxMDcyNTpWSzoyNTYxODQ0NzE1Nzc5NzM4OQ==_0.jpg
/images/UzpfSTEwMDAwMDM2OTIxMDcyNTpWSzoyNTYwMTM1MDkwOTUwNzAxNA==_0.jpg	0.723938	high_directional_coverage	水天清話，院靜人銷夏。蠟炬風搖簾不下，竹影半牆如畫。 醉來扶上桃笙，熟羅扇子涼輕。一霎荷塘過雨，明朝便是秋聲。今天的練習01	"水天清話院靜人消夏蠟炬風搖簾不下竹影半墻
如畫醉來扶上桃笙熟羅扇子涼輕一霎送荷花雨時
忽使作秋聲
清人項鴻祚清平樂
乙巳冬
藴吉書"	/mnt/Suran_database/Users/thanhthanh_workspace/Project/NLP_K35/xlnntn_hp2_friend/data/mrDuc_data/Images/UzpfSTEwMDAwMDM2OTIxMDcyNTpWSzoyNTYwMTM1MDkwOTUwNzAxNA==_0.jpg
/images/UzpfSTEwMDAwMDM2OTIxMDcyNTpWSzoyNTYyNjM4ODAwMDMzNjYzOA==_0.jpg	0.777855	high_directional_coverage	心悠悠。恨悠悠。誰剪青山兩點愁。笙寒燕子樓。 曉星稀。暮雲飛。纖就回文不下機。花飛人未歸。今天的練習03	"心悠悠，恨悠悠，誰剪青山兩點
愁黛蹙燕子樓曉星稀暮
雲飛織就回文不下機花落人
未歸
宋人續長相思其一
乙巳冬月"	/mnt/Suran_database/Users/thanhthanh_workspace/Project/NLP_K35/xlnntn_hp2_friend/data/mrDuc_data/Images/UzpfSTEwMDAwMDM2OTIxMDcyNTpWSzoyNTYyNjM4ODAwMDMzNjYzOA==_0.jpg
/images/UzpfSTEwMDAwMDM2NjMwMzY2NTpWSzoyNTYzMjA3ODU1MzEwMDkxNg==_0.jpg	0.752581	high_directional_coverage	"2026-02-03週二
中華字經
060
墳棺屍鬧，魂魄寢眠。
活着祈禱，死則祭奠。
您保閥閲，我佑殯殮。"	"墳
棺
屍
鬧
魂
魄
寢
眠
活
著
祈
禱
死
則
祭
奠
您
保
閥
閱
我
佑
殯
殮
中
華
字
經
60
乙
冬
楚
書"	/mnt/Suran_database/Users/thanhthanh_workspace/Project/NLP_K35/xlnntn_hp2_friend/data/mrDuc_data/Images/UzpfSTEwMDAwMDM2NjMwMzY2NTpWSzoyNTYzMjA3ODU1MzEwMDkxNg==_0.jpg
/images/UzpfSTEwMDAwMDM2OTIxMDcyNTpWSzoyNTYyNjM4NTY2MDMzNjg3Mg==_0.jpg	1.0	one_text_contains_the_other	富國利民。今天的練習02	"富
國
利
民"	/mnt/Suran_database/Users/thanhthanh_workspace/Project/NLP_K35/xlnntn_hp2_friend/data/mrDuc_data/Images/UzpfSTEwMDAwMDM2OTIxMDcyNTpWSzoyNTYyNjM4NTY2MDMzNjg3Mg==_0.jpg
/images/UzpfSTEwMDAwNjk5OTg0Mzk5MjpWSzoyNTYzMDExOTU0MzI5NjgxNw==_0.jpg	0.753478	high_directional_coverage	"書友早安舒心😃
習字塗鴉分享🙏
《短歌行》 其一 (曹操)
對酒當歌，人生幾何？譬如朝露，去日苦多。
慨當以慷，憂思難忘。何以解憂？唯有杜康。
✍️於:烘爐茶壺"	"對
酒
當
歌
人
生
幾
何
譬
如
朝
露
去
日
苦
多
慨
當
以
慷
憂
思
難
忘
何
以
解
憂
唯
有
杜
康
敬
彬
行
書"	/mnt/Suran_database/Users/thanhthanh_workspace/Project/NLP_K35/xlnntn_hp2_friend/data/mrDuc_data/Images/UzpfSTEwMDAwNjk5OTg0Mzk5MjpWSzoyNTYzMDExOTU0MzI5NjgxNw==_0.jpg
/images/UzpfSTEwMDAwNjk5OTg0Mzk5MjpWSzoyNTYxNDE5MjIxMTU1NjIxNw==_0.jpg	0.633066	high_directional_coverage	"書友早安舒心😃
習字塗鴉分享🙏
夢裡歸山路萬重 ，冥冥獨在萬山中 。驚回鐘鼓聲遙遠 ，一枕清風半窗月。
✍️於:烘爐茶壺"	"夢
裡
歸
山
路
萬
重
冥
々
獨
往
萬
山
中
驚
回
鐘
鼓
忽
送
逐
一
枕
清
風
半
窗
月
愚
恊
卿
書"	/mnt/Suran_database/Users/thanhthanh_workspace/Project/NLP_K35/xlnntn_hp2_friend/data/mrDuc_data/Images/UzpfSTEwMDAwNjk5OTg0Mzk5MjpWSzoyNTYxNDE5MjIxMTU1NjIxNw==_0.jpg
/images/UzpfSTEwMDAwMDM2OTIxMDcyNTpWSzoyNTYxODQ0NTAwNzc5NzYwNA==_0.jpg	1.0	one_text_contains_the_other	杏雨梨雲。今天的練習02	杏雨梨雲	/mnt/Suran_database/Users/thanhthanh_workspace/Project/NLP_K35/xlnntn_hp2_friend/data/mrDuc_data/Images/UzpfSTEwMDAwMDM2OTIxMDcyNTpWSzoyNTYxODQ0NTAwNzc5NzYwNA==_0.jpg
/images/UzpfSTEwMDA1MDU5Mjk1MDg2MzpWSzoyNTYxNTg0MTc2MTM5MTI2Mg==_0.jpg	0.84	one_text_contains_the_other	富貴吉祥	"富貴吉祥
雅婷"	/mnt/Suran_database/Users/thanhthanh_workspace/Project/NLP_K35/xlnntn_hp2_friend/data/mrDuc_data/Images/UzpfSTEwMDA1MDU5Mjk1MDg2MzpWSzoyNTYxNTg0MTc2MTM5MTI2Mg==_0.jpg
/images/UzpfSTEwMDAwMTUxNzgxMDY2NzpWSzoyNTYyMjI0MjMxNDA4NDU0MA==_0.jpg	0.715021	high_directional_coverage	"慷慨激昂向道心
溫良恭儉處人事"	"慷慨激昂向道心
温良恭儉讓人事
乙巳年冬峯生"	/mnt/Suran_database/Users/thanhthanh_workspace/Project/NLP_K35/xlnntn_hp2_friend/data/mrDuc_data/Images/UzpfSTEwMDAwMTUxNzgxMDY2NzpWSzoyNTYyMjI0MjMxNDA4NDU0MA==_0.jpg
/images/UzpfSTEwMDAwMDMxOTgxNzA2MDpWSzoyNTYxOTU0MDc3NDM1NDY5NA==_0.jpg	0.657765	combined_score_above_threshold	"真草千字文練習#30
驢騾犢特 駭躍超驤

誅斬賊盜 捕獲叛亡

布射遼丸 嵇琴阮嘯

恬筆倫紙 鈞巧任釣"	"馳
譽
丹
青
九
州
禹
跡
誅
斬
賊
盜
捕
獲
叛
亡
布
射
僚
丸
嵇
琴
阮
嘯
恬
筆
倫
紙
鈞
巧
任
釣"	/mnt/Suran_database/Users/thanhthanh_workspace/Project/NLP_K35/xlnntn_hp2_friend/data/mrDuc_data/Images/UzpfSTEwMDAwMDMxOTgxNzA2MDpWSzoyNTYxOTU0MDc3NDM1NDY5NA==_0.jpg
/images/UzpfSTEwMDAwMDM2NjMwMzY2NTpWSzoyNTYxNzIxMzUwNDU4NzQyMQ==_0.jpg	0.802828	high_directional_coverage	"2026-02-01週日
眾生賦 王安石（？）
09
商賈積貨憂滯銷。
農夫荷鋤祈豐年。
天公何曾存偏袒。
紅塵自古少周全。"	"商賈積貨憂滯
銷農夫荷鋤祈
豐年天公何曾存
偏袒紅塵自古少
周全
眾生詩王安石乙亥啓祥書"	/mnt/Suran_database/Users/thanhthanh_workspace/Project/NLP_K35/xlnntn_hp2_friend/data/mrDuc_data/Images/UzpfSTEwMDAwMDM2NjMwMzY2NTpWSzoyNTYxNzIxMzUwNDU4NzQyMQ==_0.jpg
/images/UzpfSTEwMDAwOTU5NjQwODMyMzpWSzoyNTYyMjQ5NjUxMDcyNTc4Nw==_0.jpg	0.910779	high_directional_coverage	短歌行曹操:對酒當歌人生幾何,譬如朝露去日苦多,慨當以慷憂思難忘,何以解憂唯有杜康!	"對酒當歌人生幾何
譬如朝露去日苦多
慨當以慷憂思難忘
何以解憂唯有杜康
魯迅"	/mnt/Suran_database/Users/thanhthanh_workspace/Project/NLP_K35/xlnntn_hp2_friend/data/mrDuc_data/Images/UzpfSTEwMDAwOTU5NjQwODMyMzpWSzoyNTYyMjQ5NjUxMDcyNTc4Nw==_0.jpg
/images/UzpfSTEwMDAwMDM2OTIxMDcyNTpWSzoyNTYwMTM1NjM1OTUwNjQ2OQ==_0.jpg	0.795985	high_directional_coverage	折花枝，恨花枝，準擬花開人共卮，開時人去時。怕相思，已相思，輪到相思沒處辭，眉間露一絲。今天的練習03	"折花枝恨在枝準擬花開人共卮
開時人去時怕相思已相思輪到相思
没處辞眉間露一絲
明人俞彦词相思
乙巳冬月之吉"	/mnt/Suran_database/Users/thanhthanh_workspace/Project/NLP_K35/xlnntn_hp2_friend/data/mrDuc_data/Images/UzpfSTEwMDAwMDM2OTIxMDcyNTpWSzoyNTYwMTM1NjM1OTUwNjQ2OQ==_0.jpg
/images/UzpfSTY3MTc0OTU2NDpWSzoyNTYxNDIyNDY0ODIxOTY0MA==_2.jpg	0.266963	one_text_contains_the_other	"#金文貝字及部首析形與釋義 –#遺

以「金文」的「貝」字及其部首的析形與釋義，並參照取字的青銅器拓本，佐以釋文，以觀「金文」之趣。
*******************************************************
34【遺】（字義：）
《雁侯見工鐘》（應侯見工鐘）（集成107─108）「雁（應）侯見工遺王于周。」

《應侯見工鐘》是西周中期的青銅甬鐘，屬於編鐘組件。鐘身鑄有銘文，內容相互銜接。
目前已知有兩件關鍵器物：一件于1974年出土于陝西藍田，通高約26釐米，鐘銘文39字，日本收藏的另一件鐘銘文33字，合璧後可得完整72字銘文。

鐘身銘文39字，記述周王于宗周康宮賜予應侯彤弓彤矢之事，與另一件傳世鐘銘文合璧後完整銘文達72字，完整呈現周王室對應國君主的冊封禮儀。

兩鐘形制典型，飾有雷紋、雲紋及鳥形紋飾，右鼓部常鑄有鳥形標識，「銑」寬13釐米，鐘體「篆部」與「隧部」裝飾雷紋，右「鼓部」鑄有鳥形雙音標識，體現西周青銅鑄造工藝特徵。
*一鐘雙音：「隧部」為主要敲擊點，用以發出低音（通常稱「隧音」），與側邊的「銑」部敲擊出的高音共同構成雙音技術。
*************************************************************
銘文釋義：
隹（唯）正二月初吉，王歸自成周，雁（應）侯見工遺王于周。
辛未，王各（格）于康，榮白（伯）入右雁侯見工，易（錫）弓糸（彤弓）一，緲（彤矢）百，馬
***以上藍田縣出土《應侯見工鐘》銘文

四匹。見工敢對揚天子休，用作朕皇祖雁侯大？鐘，用易（錫）眉壽永令，子子孫孫永寶用。"	應侯見工鐘	/mnt/Suran_database/Users/thanhthanh_workspace/Project/NLP_K35/xlnntn_hp2_friend/data/mrDuc_data/Images/UzpfSTY3MTc0OTU2NDpWSzoyNTYxNDIyNDY0ODIxOTY0MA==_2.jpg
/images/UzpfSTEwMDAwMTUxNzgxMDY2NzpWSzoyNTYxMzYzNTE4MTYxMTkyMA==_0.jpg	0.867749	high_directional_coverage	"論語
君子食無求飽，居無求安，敏於事而慎於言，就有道而正焉。"	"君子食無求飽居無
求安敏於事而慎
於言就有道而正焉
乙巳年木筆生"	/mnt/Suran_database/Users/thanhthanh_workspace/Project/NLP_K35/xlnntn_hp2_friend/data/mrDuc_data/Images/UzpfSTEwMDAwMTUxNzgxMDY2NzpWSzoyNTYxMzYzNTE4MTYxMTkyMA==_0.jpg
/images/UzpfSTE0NDkwODQxNjA6Vks6MjU2MTAwODE5NDUzMDA1Nzc=_0.jpg	0.783384	high_directional_coverage	"人從悲傷中 落落大方走出來‘’
就是藝術家

木心"	"人從悲傷中落
落大方走出就
是藝術家
乙巳冬清澤書"	/mnt/Suran_database/Users/thanhthanh_workspace/Project/NLP_K35/xlnntn_hp2_friend/data/mrDuc_data/Images/UzpfSTE0NDkwODQxNjA6Vks6MjU2MTAwODE5NDUzMDA1Nzc=_0.jpg
/images/UzpfSTEwMDAxNjg4Mjk5NjczMzpWSzoyNTYwODk5MjExODc0Mjg5Mw==_0.jpg	0.774147	one_text_contains_the_other	"千山鳥飛絕，
萬徑人蹤滅。

孤舟蓑笠翁，

獨釣寒江雪。"	"千山鳥飛絕
萬徑人蹤滅
孤舟蓑笠翁
獨釣寒江雪
柳宗元江雪
己巳冬月
寫於琴石
田三奇書"	/mnt/Suran_database/Users/thanhthanh_workspace/Project/NLP_K35/xlnntn_hp2_friend/data/mrDuc_data/Images/UzpfSTEwMDAxNjg4Mjk5NjczMzpWSzoyNTYwODk5MjExODc0Mjg5Mw==_0.jpg
/images/UzpfSTEwMDAwMzUzNjA0MTQ0NzpWSzoyNTUzMDM0NTY0OTk0MDg3NA==_0.jpg	0.789103	high_directional_coverage	"行草 宋 杜耒 寒夜🙏☕😎

寒夜客來茶當酒
竹爐湯沸火初紅
尋常一樣窗前月
纔有梅花便不同"	"寒夜客來茶當酒
竹爐湯沸火初紅
尋常一樣窗前月
才有梅花便不同
宋杜耒寒夜 己巳暮春 伍鈺"	/mnt/Suran_database/Users/thanhthanh_workspace/Project/NLP_K35/xlnntn_hp2_friend/data/mrDuc_data/Images/UzpfSTEwMDAwMzUzNjA0MTQ0NzpWSzoyNTUzMDM0NTY0OTk0MDg3NA==_0.jpg
/images/UzpfSTEwMDAwMDM2OTIxMDcyNTpWSzoyNTYxMDE1MTMwNTI5MzY0MQ==_0.jpg	1.0	one_text_contains_the_other	暫因夜雨開吟社，莫詠天風謗法華。今天的練習01	"暫
因
夜
雨
開
吟
社
莫
詠
天
風
謗
法
華"	/mnt/Suran_database/Users/thanhthanh_workspace/Project/NLP_K35/xlnntn_hp2_friend/data/mrDuc_data/Images/UzpfSTEwMDAwMDM2OTIxMDcyNTpWSzoyNTYxMDE1MTMwNTI5MzY0MQ==_0.jpg
/images/UzpfSTEwMDAwMDM2OTIxMDcyNTpWSzoyNTU5MjU5NDA3MzcxNjAzMQ==_0.jpg	1.0	one_text_contains_the_other	風雲際會。今天的練習02	"風
雲
際
會"	/mnt/Suran_database/Users/thanhthanh_workspace/Project/NLP_K35/xlnntn_hp2_friend/data/mrDuc_data/Images/UzpfSTEwMDAwMDM2OTIxMDcyNTpWSzoyNTU5MjU5NDA3MzcxNjAzMQ==_0.jpg
/images/UzpfSTEwMDAwNjk5OTg0Mzk5MjpWSzoyNTYwNTI2Mjc0MjQ0OTE2NA==_0.jpg	0.721036	high_directional_coverage	"書友早安舒心😃
習字塗鴉分享🙏
唐:李白
《峨眉山月歌》
峨眉山月半輪秋，影入平羌江水流。
夜發清溪向三峽，思君不見下渝州。
✍️於:烘爐茶壺"	"峨
眉
山
月
半
輪
秋
影
入
平
羌
江
水
流
夜
發
清
溪
向
三
峽
思
君
不
見
下
渝
州
李
白
詩
敬
書"	/mnt/Suran_database/Users/thanhthanh_workspace/Project/NLP_K35/xlnntn_hp2_friend/data/mrDuc_data/Images/UzpfSTEwMDAwNjk5OTg0Mzk5MjpWSzoyNTYwNTI2Mjc0MjQ0OTE2NA==_0.jpg
/images/UzpfSTEwMDAwMDM2NjMwMzY2NTpWSzoyNTYwOTIyMTI3MjA1MzMxMQ==_0.jpg	0.795653	high_directional_coverage	"2026-01-31週六
中華字經
059
俘虜繳械，勝敗前沿。
枉允肯否，咀嚼凱宴。
慘遭犧牲，素裹席捲。"	"俘
虜
繳
械
勝
敗
前
沿
枉
允
肯
否
咀
嚼
凱
宴
慘
遭
犧
牲
素
裹
裏
席
捲
中華字經59乙巳冬妙琴整"	/mnt/Suran_database/Users/thanhthanh_workspace/Project/NLP_K35/xlnntn_hp2_friend/data/mrDuc_data/Images/UzpfSTEwMDAwMDM2NjMwMzY2NTpWSzoyNTYwOTIyMTI3MjA1MzMxMQ==_0.jpg
/images/UzpfSTEwMDAwMzUzNjA0MTQ0NzpWSzoyNTU4NjIzMzgwNDM1MjA1OA==_0.jpg	0.612976	combined_score_above_threshold	"行草 網文聯句🙏☕😎

竹密不妨流水過
峰高豈礙白雲飛"	"竹密不妨流水過
山高豈礙白雲飛
歲在己亥春華
何銘"	/mnt/Suran_database/Users/thanhthanh_workspace/Project/NLP_K35/xlnntn_hp2_friend/data/mrDuc_data/Images/UzpfSTEwMDAwMzUzNjA0MTQ0NzpWSzoyNTU4NjIzMzgwNDM1MjA1OA==_0.jpg
/images/UzpfSTEwMDAwMDM2NjMwMzY2NTpWSzoyNTU5ODQ2NDc1NjQ2MjI5Ng==_0.jpg	0.599422	combined_score_above_threshold	"2026-01-30週五
眾生賦 王安石（？）
08
文采風流，囿於名繮利鎖。
廟堂顯貴，困於權鬥傾軋。"	"文
采
風
流
困
於
名
韁
利
鎖
廟
堂
顯
貴
困
於
權
門
傾
軋
录
王
安
石
句
己
巳
冬
月
书
于"	/mnt/Suran_database/Users/thanhthanh_workspace/Project/NLP_K35/xlnntn_hp2_friend/data/mrDuc_data/Images/UzpfSTEwMDAwMDM2NjMwMzY2NTpWSzoyNTU5ODQ2NDc1NjQ2MjI5Ng==_0.jpg
/images/UzpfSTEwMDAwMjgwNzA5MDE0OTpWSzoyNTQ3MjM1NjM5NTczOTgwMA==_0.jpg	0.8602	high_directional_coverage	"卜運算元·詠梅
宋-陸游

驛外斷橋邊，寂寞開無主。

已是黃昏獨自愁，更著風和雨。

無意苦爭春，一任群芳妒。

零落成泥碾作塵，只有香如故。"	"驛外斷橋邊寂寞開無主已是黃昏
獨自愁更著風和雨無意苦爭春一任群芳妒
零落成泥碾作塵只有香如故
乙巳冬
祥亦洋"	/mnt/Suran_database/Users/thanhthanh_workspace/Project/NLP_K35/xlnntn_hp2_friend/data/mrDuc_data/Images/UzpfSTEwMDAwMjgwNzA5MDE0OTpWSzoyNTQ3MjM1NjM5NTczOTgwMA==_0.jpg
/images/UzpfSTEwMDA1MDU5Mjk1MDg2MzpWSzoyNTU5NjM3NzY1NjY3MTAwNg==_0.jpg	0.84	one_text_contains_the_other	富貴天香	"富貴天香
琉琦"	/mnt/Suran_database/Users/thanhthanh_workspace/Project/NLP_K35/xlnntn_hp2_friend/data/mrDuc_data/Images/UzpfSTEwMDA1MDU5Mjk1MDg2MzpWSzoyNTU5NjM3NzY1NjY3MTAwNg==_0.jpg
/images/UzpfSTEwMDA4OTA0MzM2NTY5MDpWSzoyNTU5ODQwNDc2MzEzNDk2Mg==_3.jpg	0.32711	one_text_contains_the_other	滿江紅。岳飛詞	"滿江紅
岳飛詞
怒髮衝冠憑欄處瀟瀟
雨歇抬
望眼仰天長嘯壯懷激烈
三十
功名塵與土八千里路雲和月
莫等閒白了少年頭空悲切靖
康恥猶未雪臣子恨何時滅駕
長車踏破賀蘭山缺壯志飢餐
胡虜肉笑談渴飲匈奴血待從
頭收拾舊山河朝天闕
丙申年春肖笙書"	/mnt/Suran_database/Users/thanhthanh_workspace/Project/NLP_K35/xlnntn_hp2_friend/data/mrDuc_data/Images/UzpfSTEwMDA4OTA0MzM2NTY5MDpWSzoyNTU5ODQwNDc2MzEzNDk2Mg==_3.jpg
/images/UzpfSTEwMDAwMDM2OTIxMDcyNTpWSzoyNTU5MjU5NzAwNzA0OTA3MQ==_0.jpg	0.624336	high_directional_coverage	斂愁眉。恨依依。腸斷關情怨別離。雲中過雁悲。癡因誰。病因誰。屈指無言忖後期。此時人怎知。今天的練習03	"斂愁眉恨依依
腸斷閨情怨難分
中庭雁悲癯因誰病
因雙壓指無奈時
後期此時人怎知
宋人趙長卿長相思
乙巳冬"	/mnt/Suran_database/Users/thanhthanh_workspace/Project/NLP_K35/xlnntn_hp2_friend/data/mrDuc_data/Images/UzpfSTEwMDAwMDM2OTIxMDcyNTpWSzoyNTU5MjU5NzAwNzA0OTA3MQ==_0.jpg
/images/UzpfSTEwMDAwMDM2NjMwMzY2NTpWSzoyNTU5MDk3OTg3Mzg3NzQ1MQ==_0.jpg	0.743469	high_directional_coverage	"2026-01-39週四
中華字經
058
遏追堵截，伏剿全殲。
另召嶄旅，蜕衰勿厭。
碉堡摧毀，擁擠逃竄。"	"遏
追
堵
截
伏
剿
全
殲
另
召
嶄
旅
蛻
衰
勿
厭
凋
堡
摧
毀
擁
擠
逃
竄
中華字經
98
乙巳冬
煇書"	/mnt/Suran_database/Users/thanhthanh_workspace/Project/NLP_K35/xlnntn_hp2_friend/data/mrDuc_data/Images/UzpfSTEwMDAwMDM2NjMwMzY2NTpWSzoyNTU5MDk3OTg3Mzg3NzQ1MQ==_0.jpg
/images/UzpfSTEwMDAwMjgwNzA5MDE0OTpWSzoyNTU5MjA1Nzg1MDQzNjMyMA==_0.jpg	0.843226	high_directional_coverage	"泊秦淮
唐-杜牧

煙籠寒水月籠沙，夜泊秦淮近酒家。

商女不知亡國恨，隔江猶唱後庭花。"	"煙
籠
寒
水
月
籠
沙
夜
泊
秦
淮
近
酒
家
商
女
不
知
亡
國
恨
隔
江
猶
唱
後
庭
花
杜
牧
詩
徐
志
洋"	/mnt/Suran_database/Users/thanhthanh_workspace/Project/NLP_K35/xlnntn_hp2_friend/data/mrDuc_data/Images/UzpfSTEwMDAwMjgwNzA5MDE0OTpWSzoyNTU5MjA1Nzg1MDQzNjMyMA==_0.jpg
/images/UzpfSTEwMDAwOTU5NjQwODMyMzpWSzoyNTU4OTE1MDAwNDA2MDQzOA==_0.jpg	0.735286	high_directional_coverage	取自辛棄疾·元夕：東風夜放花千樹，更吹落、星如雨。 寶馬雕車香滿路！謝謝！	"東
風
夜
放
花
樹
更
吹
落
星
如
雨
寶
馬
雕
車
香
路
詩
墨
書"	/mnt/Suran_database/Users/thanhthanh_workspace/Project/NLP_K35/xlnntn_hp2_friend/data/mrDuc_data/Images/UzpfSTEwMDAwOTU5NjQwODMyMzpWSzoyNTU4OTE1MDAwNDA2MDQzOA==_0.jpg
/images/UzpfSTEwMDAwMzUzNjA0MTQ0NzpWSzoyNTU3Nzg1Mzc0ODUyMzM5Nw==_0.jpg	0.696842	combined_score_above_threshold	"楷書 勵志對聯🙏☕😎

水能性淡為吾友
竹解心虛是我師"	"水能性淡為吾友
竹解心虛是我師
癸巳暮春
何鏡"	/mnt/Suran_database/Users/thanhthanh_workspace/Project/NLP_K35/xlnntn_hp2_friend/data/mrDuc_data/Images/UzpfSTEwMDAwMzUzNjA0MTQ0NzpWSzoyNTU3Nzg1Mzc0ODUyMzM5Nw==_0.jpg
/images/UzpfSTEwMDAwMDM2OTIxMDcyNTpWSzoyNTU4MzA2MzM5MTMzNTc2Ng==_0.jpg	1.0	one_text_contains_the_other	金鑼騰空。今天的練習02	金鑼騰空	/mnt/Suran_database/Users/thanhthanh_workspace/Project/NLP_K35/xlnntn_hp2_friend/data/mrDuc_data/Images/UzpfSTEwMDAwMDM2OTIxMDcyNTpWSzoyNTU4MzA2MzM5MTMzNTc2Ng==_0.jpg
/images/UzpfSTEwMDAwMDM2OTIxMDcyNTpWSzoyNTU0NTcwNjA5ODQwNDgyOQ==_0.jpg	1.0	one_text_contains_the_other	鳳毛麟角。今天的練習02	"鳳
毛
麟
角"	/mnt/Suran_database/Users/thanhthanh_workspace/Project/NLP_K35/xlnntn_hp2_friend/data/mrDuc_data/Images/UzpfSTEwMDAwMDM2OTIxMDcyNTpWSzoyNTU0NTcwNjA5ODQwNDgyOQ==_0.jpg
/images/UzpfSTEwMDAwMDM2OTIxMDcyNTpWSzoyNTU3Mzc5ODI4MjI2MjI3Nw==_0.jpg	0.663736	combined_score_above_threshold	凝弦夜醉松亭月，投簡寒窺玉洞雲。今天的練習0１	"凝
弦
夜
碎
松
亭
月
投
简
寒
窥
玉
洞
云"	/mnt/Suran_database/Users/thanhthanh_workspace/Project/NLP_K35/xlnntn_hp2_friend/data/mrDuc_data/Images/UzpfSTEwMDAwMDM2OTIxMDcyNTpWSzoyNTU3Mzc5ODI4MjI2MjI3Nw==_0.jpg
/images/UzpfSTEwMDAwMDM2OTIxMDcyNTpWSzoyNTUwNjg5NDAzNTYxOTM2OQ==_0.jpg	0.694505	combined_score_above_threshold	能消忙事成閑事，不薄今人愛古人。今天的練習01	"然
後
得
事
外
閑
事
不
薄
今
人
愛
古
人"	/mnt/Suran_database/Users/thanhthanh_workspace/Project/NLP_K35/xlnntn_hp2_friend/data/mrDuc_data/Images/UzpfSTEwMDAwMDM2OTIxMDcyNTpWSzoyNTUwNjg5NDAzNTYxOTM2OQ==_0.jpg
/images/UzpfSTEwMDAwMDI3MzMyMTM4ODpWSzoyNTU3OTcyNjQ2MTY2OTQ1OQ==_0.jpg	0.783333	one_text_contains_the_other	祝馬年，神馬飛天	神馬飛天	/mnt/Suran_database/Users/thanhthanh_workspace/Project/NLP_K35/xlnntn_hp2_friend/data/mrDuc_data/Images/UzpfSTEwMDAwMDI3MzMyMTM4ODpWSzoyNTU3OTcyNjQ2MTY2OTQ1OQ==_0.jpg
/images/UzpfSTEwMDAwMDM2NjMwMzY2NTpWSzoyNTU4MjE2MDk5ODA5MjY3Mg==_0.jpg	0.664273	combined_score_above_threshold	"2026-01-28週三
眾生賦 王安石（？）
07
懷才抱德者，沈淪市井喧囂。
弄潮逐利者，終化浪裡微塵。"	"懷才抱德者沈
淪市井喧囂奔
潮逐利者終化
浪裏微塵
錄王安石詩
乙巳冬啓禧書"	/mnt/Suran_database/Users/thanhthanh_workspace/Project/NLP_K35/xlnntn_hp2_friend/data/mrDuc_data/Images/UzpfSTEwMDAwMDM2NjMwMzY2NTpWSzoyNTU4MjE2MDk5ODA5MjY3Mg==_0.jpg
/images/UzpfSTEwMDAwMjgwNzA5MDE0OTpWSzoyNTU3Mzk3OTY4MjI0NDEzNw==_0.jpg	0.734203	high_directional_coverage	"早冬
唐-白居易

十月江南天氣好，可憐冬景似春華。

霜輕未殺萋萋草，日暖初幹漠漠沙。

老柘葉黃如嫩樹，寒櫻枝白是狂花。

此時卻羨閒人醉，五馬無由入酒家。"	"十月江南天氣好可憐冬景似春華霜輕
未殺萋々草日暖初乾漠々沙老柘葉
黃如椒樹野梅枝半是狂花此時卻遣閑人醉
五馬無由入酒家
唐白香山詩于乙巳冬月徐志洋"	/mnt/Suran_database/Users/thanhthanh_workspace/Project/NLP_K35/xlnntn_hp2_friend/data/mrDuc_data/Images/UzpfSTEwMDAwMjgwNzA5MDE0OTpWSzoyNTU3Mzk3OTY4MjI0NDEzNw==_0.jpg
/images/UzpfSTEwMDAwMDM2OTIxMDcyNTpWSzoyNTU2NDA1MjY0MzIzNjg0MQ==_0.jpg	1.0	one_text_contains_the_other	情投意合。今天的練習02	情投意合	/mnt/Suran_database/Users/thanhthanh_workspace/Project/NLP_K35/xlnntn_hp2_friend/data/mrDuc_data/Images/UzpfSTEwMDAwMDM2OTIxMDcyNTpWSzoyNTU2NDA1MjY0MzIzNjg0MQ==_0.jpg
/images/UzpfSTEwMDAwMDM2OTIxMDcyNTpWSzoyNTU3MzgwMDkyNTU5NTM0Ng==_0.jpg	1.0	one_text_contains_the_other	魂不守舍。今天的練習0２	"魂
不
守
舍"	/mnt/Suran_database/Users/thanhthanh_workspace/Project/NLP_K35/xlnntn_hp2_friend/data/mrDuc_data/Images/UzpfSTEwMDAwMDM2OTIxMDcyNTpWSzoyNTU3MzgwMDkyNTU5NTM0Ng==_0.jpg
/images/UzpfSTEwMDAwMTUxNzgxMDY2NzpWSzoyNTU3NzYyMDA2ODU0Njc2NQ==_0.jpg	0.847576	one_text_contains_the_other	"吉祥如意財源廣
健康快樂太平年"	"吉祥如意財源廣
健康快樂太平年
乙巳年春華生書"	/mnt/Suran_database/Users/thanhthanh_workspace/Project/NLP_K35/xlnntn_hp2_friend/data/mrDuc_data/Images/UzpfSTEwMDAwMTUxNzgxMDY2NzpWSzoyNTU3NzYyMDA2ODU0Njc2NQ==_0.jpg
/images/UzpfSTEwMDAwMDMxOTgxNzA2MDpWSzoyNTU3NDk3ODI2NTQ3NzYxMg==_0.jpg	0.925485	one_text_contains_the_other	"真草千字文練習#29
嫡後嗣續 祭祀烝嘗

稽顙再拜 悚懼恐惶

牋牒簡要 顧答審詳 

骸垢想浴 執熱願涼"	"嫡後嗣續祭祀烝嘗
稽顙再拜悚懼恐惶
牋牒簡要顧答審詳
骸垢想浴執熱願涼"	/mnt/Suran_database/Users/thanhthanh_workspace/Project/NLP_K35/xlnntn_hp2_friend/data/mrDuc_data/Images/UzpfSTEwMDAwMDMxOTgxNzA2MDpWSzoyNTU3NDk3ODI2NTQ3NzYxMg==_0.jpg
/images/UzpfSTEwMDAwMDM2NjMwMzY2NTpWSzoyNTU3MDg3MDI4NTg4ODQxMA==_0.jpg	0.761994	high_directional_coverage	"2026-01-27週二
中華字經
057
趁卻佯攻，構築壕塹。
擒敵破陣，調派遣返。
垢卸焚址，盔甩燼焰。"	"趁
卻
伴
攻
構
築
壕
塹
擒
敵
破
陣
調
派
遣
返
垢
卸
焚
址
盔
甩
爐
焰
中華字經乙巳冬"	/mnt/Suran_database/Users/thanhthanh_workspace/Project/NLP_K35/xlnntn_hp2_friend/data/mrDuc_data/Images/UzpfSTEwMDAwMDM2NjMwMzY2NTpWSzoyNTU3MDg3MDI4NTg4ODQxMA==_0.jpg
/images/UzpfSTEwMDAwNjk5OTg0Mzk5MjpWSzoyNTU2ODM4ODU4MjgwMzI0Nw==_0.jpg	0.715757	high_directional_coverage	"書友早安舒心😃
習字塗鴉分享🙏
七步詩
作者：曹植
煮豆持作羹，漉菽以爲汁。
萁在釜下燃，豆在釜中泣。
本自同根生，相煎何太急？
✍️於:烘爐茶壺"	"煮豆持作羹漉豉以
爲汁萁在釜下燃豆
在釜中泣本自同根生
相煎何太急
七步詩己丑"	/mnt/Suran_database/Users/thanhthanh_workspace/Project/NLP_K35/xlnntn_hp2_friend/data/mrDuc_data/Images/UzpfSTEwMDAwNjk5OTg0Mzk5MjpWSzoyNTU2ODM4ODU4MjgwMzI0Nw==_0.jpg
/images/UzpfSTEwMDAwMDM2OTIxMDcyNTpWSzoyNTU1NDY3MDg2NDE3NTAxOQ==_0.jpg	0.649035	high_directional_coverage	山無情。水無情。楊柳飛花春雨晴。征衫長短亭。 擬行行。重行行。吟到江南第幾程。江南山漸青。今天的練習03	"山無情水無情楊柳飛花春已晴
征人長短亭撥棹重歸吟到江南
萬里程江南山漸青
宋人張輯長相思
乙巳冬月之吉"	/mnt/Suran_database/Users/thanhthanh_workspace/Project/NLP_K35/xlnntn_hp2_friend/data/mrDuc_data/Images/UzpfSTEwMDAwMDM2OTIxMDcyNTpWSzoyNTU1NDY3MDg2NDE3NTAxOQ==_0.jpg
/images/UzpfSTEwMDAwMDM2OTIxMDcyNTpWSzoyNTUzNjA2NzM3MjcwMjAzNQ==_0.jpg	1.0	one_text_contains_the_other	民殷國富。今天的練習02	"民
殷
國
富"	/mnt/Suran_database/Users/thanhthanh_workspace/Project/NLP_K35/xlnntn_hp2_friend/data/mrDuc_data/Images/UzpfSTEwMDAwMDM2OTIxMDcyNTpWSzoyNTUzNjA2NzM3MjcwMjAzNQ==_0.jpg
/images/UzpfSTEwMDAyNTAwMzQwMDg3OTpWSzoyNTU2MTA4ODMxMDE5OTk0MQ==_0.jpg	0.647114	high_directional_coverage	"習字：
春風策馬啓新程
閑墨輕磨寫舊章"	"春風送馬啓新程
宋墨輕磨寫舊章
乙巳冬月鶴峯書"	/mnt/Suran_database/Users/thanhthanh_workspace/Project/NLP_K35/xlnntn_hp2_friend/data/mrDuc_data/Images/UzpfSTEwMDAyNTAwMzQwMDg3OTpWSzoyNTU2MTA4ODMxMDE5OTk0MQ==_0.jpg
/images/UzpfSTEwMDAxMDMwNDc2NjAwNDpWSzoyNTU1OTAxMDg5MDQwNzY4Mw==_1.jpg	0.910317	one_text_contains_the_other	馬年大吉🌷	"福
馬
年
大
吉"	/mnt/Suran_database/Users/thanhthanh_workspace/Project/NLP_K35/xlnntn_hp2_friend/data/mrDuc_data/Images/UzpfSTEwMDAxMDMwNDc2NjAwNDpWSzoyNTU1OTAxMDg5MDQwNzY4Mw==_1.jpg
/images/UzpfSTEwMDAwODM2NDIxNzM5NTpWSzoyNTU2MDUyOTEzMzU4OTE5Mg==_0.jpg	0.908316	high_directional_coverage	"宋   黃庭堅    虞美人·宜州見梅作
天涯也有江南信。梅破知春近。夜闌風細得香遲。不道曉來開遍、向南枝。
玉臺弄粉花應妒。飄到眉心住。平生箇裏願杯深。去國十年老盡、少年心。"	"天涯也有江南信梅破知春近夜闌風細得香遲
不道曉來開遍向南枝玉臺弄粉花應妒飄到
眉心住平生箇裏願杯深去國十年老盡少年心
宋黃庭堅虞美人"	/mnt/Suran_database/Users/thanhthanh_workspace/Project/NLP_K35/xlnntn_hp2_friend/data/mrDuc_data/Images/UzpfSTEwMDAwODM2NDIxNzM5NTpWSzoyNTU2MDUyOTEzMzU4OTE5Mg==_0.jpg
/images/UzpfSTEwMDAwMDM2OTIxMDcyNTpWSzoyNTUzNjA2NTUyOTM2ODg4Ng==_0.jpg	0.912088	high_directional_coverage	獨上蓮花攬明月，還將槲葉補秋雲。今天的練習01	"獨
上
蓮
花
攬
明
月
還
將
檞
葉
補
秋
雲"	/mnt/Suran_database/Users/thanhthanh_workspace/Project/NLP_K35/xlnntn_hp2_friend/data/mrDuc_data/Images/UzpfSTEwMDAwMDM2OTIxMDcyNTpWSzoyNTUzNjA2NTUyOTM2ODg4Ng==_0.jpg
/images/UzpfSTEwMDAwMDM2OTIxMDcyNTpWSzoyNTU1NDY2NDUwNDE3NTY1NQ==_0.jpg	0.83956	high_directional_coverage	園樹經霜留碩果，庭梅帶雪發寒花。今天的練習01	"園
樹
經
霜
留
碩
果
庭
槑
帶
雪
發
寒
華"	/mnt/Suran_database/Users/thanhthanh_workspace/Project/NLP_K35/xlnntn_hp2_friend/data/mrDuc_data/Images/UzpfSTEwMDAwMDM2OTIxMDcyNTpWSzoyNTU1NDY2NDUwNDE3NTY1NQ==_0.jpg
/images/UzpfSTEwMDAwMjU0OTQzOTE0OTpWSzoyNTU2NTYyNjM2MzA3OTQ2OQ==_2.jpg	0.659143	high_directional_coverage	"中原逐鹿我為首
華物天寶駿業發
藝能用品博眾采

馬年大吉

馬上有錢"	"中
原
逐
鹿
我
為
首
華
物
天
寶
駿
業
茂
燈
能
用
品
牌
級
米"	/mnt/Suran_database/Users/thanhthanh_workspace/Project/NLP_K35/xlnntn_hp2_friend/data/mrDuc_data/Images/UzpfSTEwMDAwMjU0OTQzOTE0OTpWSzoyNTU2NTYyNjM2MzA3OTQ2OQ==_2.jpg
/images/UzpfSTEwMDAwMDM2OTIxMDcyNTpWSzoyNTU2NDA1NjIxOTkwMzE1MA==_0.jpg	0.735599	high_directional_coverage	煙蒼蒼。水茫茫。閒訪幽人煙水鄉。扁舟孤興長。蒲含霜。柳含霜。蒲柳蕭蕭青又黃。水雲鷗鷺藏。今天的練習03	"煙蒼蒼，水茫茫，閒訪画人煙外鄉，扁
舟孤興長，蒲含雪，柳含霜，蒲柳蕭蕭，
青又黃，水雲路，鷺鷥飛
明人王紱長相思 乙巳冬月之吉"	/mnt/Suran_database/Users/thanhthanh_workspace/Project/NLP_K35/xlnntn_hp2_friend/data/mrDuc_data/Images/UzpfSTEwMDAwMDM2OTIxMDcyNTpWSzoyNTU2NDA1NjIxOTkwMzE1MA==_0.jpg
/images/UzpfSTEwMDAwMDM2NjMwMzY2NTpWSzoyNTU1ODU1MTM3Mzc4Njk2OA==_0.jpg	0.751183	high_directional_coverage	"2026-01-26週一
眾生賦 王安石（？）
06
勤似工蜂，營營終生僅果腹。
猶如市儈，得志一時便稱豪。"	"勤似工蜂營營終
生僅果腹猶如市
儈得志一時便稱
豪
录王安石句
乙巳冬
楚书"	/mnt/Suran_database/Users/thanhthanh_workspace/Project/NLP_K35/xlnntn_hp2_friend/data/mrDuc_data/Images/UzpfSTEwMDAwMDM2NjMwMzY2NTpWSzoyNTU1ODU1MTM3Mzc4Njk2OA==_0.jpg
/images/UzpfSTU0MjM2Mjc2MDpWSzoyNTUzNzgxMTYzNTg2MDk0Mg==_2.jpg	0.847321	high_directional_coverage	"行盡江南數十程，曉風殘月入華清。
朝元閣上西風急，都入長楊作雨聲。

唐.#杜常《#華清宮》

行書練習，「雨」字寫錯了。

#練字養心 #米芾 #行書創作"	"行盡江南數十程曉
星殘月入華清
朝元閣上西風急都
入長楊作雨聲"	/mnt/Suran_database/Users/thanhthanh_workspace/Project/NLP_K35/xlnntn_hp2_friend/data/mrDuc_data/Images/UzpfSTU0MjM2Mjc2MDpWSzoyNTUzNzgxMTYzNTg2MDk0Mg==_2.jpg
/images/UzpfSTU0MjM2Mjc2MDpWSzoyNTUzNzgxMTYzNTg2MDk0Mg==_3.jpg	0.809226	high_directional_coverage	"行盡江南數十程，曉風殘月入華清。
朝元閣上西風急，都入長楊作雨聲。

唐.#杜常《#華清宮》

行書練習，「雨」字寫錯了。

#練字養心 #米芾 #行書創作"	"行盡江南數十程曉
星殘月入華清
朝元閣上西風急都
入長楊作西聲
ericleung.space"	/mnt/Suran_database/Users/thanhthanh_workspace/Project/NLP_K35/xlnntn_hp2_friend/data/mrDuc_data/Images/UzpfSTU0MjM2Mjc2MDpWSzoyNTUzNzgxMTYzNTg2MDk0Mg==_3.jpg
/images/UzpfSTU0MjM2Mjc2MDpWSzoyNTUzNzgxMTYzNTg2MDk0Mg==_5.jpg	0.809226	high_directional_coverage	"行盡江南數十程，曉風殘月入華清。
朝元閣上西風急，都入長楊作雨聲。

唐.#杜常《#華清宮》

行書練習，「雨」字寫錯了。

#練字養心 #米芾 #行書創作"	"行盡江南數十程曉
星殘月入華清
朝元閣上西風起都
入長楊作雨聲
ericleung.space"	/mnt/Suran_database/Users/thanhthanh_workspace/Project/NLP_K35/xlnntn_hp2_friend/data/mrDuc_data/Images/UzpfSTU0MjM2Mjc2MDpWSzoyNTUzNzgxMTYzNTg2MDk0Mg==_5.jpg
/images/UzpfSTU0MjM2Mjc2MDpWSzoyNTUzNzgxMTYzNTg2MDk0Mg==_1.jpg	0.826772	high_directional_coverage	"行盡江南數十程，曉風殘月入華清。
朝元閣上西風急，都入長楊作雨聲。

唐.#杜常《#華清宮》

行書練習，「雨」字寫錯了。

#練字養心 #米芾 #行書創作"	"行
盡
江
南
數
十
程
曉
星
殘
月
入
華
清
朝
元
閣
上
西
風
急
入
長
楊
作
雨
聲"	/mnt/Suran_database/Users/thanhthanh_workspace/Project/NLP_K35/xlnntn_hp2_friend/data/mrDuc_data/Images/UzpfSTU0MjM2Mjc2MDpWSzoyNTUzNzgxMTYzNTg2MDk0Mg==_1.jpg
/images/UzpfSTEwMDAwMDM2OTIxMDcyNTpWSzoyNTU0NTcxMTkyNTA3MDkxMw==_0.jpg	0.785147	high_directional_coverage	何事相逢不展眉，苦將情分惡猜疑，眼前行止想應知。半恨半嗔回面處，和嬌和淚泥人時，萬般饒得為憐伊。今天的練習03	"何事相逢不展眉苦將情分怨終期
前行止想憩半恨半嗔回面處和嬌和
淚泥人時萬般饒得為憐伊
五代詞人孫光憲 己巳之冬"	/mnt/Suran_database/Users/thanhthanh_workspace/Project/NLP_K35/xlnntn_hp2_friend/data/mrDuc_data/Images/UzpfSTEwMDAwMDM2OTIxMDcyNTpWSzoyNTU0NTcxMTkyNTA3MDkxMw==_0.jpg
/images/UzpfSTY3MTc0OTU2NDpWSzoyNTUyMzU4OTI5Mzk0OTg0Mw==_0.jpg	0.701224	high_directional_coverage	"【篆書作品刊物分享】

兵衛森畫戟，宴寢凝清香。海上風雨至，逍遙池閣涼。

煩痾近消散，嘉賓復滿堂。自慚居處崇，未睹斯民康。

理會是非遣，性達形跡忘。鮮肥屬時禁，蔬果幸見嘗。

俛飲一杯酒，仰聆金玉章。神歡體自輕，意欲凌風翔。

吳中盛文史，羣彥今汪洋。方知大藩地，豈曰財賦張（疆）。

林河源

唐 韋應物《郡齋雨中與諸文士燕集》

*俛：同俯。

*張：應為「疆」，一作「強」。

******************************************

天行健

李神泉

摘錄《易經．乾卦．象辭》"	"許華觴
郡齋雨中與諸文士燕集
兵衛森畫戟宴寢凝清香海上風雨至逍遥池閣凉煩
痾近正一作消散嘉賓復滿堂自慙居處崇未靚斯民康
理會是非遣性達形迹忘鮮肥屬時林亦荒菓幸見嘗俯
飲一杯酒仰聆金玉章神歡體自輕意欲凌風雲一作翔
吳中盛文史羣彦今汪洋方知大藩地盛一作豈曰財賦
疆一作强"	/mnt/Suran_database/Users/thanhthanh_workspace/Project/NLP_K35/xlnntn_hp2_friend/data/mrDuc_data/Images/UzpfSTY3MTc0OTU2NDpWSzoyNTUyMzU4OTI5Mzk0OTg0Mw==_0.jpg
/images/UzpfSTEwMDAwMDM2OTIxMDcyNTpWSzoyNTUyNzE3NDE0MzU5MTM1OA==_0.jpg	1.0	one_text_contains_the_other	沃野千里。今天的練習02	"沃
野
千
里"	/mnt/Suran_database/Users/thanhthanh_workspace/Project/NLP_K35/xlnntn_hp2_friend/data/mrDuc_data/Images/UzpfSTEwMDAwMDM2OTIxMDcyNTpWSzoyNTUyNzE3NDE0MzU5MTM1OA==_0.jpg
/images/UzpfSTEwMDAwMDM2NjMwMzY2NTpWSzoyNTU0NDIyMTY2NTIxOTkzOQ==_0.jpg	0.811492	high_directional_coverage	"2026-01-24週六
中華字經
056
稍縱即逝，竟忽瞬暫。
迢遞馭騎，靶轟州縣。
耗損酬飼，邁歷委艱。"	"稍
縱
即
逝
竟
忽
瞬
暫
迢
遞
馭
騎
靶
轟
州
縣
耗
損
酬
飼
邁
歷
委
艱
中華字經56.乙巳冬初學書"	/mnt/Suran_database/Users/thanhthanh_workspace/Project/NLP_K35/xlnntn_hp2_friend/data/mrDuc_data/Images/UzpfSTEwMDAwMDM2NjMwMzY2NTpWSzoyNTU0NDIyMTY2NTIxOTkzOQ==_0.jpg
/images/UzpfSTY3MTc0OTU2NDpWSzoyNTUyMzU4OTI5Mzk0OTg0Mw==_2.jpg	0.584402	combined_score_above_threshold	"【篆書作品刊物分享】

兵衛森畫戟，宴寢凝清香。海上風雨至，逍遙池閣涼。

煩痾近消散，嘉賓復滿堂。自慚居處崇，未睹斯民康。

理會是非遣，性達形跡忘。鮮肥屬時禁，蔬果幸見嘗。

俛飲一杯酒，仰聆金玉章。神歡體自輕，意欲凌風翔。

吳中盛文史，羣彥今汪洋。方知大藩地，豈曰財賦張（疆）。

林河源

唐 韋應物《郡齋雨中與諸文士燕集》

*俛：同俯。

*張：應為「疆」，一作「強」。

******************************************

天行健

李神泉

摘錄《易經．乾卦．象辭》"	"林河源
現為中華民國書法教育學會副理事長、僑委會海外僑教工作團文化技藝組副組長、曾四度出國講學
作品曾獲台北市美展第一名、省展優選全國美展入選暨八三、八四、八五、八七年四次獲得教育部
書法類文藝創作獎。
兵衛森畫戟宴寢凝清香海上
風雨至逍遙池閣涼煩痾近消
散嘉賓復滿堂自慚居處崇未
睹斯民康理會是非遣性達形
跡忘鮮肥屬時禁蔬果幸見嘗
俛飲一杯酒仰聆金玉章神歡
體自輕意欲凌風翔吳中盛文
史羣彥今汪洋方知大藩地豈
曰財賦張
韋應物郡齋 己巳十月讌文士燕集林河源篆
兵衛森畫戟，宴寢凝清香。海上風雨至，逍遙池閣涼。
煩痾近消散，嘉賓復滿堂。自慚居處崇，未睹斯民康。
理會是非遣，性達形跡忘。鮮肥屬時禁，蔬果幸見嘗。
俛飲一杯酒，仰聆金玉章。神歡體自輕，意欲凌風翔。
吳中盛文史，羣彥今汪洋。方知大藩地，豈曰財賦張（疆）。
唐 韋應物《郡齋雨中與諸文士燕集》"	/mnt/Suran_database/Users/thanhthanh_workspace/Project/NLP_K35/xlnntn_hp2_friend/data/mrDuc_data/Images/UzpfSTY3MTc0OTU2NDpWSzoyNTUyMzU4OTI5Mzk0OTg0Mw==_2.jpg
/images/UzpfSTY3MTc0OTU2NDpWSzoyNTUyMzU4OTI5Mzk0OTg0Mw==_1.jpg	0.725152	high_directional_coverage	"【篆書作品刊物分享】

兵衛森畫戟，宴寢凝清香。海上風雨至，逍遙池閣涼。

煩痾近消散，嘉賓復滿堂。自慚居處崇，未睹斯民康。

理會是非遣，性達形跡忘。鮮肥屬時禁，蔬果幸見嘗。

俛飲一杯酒，仰聆金玉章。神歡體自輕，意欲凌風翔。

吳中盛文史，羣彥今汪洋。方知大藩地，豈曰財賦張（疆）。

林河源

唐 韋應物《郡齋雨中與諸文士燕集》

*俛：同俯。

*張：應為「疆」，一作「強」。

******************************************

天行健

李神泉

摘錄《易經．乾卦．象辭》"	"許華陽
郡齋雨中與諸文士燕集
兵衛森畫戟宴寢凝清香海上風雨至逍遥池閣凉煩
痾近
一作
正
消散嘉賓復滿堂自慙居處崇未靚斯民康
理會是非遣性達形迹忘鮮肥屬時禁蔬菓幸見嘗俯
飲一杯酒仰聆金玉章神歡體自輕意欲凌風
一作
雲
翔
吳中盛文史羣彥今汪洋方知大藩地
威
一作
豈曰財賦
疆
强
一作"	/mnt/Suran_database/Users/thanhthanh_workspace/Project/NLP_K35/xlnntn_hp2_friend/data/mrDuc_data/Images/UzpfSTY3MTc0OTU2NDpWSzoyNTUyMzU4OTI5Mzk0OTg0Mw==_1.jpg
/images/UzpfSTEwMDAwMjgwNzA5MDE0OTpWSzoyNTU0NjQ5MzAyODMyNjEzNg==_0.jpg	0.785844	high_directional_coverage	"釵頭鳳·世情薄
宋-唐婉

世情薄，人情惡，雨送黃昏花易落。

曉風乾，淚痕殘。

欲箋心事，獨語斜闌。

難，難，難！

人成各，今非昨，病魂常似鞦韆索。

角聲寒，夜闌珊。

怕人尋問，咽淚裝歡。

瞞，瞞，瞞"	"世情薄人情惡雨送黃昏花易落曉風
乾淚痕殘欲箋心事獨語斜闌難難難
人成各今非昨病魂常似秋千索
閨閫怕人尋問咽淚裝歡瞞瞞瞞
唐婉詞乙未冬許志洋"	/mnt/Suran_database/Users/thanhthanh_workspace/Project/NLP_K35/xlnntn_hp2_friend/data/mrDuc_data/Images/UzpfSTEwMDAwMjgwNzA5MDE0OTpWSzoyNTU0NjQ5MzAyODMyNjEzNg==_0.jpg
/images/UzpfSTEwMDAwMDM2OTIxMDcyNTpWSzoyNTUzNjA5MzAwNjAzMjgwNQ==_0.jpg	0.581463	combined_score_above_threshold	碧玉衣裳白玉人，翠眉紅臉小腰身，瑞雲飛雨逐行雲。除卻弄珠兼解佩，便隨西子與東鄰，是誰容易比真真。今天的練習03	"碧玉衣裳白玉人翠眉红脸小腰身瑞
雲飛雨逐清風除却美珠并解珮
便随西子与东邻是谁容易比真真
五代词人孙光宪浣溪沙
己巳之冬"	/mnt/Suran_database/Users/thanhthanh_workspace/Project/NLP_K35/xlnntn_hp2_friend/data/mrDuc_data/Images/UzpfSTEwMDAwMDM2OTIxMDcyNTpWSzoyNTUzNjA5MzAwNjAzMjgwNQ==_0.jpg
/images/UzpfSTY3MTc0OTU2NDpWSzoyNTUzOTg2NzU5NTY1NTM0Ng==_0.jpg	0.614246	combined_score_above_threshold	"【篆書練習】/心燈明歌詞

本來無一物，流螢棲朽木，

銅鏡鏽蝕胭脂露，廊柱刻劫數，

虛空生妙有，竹影掃階愁，

半卷壇經裹檐漏，檐馬說五蘊。

********************************************

抄錄網歌《心燈明》歌詞五其五（終）"	"本
來
無
心
物
流
螢
棲
朽
木
銅
鏡
鏽
蝕
胭
脂
露
廊
柱
刻
劫
數
虛
空
生
妙
有
竹
影
掃
階
愁
半
卷
壇
經
裏
檐
漏
檐
馬
說
五
蘊
《心燈明》
五
本來無一物，流螢棲朽木，銅鏡鏽蝕胭脂露，廊柱刻劫數，
虛空生妙有，竹影掃階愁，半卷壇經裏檐漏，檐馬說五蘊。"	/mnt/Suran_database/Users/thanhthanh_workspace/Project/NLP_K35/xlnntn_hp2_friend/data/mrDuc_data/Images/UzpfSTY3MTc0OTU2NDpWSzoyNTUzOTg2NzU5NTY1NTM0Ng==_0.jpg
/images/UzpfSTEwMDAwNjk5OTg0Mzk5MjpWSzoyNTUzMTA4NTc1NjUzMzUzMA==_0.jpg	0.679511	combined_score_above_threshold	"書友早安舒心😃
習字塗鴉分享🙏
元稹:離思
曾經滄海難爲水，除卻巫山不是雲。
取次花叢懶回顧，半緣修道半緣君。
✍️於:烘爐茶壺"	"曾
經
滄
海
難
爲
水
除
却
巫
山
不
是
雲
取
次
花
叢
懶
回
顧
半
緣
修
道
半
緣
君
元
稹
離
思
己
亥
冬
初
所
書"	/mnt/Suran_database/Users/thanhthanh_workspace/Project/NLP_K35/xlnntn_hp2_friend/data/mrDuc_data/Images/UzpfSTEwMDAwNjk5OTg0Mzk5MjpWSzoyNTUzMTA4NTc1NjUzMzUzMA==_0.jpg
/images/UzpfSTEwMDAwMDM2OTIxMDcyNTpWSzoyNTUxNzIyMzc4NDU4NjM5NA==_0.jpg	1.0	one_text_contains_the_other	洞庭秋水青銅鏡，鄧尉春山碧玉簪。今天的練習01	"洞庭秋水青銅鏡
鄧尉春山碧玉簪"	/mnt/Suran_database/Users/thanhthanh_workspace/Project/NLP_K35/xlnntn_hp2_friend/data/mrDuc_data/Images/UzpfSTEwMDAwMDM2OTIxMDcyNTpWSzoyNTUxNzIyMzc4NDU4NjM5NA==_0.jpg
/images/UzpfSTEwMDAwMDM2OTIxMDcyNTpWSzoyNTUyNzE3MTgyMDI1ODI1Nw==_0.jpg	0.780948	high_directional_coverage	金谷年年，亂生春色誰為主？餘花落處，滿地和煙雨。又是離歌，一闋長亭暮。王孫去。萋萋無數，南北東西路。今天的練習01	"金谷年々亂生春色誰為主餘花落處滿地
和煙雨又是離歌一闋長亭暮王孫去萋萋無數
南小东書
宋人林逋點絳唇
己亥冬月之吉葉志峰"	/mnt/Suran_database/Users/thanhthanh_workspace/Project/NLP_K35/xlnntn_hp2_friend/data/mrDuc_data/Images/UzpfSTEwMDAwMDM2OTIxMDcyNTpWSzoyNTUyNzE3MTgyMDI1ODI1Nw==_0.jpg
/images/UzpfSTY3MTc0OTU2NDpWSzoyNTUyMzU4OTI5Mzk0OTg0Mw==_3.jpg	0.59099	high_directional_coverage	"【篆書作品刊物分享】

兵衛森畫戟，宴寢凝清香。海上風雨至，逍遙池閣涼。

煩痾近消散，嘉賓復滿堂。自慚居處崇，未睹斯民康。

理會是非遣，性達形跡忘。鮮肥屬時禁，蔬果幸見嘗。

俛飲一杯酒，仰聆金玉章。神歡體自輕，意欲凌風翔。

吳中盛文史，羣彥今汪洋。方知大藩地，豈曰財賦張（疆）。

林河源

唐 韋應物《郡齋雨中與諸文士燕集》

*俛：同俯。

*張：應為「疆」，一作「強」。

******************************************

天行健

李神泉

摘錄《易經．乾卦．象辭》"	"林河源
現為中華民國書法教育學會副理事長、僑委會海外僑教工作團文化技藝組副組長、曾四度出國講學。
作品曾獲台北市美展第一名、省展優選全國美展入選暨八三、八四、八五、八七年四次獲得教育部
書法類文藝創作獎。
兵衛森畫戟宴寢凝清香上
海風雨至逍遙池閣涼煩
痾近消散嘉賓復滿堂自
慚居處崇未睹斯民康理
會是非遣性達形跡忘鮮
肥屬時禁蔬果幸見嘗俛
飲一杯酒仰聆金玉章神
歡體自輕意欲凌風翔吳
中盛文史羣彥今汪洋方
辛未仲秋書 韋應物詩 於三源
兵衛森畫戟，宴寢凝清香。海上風雨至，逍遙池閣涼。
煩痾近消散，嘉賓復滿堂。自慚居處崇，未睹斯民康。
理會是非遣，性達形跡忘。鮮肥屬時禁，蔬果幸見嘗。
俛飲一杯酒，仰聆金玉章。神歡體自輕，意欲凌風翔。
吳中盛文史，羣彥今汪洋。方知大藩地，豈曰財賦張（疆）。
唐 韋應物《郡齋中與諸文士燕集》
55"	/mnt/Suran_database/Users/thanhthanh_workspace/Project/NLP_K35/xlnntn_hp2_friend/data/mrDuc_data/Images/UzpfSTY3MTc0OTU2NDpWSzoyNTUyMzU4OTI5Mzk0OTg0Mw==_3.jpg
/images/UzpfSTEwMDAwMDM2OTIxMDcyNTpWSzoyNTUwNjg5NjcwODk1MjQzNQ==_0.jpg	1.0	one_text_contains_the_other	黎庶謳歌。今天的練習02	"黎
庶
謳
歌"	/mnt/Suran_database/Users/thanhthanh_workspace/Project/NLP_K35/xlnntn_hp2_friend/data/mrDuc_data/Images/UzpfSTEwMDAwMDM2OTIxMDcyNTpWSzoyNTUwNjg5NjcwODk1MjQzNQ==_0.jpg
/images/UzpfSTEwMDAwMDM2NjMwMzY2NTpWSzoyNTUzMzIzNzAzMjk4NTA2OQ==_0.jpg	0.715066	combined_score_above_threshold	"2026-01-23週五
眾生賦 王安石（？）
05
子女聰穎，多做離巢飛燕。
兒孫拙樸，反得繞膝承歡。"	"子
女
聰
穎
，
多
做
離
巢
飛
燕
，
兒
孫
拙
樸
，
反
得
繞
膝
承
歡
。
錄
王
安
石
名
言
乙
巳
冬
黎
祥
書"	/mnt/Suran_database/Users/thanhthanh_workspace/Project/NLP_K35/xlnntn_hp2_friend/data/mrDuc_data/Images/UzpfSTEwMDAwMDM2NjMwMzY2NTpWSzoyNTUzMzIzNzAzMjk4NTA2OQ==_0.jpg
/images/UzpfSTY3MTc0OTU2NDpWSzoyNTUzMTIxNzkwNjUyMDMxNQ==_0.jpg	0.651994	high_directional_coverage	"【篆書練習】/心燈明

虛空生妙有，蝶翼載輕舟，

獨淚堆成蓮花漏，古井吞星斗，

千江飲月色，萬壑納風吟，

蛛網收盡晨昏線，木魚啄年輪。

********************************************

抄錄網歌《心燈明》歌詞五其四"	"虛
空
生
妙
有
蝶
翼
載
輕
舟
獨
淚
堆
成
蓮
花
漏
古
井
吞
星
斗
千
江
飲
月
色
萬
壑
納
風
吟
蛛
網
收
盡
晨
昏
線
木
魚
啄
年
輪
《心燈明》四
虛空生妙有，蝶翼載輕舟，獨淚堆成蓮花漏，古井吞星斗，
千江飲月色，萬壑納風吟，蛛網收盡晨昏線，木魚啄年輪。"	/mnt/Suran_database/Users/thanhthanh_workspace/Project/NLP_K35/xlnntn_hp2_friend/data/mrDuc_data/Images/UzpfSTY3MTc0OTU2NDpWSzoyNTUzMTIxNzkwNjUyMDMxNQ==_0.jpg
/images/UzpfSTEwMDAwMDM2NjMwMzY2NTpWSzoyNTUyNjE2ODUxMDM1ODU4OA==_0.jpg	0.811492	high_directional_coverage	"2026-01-22週四
中華字經
055
磐踞較勁，擎幟呼喊。
更迭撤離，阻擋禦攔。
些許騷擾，偽裝遮掩。"	"磐
踞
較
勁
擎
幟
呼
喊
更
迭
撤
離
阻
擋
禦
攔
些
許
騷
擾
偽
裝
遮
掩
中
華
字
經
兵
乙
巳
冬
施
書"	/mnt/Suran_database/Users/thanhthanh_workspace/Project/NLP_K35/xlnntn_hp2_friend/data/mrDuc_data/Images/UzpfSTEwMDAwMDM2NjMwMzY2NTpWSzoyNTUyNjE2ODUxMDM1ODU4OA==_0.jpg
/images/UzpfSTY3MTc0OTU2NDpWSzoyNTUyMTIwOTk1MDg1NDQ0NA==_0.jpg	0.284029	one_text_contains_the_other	"【紫砂壺銘集錦-3】不僅書法

紫砂的「裝飾」，集詩、書、畫、印於一體，反映了中國傳統文化，尤其是砂壺上的題銘，雖僅短短幾句、寥寥數言，但卻言簡意賅，字字珠璣，是文人和藝人精心構撰的文學精品。

*********************************************************

1）山中一杯水，可清天地心。

2）瓦平親汲三泉水，紗帽籠頭手自煎。

***************************************************

陳用卿/壺銘

陳用卿（1577-1644），明代天啟至崇禎年間，宜興紫砂壺藝人，號「陳三呆子」。擅長製作蓮子、湯婆、圓珠等圓器形制，作品以自然圓潤的造型和流暢線條著稱。"	陳用卿壺	/mnt/Suran_database/Users/thanhthanh_workspace/Project/NLP_K35/xlnntn_hp2_friend/data/mrDuc_data/Images/UzpfSTY3MTc0OTU2NDpWSzoyNTUyMTIwOTk1MDg1NDQ0NA==_0.jpg
/images/UzpfSTY3MTc0OTU2NDpWSzoyNTUyMTIwOTk1MDg1NDQ0NA==_9.jpg	0.284029	one_text_contains_the_other	"【紫砂壺銘集錦-3】不僅書法

紫砂的「裝飾」，集詩、書、畫、印於一體，反映了中國傳統文化，尤其是砂壺上的題銘，雖僅短短幾句、寥寥數言，但卻言簡意賅，字字珠璣，是文人和藝人精心構撰的文學精品。

*********************************************************

1）山中一杯水，可清天地心。

2）瓦平親汲三泉水，紗帽籠頭手自煎。

***************************************************

陳用卿/壺銘

陳用卿（1577-1644），明代天啟至崇禎年間，宜興紫砂壺藝人，號「陳三呆子」。擅長製作蓮子、湯婆、圓珠等圓器形制，作品以自然圓潤的造型和流暢線條著稱。"	陳用卿壺	/mnt/Suran_database/Users/thanhthanh_workspace/Project/NLP_K35/xlnntn_hp2_friend/data/mrDuc_data/Images/UzpfSTY3MTc0OTU2NDpWSzoyNTUyMTIwOTk1MDg1NDQ0NA==_9.jpg
/images/UzpfSTY3MTc0OTU2NDpWSzoyNTUyMTIwOTk1MDg1NDQ0NA==_5.jpg	0.284029	one_text_contains_the_other	"【紫砂壺銘集錦-3】不僅書法

紫砂的「裝飾」，集詩、書、畫、印於一體，反映了中國傳統文化，尤其是砂壺上的題銘，雖僅短短幾句、寥寥數言，但卻言簡意賅，字字珠璣，是文人和藝人精心構撰的文學精品。

*********************************************************

1）山中一杯水，可清天地心。

2）瓦平親汲三泉水，紗帽籠頭手自煎。

***************************************************

陳用卿/壺銘

陳用卿（1577-1644），明代天啟至崇禎年間，宜興紫砂壺藝人，號「陳三呆子」。擅長製作蓮子、湯婆、圓珠等圓器形制，作品以自然圓潤的造型和流暢線條著稱。"	陳用卿壺	/mnt/Suran_database/Users/thanhthanh_workspace/Project/NLP_K35/xlnntn_hp2_friend/data/mrDuc_data/Images/UzpfSTY3MTc0OTU2NDpWSzoyNTUyMTIwOTk1MDg1NDQ0NA==_5.jpg
/images/UzpfSTEwMDAwMDM2OTIxMDcyNTpWSzoyNTUyNzE3NjU4MzU5MTExNA==_0.jpg	0.662836	high_directional_coverage	攬鏡無言淚欲流，凝情半日懶梳頭，一庭疏雨溼春愁，楊柳只知傷怨別，杏花應信損嬌羞，淚沾魂斷軫離憂。今天的練習03	"攬鏡無言淚沾衣凝情半日懶梳頭一庭
疏雨濕春愁楊柳只恐傷春別杏花應信
撥鬢羞淚沾魂斷金釵雙
五代詞人孫光憲浣溪
乙巳之冬"	/mnt/Suran_database/Users/thanhthanh_workspace/Project/NLP_K35/xlnntn_hp2_friend/data/mrDuc_data/Images/UzpfSTEwMDAwMDM2OTIxMDcyNTpWSzoyNTUyNzE3NjU4MzU5MTExNA==_0.jpg
/images/UzpfSTEwMDAwNjk5OTg0Mzk5MjpWSzoyNTUyMTU1NjUzNDE1MzExOQ==_0.jpg	0.591343	combined_score_above_threshold	"書友早安舒心😃
習字塗鴉分享🙏
摘自網文:
長歌一曲倚高樓，極目天涯似客舟。
心逐雲山何處覓，
夢回星夜幾時休。

✍️於:烘爐茶壺"	"長
歌
一
曲
侍
高
樓
極
目
天
涯
以
意
舟
心
逐
雲
山
何
處
覓
夢
回
星
稀
幾
時
休
臨
自
網
文
己
巳
冬
揚
波"	/mnt/Suran_database/Users/thanhthanh_workspace/Project/NLP_K35/xlnntn_hp2_friend/data/mrDuc_data/Images/UzpfSTEwMDAwNjk5OTg0Mzk5MjpWSzoyNTUyMTU1NjUzNDE1MzExOQ==_0.jpg
/images/UzpfSTEwMDAwMzUzNjA0MTQ0NzpWSzoyNTUwMTI4OTc3Mjg0NjQ2Mg==_0.jpg	0.774202	combined_score_above_threshold	"行草 節 劉禹錫 陋室銘 句🙏☕😎

山不在高 有仙則名
水不在深 有龍則靈
斯是陋室 惟吾德馨"	"山
不
在
高
有
仙
則
名
水
不
在
深
有
龍
則
靈
斯
是
陋
室
惟
吾
德
馨
劉
禹
錫
陋
室
銘
句
己
巳
秋
伯
鎰"	/mnt/Suran_database/Users/thanhthanh_workspace/Project/NLP_K35/xlnntn_hp2_friend/data/mrDuc_data/Images/UzpfSTEwMDAwMzUzNjA0MTQ0NzpWSzoyNTUwMTI4OTc3Mjg0NjQ2Mg==_0.jpg
/images/UzpfSTY3MTc0OTU2NDpWSzoyNTUwNDMyNzg2OTIwOTMxOQ==_4.jpg	0.274023	one_text_contains_the_other	"#金文貝字及部首析形與釋義 –#賈

以「金文」的「貝」字及其部首的析形與釋義，並參照取字的青銅器拓本，佐以釋文，以觀「金文」之趣。
*****************************************************
29-6【賈】（字義：國名）
《賈子己父匜》（集成10252）「隹（唯）王二月，賈（貯）子己父乍（作）寶匜，其子子孫孫永用。
【語譯】唯王二月，賈子己父作寶貴銅匜，子子孫孫永用。
**********************************************************
*匜（yí，ㄧˊ）：中國先秦時期禮器，其帶有流口（嘴）和把手的盛水容器，形狀類似瓢，主要用於《沃盥之禮》（洗手）的儀式，與「盤」配套使用（倒水，接水）。盛行於周朝至春秋戰國，器形有動物造型，是重要的青銅禮器。
****************************************************
*《貯子己父匜》貯子匜上的「貯」，據考古學家李學勤、彭裕商先生考釋為「賈」；今稱為《賈子己父匜》。

1974年《賈子己父匜》出土於山西聲聞喜上郭，現由山西博物館藏；西周時期「賈國」青銅器；器形橢圓而長，口緣較直，窄流，深腹圜底，龍形鋬，龍口銜器口。四扁體獸形足。口沿飾竊曲紋，腹部飾瓦紋。腹內底鑄銘文4行18字（子孫重文）如上。"	賈子己父匜	/mnt/Suran_database/Users/thanhthanh_workspace/Project/NLP_K35/xlnntn_hp2_friend/data/mrDuc_data/Images/UzpfSTY3MTc0OTU2NDpWSzoyNTUwNDMyNzg2OTIwOTMxOQ==_4.jpg
/images/UzpfSTEwMDAwMzUzNjA0MTQ0NzpWSzoyNTUxMDA3NjgyNTMwMTA5MA==_0.jpg	0.732142	combined_score_above_threshold	"行草 李白 獨坐敬亭山🙏☕😎

眾鳥高飛盡 孤雲獨去閑
相看兩不厭 只有敬亭山"	"眾鳥高飛盡孤
雲獨去閑相看
兩不厭只有敬
亭山
李白 獨坐敬亭山
己巳菊月六澣 伯欽"	/mnt/Suran_database/Users/thanhthanh_workspace/Project/NLP_K35/xlnntn_hp2_friend/data/mrDuc_data/Images/UzpfSTEwMDAwMzUzNjA0MTQ0NzpWSzoyNTUxMDA3NjgyNTMwMTA5MA==_0.jpg
/images/UzpfSTEwMDAwMDM2OTIxMDcyNTpWSzoyNTQ5ODI2NzQxNjQ4MjAzMQ==_0.jpg	0.824176	high_directional_coverage	吾道尊嚴稚畎畝，聖人無棄可跡行。今天的練習01	"吾道尊嚴惟畎畝
聖人無棄可迹行"	/mnt/Suran_database/Users/thanhthanh_workspace/Project/NLP_K35/xlnntn_hp2_friend/data/mrDuc_data/Images/UzpfSTEwMDAwMDM2OTIxMDcyNTpWSzoyNTQ5ODI2NzQxNjQ4MjAzMQ==_0.jpg
/images/UzpfSTEwMDAwMDM2OTIxMDcyNTpWSzoyNTUxNzIyOTE4NzkxOTE4Nw==_0.jpg	0.731556	high_directional_coverage	宿醉離愁慢髻鬟，六銖衣薄惹輕寒，慵紅悶翠掩青鸞。羅襪況兼金菡萏，雪肌仍是玉琅玕，骨香腰細更沈檀。今天的練習03	"宿醉離愁慢髻鬟六銖衣薄惹輕
寒慵紅悶翠掩香閨羅襪況兼金齒
屐雪肌仍是玉玎琤骨香腰細更沉檀
宋人韓偓浣溪沙
乙巳冬月之吉"	/mnt/Suran_database/Users/thanhthanh_workspace/Project/NLP_K35/xlnntn_hp2_friend/data/mrDuc_data/Images/UzpfSTEwMDAwMDM2OTIxMDcyNTpWSzoyNTUxNzIyOTE4NzkxOTE4Nw==_0.jpg
/images/UzpfSTY3MTc0OTU2NDpWSzoyNTUwNDMyNzg2OTIwOTMxOQ==_2.jpg	0.274023	one_text_contains_the_other	"#金文貝字及部首析形與釋義 –#賈

以「金文」的「貝」字及其部首的析形與釋義，並參照取字的青銅器拓本，佐以釋文，以觀「金文」之趣。
*****************************************************
29-6【賈】（字義：國名）
《賈子己父匜》（集成10252）「隹（唯）王二月，賈（貯）子己父乍（作）寶匜，其子子孫孫永用。
【語譯】唯王二月，賈子己父作寶貴銅匜，子子孫孫永用。
**********************************************************
*匜（yí，ㄧˊ）：中國先秦時期禮器，其帶有流口（嘴）和把手的盛水容器，形狀類似瓢，主要用於《沃盥之禮》（洗手）的儀式，與「盤」配套使用（倒水，接水）。盛行於周朝至春秋戰國，器形有動物造型，是重要的青銅禮器。
****************************************************
*《貯子己父匜》貯子匜上的「貯」，據考古學家李學勤、彭裕商先生考釋為「賈」；今稱為《賈子己父匜》。

1974年《賈子己父匜》出土於山西聲聞喜上郭，現由山西博物館藏；西周時期「賈國」青銅器；器形橢圓而長，口緣較直，窄流，深腹圜底，龍形鋬，龍口銜器口。四扁體獸形足。口沿飾竊曲紋，腹部飾瓦紋。腹內底鑄銘文4行18字（子孫重文）如上。"	賈子己父匜	/mnt/Suran_database/Users/thanhthanh_workspace/Project/NLP_K35/xlnntn_hp2_friend/data/mrDuc_data/Images/UzpfSTY3MTc0OTU2NDpWSzoyNTUwNDMyNzg2OTIwOTMxOQ==_2.jpg
/images/UzpfSTEwMDAwMDM2NjMwMzY2NTpWSzoyNTUxNjE1MTQ1NDY5MzYyNw==_0.jpg	0.770721	combined_score_above_threshold	"2026-01-21週三
眾生賦 王安石（？）
04
情真意切，偏逢負心浪子。
遊戲風塵，竟獲痴心佳人。"	"情真意切偏逢負
心浪子遊戲風塵
竟獲痴心佳人
眾生賦王安石己巳冬燦楚"	/mnt/Suran_database/Users/thanhthanh_workspace/Project/NLP_K35/xlnntn_hp2_friend/data/mrDuc_data/Images/UzpfSTEwMDAwMDM2NjMwMzY2NTpWSzoyNTUxNjE1MTQ1NDY5MzYyNw==_0.jpg
/images/UzpfSTY3MTc0OTU2NDpWSzoyNTUwNDMyNzg2OTIwOTMxOQ==_0.jpg	0.274023	one_text_contains_the_other	"#金文貝字及部首析形與釋義 –#賈

以「金文」的「貝」字及其部首的析形與釋義，並參照取字的青銅器拓本，佐以釋文，以觀「金文」之趣。
*****************************************************
29-6【賈】（字義：國名）
《賈子己父匜》（集成10252）「隹（唯）王二月，賈（貯）子己父乍（作）寶匜，其子子孫孫永用。
【語譯】唯王二月，賈子己父作寶貴銅匜，子子孫孫永用。
**********************************************************
*匜（yí，ㄧˊ）：中國先秦時期禮器，其帶有流口（嘴）和把手的盛水容器，形狀類似瓢，主要用於《沃盥之禮》（洗手）的儀式，與「盤」配套使用（倒水，接水）。盛行於周朝至春秋戰國，器形有動物造型，是重要的青銅禮器。
****************************************************
*《貯子己父匜》貯子匜上的「貯」，據考古學家李學勤、彭裕商先生考釋為「賈」；今稱為《賈子己父匜》。

1974年《賈子己父匜》出土於山西聲聞喜上郭，現由山西博物館藏；西周時期「賈國」青銅器；器形橢圓而長，口緣較直，窄流，深腹圜底，龍形鋬，龍口銜器口。四扁體獸形足。口沿飾竊曲紋，腹部飾瓦紋。腹內底鑄銘文4行18字（子孫重文）如上。"	賈子己父匜	/mnt/Suran_database/Users/thanhthanh_workspace/Project/NLP_K35/xlnntn_hp2_friend/data/mrDuc_data/Images/UzpfSTY3MTc0OTU2NDpWSzoyNTUwNDMyNzg2OTIwOTMxOQ==_0.jpg
/images/UzpfSTY3MTc0OTU2NDpWSzoyNTUwNDMyNzg2OTIwOTMxOQ==_5.jpg	0.274023	one_text_contains_the_other	"#金文貝字及部首析形與釋義 –#賈

以「金文」的「貝」字及其部首的析形與釋義，並參照取字的青銅器拓本，佐以釋文，以觀「金文」之趣。
*****************************************************
29-6【賈】（字義：國名）
《賈子己父匜》（集成10252）「隹（唯）王二月，賈（貯）子己父乍（作）寶匜，其子子孫孫永用。
【語譯】唯王二月，賈子己父作寶貴銅匜，子子孫孫永用。
**********************************************************
*匜（yí，ㄧˊ）：中國先秦時期禮器，其帶有流口（嘴）和把手的盛水容器，形狀類似瓢，主要用於《沃盥之禮》（洗手）的儀式，與「盤」配套使用（倒水，接水）。盛行於周朝至春秋戰國，器形有動物造型，是重要的青銅禮器。
****************************************************
*《貯子己父匜》貯子匜上的「貯」，據考古學家李學勤、彭裕商先生考釋為「賈」；今稱為《賈子己父匜》。

1974年《賈子己父匜》出土於山西聲聞喜上郭，現由山西博物館藏；西周時期「賈國」青銅器；器形橢圓而長，口緣較直，窄流，深腹圜底，龍形鋬，龍口銜器口。四扁體獸形足。口沿飾竊曲紋，腹部飾瓦紋。腹內底鑄銘文4行18字（子孫重文）如上。"	賈子己父匜	/mnt/Suran_database/Users/thanhthanh_workspace/Project/NLP_K35/xlnntn_hp2_friend/data/mrDuc_data/Images/UzpfSTY3MTc0OTU2NDpWSzoyNTUwNDMyNzg2OTIwOTMxOQ==_5.jpg
/images/UzpfSTEwMDAwMzUzNjA0MTQ0NzpWSzoyNTQ4NDE3NzcyNzg5MTAwMA==_0.jpg	0.781951	high_directional_coverage	"行書 曹植 七步詩（六句版）🙏☕😎

煮豆持作羹 漉菽以為汁
萁在釜下燃 豆在釜中泣
本自（是）同根生 相煎何太急"	"煮豆持作羹 漉菽
以為汁 萁在釜下燃
豆在釜中泣 本自
同根生 相煎何太急
曹植七步詩 己酉月 伯鐸書"	/mnt/Suran_database/Users/thanhthanh_workspace/Project/NLP_K35/xlnntn_hp2_friend/data/mrDuc_data/Images/UzpfSTEwMDAwMzUzNjA0MTQ0NzpWSzoyNTQ4NDE3NzcyNzg5MTAwMA==_0.jpg
/images/UzpfSTU0MjM2Mjc2MDpWSzoyNTUwNzI2NTEzODkxNTU5Mg==_0.jpg	0.601198	combined_score_above_threshold	"渺小而尋常的生命，歷經世事艱難的打磨，煉就堅貞如玉的風骨。
孤高來處自天人，末上常先萬物新。

#不有大寒風氣勢，#難開小朵玉精神。

冰溪影鬥斜斜月，粉鏡妝成澹澹春。

直伴東風到青子，多情不逐雪成塵。

宋‧#王銍《#梅花》

#練字養心 #大寒  #曹全碑 #隷書 #傳統 #書法創作"	"孤高來處自天人未上常先萬
物新不有大寒風氣勢難開小
朵玉精神冰溪影鬬斜斜月粉
鏡妝成澹澹春直伴東風到青
子多情不逐雪成塵
錄宋王鎡梅花乙巳臘月錦堂
ericleung.space"	/mnt/Suran_database/Users/thanhthanh_workspace/Project/NLP_K35/xlnntn_hp2_friend/data/mrDuc_data/Images/UzpfSTU0MjM2Mjc2MDpWSzoyNTUwNzI2NTEzODkxNTU5Mg==_0.jpg
/images/UzpfSTEwMDAwMDM2OTIxMDcyNTpWSzoyNTUwNjg5OTM3MjI4NTUwMg==_0.jpg	0.732779	high_directional_coverage	進步須於百尺竿。二邊休立莫中安。要知玄露沒多般。 花影鏡中拈不起，蟾光空裏撮應難。道人無事更參看。今天的練習03	"進步須知百尺竿二休立莫中安
要知玄路沒多般花影鏡中拈不起
蟾光也是一撮塵難道人無事更參堂
宋人向子諲浣溪沙
己巳之冬"	/mnt/Suran_database/Users/thanhthanh_workspace/Project/NLP_K35/xlnntn_hp2_friend/data/mrDuc_data/Images/UzpfSTEwMDAwMDM2OTIxMDcyNTpWSzoyNTUwNjg5OTM3MjI4NTUwMg==_0.jpg
/images/UzpfSTEwMDAwMTMwNjM0MDkxMDpWSzoyNTUxNDE3MTIwODIyNDk4NQ==_0.jpg	0.872742	high_directional_coverage	"毛泽东诗长征
红军不怕远征难

万水千山只等闲

五岭透迤腾细浪

乌蒙磅簿走泥丸

金沙水拍云崖暖

大渡桥横铁索寒

更喜岷山千里雪

三军过后尽开颜"	"红军不怕远征难万水千山只等
闲五岭逶迤腾细浪乌蒙磅礴走
泥丸金沙水拍云崖暖大渡
桥横铁索寒更喜岷山千里
雪三军过后尽开颜
毛泽东诗长征
丙戌冬石峰书"	/mnt/Suran_database/Users/thanhthanh_workspace/Project/NLP_K35/xlnntn_hp2_friend/data/mrDuc_data/Images/UzpfSTEwMDAwMTMwNjM0MDkxMDpWSzoyNTUxNDE3MTIwODIyNDk4NQ==_0.jpg
/images/UzpfSTEwMDAwMDM2OTIxMDcyNTpWSzoyNTQ4MTE5NzYyODE4OTAxMA==_0.jpg	0.886526	high_directional_coverage	門隔花深舊夢遊，夕陽無語燕歸愁。玉纖香動小簾鉤。落絮無聲春墮淚，行雲有影月含羞。東風臨夜冷於秋。今天的練習03	"門隔花深舊夢遊夕陽無語燕
歸愁玉纖重動小簾鉤落絮無聲
春墮淚行雲有影月含羞東風臨夜
冷於秋
宋吳文英浣溪沙
乙巳冬月"	/mnt/Suran_database/Users/thanhthanh_workspace/Project/NLP_K35/xlnntn_hp2_friend/data/mrDuc_data/Images/UzpfSTEwMDAwMDM2OTIxMDcyNTpWSzoyNTQ4MTE5NzYyODE4OTAxMA==_0.jpg
/images/UzpfSTEwMDAwMDM2OTIxMDcyNTpWSzoyNTQ4OTY2OTAxNDAwODUzOA==_0.jpg	0.646051	high_directional_coverage	一寸橫波惹春留，何止最宜秋。妝殘粉薄，矜嚴消盡，只有溫柔。當時底事匆匆去？悔不載扁舟。分明記得，吹花小徑，聽雨高樓。今天的練習01	"一寸橫波惹春留何止家宜秋湖上斜陽柳邊弄粉矜嚴
消盡只有溫柔當初底事匆々去悔不載扁舟分明記得吹
汪江爲高梅
清人厲鶚眼兒媚
乙巳冬月之吉繁吉書"	/mnt/Suran_database/Users/thanhthanh_workspace/Project/NLP_K35/xlnntn_hp2_friend/data/mrDuc_data/Images/UzpfSTEwMDAwMDM2OTIxMDcyNTpWSzoyNTQ4OTY2OTAxNDAwODUzOA==_0.jpg
/images/UzpfSTEwMDAwMjgwNzA5MDE0OTpWSzoyNTQ5NzY4NTQ2OTg3MzU1OQ==_0.jpg	0.649628	high_directional_coverage	"不知天上宮闕
今夕是何年～"	"不知天上宫阙
今夕是何年
乙巳之冬徐志洋"	/mnt/Suran_database/Users/thanhthanh_workspace/Project/NLP_K35/xlnntn_hp2_friend/data/mrDuc_data/Images/UzpfSTEwMDAwMjgwNzA5MDE0OTpWSzoyNTQ5NzY4NTQ2OTg3MzU1OQ==_0.jpg
/images/UzpfSTEwMDAwMDM2OTIxMDcyNTpWSzoyNTQ4MTE5NTIyODE4OTI1MA==_0.jpg	1.0	one_text_contains_the_other	積水成淵。今天的練習02	"積
水
成
淵"	/mnt/Suran_database/Users/thanhthanh_workspace/Project/NLP_K35/xlnntn_hp2_friend/data/mrDuc_data/Images/UzpfSTEwMDAwMDM2OTIxMDcyNTpWSzoyNTQ4MTE5NTIyODE4OTI1MA==_0.jpg
/images/UzpfSTEwMDA4OTA0MzM2NTY5MDpWSzoyNTQ4Njc3NDIwMDk2NDY4Ng==_3.jpg	0.346675	one_text_contains_the_other	沁園春，長沙。毛澤東詞	"沁園春·長沙
毛澤東詞
獨立寒秋湘江北去橘子洲頭看
萬山紅遍層林盡染漫江碧
爭流鷹擊長空魚翔淺底萬類
霜天競自由悵寥廓問蒼茫大地
誰主沉浮攜來百侶曾游憶往昔
崢嶸歲月稠恰同學少年風華
正茂書生意氣揮斥方遒指點
江山激揚文字糞土當年萬戶
侯曾記否到中流擊水浪遏飛舟
癸卯之冬金生書"	/mnt/Suran_database/Users/thanhthanh_workspace/Project/NLP_K35/xlnntn_hp2_friend/data/mrDuc_data/Images/UzpfSTEwMDA4OTA0MzM2NTY5MDpWSzoyNTQ4Njc3NDIwMDk2NDY4Ng==_3.jpg
/images/UzpfSTEwMDAwMDM2NjMwMzY2NTpWSzoyNTQ5NzE5ODQ1MzI1NTU5NA==_0.jpg	0.672818	combined_score_above_threshold	"2026-01-19週一
中華字經
054
第六課 軍事52
宿營紮寨，枕戈待旦。
崗哨戎誡，挎鋭披堅。
帥旗挺拔，訓士率演。"	"宿
營
紮
寨
枕
戈
待
旦
崗
哨
戎
誠
挎
銳
披
堅
帥
旗
挺
拔
訓
士
率
演
中
華
字
經
54
乙
巳
冬
野
兰
書"	/mnt/Suran_database/Users/thanhthanh_workspace/Project/NLP_K35/xlnntn_hp2_friend/data/mrDuc_data/Images/UzpfSTEwMDAwMDM2NjMwMzY2NTpWSzoyNTQ5NzE5ODQ1MzI1NTU5NA==_0.jpg
/images/UzpfSTEwMDAwMDM2OTIxMDcyNTpWSzoyNTQ4OTY3NDYwNDAwNzk3OQ==_0.jpg	0.722024	high_directional_coverage	蘭沐初休曲檻前，暖風遲日洗頭天，溼雲新斂未梳蟬。翠袂半將遮粉臆，寶釵長欲墜香肩，此時模樣不禁憐。今天的練習03	"蘭沐初休出檻前暖風遲日洗晴天濕雲
新斂未梳鬟翠袂半將遮粉臆寶釵長
欲墮烏雲此時模樣不禁憐
五代詞人孫光憲浣溪沙
乙巳冬月"	/mnt/Suran_database/Users/thanhthanh_workspace/Project/NLP_K35/xlnntn_hp2_friend/data/mrDuc_data/Images/UzpfSTEwMDAwMDM2OTIxMDcyNTpWSzoyNTQ4OTY3NDYwNDAwNzk3OQ==_0.jpg
/images/UzpfSTEwMDAwNzI5MzE4NTg0MTpWSzoyNTQ5NDA1NDY2MzU2OTk3Mw==_0.jpg	0.590707	combined_score_above_threshold	"蜀僧抱綠綺，西下峨眉峰。
為我一揮手，如聽萬壑松。
客心洗流水，餘響入霜鐘。
不覺碧山暮，秋雲暗幾重。李白/聽蜀僧濬彈琴"	"蜀僧抱绿绮西下峨眉峰为我一挥
手如听万壑松客心洗流水馀响入
霜钟不觉碧山暮秋云暗几重
清坪"	/mnt/Suran_database/Users/thanhthanh_workspace/Project/NLP_K35/xlnntn_hp2_friend/data/mrDuc_data/Images/UzpfSTEwMDAwNzI5MzE4NTg0MTpWSzoyNTQ5NDA1NDY2MzU2OTk3Mw==_0.jpg
/images/UzpfSTY3MTc0OTU2NDpWSzoyNTQ5MzM4MTI0MDMwMzk4Mg==_0.jpg	0.69433	high_directional_coverage	"苔痕浸古柏，雲影臥蓮胎，

莫問晨鐘驚夢處，蟬衣褪空懷，

本來無一物，蒼鷹越深谷，

積雪消融檐角露，青瓦結新霧，

********************************************

抄錄網歌《心燈明》歌詞五其三"	"苔
痕
浸
古
柏
雲
影
臥
蓮
胎
莫
問
晨
鐘
驚
夢
處
蟬
衣
褪
空
懷
本
來
無
一
物
蒼
鷹
越
深
谷
積
雪
消
融
檐
角
露
青
瓦
結
新
霧
苔痕浸古柏，雲影臥蓮胎，莫問晨鐘驚夢處，蟬衣褪空懷，
本來無一物，蒼鷹越深谷，積雪消融檐角露，青瓦結新霧。
《心燈明》三"	/mnt/Suran_database/Users/thanhthanh_workspace/Project/NLP_K35/xlnntn_hp2_friend/data/mrDuc_data/Images/UzpfSTY3MTc0OTU2NDpWSzoyNTQ5MzM4MTI0MDMwMzk4Mg==_0.jpg
/images/UzpfSTYxNTUxMDc1MDAwMTA3OlZLOjI1NDg2MTY0ODE0MzU4OTU4_0.jpg	0.846522	one_text_contains_the_other	修身如執玉 種德勝遺金	"修身如執玉
種德勝遺金
己亥冬法杰"	/mnt/Suran_database/Users/thanhthanh_workspace/Project/NLP_K35/xlnntn_hp2_friend/data/mrDuc_data/Images/UzpfSTYxNTUxMDc1MDAwMTA3OlZLOjI1NDg2MTY0ODE0MzU4OTU4_0.jpg
/images/UzpfSTEwMDAwMjgwNzA5MDE0OTpWSzoyNTQ4MDQ4MTY2MTU5Mzk0MA==_0.jpg	0.824542	high_directional_coverage	"漢-李延年
李延年歌

北方有佳人。絕世而獨立。
一顧傾人城。再顧傾人國。
寧不知傾城與傾國。佳人難再得。"	"北方有佳人絕世而獨立
一顧傾人城再顧傾人國
寧不知傾城與傾國佳
人難再得
李延年詩乙亥冬徐洋"	/mnt/Suran_database/Users/thanhthanh_workspace/Project/NLP_K35/xlnntn_hp2_friend/data/mrDuc_data/Images/UzpfSTEwMDAwMjgwNzA5MDE0OTpWSzoyNTQ4MDQ4MTY2MTU5Mzk0MA==_0.jpg
/images/UzpfSTEwMDAwMjgwNzA5MDE0OTpWSzoyNTQ4NDg2ODIyMTE1NTI4NA==_0.jpg	0.66036	combined_score_above_threshold	"峨眉山月歌
唐-李白

峨眉山月半輪秋，影入平羌江水流。
夜發清溪向三峽，思君不見下渝州。"	"峨
眉
山
月
半
轮
秋
影
入
平
羌
江
水
流
夜
发
清
溪
向
三
峡
思
君
不
见
下
渝
州
唐
李
白
诗
乙
巳
冬
待
志
洋"	/mnt/Suran_database/Users/thanhthanh_workspace/Project/NLP_K35/xlnntn_hp2_friend/data/mrDuc_data/Images/UzpfSTEwMDAwMjgwNzA5MDE0OTpWSzoyNTQ4NDg2ODIyMTE1NTI4NA==_0.jpg
/images/UzpfSTEwMDAwMDM2NjMwMzY2NTpWSzoyNTQ4NzA0Mzk5NzYwNDM3Mw==_0.jpg	0.791713	combined_score_above_threshold	"2026-01-18週日
眾生賦 王安石（？）
03
少年騰達，英年忽逝如煙。
半世蹉跎，老來終成大器。"	"少年
騰達
，
英年
忽逝
如煙
，
半世
蹉跎
老來
終成
大器
眾生
賦
王安石
己巳冬"	/mnt/Suran_database/Users/thanhthanh_workspace/Project/NLP_K35/xlnntn_hp2_friend/data/mrDuc_data/Images/UzpfSTEwMDAwMDM2NjMwMzY2NTpWSzoyNTQ4NzA0Mzk5NzYwNDM3Mw==_0.jpg
/images/UzpfSTEwMDAwMDM2OTIxMDcyNTpWSzoyNTQ0NTk2NTMxMTcxMjI0Mg==_0.jpg	0.912088	high_directional_coverage	夜半聽松風竹韻，午餘試而味茶香。今天的練習01	"夜半聽松風竹韻
午餘試枕味茶香"	/mnt/Suran_database/Users/thanhthanh_workspace/Project/NLP_K35/xlnntn_hp2_friend/data/mrDuc_data/Images/UzpfSTEwMDAwMDM2OTIxMDcyNTpWSzoyNTQ0NTk2NTMxMTcxMjI0Mg==_0.jpg
/images/UzpfSTEwMDAwNjk5OTg0Mzk5MjpWSzoyNTQ4NDcyNTE2NDUwMjkyMw==_0.jpg	0.685219	combined_score_above_threshold	"書友日安😃吉祥🙏
李白:將進酒
五花馬，千金裘，呼兒將出換美酒，與爾同銷萬古愁。
書於:烘爐茶壺"	"五
花
馬
千
金
裘
呼
兒
將
出
換
美
酒
與
爾
同
銷
萬
古
愁
李
白
將
進
酒
乙
巳
冬
楊
湖
書"	/mnt/Suran_database/Users/thanhthanh_workspace/Project/NLP_K35/xlnntn_hp2_friend/data/mrDuc_data/Images/UzpfSTEwMDAwNjk5OTg0Mzk5MjpWSzoyNTQ4NDcyNTE2NDUwMjkyMw==_0.jpg
/images/UzpfSTY3MTc0OTU2NDpWSzoyNTQ4NDUzMzk2NDUyMjA0Mw==_2.jpg	0.263911	one_text_contains_the_other	"【金文貝字及部首析形與釋義】/ 賈字

以「金文」的「貝」字及其部首的析形與釋義，並參照取字的青銅器拓本，佐以釋文，以觀「金文」之趣。

************************************************************

29-3【賈】（字義：交易、買賣）  

《五祀衛鼎》（集成2832）：正迺訊厲曰：汝賈田否？厲迺許曰：余審賈田五田。 

【語譯】官員乃詢問厲：「你同不同意交易田畝？」厲回答說：「我審慎同意交易農田五百畝。」

*厲：人名。

*****************************************************

《陝西歷史博物館》：鼎造型簡單大方，內壁鑄有銘文19行共207個字，講述了西周中期一件土地交易事件。大意是說西周共王五年的正月，一個叫裘衛的人想與他的鄰居邦君厲交換土地，於是他把這件事報告給刑伯、伯邑父、定伯等大臣。經過詢問，邦君厲表示同意並立下誓言，大臣便命令三有司（司徒、司馬、司空）以及內吏實地勘察、劃定地界並辦理了手續。這篇銘文反映出西周中期部分土地實際已屬私有，但土地的轉讓、交換和買賣，仍需通過王朝重臣。同時這篇銘文中有確切紀年，因此五祀衛鼎是判斷西周中期青銅器的標準器，非常珍貴。

******************************************************

西周時期「五祀衛鼎」與「九年衛鼎」、「三年衛盉」、「二十七年衛簋（裘衛簋）」合稱為「裘衛四器」；其腹內銘文記載，裘衛與矩伯以車馬、皮毛等交換土地的記錄（契約）珍貴史實。"	五祀衛鼎	/mnt/Suran_database/Users/thanhthanh_workspace/Project/NLP_K35/xlnntn_hp2_friend/data/mrDuc_data/Images/UzpfSTY3MTc0OTU2NDpWSzoyNTQ4NDUzMzk2NDUyMjA0Mw==_2.jpg
/images/UzpfSTY3MTc0OTU2NDpWSzoyNTQ4NDUzMzk2NDUyMjA0Mw==_5.jpg	0.263911	one_text_contains_the_other	"【金文貝字及部首析形與釋義】/ 賈字

以「金文」的「貝」字及其部首的析形與釋義，並參照取字的青銅器拓本，佐以釋文，以觀「金文」之趣。

************************************************************

29-3【賈】（字義：交易、買賣）  

《五祀衛鼎》（集成2832）：正迺訊厲曰：汝賈田否？厲迺許曰：余審賈田五田。 

【語譯】官員乃詢問厲：「你同不同意交易田畝？」厲回答說：「我審慎同意交易農田五百畝。」

*厲：人名。

*****************************************************

《陝西歷史博物館》：鼎造型簡單大方，內壁鑄有銘文19行共207個字，講述了西周中期一件土地交易事件。大意是說西周共王五年的正月，一個叫裘衛的人想與他的鄰居邦君厲交換土地，於是他把這件事報告給刑伯、伯邑父、定伯等大臣。經過詢問，邦君厲表示同意並立下誓言，大臣便命令三有司（司徒、司馬、司空）以及內吏實地勘察、劃定地界並辦理了手續。這篇銘文反映出西周中期部分土地實際已屬私有，但土地的轉讓、交換和買賣，仍需通過王朝重臣。同時這篇銘文中有確切紀年，因此五祀衛鼎是判斷西周中期青銅器的標準器，非常珍貴。

******************************************************

西周時期「五祀衛鼎」與「九年衛鼎」、「三年衛盉」、「二十七年衛簋（裘衛簋）」合稱為「裘衛四器」；其腹內銘文記載，裘衛與矩伯以車馬、皮毛等交換土地的記錄（契約）珍貴史實。"	五祀衛鼎	/mnt/Suran_database/Users/thanhthanh_workspace/Project/NLP_K35/xlnntn_hp2_friend/data/mrDuc_data/Images/UzpfSTY3MTc0OTU2NDpWSzoyNTQ4NDUzMzk2NDUyMjA0Mw==_5.jpg
/images/UzpfSTEwMDAwMzUzNjA0MTQ0NzpWSzoyNTQ3NTQzNzQ5MjA5ODM1Nw==_0.jpg	0.762178	combined_score_above_threshold	"行草 清 龔自珍 己亥雜詩 其五🙏☕😎

浩蕩離愁白日斜
吟鞭東指即天涯
落紅不是無情物
化作春泥更護花"	"浩蕩離愁白日斜
吟鞭東指即天涯
落紅不是無情物
化作春泥更護花
清龔自珍己亥雜詩一首己巳葉茂錄"	/mnt/Suran_database/Users/thanhthanh_workspace/Project/NLP_K35/xlnntn_hp2_friend/data/mrDuc_data/Images/UzpfSTEwMDAwMzUzNjA0MTQ0NzpWSzoyNTQ3NTQzNzQ5MjA5ODM1Nw==_0.jpg
/images/UzpfSTEwMDAwNjU2NzAxMjA2MTpWSzoyNTQ3Njg1Mzg2MTk1NjcyMA==_0.jpg	0.751634	combined_score_above_threshold	"無二齋篆刻

 

諸行無常

 

諸法無我

 

涅槃寂靜"	"諸行無常
諸法無我
涅槃寂靜
無二齋手工刻印"	/mnt/Suran_database/Users/thanhthanh_workspace/Project/NLP_K35/xlnntn_hp2_friend/data/mrDuc_data/Images/UzpfSTEwMDAwNjU2NzAxMjA2MTpWSzoyNTQ3Njg1Mzg2MTk1NjcyMA==_0.jpg
/images/UzpfSTEwMDAwMDM2OTIxMDcyNTpWSzoyNTQ4MTE5Mjg2NDg1NjE1Mw==_0.jpg	0.751648	high_directional_coverage	流攬古今咸敘錄，放情山水得興群。今天的練習01	"流
覽
古
今
咸
叙
錄
放
情
山
水
得
興
羣"	/mnt/Suran_database/Users/thanhthanh_workspace/Project/NLP_K35/xlnntn_hp2_friend/data/mrDuc_data/Images/UzpfSTEwMDAwMDM2OTIxMDcyNTpWSzoyNTQ4MTE5Mjg2NDg1NjE1Mw==_0.jpg
/images/UzpfSTEwMDAwMDM2OTIxMDcyNTpWSzoyNTQ3MjQwNjczOTA2ODA5OQ==_0.jpg	0.638095	high_directional_coverage	山繞平湖波撼城，湖光倒影浸山青，水晶樓下欲三更。霧柳暗時雲度月，露荷翻處水流螢，蕭蕭散發到天明。今天的練習03	"山绕平湖波撼城湖光倒影浸山
青水晶帘下吹三更雾柳暗时云度
月露荷翻处水流萤萧萧散发到
天明
宋张元干浣溪沙
乙巳冬月"	/mnt/Suran_database/Users/thanhthanh_workspace/Project/NLP_K35/xlnntn_hp2_friend/data/mrDuc_data/Images/UzpfSTEwMDAwMDM2OTIxMDcyNTpWSzoyNTQ3MjQwNjczOTA2ODA5OQ==_0.jpg
/images/UzpfSTEwMDAwMDMxOTgxNzA2MDpWSzoyNTQ3NTQ4Mzk2ODc2MDM3Ng==_0.jpg	0.890585	high_directional_coverage	"真草千字文練習#25
求古尋論 散慮逍遙

欣奏累遣 慼謝歡招

渠荷的歷 園莽抽條

枇杷晚翠梧桐早凋"	"求古尋論散慮逍遙
欣奏累遣戚謝歡招
渠荷的歷園莽抽條
枇杷晚翠梧桐早凋"	/mnt/Suran_database/Users/thanhthanh_workspace/Project/NLP_K35/xlnntn_hp2_friend/data/mrDuc_data/Images/UzpfSTEwMDAwMDMxOTgxNzA2MDpWSzoyNTQ3NTQ4Mzk2ODc2MDM3Ng==_0.jpg
/images/UzpfSTEwMDAwMjk1NzA5MzA2NDpWSzoyNTQ3MjU4Nzk4MjM4MzMwOA==_0.jpg	0.733333	high_directional_coverage	2026 馬年  吉馬福發	"春
吉
馬
福
發"	/mnt/Suran_database/Users/thanhthanh_workspace/Project/NLP_K35/xlnntn_hp2_friend/data/mrDuc_data/Images/UzpfSTEwMDAwMjk1NzA5MzA2NDpWSzoyNTQ3MjU4Nzk4MjM4MzMwOA==_0.jpg
/images/UzpfSTEwMDAwMDM2NjMwMzY2NTpWSzoyNTQ2OTQyNzM0MjY5OTM3Mg==_0.jpg	0.771077	high_directional_coverage	"2026-01-16週五
眾生賦 王安石（？）
02
身強似鐵者，長嘆囊中羞澀。
富甲一方者，每憂兒孫不孝。"	"身強似鐵者，長
嘆囊中羞澀富
甲一方者，每憂兒
孫不孝，
衆生賦王安石乙巳冬恕菴"	/mnt/Suran_database/Users/thanhthanh_workspace/Project/NLP_K35/xlnntn_hp2_friend/data/mrDuc_data/Images/UzpfSTEwMDAwMDM2NjMwMzY2NTpWSzoyNTQ2OTQyNzM0MjY5OTM3Mg==_0.jpg
/images/UzpfSTEwMDAwMDM2OTIxMDcyNTpWSzoyNTQ2MzU5MzY1MzI4Mjc0MQ==_0.jpg	0.889214	high_directional_coverage	酒袚清愁花銷英氣，眼開空四海跡寄三椽。今天的練習01	"酒
祓
清
愁
花
銷
英
氣
眼
空
四
海
跡
寄
三
椽"	/mnt/Suran_database/Users/thanhthanh_workspace/Project/NLP_K35/xlnntn_hp2_friend/data/mrDuc_data/Images/UzpfSTEwMDAwMDM2OTIxMDcyNTpWSzoyNTQ2MzU5MzY1MzI4Mjc0MQ==_0.jpg
/images/UzpfSTEwMDA4MjI5ODQ4Nzk3OTpWSzoyNTQ2MjM5Mzc4NjczNjA2MQ==_0.jpg	0.743939	one_text_contains_the_other	"小羊手書：般若波羅蜜多心經，購買鏈接：https://www.xiaoyangs.com/?product=%f0%9f%a7%98%e6%a5%b7%e6%9b%b8%e3%80%8a%e8%88%ac%e8%8b%a5%e6%b3%a2%e7%be%85%e8%9c%9c%e5%a4%9a%e5%bf%83%e7%b6%93%e3%80%8bthe-heart-sutraregular-script%e3%80%8e%e8%88%ac%e8%8b%a5%e5%bf%83%e7%b5%8c
#calligraphy #funny #練字 #中性筆 #書法 #handwriting #art #中文 #漢字 #書道 #書道家 #硬筆書法"	般若波羅蜜多心經	/mnt/Suran_database/Users/thanhthanh_workspace/Project/NLP_K35/xlnntn_hp2_friend/data/mrDuc_data/Images/UzpfSTEwMDA4MjI5ODQ4Nzk3OTpWSzoyNTQ2MjM5Mzc4NjczNjA2MQ==_0.jpg
/images/UzpfSTEwMDAwMDM2OTIxMDcyNTpWSzoyNTQ2MzU5ODU1OTk0ODkxNw==_0.jpg	0.80253	high_directional_coverage	風乍起，吹縐(皺)一池春水。閒引鴛鴦香徑裏，手挼紅杏蕊。鬥鴨闌干獨倚，碧玉搔頭斜墜。終日望君君不至，舉頭聞鵲喜。今天的練習03	"風乍起吹皺一池春水閒引鴛鴦
香徑裏手挼紅杏蕊鬥鴨闌干獨
倚碧玉搔頭斜墜終日望君不至
頤閭靜喜
五代馮延巳謁金門
乙巳冬月"	/mnt/Suran_database/Users/thanhthanh_workspace/Project/NLP_K35/xlnntn_hp2_friend/data/mrDuc_data/Images/UzpfSTEwMDAwMDM2OTIxMDcyNTpWSzoyNTQ2MzU5ODU1OTk0ODkxNw==_0.jpg
/images/UzpfSTEwMDAwMDM2NjMwMzY2NTpWSzoyNTQ2MjMxODE5MzQxMDI4Nw==_0.jpg	0.614288	combined_score_above_threshold	"2026-01-15週四
中華字經
052
第五課 建築12
亭榭樓閣，寺廟殿廊。
蓬門蓽户，丈室綠窗。
府第別墅，畫棟雕樑。"	"亭
榭
樓
閣
寺
廟
殿
廊
蓬
門
華
戶
丈
室
綠
窗
第
別
墅
畫
棟
雕
梁
中華字經
公元乙巳冬郭民"	/mnt/Suran_database/Users/thanhthanh_workspace/Project/NLP_K35/xlnntn_hp2_friend/data/mrDuc_data/Images/UzpfSTEwMDAwMDM2NjMwMzY2NTpWSzoyNTQ2MjMxODE5MzQxMDI4Nw==_0.jpg
/images/UzpfSTEwMDAwMjgwNzA5MDE0OTpWSzoyNTQ2MzQ2NjEzMzI5NTQ5Mw==_0.jpg	0.826402	high_directional_coverage	"訴衷情·當年萬里覓封侯
宋-陸游

當年萬里覓封侯。匹馬戍梁州。
關河夢斷何處，塵暗舊貂裘。
胡未滅，鬢先秋。淚空流。
此生誰料，心在天山，身老滄洲。"	"當年萬里覓封侯匹馬戍梁州關河夢
斷何處塵暗貂裘胡未滅鬢先秋淚
空流此生誰料心在天山身老滄洲
陸游詞乙未志洋"	/mnt/Suran_database/Users/thanhthanh_workspace/Project/NLP_K35/xlnntn_hp2_friend/data/mrDuc_data/Images/UzpfSTEwMDAwMjgwNzA5MDE0OTpWSzoyNTQ2MzQ2NjEzMzI5NTQ5Mw==_0.jpg
/images/UzpfSTEwMDAwMDM2OTIxMDcyNTpWSzoyNTQ1NDMxOTI2NzU0MzUxMw==_0.jpg	0.626876	combined_score_above_threshold	花滿院。飛去飛來雙燕。紅雨入簾寒不卷。曉屏山六扇。 翠袖玉笙悽斷。脈脈兩蛾愁淺。消息不知郎近遠。一春長夢見。今天的練習03	"花滿院飛去忍來雙燕紅雨入簾
寒不捲曉屏山六扇翠袖玉笙清
怨想嬌嬈愁淺消息不來雙眄
還一春去夢見
宋人陳克謁金門
乙巳冬月之書"	/mnt/Suran_database/Users/thanhthanh_workspace/Project/NLP_K35/xlnntn_hp2_friend/data/mrDuc_data/Images/UzpfSTEwMDAwMDM2OTIxMDcyNTpWSzoyNTQ1NDMxOTI2NzU0MzUxMw==_0.jpg
/images/UzpfSTEwMDA1NzYxNjk4NjQyNjpWSzoyNTQ2MDI2NTUxMDI4MjIyMg==_2.jpg	0.783333	one_text_contains_the_other	留白有言	"小石齋
留白有言
1.2cmX1.7cm"	/mnt/Suran_database/Users/thanhthanh_workspace/Project/NLP_K35/xlnntn_hp2_friend/data/mrDuc_data/Images/UzpfSTEwMDA1NzYxNjk4NjQyNjpWSzoyNTQ2MDI2NTUxMDI4MjIyMg==_2.jpg
/images/UzpfSTEwMDA1NzYxNjk4NjQyNjpWSzoyNTQ2MDI2NTUxMDI4MjIyMg==_1.jpg	0.783333	one_text_contains_the_other	留白有言	"小石齋
留白有言
1.2cmX1.7cm"	/mnt/Suran_database/Users/thanhthanh_workspace/Project/NLP_K35/xlnntn_hp2_friend/data/mrDuc_data/Images/UzpfSTEwMDA1NzYxNjk4NjQyNjpWSzoyNTQ2MDI2NTUxMDI4MjIyMg==_1.jpg
/images/UzpfSTEwMDA1NzYxNjk4NjQyNjpWSzoyNTQ2MDI2NTUxMDI4MjIyMg==_0.jpg	0.783333	one_text_contains_the_other	留白有言	"小石齋
留白有言
1.2cmX1.7cm"	/mnt/Suran_database/Users/thanhthanh_workspace/Project/NLP_K35/xlnntn_hp2_friend/data/mrDuc_data/Images/UzpfSTEwMDA1NzYxNjk4NjQyNjpWSzoyNTQ2MDI2NTUxMDI4MjIyMg==_0.jpg
/images/UzpfSTEwMDA1NzYxNjk4NjQyNjpWSzoyNTQ2MDI2NTUxMDI4MjIyMg==_3.jpg	0.635641	one_text_contains_the_other	留白有言	"小石齋
留白有言
留白有言
1.2cmX1.7cm"	/mnt/Suran_database/Users/thanhthanh_workspace/Project/NLP_K35/xlnntn_hp2_friend/data/mrDuc_data/Images/UzpfSTEwMDA1NzYxNjk4NjQyNjpWSzoyNTQ2MDI2NTUxMDI4MjIyMg==_3.jpg
/images/UzpfSTY3MTc0OTU2NDpWSzoyNTQ1NzY4MDYzMzg3NDA0Mw==_0.jpg	0.648216	high_directional_coverage	"本來無一物，寒潭渡孤堤，

落葉輕觸三千露，照見舊歸途，

虛空生渺有，炊煙纏鐘樓，

檐角銅鈴叩白首，月光垂成綬。

**********************************************

抄錄：網歌《心燈明》歌詞四其二"	"本
無
一
物
寒
潭
渡
孤
堤
落
葉
輕
觸
三
千
露
照
見
舊
歸
途
虛
空
生
渺
有
炊
煙
纏
鐘
樓
檐
角
銅
鈴
叩
白
首
月
光
垂
成
綬
。
本來無一物，寒潭渡孤堤，落葉輕觸三千露，照見舊歸途，
虚空生渺有，炊煙纏鐘樓，檐角銅鈴叩白首，月光垂成綬。"	/mnt/Suran_database/Users/thanhthanh_workspace/Project/NLP_K35/xlnntn_hp2_friend/data/mrDuc_data/Images/UzpfSTY3MTc0OTU2NDpWSzoyNTQ1NzY4MDYzMzg3NDA0Mw==_0.jpg
/images/UzpfSTEwMDA4MTQ5Nzk3NTM4MTpWSzoyNTQ1ODgzODY5NzA5MTU3MA==_0.jpg	1.0	one_text_contains_the_other	歲歲平安。	"歲
歲
平
安"	/mnt/Suran_database/Users/thanhthanh_workspace/Project/NLP_K35/xlnntn_hp2_friend/data/mrDuc_data/Images/UzpfSTEwMDA4MTQ5Nzk3NTM4MTpWSzoyNTQ1ODgzODY5NzA5MTU3MA==_0.jpg
/images/UzpfSTEwMDAwMDM2OTIxMDcyNTpWSzoyNTQ1NDMxNzExMDg3NzA2Mg==_0.jpg	1.0	one_text_contains_the_other	危言聳聽。今天的練習02	"危
言
聳
聽"	/mnt/Suran_database/Users/thanhthanh_workspace/Project/NLP_K35/xlnntn_hp2_friend/data/mrDuc_data/Images/UzpfSTEwMDAwMDM2OTIxMDcyNTpWSzoyNTQ1NDMxNzExMDg3NzA2Mg==_0.jpg
/images/UzpfSTEwMDAwMzUzNjA0MTQ0NzpWSzoyNTQzMzEzMzQ1OTY2MjA5NA==_0.jpg	0.622976	combined_score_above_threshold	"行草 網文聯句🙏☕😎

是非長短由人論
厚薄方圓則自知"	"是非長短由人論
厚薄方圓則自在
岁在乙巳春月
绍烈"	/mnt/Suran_database/Users/thanhthanh_workspace/Project/NLP_K35/xlnntn_hp2_friend/data/mrDuc_data/Images/UzpfSTEwMDAwMzUzNjA0MTQ0NzpWSzoyNTQzMzEzMzQ1OTY2MjA5NA==_0.jpg
/images/UzpfSTEwMDAwMzUzNjA0MTQ0NzpWSzoyNTQ0ODkxMDk0MTQxNzY3OQ==_0.jpg	0.750371	combined_score_above_threshold	"行草 孟浩然 宿建德江🙏☕😎

移舟泊煙渚 日暮客愁新
野曠天低樹 江清月近人"	"移
舟
泊
煙
渚
日
暮
客
愁
新
野
曠
天
低
樹
江
清
月
近
人
孟浩然宿建德江
己巳菊月
紹銘"	/mnt/Suran_database/Users/thanhthanh_workspace/Project/NLP_K35/xlnntn_hp2_friend/data/mrDuc_data/Images/UzpfSTEwMDAwMzUzNjA0MTQ0NzpWSzoyNTQ0ODkxMDk0MTQxNzY3OQ==_0.jpg
/images/UzpfSTEwMDAwMDM2NjMwMzY2NTpWSzoyNTQ1MzI1NDM2NzY1MDAwMw==_0.jpg	0.829688	high_directional_coverage	"2026-01-14週三
眾生賦 王安石（？）
​ 01
芸芸眾生，各有樊籠。
有婚緣錯配，反得兒女賢良。
有夫婦和順，奈何體弱多恙。"	"芸芸眾生，各有樊
籠，有婚緣錯配，反
得兒女賢良，有夫
婦和順，奈何體弱
多恙，
眾生賦王安石乙巳冬啓禔"	/mnt/Suran_database/Users/thanhthanh_workspace/Project/NLP_K35/xlnntn_hp2_friend/data/mrDuc_data/Images/UzpfSTEwMDAwMDM2NjMwMzY2NTpWSzoyNTQ1MzI1NDM2NzY1MDAwMw==_0.jpg
/images/UzpfSTYxNTU1OTE1NjczMjIxOlZLOjI1NDQ5NjI4ODU0Njc5MjIx_7.jpg	0.760661	high_directional_coverage	新書預告:【金剛般若波羅蜜經- 硬筆臨寫南宋張即之寶祐元年為先妣書】 黃明理 臨寫 楷書9	"金剛般若波羅蜜經
硬筆臨寫南宋張即之寶祐元年為先妣書
黃明理
麋研筆墨有限公司
出版"	/mnt/Suran_database/Users/thanhthanh_workspace/Project/NLP_K35/xlnntn_hp2_friend/data/mrDuc_data/Images/UzpfSTYxNTU1OTE1NjczMjIxOlZLOjI1NDQ5NjI4ODU0Njc5MjIx_7.jpg
/images/UzpfSTYxNTU1OTE1NjczMjIxOlZLOjI1NDQ5NjI4ODU0Njc5MjIx_6.jpg	0.760661	high_directional_coverage	新書預告:【金剛般若波羅蜜經- 硬筆臨寫南宋張即之寶祐元年為先妣書】 黃明理 臨寫 楷書9	"金剛般若波羅蜜經
硬筆臨寫南宋張即之寶祐元年為先妣書
黃明理
麋研筆墨有限公司 出版"	/mnt/Suran_database/Users/thanhthanh_workspace/Project/NLP_K35/xlnntn_hp2_friend/data/mrDuc_data/Images/UzpfSTYxNTU1OTE1NjczMjIxOlZLOjI1NDQ5NjI4ODU0Njc5MjIx_6.jpg
/images/UzpfSTY3MTc0OTU2NDpWSzoyNTQ0OTM4MTEzODAzNzMyNg==_7.jpg	0.273467	one_text_contains_the_other	"紫砂壺銘集錦part2

玉胡

壺爾胡，亦形影相彰，

君子受其露，而得福。

*********************************************

紫砂的「裝飾」，集詩、書、畫、印於一體，反映了中國傳統文化，尤其是砂壺上的題銘，雖僅短短幾句、寥寥數言，但卻言簡意賅，字字珠璣，是文人和藝人精心構撰的文學精品。

************************************************************

《玉胡》壺：底款「恒軒」，把款「愙齋」，蓋唇印款「吳」，這是存世十餘把（北京故宮藏有三把）有「愙齋」款的吳大澂訂製壺中，唯一一把署名吳大澂名號的壺。

吳大澂（1835—1902），字清卿，號恒軒，晚號愙齋，江蘇吳縣（今江蘇蘇州）人。清代官員、學者、金石學家、書畫家，民族英雄。其金石鑒賞修養之高，世所罕見。他玩青銅器、古玉，都很有成就，最有名的就是集著《愙齋集古錄》，以及《古玉圖考》。

***********************************************************

*「愙齋」之名，就來自他的收藏的青銅器：《愙鼎》。

*在「小篆」的書寫筆畫，「王」與「玉」非常相似，唯辨以中間的「一橫」，偏上者為「王」，居中者為「玉」；最終「玉」字在隸變中添加一筆成為現代寫法。"	蓋唇印款「吳」	/mnt/Suran_database/Users/thanhthanh_workspace/Project/NLP_K35/xlnntn_hp2_friend/data/mrDuc_data/Images/UzpfSTY3MTc0OTU2NDpWSzoyNTQ0OTM4MTEzODAzNzMyNg==_7.jpg
/images/UzpfSTEwMDAwMjgwNzA5MDE0OTpWSzoyNTQzNzQyMDMzMjU2Njc0MA==_0.jpg	0.76249	high_directional_coverage	"李清照
武陵春‧春晚

風住塵香花已盡，日晚倦梳頭。

物是人非事事休，欲語淚先流。

聞說雙溪春尚好，也擬泛輕舟。

只恐雙溪舴艋舟，載不動許多愁。"	"風
住
塵
香
花
已
盡
日
晚
倦
梳
頭
物
是
人
非
事
休
欲
語
淚
先
流
聞
說
雙
溪
春
尚
好
也
舟
只
恐
雙
溪
舴
艋
舟
李清照词春晚
乙亥冬月杰洋"	/mnt/Suran_database/Users/thanhthanh_workspace/Project/NLP_K35/xlnntn_hp2_friend/data/mrDuc_data/Images/UzpfSTEwMDAwMjgwNzA5MDE0OTpWSzoyNTQzNzQyMDMzMjU2Njc0MA==_0.jpg
/images/UzpfSTEwMDAwMDM2OTIxMDcyNTpWSzoyNTQzODAxODc0MjUwNjg5OQ==_0.jpg	1.0	one_text_contains_the_other	披肝瀝膽。今天的練習02	"披
肝
瀝
膽"	/mnt/Suran_database/Users/thanhthanh_workspace/Project/NLP_K35/xlnntn_hp2_friend/data/mrDuc_data/Images/UzpfSTEwMDAwMDM2OTIxMDcyNTpWSzoyNTQzODAxODc0MjUwNjg5OQ==_0.jpg
/images/UzpfSTEwMDAwMDM2OTIxMDcyNTpWSzoyNTQ0NTk2NzMzNTA0NTM3Mw==_0.jpg	1.0	one_text_contains_the_other	觀海聽濤。今天的練習02	"觀
海
聽
濤"	/mnt/Suran_database/Users/thanhthanh_workspace/Project/NLP_K35/xlnntn_hp2_friend/data/mrDuc_data/Images/UzpfSTEwMDAwMDM2OTIxMDcyNTpWSzoyNTQ0NTk2NzMzNTA0NTM3Mw==_0.jpg
/images/UzpfSTEwMDAwMDM2NjMwMzY2NTpWSzoyNTQ0NTE0NjM2NTEyNzQ3MA==_0.jpg	0.80568	high_directional_coverage	"2026-01-13
中華字經
051
淮泄滯沽，濺滲汀潢。
洶湧澎湃，驚濤駭浪。
漩渦帶波，礁嶼連江。"	"淮
泄
滯
沽
濺
滲
汀
潢
淘
湧
澎
湃
驚
濤
駭
浪
漩
渦
帶
波
礁
嶼
連
江
中華字經51.
乙巳冬
野生書"	/mnt/Suran_database/Users/thanhthanh_workspace/Project/NLP_K35/xlnntn_hp2_friend/data/mrDuc_data/Images/UzpfSTEwMDAwMDM2NjMwMzY2NTpWSzoyNTQ0NTE0NjM2NTEyNzQ3MA==_0.jpg
/images/UzpfSTEwMDAwMzUzNjA0MTQ0NzpWSzoyNTQ0MDY0MTAxNTU3ODAwNQ==_0.jpg	0.772378	high_directional_coverage	"行草 節 李賀 苦晝短 句🙏☕😎

飛光 飛光
勸爾一杯酒
吾不識青天高 黃地厚
唯見月寒日暖
來煎人壽"	"飛
光
飛
光
勸
爾
一
杯
酒
不
識
青
天
高
吾
黃
地
厚
唯
見
月
寒
日
暖
來
煎
人
壽
節
李
賀
苦
晝
短
句
己
巳
暮
歲
頌
銀"	/mnt/Suran_database/Users/thanhthanh_workspace/Project/NLP_K35/xlnntn_hp2_friend/data/mrDuc_data/Images/UzpfSTEwMDAwMzUzNjA0MTQ0NzpWSzoyNTQ0MDY0MTAxNTU3ODAwNQ==_0.jpg
/images/UzpfSTEwMDAwMDM2OTIxMDcyNTpWSzoyNTQzODAyMDk0OTE3MzM0NQ==_0.jpg	0.737759	high_directional_coverage	花過雨。又是一番紅素。燕子歸來愁不語。舊巢無覓處。 誰在玉關勞苦。誰在玉樓歌舞。若使胡塵吹得去。東風侯萬戶。今天的練習03	"花過雨又是一番紅素燕子歸來銜
繡幕舊巢無覓處誰在玉樓歌
舞誰在玉關辛苦若使胡塵吹得
去東風候萬戶
宋詞謁金門
乙巳冬月之吉"	/mnt/Suran_database/Users/thanhthanh_workspace/Project/NLP_K35/xlnntn_hp2_friend/data/mrDuc_data/Images/UzpfSTEwMDAwMDM2OTIxMDcyNTpWSzoyNTQzODAyMDk0OTE3MzM0NQ==_0.jpg
/images/UzpfSTEwMDAwMDM2OTIxMDcyNTpWSzoyNTQzMDIyMTcyOTk1MzI2Nw==_0.jpg	1.0	one_text_contains_the_other	偶逢明月曜桃李，何處春風長蕙蘭。今天的練習01	"偶
逢
明
月
曜
桃
李
何
處
春
風
長
蕙
蘭"	/mnt/Suran_database/Users/thanhthanh_workspace/Project/NLP_K35/xlnntn_hp2_friend/data/mrDuc_data/Images/UzpfSTEwMDAwMDM2OTIxMDcyNTpWSzoyNTQzMDIyMTcyOTk1MzI2Nw==_0.jpg
/images/UzpfSTEwMDA4MjI5ODQ4Nzk3OTpWSzoyNTQ0NDkzNTM2NTE0ODU3MA==_0.jpg	1.0	one_text_contains_the_other	"黑神話·悟空～
#calligraphy #funny #練字 #中性筆 #書法 #handwriting #art #中文 #漢字 #書道 #書道家 #硬筆書法 #黑神話悟空 #悟空 #黑神話"	"黑神話
悟
空"	/mnt/Suran_database/Users/thanhthanh_workspace/Project/NLP_K35/xlnntn_hp2_friend/data/mrDuc_data/Images/UzpfSTEwMDA4MjI5ODQ4Nzk3OTpWSzoyNTQ0NDkzNTM2NTE0ODU3MA==_0.jpg
/images/UzpfSTY3MTc0OTU2NDpWSzoyNTQ0MTQzNzE2ODgzMTcyMw==_0.jpg	0.685886	high_directional_coverage	"菩提無樹栽，塵埃落鏡臺；

清風推窗問自在，蓮花指上開，

石火映剎那，檐鈴說滄海，

若見三千光年外，星河懸衣帶。

*********************************************

網歌《心燈明》歌詞四其一"	"菩
提
無
樹
栽
塵
埃
落
鏡
臺
清
風
推
窗
問
自
在
蓮
花
指
上
開
石
火
映
剎
那
檐
鈴
說
滄
海
若
三
千
光
年
外
星
河
懸
衣
帶
《心燈明》歌詞其一
菩提無樹栽，塵埃落鏡臺；清風推窗問自在，蓮花指上開，
石火映剎那，檐鈴說滄海；若見三千光年外，星河懸衣帶，"	/mnt/Suran_database/Users/thanhthanh_workspace/Project/NLP_K35/xlnntn_hp2_friend/data/mrDuc_data/Images/UzpfSTY3MTc0OTU2NDpWSzoyNTQ0MTQzNzE2ODgzMTcyMw==_0.jpg
/images/UzpfSTYxNTUxMDc1MDAwMTA3OlZLOjI1NDM1MjAyODM2MTIxODIz_0.jpg	0.75559	high_directional_coverage	輕鷗白鷺定吾友，翠柏幽篁是可人。/黃庭堅	"輕鷗白鷺定吾友
翠柏幽篁是可人
乙巳冬月汧石書"	/mnt/Suran_database/Users/thanhthanh_workspace/Project/NLP_K35/xlnntn_hp2_friend/data/mrDuc_data/Images/UzpfSTYxNTUxMDc1MDAwMTA3OlZLOjI1NDM1MjAyODM2MTIxODIz_0.jpg
/images/UzpfSTEwMDAwOTU5NjQwODMyMzpWSzoyNTQyNzYzNTEzNjg3ODU5Mw==_0.jpg	0.747813	high_directional_coverage	李煜:問君能有幾多愁?恰似一江春水向東流!謝謝!	"問君能有幾多愁恰似一
江春向东流
退書"	/mnt/Suran_database/Users/thanhthanh_workspace/Project/NLP_K35/xlnntn_hp2_friend/data/mrDuc_data/Images/UzpfSTEwMDAwOTU5NjQwODMyMzpWSzoyNTQyNzYzNTEzNjg3ODU5Mw==_0.jpg
/images/UzpfSTEwMDAwMzI4NDg3MDY0MDpWSzoyNTQzNDgyMTczNjE1OTkzMw==_3.jpg	0.581447	high_directional_coverage	"詩人規勸高僧友人莫在名勝之地修行…

孤雲將野鶴，豈向人間住。
莫買沃洲山，時人已知處。
- 劉長卿 送上人"	"孤雲將野鶴
豈向人間住莫
買沃洲山
劉長卿詩句丙戌冬梁峰"	/mnt/Suran_database/Users/thanhthanh_workspace/Project/NLP_K35/xlnntn_hp2_friend/data/mrDuc_data/Images/UzpfSTEwMDAwMzI4NDg3MDY0MDpWSzoyNTQzNDgyMTczNjE1OTkzMw==_3.jpg
/images/UzpfSTEwMDAwNjk5OTg0Mzk5MjpWSzoyNTQzMzg3OTM2OTU4NzUwMw==_0.jpg	0.633086	high_directional_coverage	"書友早安舒心😃
習字塗鴉分享🙏
贈汪倫 : 李白

李白乘舟將欲行，忽聞岸上踏歌聲。

桃花潭水深千尺，不及汪倫送我情。
✍️於:烘爐茶壺"	"李
白
乘
舟
将
欲
行
忽
闻
岸
上
踏
歌
声
桃
花
潭
水
深
千
尺
不
及
汪
伦
送
我
情
李
白
诗"	/mnt/Suran_database/Users/thanhthanh_workspace/Project/NLP_K35/xlnntn_hp2_friend/data/mrDuc_data/Images/UzpfSTEwMDAwNjk5OTg0Mzk5MjpWSzoyNTQzMzg3OTM2OTU4NzUwMw==_0.jpg
/images/UzpfSTEwMDAwMDM2OTIxMDcyNTpWSzoyNTQxNDI4Njc1NDg4MDA5OA==_0.jpg	0.68434	high_directional_coverage	春色融融。飛燕乍來鶯未語，小桃寒，垂柳晚，玉樓空。 天長煙遠恨重重。消息燕鴻歸去，枕前燈，窗外月，閉朱櫳。今天的練習03	"春色融融飛燕乍來鶯未語小
庭宇垂楊晚玉梅落天長煙遠怕
重重消息魚沈雁去枕前燈窗外月
閉朱櫳
右馮延巳酒泉子乙巳冬月之吉"	/mnt/Suran_database/Users/thanhthanh_workspace/Project/NLP_K35/xlnntn_hp2_friend/data/mrDuc_data/Images/UzpfSTEwMDAwMDM2OTIxMDcyNTpWSzoyNTQxNDI4Njc1NDg4MDA5OA==_0.jpg
/images/UzpfSTEwMDAwMDM2OTIxMDcyNTpWSzoyNTQzMDIyNDE1OTk1MzAyNA==_0.jpg	1.0	one_text_contains_the_other	青出於藍。今天的練習02	青出於藍	/mnt/Suran_database/Users/thanhthanh_workspace/Project/NLP_K35/xlnntn_hp2_friend/data/mrDuc_data/Images/UzpfSTEwMDAwMDM2OTIxMDcyNTpWSzoyNTQzMDIyNDE1OTk1MzAyNA==_0.jpg
/images/UzpfSTEwNzE5OTI5NzA6Vks6MjU0MjUxNTAxODA0NjA0MjI=_0.jpg	0.705731	combined_score_above_threshold	"11/1/2026 雅俗共賞

宋李清照  「漁家傲 」

天接雲濤連曉霧  星河欲轉千帆舞
彷佛梦魂歸帝所  闻天语
殷勤问我歸何處   我報路長嗟日暮
学诗谩有惊人句   九万里风鵬正举
風休住  蓬舟吹取三山去"	"天接雲濤連曉霧星河欲轉千帆舞
彷彿夢魂歸帝所聞天語殷勤問我
歸何處我報路長嗟日暮學詩謾有
驚人句九萬里風鵬正舉風休住蓬舟吹
取三山去
宋李清照漁家傲
有權書"	/mnt/Suran_database/Users/thanhthanh_workspace/Project/NLP_K35/xlnntn_hp2_friend/data/mrDuc_data/Images/UzpfSTEwNzE5OTI5NzA6Vks6MjU0MjUxNTAxODA0NjA0MjI=_0.jpg
/images/UzpfSTEwMDAwMTUxNzgxMDY2NzpWSzoyNTQyMzQxNjc2NzMwMDQzMA==_0.jpg	0.604307	combined_score_above_threshold	"守人道孝悌忠信
奉此生力行善愿"	"為人道忠孝節義
奉此生力行善愿
乙巳年峯生書"	/mnt/Suran_database/Users/thanhthanh_workspace/Project/NLP_K35/xlnntn_hp2_friend/data/mrDuc_data/Images/UzpfSTEwMDAwMTUxNzgxMDY2NzpWSzoyNTQyMzQxNjc2NzMwMDQzMA==_0.jpg
/images/UzpfSTEwMDA4MTQ5Nzk3NTM4MTpWSzoyNTQxOTgzMzA5NDMyNTQ2NA==_0.jpg	1.0	one_text_contains_the_other	金馬真好。	"金
馬
真
好"	/mnt/Suran_database/Users/thanhthanh_workspace/Project/NLP_K35/xlnntn_hp2_friend/data/mrDuc_data/Images/UzpfSTEwMDA4MTQ5Nzk3NTM4MTpWSzoyNTQxOTgzMzA5NDMyNTQ2NA==_0.jpg
/images/UzpfSTEwMDAwMDM2OTIxMDcyNTpWSzoyNTQxNDI3NTMwMTU0NzkxMA==_0.jpg	0.854945	high_directional_coverage	法從有象成玄解，書到無心即菩提。今天的練習01	"灋
従
有
象
成
玄
解
書
到
無
心
即
菩
提"	/mnt/Suran_database/Users/thanhthanh_workspace/Project/NLP_K35/xlnntn_hp2_friend/data/mrDuc_data/Images/UzpfSTEwMDAwMDM2OTIxMDcyNTpWSzoyNTQxNDI3NTMwMTU0NzkxMA==_0.jpg
/images/UzpfSTEwMDAwMDM2OTIxMDcyNTpWSzoyNTQyMzAyMTU2NzMzOTk1MA==_0.jpg	0.786294	high_directional_coverage	記得去年，煙暖杏園花正發，雪飄香。江草綠，柳絲長，鈿車纖手捲簾望，眉學春山樣。鳳釵低嫋翠鬟上，落梅妝。今天的練習03	"記得去年煙暖杏園花正發
雪飄香江畔綠柳絲長鈿車攜手
捲簾雙臉學春山樣鳳釵低嚲
翠鬟上落梅妝
唐人酒泉子
乙巳冬月之吉"	/mnt/Suran_database/Users/thanhthanh_workspace/Project/NLP_K35/xlnntn_hp2_friend/data/mrDuc_data/Images/UzpfSTEwMDAwMDM2OTIxMDcyNTpWSzoyNTQyMzAyMTU2NzMzOTk1MA==_0.jpg
/images/UzpfSTY3MTc0OTU2NDpWSzoyNTQyMDAyNTc1MDk3Mjg2NQ==_0.jpg	0.273011	one_text_contains_the_other	"#金文貝字及部首析形與釋義 –#賃

以「金文」的「貝」字及其部首的析形與釋義，並參照取字的青銅器拓本，佐以釋文，以觀「金文」之趣。
***************************************************************
28-2【賃】（字義：任事者。）
《王命龍節》（王命傳龍節）（集成12097─12102）：「王命=傳賃（任），一檐飤之。」
【語譯】王命令傳（驛站）的官吏，給持節者提供食宿。
**********************************************************
《王命龍節》銘文，採用戰國楚文字書寫，共計九字：「王命=傳賃（任），一檐飤之。」據考證，「傳賃」指驛傳事務的承擔者；「一檐飤之」指「持節者」可由驛站提供食宿。
*檐（yán，ㄧㄢˊ）：同「簷」；房頂伸出牆壁的部分。
《王命龍節》是戰國時期楚國（先秦符節制度）用於「驛傳系統」的青銅信物，是古代朝廷派發給使者（如傳令官員）的官方憑證，「持節者」可憑此在驛站獲得車馬和食宿補給，器身有「龍形紋」飾和銘文，現藏於湖南博物院，是研究戰國符節制度與楚文字的重要實物資料。
****************************************
*另，《王命傳虎節》為「郵驛憑證」，採用青銅鑄造的伏虎造型；其銘文，表明持節者可憑之調遣傳車執行公務，及食宿、運力支持。"	王命龍節：王	/mnt/Suran_database/Users/thanhthanh_workspace/Project/NLP_K35/xlnntn_hp2_friend/data/mrDuc_data/Images/UzpfSTY3MTc0OTU2NDpWSzoyNTQyMDAyNTc1MDk3Mjg2NQ==_0.jpg
/images/UzpfSTY3MTc0OTU2NDpWSzoyNTQyMDAyNTc1MDk3Mjg2NQ==_1.jpg	0.273011	one_text_contains_the_other	"#金文貝字及部首析形與釋義 –#賃

以「金文」的「貝」字及其部首的析形與釋義，並參照取字的青銅器拓本，佐以釋文，以觀「金文」之趣。
***************************************************************
28-2【賃】（字義：任事者。）
《王命龍節》（王命傳龍節）（集成12097─12102）：「王命=傳賃（任），一檐飤之。」
【語譯】王命令傳（驛站）的官吏，給持節者提供食宿。
**********************************************************
《王命龍節》銘文，採用戰國楚文字書寫，共計九字：「王命=傳賃（任），一檐飤之。」據考證，「傳賃」指驛傳事務的承擔者；「一檐飤之」指「持節者」可由驛站提供食宿。
*檐（yán，ㄧㄢˊ）：同「簷」；房頂伸出牆壁的部分。
《王命龍節》是戰國時期楚國（先秦符節制度）用於「驛傳系統」的青銅信物，是古代朝廷派發給使者（如傳令官員）的官方憑證，「持節者」可憑此在驛站獲得車馬和食宿補給，器身有「龍形紋」飾和銘文，現藏於湖南博物院，是研究戰國符節制度與楚文字的重要實物資料。
****************************************
*另，《王命傳虎節》為「郵驛憑證」，採用青銅鑄造的伏虎造型；其銘文，表明持節者可憑之調遣傳車執行公務，及食宿、運力支持。"	王命龍節：王	/mnt/Suran_database/Users/thanhthanh_workspace/Project/NLP_K35/xlnntn_hp2_friend/data/mrDuc_data/Images/UzpfSTY3MTc0OTU2NDpWSzoyNTQyMDAyNTc1MDk3Mjg2NQ==_1.jpg
/images/UzpfSTY3MTc0OTU2NDpWSzoyNTQyMDAyNTc1MDk3Mjg2NQ==_6.jpg	0.268207	one_text_contains_the_other	"#金文貝字及部首析形與釋義 –#賃

以「金文」的「貝」字及其部首的析形與釋義，並參照取字的青銅器拓本，佐以釋文，以觀「金文」之趣。
***************************************************************
28-2【賃】（字義：任事者。）
《王命龍節》（王命傳龍節）（集成12097─12102）：「王命=傳賃（任），一檐飤之。」
【語譯】王命令傳（驛站）的官吏，給持節者提供食宿。
**********************************************************
《王命龍節》銘文，採用戰國楚文字書寫，共計九字：「王命=傳賃（任），一檐飤之。」據考證，「傳賃」指驛傳事務的承擔者；「一檐飤之」指「持節者」可由驛站提供食宿。
*檐（yán，ㄧㄢˊ）：同「簷」；房頂伸出牆壁的部分。
《王命龍節》是戰國時期楚國（先秦符節制度）用於「驛傳系統」的青銅信物，是古代朝廷派發給使者（如傳令官員）的官方憑證，「持節者」可憑此在驛站獲得車馬和食宿補給，器身有「龍形紋」飾和銘文，現藏於湖南博物院，是研究戰國符節制度與楚文字的重要實物資料。
****************************************
*另，《王命傳虎節》為「郵驛憑證」，採用青銅鑄造的伏虎造型；其銘文，表明持節者可憑之調遣傳車執行公務，及食宿、運力支持。"	王命龍節	/mnt/Suran_database/Users/thanhthanh_workspace/Project/NLP_K35/xlnntn_hp2_friend/data/mrDuc_data/Images/UzpfSTY3MTc0OTU2NDpWSzoyNTQyMDAyNTc1MDk3Mjg2NQ==_6.jpg
/images/UzpfSTEwMDAwNjk5OTg0Mzk5MjpWSzoyNTQyNTgwOTI3NzA2MTE3OQ==_1.jpg	0.63994	combined_score_above_threshold	"書友日安😃吉祥🙏
白居易:長恨歌
天生麗質難自棄，一朝選在君王側。
迴眸一笑百媚生，六宮粉黛無顔色。
書於:烘爐茶壺"	"天生麗質難自棄
迴眸一笑百媚生
一朝選在君王側
六宮粉黛無顏色
長恨歌"	/mnt/Suran_database/Users/thanhthanh_workspace/Project/NLP_K35/xlnntn_hp2_friend/data/mrDuc_data/Images/UzpfSTEwMDAwNjk5OTg0Mzk5MjpWSzoyNTQyNTgwOTI3NzA2MTE3OQ==_1.jpg
/images/UzpfSTEwMDAwMDM2OTIxMDcyNTpWSzoyNTQyMzAxNTM1MDY3MzkwNQ==_0.jpg	0.694285	high_directional_coverage	莫唱陽關，風流公子方終宴。秦山禹甸。縹緲真奇觀。北望平原，落日山銜半。孤帆遠。我歌君亂。一送西飛雁。今天的練習01	"莫唱陽關風流公子方終宴遠山禹甸縹緲真
奇觀北望平原落日銜半規孤帆去客送雙飛
一送雙飛雁
宋蘇東坡點絳唇
己冬月之吉
葉吉峰"	/mnt/Suran_database/Users/thanhthanh_workspace/Project/NLP_K35/xlnntn_hp2_friend/data/mrDuc_data/Images/UzpfSTEwMDAwMDM2OTIxMDcyNTpWSzoyNTQyMzAxNTM1MDY3MzkwNQ==_0.jpg
/images/UzpfSTEwMDAwMDM2OTIxMDcyNTpWSzoyNTM5NzUxNDk1MzIyMzk0NQ==_0.jpg	1.0	one_text_contains_the_other	但將酩酊酬佳節，迥立閶闔生長風。今天的練習01	"但
將
酩
酊
酬
佳
節
迥
立
閶
闔
生
長
風"	/mnt/Suran_database/Users/thanhthanh_workspace/Project/NLP_K35/xlnntn_hp2_friend/data/mrDuc_data/Images/UzpfSTEwMDAwMDM2OTIxMDcyNTpWSzoyNTM5NzUxNDk1MzIyMzk0NQ==_0.jpg
/images/UzpfSTEwMDAwMDM2NjMwMzY2NTpWSzoyNTQyMDk0MjM5NDIxNDUzNA==_0.jpg	0.731629	combined_score_above_threshold	"2026-01-10
中華字經
049
揮毫主就，佳句抒了。
第四課 山水16
懸崖峭壁，峯巒疊嶂。
泉噴嵐罩，湍急瀑宕。"	"揮
毫
立
就
佳
句
抒
了
懸
崖
峭
壁
峯
巒
疊
嶂
泉
噴
嵐
罩
湍
急
瀑
宕
中華字經99.
乙巳冬
啓書"	/mnt/Suran_database/Users/thanhthanh_workspace/Project/NLP_K35/xlnntn_hp2_friend/data/mrDuc_data/Images/UzpfSTEwMDAwMDM2NjMwMzY2NTpWSzoyNTQyMDk0MjM5NDIxNDUzNA==_0.jpg
/images/UzpfSTEwNzE5OTI5NzA6Vks6MjU0MTcyMDY4OTEyNTQ3NTE=_0.jpg	0.633616	combined_score_above_threshold	"10/1/2026 雅俗共賞

宋 王觀卜算子 送鲍浩然之浙东

水是眼波横 山是眉峰聚 欲问行人去那邊
眉眼盈盈外 才始送春归  又送君归去
若到江南赶上春 千萬和春住"	"大寒
水是眼波橫山是眉峯聚
問行人去那邊眉眼盈盈處
才送春歸又送君歸去若到江
南趕上春千萬和春住
宋王觀卜算子送鮑浩然之浙東有橫"	/mnt/Suran_database/Users/thanhthanh_workspace/Project/NLP_K35/xlnntn_hp2_friend/data/mrDuc_data/Images/UzpfSTEwNzE5OTI5NzA6Vks6MjU0MTcyMDY4OTEyNTQ3NTE=_0.jpg
/images/UzpfSTEwMDAwMDM2OTIxMDcyNTpWSzoyNTQxNDI3NzUwODIxNDM1Ng==_0.jpg	1.0	one_text_contains_the_other	相敬如賓。今天的練習02	"相
敬
如
賓"	/mnt/Suran_database/Users/thanhthanh_workspace/Project/NLP_K35/xlnntn_hp2_friend/data/mrDuc_data/Images/UzpfSTEwMDAwMDM2OTIxMDcyNTpWSzoyNTQxNDI3NzUwODIxNDM1Ng==_0.jpg
/images/UzpfSTEwMDAwMzI4NDg3MDY0MDpWSzoyNTQxMjYxMzY3ODM4MDczOQ==_2.jpg	0.677729	high_directional_coverage	"東坡先生用花影來借喻想為朝廷作事卻不得志的遺憾…

重重疊疊上瑤台，
幾度呼童掃不開。
剛被太陽收拾去，
卻教明月送將來。
- 蘇東坡 花影"	"重々疊々上瑤台幾度呼童
掃不開剛被太陽收拾去卻教
明月送來
蘇東坡詩一首粟煌"	/mnt/Suran_database/Users/thanhthanh_workspace/Project/NLP_K35/xlnntn_hp2_friend/data/mrDuc_data/Images/UzpfSTEwMDAwMzI4NDg3MDY0MDpWSzoyNTQxMjYxMzY3ODM4MDczOQ==_2.jpg
/images/UzpfSTEwMDAwMDM2OTIxMDcyNTpWSzoyNTQwNTkxNDM2NTcxNzMzNw==_0.jpg	1.0	one_text_contains_the_other	愛屋及烏。今天的練習02	"愛
屋
及
烏"	/mnt/Suran_database/Users/thanhthanh_workspace/Project/NLP_K35/xlnntn_hp2_friend/data/mrDuc_data/Images/UzpfSTEwMDAwMDM2OTIxMDcyNTpWSzoyNTQwNTkxNDM2NTcxNzMzNw==_0.jpg
/images/UzpfSTEwMDAwMzUzNjA0MTQ0NzpWSzoyNTQwODkwNjAwNTQxODE3Mw==_0.jpg	0.69959	combined_score_above_threshold	"行楷 節錄 杜甫 登高 句🙏☕😎

無邊落木蕭蕭下
不盡長江滾滾來"	"無邊落木蕭蕭下
不盡長江滾滾來
節錄杜甫登高句
己巳歲
伯敏"	/mnt/Suran_database/Users/thanhthanh_workspace/Project/NLP_K35/xlnntn_hp2_friend/data/mrDuc_data/Images/UzpfSTEwMDAwMzUzNjA0MTQ0NzpWSzoyNTQwODkwNjAwNTQxODE3Mw==_0.jpg
/images/UzpfSTEwMDAwMDM2OTIxMDcyNTpWSzoyNTM2NTUxNTA0OTc1NzI2OQ==_0.jpg	0.814788	one_text_contains_the_other	大隱本來無境界，勝遊長得共躋攀。今天的練習01	"大隱本來無境界
勝遊長得共躋攀
乙巳冬月之吉
葉吉姝"	/mnt/Suran_database/Users/thanhthanh_workspace/Project/NLP_K35/xlnntn_hp2_friend/data/mrDuc_data/Images/UzpfSTEwMDAwMDM2OTIxMDcyNTpWSzoyNTM2NTUxNTA0OTc1NzI2OQ==_0.jpg
/images/UzpfSTEwMDAwMDM2NjMwMzY2NTpWSzoyNTQxMDIzMjIwODYxODg4Ng==_3.jpg	0.580877	combined_score_above_threshold	"2026-01-09週五
今天週五，祝大家工作愉快。

常用漢字
188
格蛤閣隔

玉龍歌 
81
手臂紅腫連腕痛，
液門穴內用針明，

使徒行傳6:8-9.
詩篇88:16-18. 89:1-2."	"手
臂
紅
腫
連
腕
痛
液
門
穴
內
針
明"	/mnt/Suran_database/Users/thanhthanh_workspace/Project/NLP_K35/xlnntn_hp2_friend/data/mrDuc_data/Images/UzpfSTEwMDAwMDM2NjMwMzY2NTpWSzoyNTQxMDIzMjIwODYxODg4Ng==_3.jpg
/images/UzpfSTEwNzE5OTI5NzA6Vks6MjU0MTAyNDI5MTE5NTExNDk=_0.jpg	0.62941	combined_score_above_threshold	"9/1/2026 雅俗共賞

唐 崔塗诗 「  过淘徵君隐居   」

陶令昔居此   弄琴遺世荣
田园三畝绿   軒冕一銖軽
衰柳自無主   白雲猶可耕
不隨陵谷变   應只有高名"	"陶令昔居此弄琴遺世榮
田園三畝綠軒冕一銖輕
柳自無私綠雲猶可耕不隨
陵谷變應只有高名
唐崔塗過陶徵君隱居 有樵書"	/mnt/Suran_database/Users/thanhthanh_workspace/Project/NLP_K35/xlnntn_hp2_friend/data/mrDuc_data/Images/UzpfSTEwNzE5OTI5NzA6Vks6MjU0MTAyNDI5MTE5NTExNDk=_0.jpg
/images/UzpfSTEwMDAwMzI4NDg3MDY0MDpWSzoyNTQwNDY1OTgzNTg0Mjc5MA==_2.jpg	0.632265	high_directional_coverage	"蘇東坡落魄在黃州，靠著寫書法來定心、靜氣、與古人為友來解郁的…

溪聲便是廣長舌，
山色同非清淨身，
夜來八萬四千偈，
他日如何舉似人。
- 蘇東坡 贈東林常總長老"	"溪聲便是廣長舌山色豈非
清淨身夜來八萬四千偈他
日如何舉似人
東坡詩一首雲樵"	/mnt/Suran_database/Users/thanhthanh_workspace/Project/NLP_K35/xlnntn_hp2_friend/data/mrDuc_data/Images/UzpfSTEwMDAwMzI4NDg3MDY0MDpWSzoyNTQwNDY1OTgzNTg0Mjc5MA==_2.jpg
/images/UzpfSTEwMDAwMzI4NDg3MDY0MDpWSzoyNTQwNDY1OTgzNTg0Mjc5MA==_0.jpg	0.605959	high_directional_coverage	"蘇東坡落魄在黃州，靠著寫書法來定心、靜氣、與古人為友來解郁的…

溪聲便是廣長舌，
山色同非清淨身，
夜來八萬四千偈，
他日如何舉似人。
- 蘇東坡 贈東林常總長老"	"溪聲便是廣長舌山色豈非
清淨身夜來八萬四千偈也
日如何舉似人
東坡居士詩 栗煌"	/mnt/Suran_database/Users/thanhthanh_workspace/Project/NLP_K35/xlnntn_hp2_friend/data/mrDuc_data/Images/UzpfSTEwMDAwMzI4NDg3MDY0MDpWSzoyNTQwNDY1OTgzNTg0Mjc5MA==_0.jpg
/images/UzpfSTEwMDAwMzI4NDg3MDY0MDpWSzoyNTQwNDY1OTgzNTg0Mjc5MA==_1.jpg	0.612691	high_directional_coverage	"蘇東坡落魄在黃州，靠著寫書法來定心、靜氣、與古人為友來解郁的…

溪聲便是廣長舌，
山色同非清淨身，
夜來八萬四千偈，
他日如何舉似人。
- 蘇東坡 贈東林常總長老"	"溪聲
便是
廣長舌
山色豈非
清淨
身夜來
八萬四千偈
他
日如何
舉
似人
東坡詩七絕一首
霽烜"	/mnt/Suran_database/Users/thanhthanh_workspace/Project/NLP_K35/xlnntn_hp2_friend/data/mrDuc_data/Images/UzpfSTEwMDAwMzI4NDg3MDY0MDpWSzoyNTQwNDY1OTgzNTg0Mjc5MA==_1.jpg
/images/UzpfSTEwMDAwMjgwNzA5MDE0OTpWSzoyNTQwNTU4MTQyNTc1MDYzMQ==_0.jpg	0.642628	combined_score_above_threshold	"卜運算元·五月八日夜鳳凰亭納涼

新月掛林梢，暗水鳴枯沼。
時見疏星落畫檐，幾點流螢小。
歸意已無多，故作連環繞。
欲寄新聲問采菱，水闊煙波渺。"	"新月挂林梢
暗水鳴枯沼
時見流星落角
梳幾點涼螢
小歸意已無多
却化連環繞
欲寄秋聲問採菱
水闊煙波渺
乙巳冬徐子洋"	/mnt/Suran_database/Users/thanhthanh_workspace/Project/NLP_K35/xlnntn_hp2_friend/data/mrDuc_data/Images/UzpfSTEwMDAwMjgwNzA5MDE0OTpWSzoyNTQwNTU4MTQyNTc1MDYzMQ==_0.jpg
/images/UzpfSTEwMDAwMDM2OTIxMDcyNTpWSzoyNTQwNTkxNjk0MjM4Mzc0Ng==_0.jpg	0.833122	high_directional_coverage	蘭燼落，屏上暗紅蕉。閒夢江南梅熟日，夜船吹笛雨蕭蕭。人語驛邊橋。今天的練習03	"蘭燼落屏上暗紅蕉閑夢江南
梅熟日夜船吹笛雨蕭蕭人語驛
邊橋唐皇甫松夢江南乙巳冬月"	/mnt/Suran_database/Users/thanhthanh_workspace/Project/NLP_K35/xlnntn_hp2_friend/data/mrDuc_data/Images/UzpfSTEwMDAwMDM2OTIxMDcyNTpWSzoyNTQwNTkxNjk0MjM4Mzc0Ng==_0.jpg
/images/UzpfSTEwMDAwMDM2NjMwMzY2NTpWSzoyNTQwNTE1MDI4NTc5Mzc0NQ==_0.jpg	0.856131	high_directional_coverage	"2026-01-08
中華字經
048
茂冠蔽枝，莽園出條。
碧嶺滴翠，落葉飄搖。
心底空透，雅座去燥。"	"茂
冠
蔽
枝
莽
園
出
條
碧
嶺
滴
翠
落
葉
飄
搖
心
底
空
透
雅
座
去
燥
中華字經
48.
乙巳冬
學書"	/mnt/Suran_database/Users/thanhthanh_workspace/Project/NLP_K35/xlnntn_hp2_friend/data/mrDuc_data/Images/UzpfSTEwMDAwMDM2NjMwMzY2NTpWSzoyNTQwNTE1MDI4NTc5Mzc0NQ==_0.jpg
/images/UzpfSTEwMDAwMDM2OTIxMDcyNTpWSzoyNTM4OTMwNDEzMDcxMTY5NA==_0.jpg	1.0	one_text_contains_the_other	好學深思。今天的練習02	"好
學
深
思"	/mnt/Suran_database/Users/thanhthanh_workspace/Project/NLP_K35/xlnntn_hp2_friend/data/mrDuc_data/Images/UzpfSTEwMDAwMDM2OTIxMDcyNTpWSzoyNTM4OTMwNDEzMDcxMTY5NA==_0.jpg
/images/UzpfSTEwNzE5OTI5NzA6Vks6MjU0MDAzODgzMTk2MDMyNzU=_0.jpg	0.815256	high_directional_coverage	"8/1/2026 雅俗共賞

李白诗 「 月下獨酌 」其一

花间一壺酒  獨酌無相親  举杯邀明月
對影成三人  月既不解飲  影徒隨我身
暫伴月将影  行樂须及春  我歌月徘徊
我舞影零亂  醒時同交歡  醉後各分散
永結無情游  相期邈雲漢"	"花間一壺酒獨酌無相親舉杯邀明月對
影成三人月既不解飲影徒隨我身暫伴月將
影行樂須及春我歌月徘徊我舞影零亂醒
時同交歡醉後各分散永結無情遊相期邈
雲漢
唐李白月下獨酌其一
有權書"	/mnt/Suran_database/Users/thanhthanh_workspace/Project/NLP_K35/xlnntn_hp2_friend/data/mrDuc_data/Images/UzpfSTEwNzE5OTI5NzA6Vks6MjU0MDAzODgzMTk2MDMyNzU=_0.jpg
/images/UzpfSTEwMDAwNjk5OTg0Mzk5MjpWSzoyNTM5Mjk1MzUwNzAxMzQyMw==_0.jpg	0.632555	combined_score_above_threshold	"書友早安舒心😃
習字塗鴉分享🙏
Al  復刻
白居易:長恨歌
春風桃李花開夜，秋雨梧桐落葉時。西宮南苑多秋草，落葉滿階紅不掃。
✍️於:烘爐茶壺"	"春風桃李花開日秋
雨梧桐葉落時西宮南
內多秋草落葉滿階紅
不掃
白居易長恨歌湯溈書"	/mnt/Suran_database/Users/thanhthanh_workspace/Project/NLP_K35/xlnntn_hp2_friend/data/mrDuc_data/Images/UzpfSTEwMDAwNjk5OTg0Mzk5MjpWSzoyNTM5Mjk1MzUwNzAxMzQyMw==_0.jpg
/images/UzpfSTEwMDAwMDM2NjMwMzY2NTpWSzoyNTM5NjgwNDIxMzI5NTAxOQ==_0.jpg	0.845684	high_directional_coverage	"2026-01-07
中華字經
047
拒賓疏客，憂謝歡招。
把盞講趣，倚牀讀曉。
遊景筏渡，跡絕喧囂。"	"拒賓疏客憂謝
歡招把盞講趣
倚牀讀曉遊景
筏渡跡絕喧囂
中華字經叙乙巳冬毅書"	/mnt/Suran_database/Users/thanhthanh_workspace/Project/NLP_K35/xlnntn_hp2_friend/data/mrDuc_data/Images/UzpfSTEwMDAwMDM2NjMwMzY2NTpWSzoyNTM5NjgwNDIxMzI5NTAxOQ==_0.jpg
/images/UzpfSTEwMDAwMDAyOTcyMDEwOTpWSzoyNTM5MjYzNjUzNzA0NTEyMA==_0.jpg	0.584396	combined_score_above_threshold	"行草 明 董思翁 題畫詩-二首

風軒水檻壓春流
一帶平岡草木稠
心喜應門差解意
只容漁父得相求

青山白社夢歸時
可但前身是畫師
記得西陵烟雨後
最堪圖取大蘇詩"	"風軒水檻壓春流一帶千崗草木稠心喜迎門
蓋解意只容漁父得相求青山一日社夢歸時可
但知方寸是画師寫得西陵烟雨姿宿湛園作大蘇詩
董千昌山水題画詩三首乙巳年大寒葉茂材書"	/mnt/Suran_database/Users/thanhthanh_workspace/Project/NLP_K35/xlnntn_hp2_friend/data/mrDuc_data/Images/UzpfSTEwMDAwMDAyOTcyMDEwOTpWSzoyNTM5MjYzNjUzNzA0NTEyMA==_0.jpg
/images/UzpfSTEwMDAwMDM2OTIxMDcyNTpWSzoyNTM5NzUxOTAyMzIyMzUzOA==_0.jpg	0.823837	high_directional_coverage	暮歸山已昏，濯足月在澗。衡門棲鵲定，暗樹流螢亂。妻孥候我至，明燈共蔬食。佇立松桂涼，疏星隔河漢。今天的練習03	"暮
歸
山
已
昏
濯
足
月
在
澗
衡
門
棲
鵲
定
暗
樹
流
螢
光
亂
夜
候
我
至
明
燈
共
糲
飯
佇
立
松
桂
涼
疏
星
隔
河
漢
明藍仁詩
乙巳冬月"	/mnt/Suran_database/Users/thanhthanh_workspace/Project/NLP_K35/xlnntn_hp2_friend/data/mrDuc_data/Images/UzpfSTEwMDAwMDM2OTIxMDcyNTpWSzoyNTM5NzUxOTAyMzIyMzUzOA==_0.jpg
/images/UzpfSTY3MTc0OTU2NDpWSzoyNTM5NDYwMjY4Njg0ODUwNQ==_1.jpg	0.270312	one_text_contains_the_other	"#金文貝字及部首析形與釋義 –#賀

以「金文」的「貝」字及其部首的析形與釋義，並參照取字的青銅器拓本，佐以釋文，以觀「金文」之趣。
***************************************************************
27【賀】（字義：祝賀）
《中山王○壺》（集成9735）：「天子不忘其有勳，使其老▲ (策)賞仲父，者(諸)侯皆賀。」
【語譯】天子不忘他的功勳，派王朝大臣策賞仲父，諸侯都來祝賀。
*仲父：人名。 
***********************************************
《中山王○壺》（▲音cuò，ㄘㄨㄛˋ）又稱「中山王方壺」，是戰國時期中山國國王命令相國鑄造的酒器。《中山王方壺》、《中山王○鼎》以及《中山王圓壺》合稱為「中山三器」。
中山王方壺於 1978 年在河北省平山縣戰國中山王墓出土，呈方體，小口，斜肩，腹兩側配有一對環耳，此乃戰國中、晚期常見的方壺形制，是中山三器中，銘文字數最多者。
（中山王方壺，四面皆有銘文，本文位於3與4之間）
*在該壺銘文稱該器為彝壺，曰：「擇燕吉金，鑄為彝壺」，意為選取燕國優質銅料，鑄成彝壺，用以盛裝祭祀上帝、祖先的酒。至漢代，人們為這種方體銅壺賦予了一個專門的名稱叫做「鈁」。
**********************************************************
*將圖片於電腦上放大之後，瞧見了三條細若髮絲的分隔號，仿若為排布那些字所打的「格線」，以利雋刻。"	中山王方壺	/mnt/Suran_database/Users/thanhthanh_workspace/Project/NLP_K35/xlnntn_hp2_friend/data/mrDuc_data/Images/UzpfSTY3MTc0OTU2NDpWSzoyNTM5NDYwMjY4Njg0ODUwNQ==_1.jpg
/images/UzpfSTY3MTc0OTU2NDpWSzoyNTM5NDYwMjY4Njg0ODUwNQ==_2.jpg	0.270312	one_text_contains_the_other	"#金文貝字及部首析形與釋義 –#賀

以「金文」的「貝」字及其部首的析形與釋義，並參照取字的青銅器拓本，佐以釋文，以觀「金文」之趣。
***************************************************************
27【賀】（字義：祝賀）
《中山王○壺》（集成9735）：「天子不忘其有勳，使其老▲ (策)賞仲父，者(諸)侯皆賀。」
【語譯】天子不忘他的功勳，派王朝大臣策賞仲父，諸侯都來祝賀。
*仲父：人名。 
***********************************************
《中山王○壺》（▲音cuò，ㄘㄨㄛˋ）又稱「中山王方壺」，是戰國時期中山國國王命令相國鑄造的酒器。《中山王方壺》、《中山王○鼎》以及《中山王圓壺》合稱為「中山三器」。
中山王方壺於 1978 年在河北省平山縣戰國中山王墓出土，呈方體，小口，斜肩，腹兩側配有一對環耳，此乃戰國中、晚期常見的方壺形制，是中山三器中，銘文字數最多者。
（中山王方壺，四面皆有銘文，本文位於3與4之間）
*在該壺銘文稱該器為彝壺，曰：「擇燕吉金，鑄為彝壺」，意為選取燕國優質銅料，鑄成彝壺，用以盛裝祭祀上帝、祖先的酒。至漢代，人們為這種方體銅壺賦予了一個專門的名稱叫做「鈁」。
**********************************************************
*將圖片於電腦上放大之後，瞧見了三條細若髮絲的分隔號，仿若為排布那些字所打的「格線」，以利雋刻。"	中山王方壺	/mnt/Suran_database/Users/thanhthanh_workspace/Project/NLP_K35/xlnntn_hp2_friend/data/mrDuc_data/Images/UzpfSTY3MTc0OTU2NDpWSzoyNTM5NDYwMjY4Njg0ODUwNQ==_2.jpg
/images/UzpfSTEwMDAwMDM2OTIxMDcyNTpWSzoyNTM3MzE1NTM4MjMyNjU2OQ==_0.jpg	0.776658	high_directional_coverage	春灘尚可涉，不惜濺衣裾。古寺入深樹，野泉鳴暗渠。酒杯參茗具，山蕨間盤蔬。落日還城郭，人方帶月鋤。今天的練習03	"春灘尚可涉不惜濺衣裾古寺入
深樹壑泉鳴暗渠酒杯黍茗具山蕨
問盤蔬落日遲城郭人方帶月歸
宋梅堯臣詩
己巳冬月之吉"	/mnt/Suran_database/Users/thanhthanh_workspace/Project/NLP_K35/xlnntn_hp2_friend/data/mrDuc_data/Images/UzpfSTEwMDAwMDM2OTIxMDcyNTpWSzoyNTM3MzE1NTM4MjMyNjU2OQ==_0.jpg
/images/UzpfSTEwMDAwMDM2OTIxMDcyNTpWSzoyNTM4MDQzMjY2ODI2NTUwNw==_0.jpg	0.912088	high_directional_coverage	夜半聽松風竹韻，午餘試枕味茶香。今天的練習01	"夜半聽松風帥韻
午餘試枕味茶香"	/mnt/Suran_database/Users/thanhthanh_workspace/Project/NLP_K35/xlnntn_hp2_friend/data/mrDuc_data/Images/UzpfSTEwMDAwMDM2OTIxMDcyNTpWSzoyNTM4MDQzMjY2ODI2NTUwNw==_0.jpg
/images/UzpfSTEwMDAwNjk5OTg0Mzk5MjpWSzoyNTM4Mzc0MzQ1MTI2Nzc2Mg==_0.jpg	0.686053	high_directional_coverage	"書友早安舒心😃
習字塗鴉分享🙏
Al  復刻
「半畝方塘一鑑開，天光雲影共徘徊，問渠哪得清如許，為有源頭活水來。」這是宋朝．朱熹的詩〈觀書有感〉。
✍️於:烘爐茶壺"	"半畝方塘一鑑開
天光雲影共徘徊
問渠那得清如許
為有源頭活水來
朱熹詩己巳冬揚書"	/mnt/Suran_database/Users/thanhthanh_workspace/Project/NLP_K35/xlnntn_hp2_friend/data/mrDuc_data/Images/UzpfSTEwMDAwNjk5OTg0Mzk5MjpWSzoyNTM4Mzc0MzQ1MTI2Nzc2Mg==_0.jpg
/images/UzpfSTEwMDAwMDM2OTIxMDcyNTpWSzoyNTM4OTMwNjM1NzM3ODEzOA==_0.jpg	0.635694	high_directional_coverage	野日荒荒白，春流泯泯清。渚蒲隨地有，村徑逐門成。只作披衣慣，常從漉酒生。眼前無俗物，多病也身輕。今天的練習03	"野日荒々白春流泯々清瀟灑隨
地有村涇通門外只作撥不慣常
遂漉酒生眼前無俗物多病身轉身輕
唐杜工部詩
乙巳冬月之吉"	/mnt/Suran_database/Users/thanhthanh_workspace/Project/NLP_K35/xlnntn_hp2_friend/data/mrDuc_data/Images/UzpfSTEwMDAwMDM2OTIxMDcyNTpWSzoyNTM4OTMwNjM1NzM3ODEzOA==_0.jpg
/images/UzpfSTEwMDAwMDM2OTIxMDcyNTpWSzoyNTM4MDQzNDU1NDkzMTk4NQ==_0.jpg	1.0	one_text_contains_the_other	推心置腹。今天的練習02	"推
心
置
腹"	/mnt/Suran_database/Users/thanhthanh_workspace/Project/NLP_K35/xlnntn_hp2_friend/data/mrDuc_data/Images/UzpfSTEwMDAwMDM2OTIxMDcyNTpWSzoyNTM4MDQzNDU1NDkzMTk4NQ==_0.jpg
/images/UzpfSTEwMDA1NzYxNjk4NjQyNjpWSzoyNTM4MDY1NTYyNDkwOTg3OA==_1.jpg	0.957752	high_directional_coverage	"詠廿四氣詩 · 小寒十二月節
[唐] 元稹
小寒連大呂，歡鵲壘新巢。
拾食尋河曲，銜紫遶樹梢。
霜鷹近北首，雊雉隱藂茅。
莫怪嚴凝切，春冬正月交。"	"詠廿四氣
詩·小寒
十二月節
〔唐〕元稹
小寒連大呂
歡鵲壘新巢
拾食尋河曲
銜紫遶樹梢
霜鷹近北首
雊雉隱蔡茅
莫怪嚴凝切
春冬正月交
小石盦"	/mnt/Suran_database/Users/thanhthanh_workspace/Project/NLP_K35/xlnntn_hp2_friend/data/mrDuc_data/Images/UzpfSTEwMDA1NzYxNjk4NjQyNjpWSzoyNTM4MDY1NTYyNDkwOTg3OA==_1.jpg
/images/UzpfSTEwMDAwMzI4NDg3MDY0MDpWSzoyNTM3OTI0Njg2ODM4NDA4Nw==_1.jpg	0.610714	one_text_contains_the_other	"2026是黃金當道的一年…

金馬舞春"	"金
馬
舞
春"	/mnt/Suran_database/Users/thanhthanh_workspace/Project/NLP_K35/xlnntn_hp2_friend/data/mrDuc_data/Images/UzpfSTEwMDAwMzI4NDg3MDY0MDpWSzoyNTM3OTI0Njg2ODM4NDA4Nw==_1.jpg
/images/UzpfSTEwMDA1NzYxNjk4NjQyNjpWSzoyNTM4MDY1NTYyNDkwOTg3OA==_2.jpg	0.957752	high_directional_coverage	"詠廿四氣詩 · 小寒十二月節
[唐] 元稹
小寒連大呂，歡鵲壘新巢。
拾食尋河曲，銜紫遶樹梢。
霜鷹近北首，雊雉隱藂茅。
莫怪嚴凝切，春冬正月交。"	"詠廿四氣
詩·小寒
十二月節
[唐]元稹
小寒連大呂
歡鵲壘新巢
拾食尋河曲
銜紫遶樹梢
霜鷹近北首
雊雉隱叢茅
莫怪嚴凝切
春冬正月交
小石齋"	/mnt/Suran_database/Users/thanhthanh_workspace/Project/NLP_K35/xlnntn_hp2_friend/data/mrDuc_data/Images/UzpfSTEwMDA1NzYxNjk4NjQyNjpWSzoyNTM4MDY1NTYyNDkwOTg3OA==_2.jpg
/images/UzpfSTEwMDAwMzUzNjA0MTQ0NzpWSzoyNTM3NTgyMTk1MjA1OTkxMg==_0.jpg	0.718338	combined_score_above_threshold	"行草 老子 道德經 第五十六章 句🙏☕😎

知者不言 言者不知
塞其兌 閉其門 挫其銳
解其紛 和其光 同其塵
是謂玄同"	"知者不言言者不知
塞其兌閉其門挫其
銳解其紛和其光
同其塵是謂玄同
庚子冬書于滬七十有六
老子五十六章
伯欽"	/mnt/Suran_database/Users/thanhthanh_workspace/Project/NLP_K35/xlnntn_hp2_friend/data/mrDuc_data/Images/UzpfSTEwMDAwMzUzNjA0MTQ0NzpWSzoyNTM3NTgyMTk1MjA1OTkxMg==_0.jpg
/images/UzpfSTEwMDA4MTQ5Nzk3NTM4MTpWSzoyNTM2MTc2NDcyMzQ2NTYzNQ==_0.jpg	1.0	one_text_contains_the_other	歲歲平安。	"歲
歲
平
安"	/mnt/Suran_database/Users/thanhthanh_workspace/Project/NLP_K35/xlnntn_hp2_friend/data/mrDuc_data/Images/UzpfSTEwMDA4MTQ5Nzk3NTM4MTpWSzoyNTM2MTc2NDcyMzQ2NTYzNQ==_0.jpg
/images/UzpfSTEwMDAwOTU5NjQwODMyMzpWSzoyNTM2ODk5Mjg3NjA3NjE1Mw==_0.jpg	0.780435	high_directional_coverage	詩宿:花枝出建章,鳳管發昭陽,借問承恩者,雙蛾幾許長。謝謝!	"花枝出建章鳳管迎朝陽
借問承恩者雙蛾幾許長
墨書"	/mnt/Suran_database/Users/thanhthanh_workspace/Project/NLP_K35/xlnntn_hp2_friend/data/mrDuc_data/Images/UzpfSTEwMDAwOTU5NjQwODMyMzpWSzoyNTM2ODk5Mjg3NjA3NjE1Mw==_0.jpg
/images/UzpfSTY3MTc0OTU2NDpWSzoyNTMzMTYyODQwMzE0NTkzNA==_1.jpg	0.640352	combined_score_above_threshold	"*同一題材，不同篆書的書寫表現。

國於土地，有與立彼，不能保其自主之精神，

何取乎，有此國家乎？

蔡篤釗/恭錄 國父孫中山先生嘉言

*出自孫中山先生《中國存亡問題》一文

*****************************************************

國於土地，有與立彼，不能保其自主之精神，

何取乎，有此國家乎？

彭鴻欽/恭錄 國父孫中山先生嘉言

*出自孫中山先生《中國存亡問題》一文"	"國於土地，有與立彼，不能保其自主之精神，
何取乎，有此國家乎？
恭錄 國父孫中山先生嘉言
國於天地有與立彼不能
保其自主之精神何取乎
有此國家乎
恭錄國父孫中山先生嘉言
歲在甲戌初秋彭鴻欽篆
彭鴻欽書
國於天地，必有與立彼不能保其
自主之精神，何取乎有此國家乎。"	/mnt/Suran_database/Users/thanhthanh_workspace/Project/NLP_K35/xlnntn_hp2_friend/data/mrDuc_data/Images/UzpfSTY3MTc0OTU2NDpWSzoyNTMzMTYyODQwMzE0NTkzNA==_1.jpg
/images/UzpfSTEwMDAwOTU5NjQwODMyMzpWSzoyNTM2OTAxNDIzNjA3NDAxNw==_0.jpg	0.864247	high_directional_coverage	韋應物：懷君屬秋夜，散步詠涼天。空山松子落，幽人應未眠！謝謝！	"懷君屬秋夜散步詠涼天
空山松子落幽人應未眠
寧書"	/mnt/Suran_database/Users/thanhthanh_workspace/Project/NLP_K35/xlnntn_hp2_friend/data/mrDuc_data/Images/UzpfSTEwMDAwOTU5NjQwODMyMzpWSzoyNTM2OTAxNDIzNjA3NDAxNw==_0.jpg
/images/UzpfSTY3MTc0OTU2NDpWSzoyNTMzMTYyODQwMzE0NTkzNA==_2.jpg	0.63862	combined_score_above_threshold	"*同一題材，不同篆書的書寫表現。

國於土地，有與立彼，不能保其自主之精神，

何取乎，有此國家乎？

蔡篤釗/恭錄 國父孫中山先生嘉言

*出自孫中山先生《中國存亡問題》一文

*****************************************************

國於土地，有與立彼，不能保其自主之精神，

何取乎，有此國家乎？

彭鴻欽/恭錄 國父孫中山先生嘉言

*出自孫中山先生《中國存亡問題》一文"	"國於土地，有與立彼，不能保其自主之精神，
何取乎，有此國家乎？
恭錄國父孫中山先生嘉言
國於天地必有與立彼不
能保其自主之精神何取
乎有此國家乎
恭錄國父孫中山先生嘉言
甲戌稔月 蔡篤釗敬書
蔡篤釗書
國於天地，必有與立彼不能保其
自主之精神，何取乎有此國家乎。
78"	/mnt/Suran_database/Users/thanhthanh_workspace/Project/NLP_K35/xlnntn_hp2_friend/data/mrDuc_data/Images/UzpfSTY3MTc0OTU2NDpWSzoyNTMzMTYyODQwMzE0NTkzNA==_2.jpg
/images/UzpfSTY3MTc0OTU2NDpWSzoyNTMzMTYyODQwMzE0NTkzNA==_0.jpg	0.649037	combined_score_above_threshold	"*同一題材，不同篆書的書寫表現。

國於土地，有與立彼，不能保其自主之精神，

何取乎，有此國家乎？

蔡篤釗/恭錄 國父孫中山先生嘉言

*出自孫中山先生《中國存亡問題》一文

*****************************************************

國於土地，有與立彼，不能保其自主之精神，

何取乎，有此國家乎？

彭鴻欽/恭錄 國父孫中山先生嘉言

*出自孫中山先生《中國存亡問題》一文"	"國於土地，有與立彼，不能保其自主之精神，
何取乎，有此國家乎？
恭錄國父孫中山先生嘉言
國於土地必有與立彼不
能保其自主之精神何取
乎有此國家乎
恭錄 國父孫中山先生嘉言
甲戌梅月 蔡篤釗敬書
蔡篤釗書
國於土地，必有與立彼不能保其自
主之精神，何取乎有此國家乎。
78"	/mnt/Suran_database/Users/thanhthanh_workspace/Project/NLP_K35/xlnntn_hp2_friend/data/mrDuc_data/Images/UzpfSTY3MTc0OTU2NDpWSzoyNTMzMTYyODQwMzE0NTkzNA==_0.jpg
/images/UzpfSTY3MTc0OTU2NDpWSzoyNTMzMTYyODQwMzE0NTkzNA==_3.jpg	0.635141	combined_score_above_threshold	"*同一題材，不同篆書的書寫表現。

國於土地，有與立彼，不能保其自主之精神，

何取乎，有此國家乎？

蔡篤釗/恭錄 國父孫中山先生嘉言

*出自孫中山先生《中國存亡問題》一文

*****************************************************

國於土地，有與立彼，不能保其自主之精神，

何取乎，有此國家乎？

彭鴻欽/恭錄 國父孫中山先生嘉言

*出自孫中山先生《中國存亡問題》一文"	"國於土地，有與立彼，不能保其自主之精神，
何取乎，有此國家乎？
恭錄國父孫中山先生嘉言
國於天地必有與立彼不
能保其自主之精神何取
乎有此國家乎
恭錄國父孫中山先生嘉言
歲在甲戌初秋彭鴻欽篆
彭鴻欽書
國於天地，必有與立彼不能保其
自主之精神，何取乎有此國家乎。"	/mnt/Suran_database/Users/thanhthanh_workspace/Project/NLP_K35/xlnntn_hp2_friend/data/mrDuc_data/Images/UzpfSTY3MTc0OTU2NDpWSzoyNTMzMTYyODQwMzE0NTkzNA==_3.jpg
/images/UzpfSTEwMDAwMDM2OTIxMDcyNTpWSzoyNTM3MzE1MzI0NTY2MDExNg==_0.jpg	1.0	one_text_contains_the_other	呈祥獻瑞。今天的練習02	"呈
祥
獻
瑞"	/mnt/Suran_database/Users/thanhthanh_workspace/Project/NLP_K35/xlnntn_hp2_friend/data/mrDuc_data/Images/UzpfSTEwMDAwMDM2OTIxMDcyNTpWSzoyNTM3MzE1MzI0NTY2MDExNg==_0.jpg
/images/UzpfSTEwMDAwMjgwNzA5MDE0OTpWSzoyNTM2NTc4MzEwNjM5NzEzMA==_0.jpg	0.864247	high_directional_coverage	"古詩
生年不滿百

常懷千歲憂

晝短苦夜長

何不秉燭遊"	"生年不滿百常懷千
歲憂晝短苦夜長
何不秉燭遊
乙巳冬宋洋"	/mnt/Suran_database/Users/thanhthanh_workspace/Project/NLP_K35/xlnntn_hp2_friend/data/mrDuc_data/Images/UzpfSTEwMDAwMjgwNzA5MDE0OTpWSzoyNTM2NTc4MzEwNjM5NzEzMA==_0.jpg
/images/UzpfSTEwMDAwMDM2NjMwMzY2NTpWSzoyNTM3MTAzNDI1OTIwNTM0OA==_0.jpg	0.649421	combined_score_above_threshold	"2026-01-04
中華字經
044
第二課 藝術16
琵琶琴瑟，鑼鑔鏗鏘。
笙簫嗚咽，卧笛悠揚。
箏音奔奮，嗩吶高亢。"	"琵
琶
琴
瑟
鑼
鑔
鏗
鏘
笙
簫
鳴
咽
臥
笛
悠
揚
箏
音
奔
奮
噴
吶
高
亢
中
華
字
經
冊
乙
巳
冬
靜
如
書"	/mnt/Suran_database/Users/thanhthanh_workspace/Project/NLP_K35/xlnntn_hp2_friend/data/mrDuc_data/Images/UzpfSTEwMDAwMDM2NjMwMzY2NTpWSzoyNTM3MTAzNDI1OTIwNTM0OA==_0.jpg
/images/UzpfSTEwMDAwMDM2OTIxMDcyNTpWSzoyNTM2NTUxODU3MzA5MDI1MA==_0.jpg	1.0	one_text_contains_the_other	博覽精思。今天的練習02	"博
覽
精
思"	/mnt/Suran_database/Users/thanhthanh_workspace/Project/NLP_K35/xlnntn_hp2_friend/data/mrDuc_data/Images/UzpfSTEwMDAwMDM2OTIxMDcyNTpWSzoyNTM2NTUxODU3MzA5MDI1MA==_0.jpg
/images/UzpfSTEwMDA4MTQ5Nzk3NTM4MTpWSzoyNTM2OTMzMDE4OTM3NTc1NQ==_0.jpg	1.0	one_text_contains_the_other	歲月靜好。	"歲
月
靜
好"	/mnt/Suran_database/Users/thanhthanh_workspace/Project/NLP_K35/xlnntn_hp2_friend/data/mrDuc_data/Images/UzpfSTEwMDA4MTQ5Nzk3NTM4MTpWSzoyNTM2OTMzMDE4OTM3NTc1NQ==_0.jpg
/images/UzpfSTEwMDAwMzI4NDg3MDY0MDpWSzoyNTM2MzEzOTU2OTk5NDgxNw==_3.jpg	0.884409	one_text_contains_the_other	"馬年春聯（五）
馬踏香泥春韻雅
鵲登翠柳福聲濃"	"馬
踏
香
泥
春
韻
雅
鵲
登
翠
柳
福
聲
濃"	/mnt/Suran_database/Users/thanhthanh_workspace/Project/NLP_K35/xlnntn_hp2_friend/data/mrDuc_data/Images/UzpfSTEwMDAwMzI4NDg3MDY0MDpWSzoyNTM2MzEzOTU2OTk5NDgxNw==_3.jpg
/images/UzpfSTEwMDAxMTczMTcyNzg1NTpWSzoyNTM2NjI3NjkyOTY4MTA4MQ==_0.jpg	1.0	one_text_contains_the_other	"放下執念
萬般自在"	"放
下
執
念
萬
般
自
在"	/mnt/Suran_database/Users/thanhthanh_workspace/Project/NLP_K35/xlnntn_hp2_friend/data/mrDuc_data/Images/UzpfSTEwMDAxMTczMTcyNzg1NTpWSzoyNTM2NjI3NjkyOTY4MTA4MQ==_0.jpg
/images/UzpfSTEwMDAwMDM2OTIxMDcyNTpWSzoyNTM2NTUyMTY4OTc1NjYwNQ==_0.jpg	0.881471	high_directional_coverage	東壁圖書府，西園翰墨林。誦詩聞國政，講易見天心。 位竊和羹重，恩叨醉酒深。緩歌春興曲，情竭為知音。今天的練習03	"東壁圖書府西園翰墨林誦詩聞
國政講易見天心位竊和羹重恩叨
醉酒深緩歌春興曲情場為知音
唐人張說詩 己巳冬月之吉"	/mnt/Suran_database/Users/thanhthanh_workspace/Project/NLP_K35/xlnntn_hp2_friend/data/mrDuc_data/Images/UzpfSTEwMDAwMDM2OTIxMDcyNTpWSzoyNTM2NTUyMTY4OTc1NjYwNQ==_0.jpg
/images/UzpfSTEwMDAwMzI4NDg3MDY0MDpWSzoyNTM2MzEzOTU2OTk5NDgxNw==_1.jpg	0.884409	one_text_contains_the_other	"馬年春聯（五）
馬踏香泥春韻雅
鵲登翠柳福聲濃"	"馬
踏
香
泥
春
韻
雅
鵲
登
翠
柳
福
聲
濃"	/mnt/Suran_database/Users/thanhthanh_workspace/Project/NLP_K35/xlnntn_hp2_friend/data/mrDuc_data/Images/UzpfSTEwMDAwMzI4NDg3MDY0MDpWSzoyNTM2MzEzOTU2OTk5NDgxNw==_1.jpg
/images/UzpfSTEwMDAwMzI4NDg3MDY0MDpWSzoyNTM2MzEzOTU2OTk5NDgxNw==_2.jpg	0.807412	high_directional_coverage	"馬年春聯（五）
馬踏香泥春韻雅
鵲登翠柳福聲濃"	"馬
踏
香
泥
春
韻
雅
鶴
登
翠
柳
福
聲
濃"	/mnt/Suran_database/Users/thanhthanh_workspace/Project/NLP_K35/xlnntn_hp2_friend/data/mrDuc_data/Images/UzpfSTEwMDAwMzI4NDg3MDY0MDpWSzoyNTM2MzEzOTU2OTk5NDgxNw==_2.jpg
/images/UzpfSTEwMDAwMzI4NDg3MDY0MDpWSzoyNTI2MjM3NDc3NjczNzk2NA==_0.jpg	0.72381	one_text_contains_the_other	"這回專挑筆畫多的字來寫

馬年春聯（三）

駿馬奔蹄春萬里
祥龍飛舞瑞盈庭"	"駿馬奔蹄春萬里
祥龍飛舞瑞盈庭"	/mnt/Suran_database/Users/thanhthanh_workspace/Project/NLP_K35/xlnntn_hp2_friend/data/mrDuc_data/Images/UzpfSTEwMDAwMzI4NDg3MDY0MDpWSzoyNTI2MjM3NDc3NjczNzk2NA==_0.jpg
/images/UzpfSTEwMDAwMzI4NDg3MDY0MDpWSzoyNTI2MjM3NDc3NjczNzk2NA==_3.jpg	0.72381	one_text_contains_the_other	"這回專挑筆畫多的字來寫

馬年春聯（三）

駿馬奔蹄春萬里
祥龍飛舞瑞盈庭"	"駿
馬
奔
蹄
春
萬
里
祥
龍
飛
舞
瑞
盈
庭"	/mnt/Suran_database/Users/thanhthanh_workspace/Project/NLP_K35/xlnntn_hp2_friend/data/mrDuc_data/Images/UzpfSTEwMDAwMzI4NDg3MDY0MDpWSzoyNTI2MjM3NDc3NjczNzk2NA==_3.jpg
/images/UzpfSTEwMDAwMzUzNjA0MTQ0NzpWSzoyNTM2ODQxMzg3NjEzNDA1Mw==_0.jpg	0.655761	combined_score_above_threshold	"行草 節 杜甫 佳人 句🙏☕😎

在山泉水清 出山泉水濁
侍婢賣珠迴 牽蘿補茅屋
摘花不插髮 採柏動盈掬
天寒翠袖薄 日暮倚修竹"	"在山泉水清出山泉
水浊侍婢卖珠回牵
萝补茅屋摘花不插
发采柏动盈掬天寒
翠袖薄日暮倚修竹
录杜甫佳人句己巳朱涛"	/mnt/Suran_database/Users/thanhthanh_workspace/Project/NLP_K35/xlnntn_hp2_friend/data/mrDuc_data/Images/UzpfSTEwMDAwMzUzNjA0MTQ0NzpWSzoyNTM2ODQxMzg3NjEzNDA1Mw==_0.jpg
/images/UzpfSTEwMDAwMzI4NDg3MDY0MDpWSzoyNTI2MjM3NDc3NjczNzk2NA==_1.jpg	0.72381	one_text_contains_the_other	"這回專挑筆畫多的字來寫

馬年春聯（三）

駿馬奔蹄春萬里
祥龍飛舞瑞盈庭"	"駿馬奔蹄春萬里
祥龍飛舞瑞盈庭"	/mnt/Suran_database/Users/thanhthanh_workspace/Project/NLP_K35/xlnntn_hp2_friend/data/mrDuc_data/Images/UzpfSTEwMDAwMzI4NDg3MDY0MDpWSzoyNTI2MjM3NDc3NjczNzk2NA==_1.jpg
/images/UzpfSTEwMDAwMzI4NDg3MDY0MDpWSzoyNTI2MjM3NDc3NjczNzk2NA==_2.jpg	0.661905	high_directional_coverage	"這回專挑筆畫多的字來寫

馬年春聯（三）

駿馬奔蹄春萬里
祥龍飛舞瑞盈庭"	"駿馬奔騰春萬里
祥龍飛舞瑞盈庭"	/mnt/Suran_database/Users/thanhthanh_workspace/Project/NLP_K35/xlnntn_hp2_friend/data/mrDuc_data/Images/UzpfSTEwMDAwMzI4NDg3MDY0MDpWSzoyNTI2MjM3NDc3NjczNzk2NA==_2.jpg
/images/UzpfSTEwMDAwMjgwNzA5MDE0OTpWSzoyNTM1NzUxNjQyNzIyMzc5OA==_0.jpg	0.827985	high_directional_coverage	"王維
山居秋暝

空山新雨後，天氣晚來秋。

明月松間照，清泉石上流。"	"空山新雨後天氣晚
來秋明月松間照清
泉石上流
王維山居秋暝徐志祥"	/mnt/Suran_database/Users/thanhthanh_workspace/Project/NLP_K35/xlnntn_hp2_friend/data/mrDuc_data/Images/UzpfSTEwMDAwMjgwNzA5MDE0OTpWSzoyNTM1NzUxNjQyNzIyMzc5OA==_0.jpg
/images/UzpfSTEwMDAwMDEzNDAwNzgxNDpWSzoyNTM2MjAwOTg5MzQ0MTExOA==_0.jpg	0.317271	one_text_contains_the_other	"老吉子普洱茶
2014年拿下世界佳茗大獎的鄭添福，是繼2010年台灣茶人呂禮臻後，再度拿下黑茶類世界佳茗大獎的台灣之光。

鄭先生也喜歡書法。某日和他談論書法，順手寫下了「老吉子普洱」、「海的堡古樹」等字，雖久未動筆，但在興緻高昂之下，寫得還自認可以。"	"海
的
堡
古
樹"	/mnt/Suran_database/Users/thanhthanh_workspace/Project/NLP_K35/xlnntn_hp2_friend/data/mrDuc_data/Images/UzpfSTEwMDAwMDEzNDAwNzgxNDpWSzoyNTM2MjAwOTg5MzQ0MTExOA==_0.jpg
/images/UzpfSTEwMDAwMDEzNDAwNzgxNDpWSzoyNTM2MjAwOTg5MzQ0MTExOA==_1.jpg	0.317271	one_text_contains_the_other	"老吉子普洱茶
2014年拿下世界佳茗大獎的鄭添福，是繼2010年台灣茶人呂禮臻後，再度拿下黑茶類世界佳茗大獎的台灣之光。

鄭先生也喜歡書法。某日和他談論書法，順手寫下了「老吉子普洱」、「海的堡古樹」等字，雖久未動筆，但在興緻高昂之下，寫得還自認可以。"	"老
吉
子
普
洱"	/mnt/Suran_database/Users/thanhthanh_workspace/Project/NLP_K35/xlnntn_hp2_friend/data/mrDuc_data/Images/UzpfSTEwMDAwMDEzNDAwNzgxNDpWSzoyNTM2MjAwOTg5MzQ0MTExOA==_1.jpg
/images/UzpfSTEwNzE5OTI5NzA6Vks6MjUzNjUzNzI5ODk3NzE0NzU=_0.jpg	0.627116	combined_score_above_threshold	"4/1/2025  雅俗共賞

王安石 「梅花 」

墙角數枝梅  凌寒獨自開
遥知不是雪  为有暗香来"	"墻角数枝梅 凌寒
独自开 遥知不是
雪 为有暗香来
梅花王安石
有雅"	/mnt/Suran_database/Users/thanhthanh_workspace/Project/NLP_K35/xlnntn_hp2_friend/data/mrDuc_data/Images/UzpfSTEwNzE5OTI5NzA6Vks6MjUzNjUzNzI5ODk3NzE0NzU=_0.jpg
/images/UzpfSTEwMDAwMjgwNzA5MDE0OTpWSzoyNTM1MDYzMDE0MTI0NTc2MA==_0.jpg	0.837971	high_directional_coverage	"黃鶴樓
唐-崔顥

昔人已乘黃鶴去，此地空餘黃鶴樓

黃鶴一去不復返，白雲千載空悠悠

晴川歷歷漢陽樹，芳草萋萋鸚鵡洲

日暮鄉關何處是，煙波江上使人愁"	"昔人已乘黃鶴去此地空餘黃鶴一
去不復返白雲千載空悠々晴川歷々漢陽
樹芳草萋々鸚鵡洲日暮鄉關何處是煙
波江上使人愁
唐崔顥黃鶴樓乙巳之冬許亦洋"	/mnt/Suran_database/Users/thanhthanh_workspace/Project/NLP_K35/xlnntn_hp2_friend/data/mrDuc_data/Images/UzpfSTEwMDAwMjgwNzA5MDE0OTpWSzoyNTM1MDYzMDE0MTI0NTc2MA==_0.jpg
/images/UzpfSTEwMDAwMDk0NDAzNTM2OTpWSzoyNTMzNDM2MjI2Mjg3MjU0OA==_0.jpg	1.0	one_text_contains_the_other	"書法界有一股新起力量叫論文派

半路出家的 啥都不懂

就是埋首圖書館抄論文

從幾十本裡擷取成一本

就說是自己的論文

書法論文不是書論喔

只是包裝得像書論

他們根本不懂書法本質"	"書法界有一股新起力量叫論文派
半路出家的 啥都不懂
就是埋首圖書館抄論文
從幾十本裡擷取成一本
就說是自己的論文
書法論文不是書論喔
只是包裝得像書論
他們根本不懂書法本質"	/mnt/Suran_database/Users/thanhthanh_workspace/Project/NLP_K35/xlnntn_hp2_friend/data/mrDuc_data/Images/UzpfSTEwMDAwMDk0NDAzNTM2OTpWSzoyNTMzNDM2MjI2Mjg3MjU0OA==_0.jpg
/images/UzpfSTEwMDAwMzI4NDg3MDY0MDpWSzoyNTM2MzEzOTU2OTk5NDgxNw==_0.jpg	0.884409	one_text_contains_the_other	"馬年春聯（五）
馬踏香泥春韻雅
鵲登翠柳福聲濃"	"馬
踏
香
泥
春
韻
雅
鵲
登
翠
柳
福
聲
濃"	/mnt/Suran_database/Users/thanhthanh_workspace/Project/NLP_K35/xlnntn_hp2_friend/data/mrDuc_data/Images/UzpfSTEwMDAwMzI4NDg3MDY0MDpWSzoyNTM2MzEzOTU2OTk5NDgxNw==_0.jpg
/images/UzpfSTEwMDAwMDM2OTIxMDcyNTpWSzoyNTM1NzgyNDYzMzg1OTY0NA==_0.jpg	0.704747	high_directional_coverage	吳客獨來後，楚橈歸夕曛。山形無地接，寺界與波分。巢鶻寧窺物，馴鷗自作羣。老僧忘歲月，石上看江雲。 今天的練習03	"吴
客
獨
木
後
楚
橈
歸
夕
曛
山
形
無
地
插
寺
影
與
波
分
魚
鼈
寧
窺
物
馴
臨
自
作
群
老
僧
忘
歲
月
石
上
看
江
雲
宋
梅
臣
詩
乙
巳
冬
月
之
吉"	/mnt/Suran_database/Users/thanhthanh_workspace/Project/NLP_K35/xlnntn_hp2_friend/data/mrDuc_data/Images/UzpfSTEwMDAwMDM2OTIxMDcyNTpWSzoyNTM1NzgyNDYzMzg1OTY0NA==_0.jpg
/images/UzpfSTEwMDAwMDM2NjMwMzY2NTpWSzoyNTM1NTM0NDI5NDEwNzY3OA==_0.jpg	0.902184	high_directional_coverage	"2026-01-02週五
修道：
修行三年，口出狂言；
再學三年，不敢妄言；
又學三年，沉默寡言；
再過三年，無須多言；
又過三年，靜口無言；
再過三年，無言即言；
大道至簡，大悟無言。"	"修
行
三
年
口
出
狂
言
再
學
三
年
不
敢
妄
言
又
學
三
年
沈
默
寡
言
再
過
三
年
無
須
多
言
又
過
三
年
靜
口
無
言
再
過
三
年
無
言
即
言
大
道
至
簡
大
悟
無
言
修
道
乙
巳
冬
恒
美
書"	/mnt/Suran_database/Users/thanhthanh_workspace/Project/NLP_K35/xlnntn_hp2_friend/data/mrDuc_data/Images/UzpfSTEwMDAwMDM2NjMwMzY2NTpWSzoyNTM1NTM0NDI5NDEwNzY3OA==_0.jpg
/images/UzpfSTEyNTAyMzQyMzM2MjYxODA6Vks6MjUzNDYwNDE5NDE3MDQ1ODA=_0.jpg	0.350794	one_text_contains_the_other	2026 元旦快樂	"天
街
小
雨
润
如
酥
草
色
遥
看
近
却
最
是
一
年
春
好
處
绝
胜
烟
柳
满
皇
都
韩
愈
诗
初
春
小
雨
乙
巳
冬
日
畫
简
道
潜
20260101元旦快樂
簡道潛（撿到錢）"	/mnt/Suran_database/Users/thanhthanh_workspace/Project/NLP_K35/xlnntn_hp2_friend/data/mrDuc_data/Images/UzpfSTEyNTAyMzQyMzM2MjYxODA6Vks6MjUzNDYwNDE5NDE3MDQ1ODA=_0.jpg
/images/UzpfSTEwMDAwMzI4NDg3MDY0MDpWSzoyNTM0ODU2MjAyNDc4NTkwNQ==_0.jpg	1.0	one_text_contains_the_other	2026駿馬接福	駿馬接福	/mnt/Suran_database/Users/thanhthanh_workspace/Project/NLP_K35/xlnntn_hp2_friend/data/mrDuc_data/Images/UzpfSTEwMDAwMzI4NDg3MDY0MDpWSzoyNTM0ODU2MjAyNDc4NTkwNQ==_0.jpg
/images/UzpfSTEwMDAwOTU5NjQwODMyMzpWSzoyNTM0NzU0NjM2NDg4NzQ3MQ==_0.jpg	0.90381	high_directional_coverage	祝各位墨友:和氣吉祥皆快樂,四季平安過新年!謝謝!	"祝各位墨友
和氣吉祥皆快樂
四季平安過新年
思賢"	/mnt/Suran_database/Users/thanhthanh_workspace/Project/NLP_K35/xlnntn_hp2_friend/data/mrDuc_data/Images/UzpfSTEwMDAwOTU5NjQwODMyMzpWSzoyNTM0NzU0NjM2NDg4NzQ3MQ==_0.jpg
/images/UzpfSTEwMDAwNjk5OTg0Mzk5MjpWSzoyNTM1MzQzNjUwNDI5ODQ1Nw==_0.jpg	0.60557	high_directional_coverage	"書友早安舒心😃
習字塗鴉分享🙏
Al  復刻
作者：李白
李白乘舟將欲行，忽聞岸上踏歌聲。
桃花潭水深千尺，不及汪倫送我情。
✍️於:烘爐茶壺"	"李白乘舟将欲行
忽闻岸上踏歌声桃
花潭水深千尺不及
汪伦送我情
李白诗一首"	/mnt/Suran_database/Users/thanhthanh_workspace/Project/NLP_K35/xlnntn_hp2_friend/data/mrDuc_data/Images/UzpfSTEwMDAwNjk5OTg0Mzk5MjpWSzoyNTM1MzQzNjUwNDI5ODQ1Nw==_0.jpg
/images/UzpfSTY3MTc0OTU2NDpWSzoyNTM1MzYzMjIzNDI3ODg4NA==_5.jpg	0.293338	one_text_contains_the_other	"紫砂的「裝飾」，集詩、書、畫、印於一體，反映了中國傳統文化，尤其是砂壺上的題銘，雖僅短短幾句、寥寥數言，但卻言簡意賅，字字珠璣，是文人和藝人精心構撰的文學精品。

***********************************************************

作旅彞（筆筒）

射卣父癸（水盂）

（兕父癸/子執弓）

*********************************************

*作旅彝卣：蓋及器內底有銘文三字「作旅彞」。

「旅彝」的定稱：出征行軍途中的祭祖禮器；一般以器小為主。本件器形僅23公分高。

*兕父癸鼎：（釋文如下）兕（sì，ㄙˋ）：本義，雌性犀牛。

水盂呈秤砣式，泥色褐紫，器表刻甲骨文，署款「丁亥夏月。艾農摹，王東石製」。

據 / 阮元《積古齋钟鼎彝器款識》右兕父癸鼎銘四字，案「子執弓」《博古圖》闡釋作「孫執弓」；此從《薛氏》及《復齋》釋「執弓」者，旌武功也，作象形「兕」者；《詩小雅/吉日》云：殪此大兕。《晉語》云：唐叔 射兕於徒林，執弓射兕。取服猛之義也。

*殪（yì，ㄧˋ）：殺死。

****************************************************

《玉成窯》傳器：壺、銘、書、畫、刻皆稱道，《玉成窯》所謂「三絕」，指的便是「王東石」、「何心舟」、「陳山農」。

王東石（1875-1908），別號「苦窳生」，清同治至光緒年間的制壺名手，所作之壺造型別開蹊徑，獨具一格，常為文人雅士製壺及文房用具。曾與何心舟相善，一起到浙江寧波創建「玉成窯」。"	"丁亥夏月
艾農摹
王東石製"	/mnt/Suran_database/Users/thanhthanh_workspace/Project/NLP_K35/xlnntn_hp2_friend/data/mrDuc_data/Images/UzpfSTY3MTc0OTU2NDpWSzoyNTM1MzYzMjIzNDI3ODg4NA==_5.jpg
/images/UzpfSTY3MTc0OTU2NDpWSzoyNTM1MzYzMjIzNDI3ODg4NA==_6.jpg	0.293338	one_text_contains_the_other	"紫砂的「裝飾」，集詩、書、畫、印於一體，反映了中國傳統文化，尤其是砂壺上的題銘，雖僅短短幾句、寥寥數言，但卻言簡意賅，字字珠璣，是文人和藝人精心構撰的文學精品。

***********************************************************

作旅彞（筆筒）

射卣父癸（水盂）

（兕父癸/子執弓）

*********************************************

*作旅彝卣：蓋及器內底有銘文三字「作旅彞」。

「旅彝」的定稱：出征行軍途中的祭祖禮器；一般以器小為主。本件器形僅23公分高。

*兕父癸鼎：（釋文如下）兕（sì，ㄙˋ）：本義，雌性犀牛。

水盂呈秤砣式，泥色褐紫，器表刻甲骨文，署款「丁亥夏月。艾農摹，王東石製」。

據 / 阮元《積古齋钟鼎彝器款識》右兕父癸鼎銘四字，案「子執弓」《博古圖》闡釋作「孫執弓」；此從《薛氏》及《復齋》釋「執弓」者，旌武功也，作象形「兕」者；《詩小雅/吉日》云：殪此大兕。《晉語》云：唐叔 射兕於徒林，執弓射兕。取服猛之義也。

*殪（yì，ㄧˋ）：殺死。

****************************************************

《玉成窯》傳器：壺、銘、書、畫、刻皆稱道，《玉成窯》所謂「三絕」，指的便是「王東石」、「何心舟」、「陳山農」。

王東石（1875-1908），別號「苦窳生」，清同治至光緒年間的制壺名手，所作之壺造型別開蹊徑，獨具一格，常為文人雅士製壺及文房用具。曾與何心舟相善，一起到浙江寧波創建「玉成窯」。"	"丁亥夏月
艾農摹
王東石製"	/mnt/Suran_database/Users/thanhthanh_workspace/Project/NLP_K35/xlnntn_hp2_friend/data/mrDuc_data/Images/UzpfSTY3MTc0OTU2NDpWSzoyNTM1MzYzMjIzNDI3ODg4NA==_6.jpg
/images/UzpfSTEwMDAwMzI4NDg3MDY0MDpWSzoyNTM0ODU2MjAyNDc4NTkwNQ==_1.jpg	1.0	one_text_contains_the_other	2026駿馬接福	"駿
馬
接
福"	/mnt/Suran_database/Users/thanhthanh_workspace/Project/NLP_K35/xlnntn_hp2_friend/data/mrDuc_data/Images/UzpfSTEwMDAwMzI4NDg3MDY0MDpWSzoyNTM0ODU2MjAyNDc4NTkwNQ==_1.jpg
/images/UzpfSTEwMDAwMDM2OTIxMDcyNTpWSzoyNTMzNDI1ODIzOTU0OTYxNw==_0.jpg	0.912088	high_directional_coverage	莫問紅塵多少事，青山依舊伴君行。今天的練習0	"莫問紅塵多少事
青山依黛伴君行"	/mnt/Suran_database/Users/thanhthanh_workspace/Project/NLP_K35/xlnntn_hp2_friend/data/mrDuc_data/Images/UzpfSTEwMDAwMDM2OTIxMDcyNTpWSzoyNTMzNDI1ODIzOTU0OTYxNw==_0.jpg
/images/UzpfSTEwMDAxMTUxMjYwMTYzMTpWSzoyNTM1NDA0NDQ0NDIzNzY2Mw==_0.jpg	0.52668	one_text_contains_the_other	宋代歐陽修詩句	"永與舊事歸於君來年依舊迎花開
宋代歐陽修詩句 乙巳春晚葛書於北京"	/mnt/Suran_database/Users/thanhthanh_workspace/Project/NLP_K35/xlnntn_hp2_friend/data/mrDuc_data/Images/UzpfSTEwMDAxMTUxMjYwMTYzMTpWSzoyNTM1NDA0NDQ0NDIzNzY2Mw==_0.jpg
/images/UzpfSTY3MTc0OTU2NDpWSzoyNTM0NjE0Mzg2ODM2MTA1NA==_0.jpg	0.65474	high_directional_coverage	"大道至簡，

平常心是道。

***********************************************************

2017年收集網文，輯編《觀自在》專文，並節錄父親是三行先生的各體書法字形做PO圖，今習篆書之。

經過數十年的整理，不僅將父親是三行先生的金石文書法作品字形拆分，並搜編各個字形的演變進程、資訊，及名家字跡，建立臉書FB「不僅書法」（以篆書練習為主），提供篆書喜好者瀏覽使用，在篆書領域上秉持父親遺願，盡一己之力！

*************************************************************

《微語錄》小故事

小和尚問老和尚：您得道前，做什麼？

老和尚：砍柴擔水做飯。

小和尚又問：那得道後呢？

老和尚：砍柴擔水做飯。

小和尚又再問：那何謂得道？。

老和尚：得道前，砍柴時惦著挑水，挑水時惦著做飯；

得道後，砍柴即砍柴，擔水即擔水，做飯即做飯。"	"平
常
心
是
道
觀自在
大道至簡，
平常心是道。
【微語錄小故事】
小和尚問老和尚：您得道前，做什麼？
老和尚：砍柴擔水做飯。
小和尚又問：那得道後呢？
老和尚：砍柴擔水做飯。
小和尚又再問：那何謂得道？
老和尚：
得道前，砍柴時惦着挑水，挑水時惦着做飯；
得道後，砍柴即砍柴，擔水即擔水，做飯即做飯。
題字： 摘錄是三行先生書法作品字形 / 是志成"	/mnt/Suran_database/Users/thanhthanh_workspace/Project/NLP_K35/xlnntn_hp2_friend/data/mrDuc_data/Images/UzpfSTY3MTc0OTU2NDpWSzoyNTM0NjE0Mzg2ODM2MTA1NA==_0.jpg
/images/UzpfSTEwMDAwMzUzNjA0MTQ0NzpWSzoyNTMzNzIzNjUzNTkxODQ1NA==_0.jpg	0.735773	combined_score_above_threshold	"行草 唐 張旭 桃花溪🙏☕😎

隱隱飛橋隔野煙
石磯西畔問漁船
桃花盡日隨流水
洞在清溪何處邊"	"隱
々
飛
橋
隔
野
烟
石
磯
西
畔
問
漁
船
桃
花
盡
日
隨
流
水
洞
在
溪
何
處
邊
唐張旭
桃花溪
己巳暮歲
紹彭"	/mnt/Suran_database/Users/thanhthanh_workspace/Project/NLP_K35/xlnntn_hp2_friend/data/mrDuc_data/Images/UzpfSTEwMDAwMzUzNjA0MTQ0NzpWSzoyNTMzNzIzNjUzNTkxODQ1NA==_0.jpg
/images/UzpfSTY3MTc0OTU2NDpWSzoyNTM0NjE0Mzg2ODM2MTA1NA==_3.jpg	0.65887	high_directional_coverage	"大道至簡，

平常心是道。

***********************************************************

2017年收集網文，輯編《觀自在》專文，並節錄父親是三行先生的各體書法字形做PO圖，今習篆書之。

經過數十年的整理，不僅將父親是三行先生的金石文書法作品字形拆分，並搜編各個字形的演變進程、資訊，及名家字跡，建立臉書FB「不僅書法」（以篆書練習為主），提供篆書喜好者瀏覽使用，在篆書領域上秉持父親遺願，盡一己之力！

*************************************************************

《微語錄》小故事

小和尚問老和尚：您得道前，做什麼？

老和尚：砍柴擔水做飯。

小和尚又問：那得道後呢？

老和尚：砍柴擔水做飯。

小和尚又再問：那何謂得道？。

老和尚：得道前，砍柴時惦著挑水，挑水時惦著做飯；

得道後，砍柴即砍柴，擔水即擔水，做飯即做飯。"	"大
衛
之
簡
觀
自
在
大道至簡，
平常心是道。
【微語錄小故事】
小和尚問老和尚：您得道前，做什麼？
老和尚：砍柴擔水做飯。
小和尚又問：那得道後呢？
老和尚：砍柴擔水做飯。
小和尚又再問：那何謂得道？
老和尚：
得道前，砍柴時惦着挑水，挑水時惦着做飯；
得道後，砍柴即砍柴，擔水即擔水，做飯即做飯。
題字：摘錄是三行先生書法作品字形 / 是志成"	/mnt/Suran_database/Users/thanhthanh_workspace/Project/NLP_K35/xlnntn_hp2_friend/data/mrDuc_data/Images/UzpfSTY3MTc0OTU2NDpWSzoyNTM0NjE0Mzg2ODM2MTA1NA==_3.jpg
/images/UzpfSTEwMDAwMDM2OTIxMDcyNTpWSzo1ODc1ODk1Nzc1ODEyNDg3_0.jpg	0.847403	high_directional_coverage	道由白雲盡，春與青溪長。 時有落花至，遠隨流水香。 閒門向山路，深柳讀書堂。 幽映每白日，清輝照衣裳。今天的練習03	"道由白雲盡春與青溪長時有落花
至遠隨流水閒門向山路深柳讀書
堂幽映每白日清輝衣裳
唐人劉昚虛詩闕題承堅癸卯春日"	/mnt/Suran_database/Users/thanhthanh_workspace/Project/NLP_K35/xlnntn_hp2_friend/data/mrDuc_data/Images/UzpfSTEwMDAwMDM2OTIxMDcyNTpWSzo1ODc1ODk1Nzc1ODEyNDg3_0.jpg
/images/UzpfSTEwMDAwMzI4NDg3MDY0MDpWSzo3MzAzOTc4MzkzMDA0MjEx_0.jpg	0.778519	high_directional_coverage	"道由白雲盡，春與青溪長。
時有落花至，遠隨流水香。
閒門向山路，深柳讀書堂。
幽映每白日，清輝照衣裳。
- 劉𣇸虛 闕題"	"道由白雲盡春與青溪長時有落花至遠隨
流水香閑門向山路深柳讀書堂幽映
每白日清輝照衣裳
唐裴迪闕題詩一首
甲辰之春書於金陵客舍于法源與古雲懷"	/mnt/Suran_database/Users/thanhthanh_workspace/Project/NLP_K35/xlnntn_hp2_friend/data/mrDuc_data/Images/UzpfSTEwMDAwMzI4NDg3MDY0MDpWSzo3MzAzOTc4MzkzMDA0MjEx_0.jpg
/images/UzpfSTEwMDAzOTQzNzQ0MzgxNDpWSzoyNTMzOTI2NDY3MjM4MjMwNw==_0.jpg	0.845085	high_directional_coverage	喜樂的心乃是良藥，憂傷的靈使骨乾枯。---箴言第十七章二十二節	"總務處
喜樂的心乃是良藥
憂傷的靈使骨枯乾
箴言第十七章廿二節"	/mnt/Suran_database/Users/thanhthanh_workspace/Project/NLP_K35/xlnntn_hp2_friend/data/mrDuc_data/Images/UzpfSTEwMDAzOTQzNzQ0MzgxNDpWSzoyNTMzOTI2NDY3MjM4MjMwNw==_0.jpg
/images/UzpfSTEwMDAwMDM2OTIxMDcyNTpWSzoyNTMyNjI0MjU3MDM1MTE4NA==_0.jpg	0.907849	high_directional_coverage	紅藕香殘玉簟秋。輕解羅裳，獨上蘭舟。雲中誰寄錦書來，雁字回時，月滿西樓。花自飄零水自流。一種相思，兩處閒愁。此情無計可消除，才下眉頭，卻上心頭。今天的練習01	"紅藕香殘玉簟秋輕解羅裳獨上蘭舟雲中誰寄錦書來
雁字回時月滿西樓花自飄零水自流一種相思兩處閑愁
此情無計可消除才下眉頭卻上心頭
宋易安詞一剪梅
乙巳冬葉吉林"	/mnt/Suran_database/Users/thanhthanh_workspace/Project/NLP_K35/xlnntn_hp2_friend/data/mrDuc_data/Images/UzpfSTEwMDAwMDM2OTIxMDcyNTpWSzoyNTMyNjI0MjU3MDM1MTE4NA==_0.jpg
/images/UzpfSTEwMDAwMDM2OTIxMDcyNTpWSzoyNTM0MjA2MzEwODc2OTEzMA==_0.jpg	1.0	one_text_contains_the_other	砥節礪行。今天的練習02	"砥
節
礪
行"	/mnt/Suran_database/Users/thanhthanh_workspace/Project/NLP_K35/xlnntn_hp2_friend/data/mrDuc_data/Images/UzpfSTEwMDAwMDM2OTIxMDcyNTpWSzoyNTM0MjA2MzEwODc2OTEzMA==_0.jpg
/images/UzpfSTEwMDAwMDM2OTIxMDcyNTpWSzoyNTM0MjA2NTA1NTQzNTYwMg==_0.jpg	0.769047	high_directional_coverage	姑射真人宴紫薇，雙成擊碎玉琉璃。朗然宇宙難分辨，大地眾生正路迷。今天的練習03	"姑射真人宴紫蒙雙成擊碎玉
琉璃朗然宇宙輕不辨大地眾生
正路迷
宋釋道濟詩
乙巳冬月之吉"	/mnt/Suran_database/Users/thanhthanh_workspace/Project/NLP_K35/xlnntn_hp2_friend/data/mrDuc_data/Images/UzpfSTEwMDAwMDM2OTIxMDcyNTpWSzoyNTM0MjA2NTA1NTQzNTYwMg==_0.jpg
/images/UzpfSTEwMDAwMzI4NDg3MDY0MDpWSzoyNTMzMjYxMjE1NjM4MDg5Mg==_0.jpg	0.743939	one_text_contains_the_other	"馬年春聯（四）
諧音哏…

吉馬龍舞
龍馬舞吉"	"吉
馬
龍
舞
龍
馬
舞
吉"	/mnt/Suran_database/Users/thanhthanh_workspace/Project/NLP_K35/xlnntn_hp2_friend/data/mrDuc_data/Images/UzpfSTEwMDAwMzI4NDg3MDY0MDpWSzoyNTMzMjYxMjE1NjM4MDg5Mg==_0.jpg
/images/UzpfSTEwMDAwMDk0NDAzNTM2OTpWSzoyNTMxNDQxMDM4MTUzNDQwMw==_0.jpg	0.641858	one_text_contains_the_other	"其實唐代墨跡都是假的

就""書譜""也是後人寫的

也根本沒有甚麼顏真卿""祭侄稿""

唐紙當時壓根兒只處在概念或試製階段

製紙技術要到五代才漸臻成熟

不然 今人臨書應是直接臨唐賢的墨卷

何必間接臨花損漫渙的碑拓"	"其實唐代墨跡都是假的
就""書譜""也是後人寫的
也根本沒有甚麼顏真卿""祭侄稿"""	/mnt/Suran_database/Users/thanhthanh_workspace/Project/NLP_K35/xlnntn_hp2_friend/data/mrDuc_data/Images/UzpfSTEwMDAwMDk0NDAzNTM2OTpWSzoyNTMxNDQxMDM4MTUzNDQwMw==_0.jpg
/images/UzpfSTEwMDAwMzM3NDIxMTY0NTpWSzoyNTMzODM5NjcyOTEzNTc2OA==_7.jpg	0.292377	one_text_contains_the_other	『江堤晚景圖』	"南唐北苑副使董源江堤晚景圖珍藏版辛丑
王季遷
江海歸來偶獲之當年少時逢
瀚記復楚國山川氣為展天水有
愛重叵陪駟十劫留幸免得親一觀豈易
君雅契湖州共對滄波限一段奇
聲濤唱鐃鄉愁一刻猶如三十年
華髮傷新雁半生心事誰同聽鶴唳秋
濤濤雲樹忽暗靄遠山初夜把卷掀髯
又客去憶舊長在海西頭
癸丑秋展觀於意表神怡靜夜
見董源江堤晚景圖而書此以誌之王季遷
山水画的古代"	/mnt/Suran_database/Users/thanhthanh_workspace/Project/NLP_K35/xlnntn_hp2_friend/data/mrDuc_data/Images/UzpfSTEwMDAwMzM3NDIxMTY0NTpWSzoyNTMzODM5NjcyOTEzNTc2OA==_7.jpg
/images/UzpfSTEwMDAwMDM2OTIxMDcyNTpWSzoyNTMyNjI0NjE5MzY4NDE1NQ==_0.jpg	0.687584	high_directional_coverage	窮銷壯歲功名志，病過新秋賞詠時。 自古世間如意少，天公寧肯為君私。今天的練習03	"窮銷壯东功名志病色新秋賞
贏時自古名間如意少天之寧肯
為君私宋陸放翁詩乙巳冬月三吉"	/mnt/Suran_database/Users/thanhthanh_workspace/Project/NLP_K35/xlnntn_hp2_friend/data/mrDuc_data/Images/UzpfSTEwMDAwMDM2OTIxMDcyNTpWSzoyNTMyNjI0NjE5MzY4NDE1NQ==_0.jpg
/images/UzpfSTEwMDAwMzI4NDg3MDY0MDpWSzoyNTMzMjYxMjE1NjM4MDg5Mg==_1.jpg	0.536667	one_text_contains_the_other	"馬年春聯（四）
諧音哏…

吉馬龍舞
龍馬舞吉"	"吉
馬
龍
舞"	/mnt/Suran_database/Users/thanhthanh_workspace/Project/NLP_K35/xlnntn_hp2_friend/data/mrDuc_data/Images/UzpfSTEwMDAwMzI4NDg3MDY0MDpWSzoyNTMzMjYxMjE1NjM4MDg5Mg==_1.jpg
/images/UzpfSTEwMDAwMzI4NDg3MDY0MDpWSzoyNTMzMjYxMjE1NjM4MDg5Mg==_3.jpg	0.743939	one_text_contains_the_other	"馬年春聯（四）
諧音哏…

吉馬龍舞
龍馬舞吉"	"吉
馬
龍
舞
龍
馬
舞
吉"	/mnt/Suran_database/Users/thanhthanh_workspace/Project/NLP_K35/xlnntn_hp2_friend/data/mrDuc_data/Images/UzpfSTEwMDAwMzI4NDg3MDY0MDpWSzoyNTMzMjYxMjE1NjM4MDg5Mg==_3.jpg
/images/UzpfSTEwMDAwMDM2NjMwMzY2NTpWSzoyNTMzMTY2NDI0NjQ3NTY4Mw==_0.jpg	0.70873	combined_score_above_threshold	"2025-12-30
中華字經
042
槐椿榆樺，杉桂榕樟。
棕櫚檸檬，楓棵紫檀。
第二部分
第一課 名人
格林童話，伊索寓言。"	"槐
椿
榆
樺
杉
桂
榕
樟
棕
櫚
檸
檬
楓
棵
紫
檀
格
林
童
話
伊
索
寓
言
中華字經
纪乙巳冬
野僧书"	/mnt/Suran_database/Users/thanhthanh_workspace/Project/NLP_K35/xlnntn_hp2_friend/data/mrDuc_data/Images/UzpfSTEwMDAwMDM2NjMwMzY2NTpWSzoyNTMzMTY2NDI0NjQ3NTY4Mw==_0.jpg
/images/UzpfSTEwMDAwMzI4NDg3MDY0MDpWSzoyNTMzMjYxMjE1NjM4MDg5Mg==_2.jpg	0.536667	one_text_contains_the_other	"馬年春聯（四）
諧音哏…

吉馬龍舞
龍馬舞吉"	"龍
馬
舞
吉"	/mnt/Suran_database/Users/thanhthanh_workspace/Project/NLP_K35/xlnntn_hp2_friend/data/mrDuc_data/Images/UzpfSTEwMDAwMzI4NDg3MDY0MDpWSzoyNTMzMjYxMjE1NjM4MDg5Mg==_2.jpg
/images/UzpfSTEwMDA4OTA0MzM2NTY5MDpWSzoyNTMyOTUzMjA2NjY4ODkwMQ==_1.jpg	0.332275	one_text_contains_the_other	江城子。宋 蘇軾	"music3love
YouTube
江城子·宋·蘇軾
十年生死兩茫茫。
不思量，自難忘。
千里孤墳，無處話淒涼。
縱使相逢應不識，
塵滿面，鬢如霜。
夜來幽夢忽還鄉，
小軒窗，正梳妝。
相顧無言，惟有淚千行。
料得年年腸斷處，
明月夜，短松岡。
宋·蘇軾《江城子》十年生死兩茫茫
不思量 自難忘 （演唱：馬蘭）
Watch >"	/mnt/Suran_database/Users/thanhthanh_workspace/Project/NLP_K35/xlnntn_hp2_friend/data/mrDuc_data/Images/UzpfSTEwMDA4OTA0MzM2NTY5MDpWSzoyNTMyOTUzMjA2NjY4ODkwMQ==_1.jpg
/images/UzpfSTEwMDAwMjgwNzA5MDE0OTpWSzoyNTMyNTgxNzg5MDM5MzY1Mg==_0.jpg	0.778092	high_directional_coverage	"宋-蘇軾

四面垂楊十里荷
問云何處最花多
畫樓南畔夕陽和
天氣乍涼人寂寞
光陰須得酒消磨
且來花裏聽笙歌"	"四面垂楊十里荷問君何處畫樓南
畔夕陽和天氣乍涼人寂寞光陰酒
消磨且來花裏聽笙歌
蘇东坡词乙巳冬許志洋"	/mnt/Suran_database/Users/thanhthanh_workspace/Project/NLP_K35/xlnntn_hp2_friend/data/mrDuc_data/Images/UzpfSTEwMDAwMjgwNzA5MDE0OTpWSzoyNTMyNTgxNzg5MDM5MzY1Mg==_0.jpg
/images/UzpfSTEwMDA4OTA0MzM2NTY5MDpWSzoyNTMyOTUzMjA2NjY4ODkwMQ==_0.jpg	0.332275	one_text_contains_the_other	江城子。宋 蘇軾	"江城子·宋·蘇軾
十年生死兩茫茫，
不思量，自難忘。
千里孤墳，無處話淒涼。
縱使相逢應不識，
塵滿面，鬢如霜。
夜來幽夢忽還鄉，
小軒窗，正梳妝。
相顧無言，唯有淚千行。
料得年年腸斷處，
明月夜，短松岡。
宋·蘇軾《江城子》十年生死兩茫茫
不思量 自難忘（演唱：馬蘭）
Watch >"	/mnt/Suran_database/Users/thanhthanh_workspace/Project/NLP_K35/xlnntn_hp2_friend/data/mrDuc_data/Images/UzpfSTEwMDA4OTA0MzM2NTY5MDpWSzoyNTMyOTUzMjA2NjY4ODkwMQ==_0.jpg
/images/UzpfSTEwMDAwMDY0NDU0MTUxOTpWSzoyNTMzMjAzMzA5MzEwNTQ2NQ==_0.jpg	0.824144	high_directional_coverage	長恨歌句：花鈿委地無人收，翠翹金雀玉搔頭。君王掩面救不得，回看血淚相和流。黃埃散漫風蕭索，雲棧縈紆登劍閣。	"花
鈿
委
地
無
人
收
翠
翹
金
君
王
掩
面
救
不
得
回
看
血
淚
相
和
流
黃
埃
散
漫
風
蕭
索
宗
雪
雲
棧
縈
紆
登
閣
乙
巳
豊
川"	/mnt/Suran_database/Users/thanhthanh_workspace/Project/NLP_K35/xlnntn_hp2_friend/data/mrDuc_data/Images/UzpfSTEwMDAwMDY0NDU0MTUxOTpWSzoyNTMzMjAzMzA5MzEwNTQ2NQ==_0.jpg
/images/UzpfSTEwMDAwMDk0NDAzNTM2OTpWSzoyNTMyNTI1OTE0MDQ0OTUyNw==_0.jpg	0.589768	combined_score_above_threshold	"真假跟好壞無關 

有很多是拿後人寫得好的作品托偽古賢

因為古賢墨寶市場價值遠高於今賢 

米芾曾說自己的作品就常被冒古 

可見作偽早在宋代就有 

而且 米芾不會是唯一

所以大家若質疑我說不實 請先質疑米芾之說

宋人作偽的當然是冒充晉唐 難道是宋人偽宋

米芾被冒古的東西去哪裡了 

若果如今還在 當然是在各地博物館

以晉唐真跡在展示"	"米芾曾說自己的作品就常被冒古
可見作偽早在宋代就有
所以大家若質疑我說不實 請先質疑米芾之說"	/mnt/Suran_database/Users/thanhthanh_workspace/Project/NLP_K35/xlnntn_hp2_friend/data/mrDuc_data/Images/UzpfSTEwMDAwMDk0NDAzNTM2OTpWSzoyNTMyNTI1OTE0MDQ0OTUyNw==_0.jpg
/images/UzpfSTEwMDAwMzI4NDg3MDY0MDpWSzoyNTMxNjMwNjIyNDY3ODE1Mg==_0.jpg	0.696107	high_directional_coverage	"賞梅 看雪 寫詩 閒人之工也…

有梅無雪不精神，
有雪無詩俗了人。
日暮詩成天又雪，
與梅並作十分春。
- 盧梅坡 雪梅•其二"	"有梅無雪不精神有雪無詩
俗了人日暮詩成天又雪
與君并作十分春
雷移俊書"	/mnt/Suran_database/Users/thanhthanh_workspace/Project/NLP_K35/xlnntn_hp2_friend/data/mrDuc_data/Images/UzpfSTEwMDAwMzI4NDg3MDY0MDpWSzoyNTMxNjMwNjIyNDY3ODE1Mg==_0.jpg
/images/UzpfSTEwMDAwMzI4NDg3MDY0MDpWSzoyNTMxNjMwNjIyNDY3ODE1Mg==_2.jpg	0.738933	high_directional_coverage	"賞梅 看雪 寫詩 閒人之工也…

有梅無雪不精神，
有雪無詩俗了人。
日暮詩成天又雪，
與梅並作十分春。
- 盧梅坡 雪梅•其二"	"有梅無雪不精神
有雪無詩
俗了人日暮詩成
天又雪與梅
並作十分春
盧梅坡詩一首
己亥十月 栗賢"	/mnt/Suran_database/Users/thanhthanh_workspace/Project/NLP_K35/xlnntn_hp2_friend/data/mrDuc_data/Images/UzpfSTEwMDAwMzI4NDg3MDY0MDpWSzoyNTMxNjMwNjIyNDY3ODE1Mg==_2.jpg
/images/UzpfSTEwNzE5OTI5NzA6Vks6MjUzMTk4ODk0MDA5ODY1MDE=_0.jpg	0.674339	combined_score_above_threshold	"29/12/2025 雅俗共賞

宋陆遊诗  書愤

早岁那知世事艰
中原北望氣如山
楼船夜雪瓜洲渡
鉄馬秋風大散関
塞上长城空自许
鏡中衰鬓已先斑
出師一表真各世
千載谁堪伯仲间"	"早歲那知世事艱中原北望氣如
山樓船夜雪瓜洲渡鐵馬秋風大
散關塞上長城空自許鏡中衰鬢
已先斑出師一表真名世千載誰
堪伯仲間
宋陸遊書憤
有權書"	/mnt/Suran_database/Users/thanhthanh_workspace/Project/NLP_K35/xlnntn_hp2_friend/data/mrDuc_data/Images/UzpfSTEwNzE5OTI5NzA6Vks6MjUzMTk4ODk0MDA5ODY1MDE=_0.jpg
/images/UzpfSTEwMDAwMzI4NDg3MDY0MDpWSzoyNTMxNjMwNjIyNDY3ODE1Mg==_4.jpg	0.671042	high_directional_coverage	"賞梅 看雪 寫詩 閒人之工也…

有梅無雪不精神，
有雪無詩俗了人。
日暮詩成天又雪，
與梅並作十分春。
- 盧梅坡 雪梅•其二"	"AI生成
雪梅無雪不精神
俗人日暮詩成天又雪與梅
并作十分春
雪梅诗"	/mnt/Suran_database/Users/thanhthanh_workspace/Project/NLP_K35/xlnntn_hp2_friend/data/mrDuc_data/Images/UzpfSTEwMDAwMzI4NDg3MDY0MDpWSzoyNTMxNjMwNjIyNDY3ODE1Mg==_4.jpg
/images/UzpfSTEwMDAwMDM2OTIxMDcyNTpWSzoyNTMxOTgxNjUxMDk5Mzc5MA==_0.jpg	0.83956	high_directional_coverage	闕文完補崇先正，舊學加脩屏異思。今天的練習01	"闢文完補崇先正
奮學加脩屏異思"	/mnt/Suran_database/Users/thanhthanh_workspace/Project/NLP_K35/xlnntn_hp2_friend/data/mrDuc_data/Images/UzpfSTEwMDAwMDM2OTIxMDcyNTpWSzoyNTMxOTgxNjUxMDk5Mzc5MA==_0.jpg
/images/UzpfSTEwMDAwMzUzNjA0MTQ0NzpWSzoyNTMxNTUzNzQwMTQyMTcwMQ==_0.jpg	0.812154	high_directional_coverage	"行草 杜秋娘 金縷衣🙏☕😎

勸君莫惜金縷衣
勸君惜取少年時
花開堪折直須折
莫待無花空折枝"	"勸
君
莫
惜
金
縷
衣
勸
君
惜
取
少
年
時
花
開
堪
折
直
須
折
莫
待
無
花
空
折
枝
杜
秋
娘
金
縷
衣
己
巳
新
春
何
鉉"	/mnt/Suran_database/Users/thanhthanh_workspace/Project/NLP_K35/xlnntn_hp2_friend/data/mrDuc_data/Images/UzpfSTEwMDAwMzUzNjA0MTQ0NzpWSzoyNTMxNTUzNzQwMTQyMTcwMQ==_0.jpg
/images/UzpfSTEwMDAwMDM2OTIxMDcyNTpWSzoyNTMxOTgyMDM0NDMyNjc0MA==_0.jpg	0.876434	high_directional_coverage	束書不觀萬事休，誰令識字惹閒愁？胸中作祟知何物？不是當年老督郵。今天的練習03	"束書不觀萬事休誰能識字惹
閒愁胸中作祟知何物不是當
年老督郵
宋放翁詩
乙巳冬"	/mnt/Suran_database/Users/thanhthanh_workspace/Project/NLP_K35/xlnntn_hp2_friend/data/mrDuc_data/Images/UzpfSTEwMDAwMDM2OTIxMDcyNTpWSzoyNTMxOTgyMDM0NDMyNjc0MA==_0.jpg
/images/UzpfSTEwMDAwMDM2NjMwMzY2NTpWSzoyNTMxNzk4NzQ3Nzg0MzM2MA==_0.jpg	0.70872	high_directional_coverage	"2025-12-28
中華字經
041
菠蘿柑橘，橄欖檳榔。
梨棗蘋楂，荔栗榴棠。
蒼松壽柏，垂柳毛楊。"	"菠
蘿
柑
橘
椒
欖
檳
椰
梨
棗
蘋
植
荔
栗
榴
棠
蒼
松
壽
柏
垂
柳
毛
楊
中華字經外乙巳冬俊之雅書"	/mnt/Suran_database/Users/thanhthanh_workspace/Project/NLP_K35/xlnntn_hp2_friend/data/mrDuc_data/Images/UzpfSTEwMDAwMDM2NjMwMzY2NTpWSzoyNTMxNzk4NzQ3Nzg0MzM2MA==_0.jpg
/images/UzpfSTEwMDAwMzI4NDg3MDY0MDpWSzoyNTMwODY0MTQ3NTQ0NDYyNw==_0.jpg	0.744268	high_directional_coverage	"“乍見翻疑夢，相悲各問年”乃久別重逢之絕唱…

故人江海別，幾度隔山川。
乍見翻疑夢，相悲各問年。
孤燈寒照雨，深竹暗浮煙。
更有明朝恨，離杯惜共傳。
-  司空曙 雲陽館與韓紳宿別"	"故人江海別幾度隔山川乍見翻疑夢
相悲各問年孤燈寒照雨深竹
暗浮煙更有明朝恨離杯惜共傳
司空曙云阳馆与韩绅宿别己亥"	/mnt/Suran_database/Users/thanhthanh_workspace/Project/NLP_K35/xlnntn_hp2_friend/data/mrDuc_data/Images/UzpfSTEwMDAwMzI4NDg3MDY0MDpWSzoyNTMwODY0MTQ3NTQ0NDYyNw==_0.jpg
/images/UzpfSTEwMDAwMzI4NDg3MDY0MDpWSzoyNTMwODY0MTQ3NTQ0NDYyNw==_1.jpg	0.794665	high_directional_coverage	"“乍見翻疑夢，相悲各問年”乃久別重逢之絕唱…

故人江海別，幾度隔山川。
乍見翻疑夢，相悲各問年。
孤燈寒照雨，深竹暗浮煙。
更有明朝恨，離杯惜共傳。
-  司空曙 雲陽館與韓紳宿別"	"故人江海別幾度隔山川乍見翻疑
夢相悲各問年孤燈寒照深竹
暗浮煙更有明朝恨離杯惜共傳
司空曙詩雲陽館與韓紳宿別庚子年夏月一霖書"	/mnt/Suran_database/Users/thanhthanh_workspace/Project/NLP_K35/xlnntn_hp2_friend/data/mrDuc_data/Images/UzpfSTEwMDAwMzI4NDg3MDY0MDpWSzoyNTMwODY0MTQ3NTQ0NDYyNw==_1.jpg
/images/UzpfSTEwMDAwMzUzNjA0MTQ0NzpWSzoyNTMwODE1NDE3MjE2MDAyNA==_0.jpg	0.696096	combined_score_above_threshold	"行草 王禹偁 畬田調🙏☕😎

北山種了種南山
相助力耕豈有偏
願得人間皆似我
也應四海少荒田"	"下山種了種南山
相助力耕豈有偏
願得人皆似我
也應無少荒田
王禹偁畬田詞 己巳菊月 伯双"	/mnt/Suran_database/Users/thanhthanh_workspace/Project/NLP_K35/xlnntn_hp2_friend/data/mrDuc_data/Images/UzpfSTEwMDAwMzUzNjA0MTQ0NzpWSzoyNTMwODE1NDE3MjE2MDAyNA==_0.jpg
/images/UzpfSTEwMDAwMDM2OTIxMDcyNTpWSzoyNTMxMjcxOTA2MTcwMzUzNQ==_0.jpg	0.632552	combined_score_above_threshold	五月天山雪，無花只有寒。 笛中聞折柳，春色未曾看。 曉戰隨金鼓，宵眠抱玉鞍。 願將腰下劍，直為斬樓蘭。今天的練習03	"五月天山雪无花只有寒笛中
闻折柳春色未曾看晓战随
金鼓宵眠抱玉鞍愿将腰下剑
直为斩楼兰
李太白诗 乙巳冬"	/mnt/Suran_database/Users/thanhthanh_workspace/Project/NLP_K35/xlnntn_hp2_friend/data/mrDuc_data/Images/UzpfSTEwMDAwMDM2OTIxMDcyNTpWSzoyNTMxMjcxOTA2MTcwMzUzNQ==_0.jpg
/images/UzpfSTEwMDA4OTA0MzM2NTY5MDpWSzoyNTMwNzQ1OTcyODg5NjEzNQ==_0.jpg	0.696757	high_directional_coverage	詩養精神花養性，酒醉春風茶醉心。	"砂壺精神花養性
酒醉春風茶醉心
二〇二四年春月金星書"	/mnt/Suran_database/Users/thanhthanh_workspace/Project/NLP_K35/xlnntn_hp2_friend/data/mrDuc_data/Images/UzpfSTEwMDA4OTA0MzM2NTY5MDpWSzoyNTMwNzQ1OTcyODg5NjEzNQ==_0.jpg
/images/UzpfSTEwMDAwMDM2OTIxMDcyNTpWSzoyNTMwNjAyMzY0OTAzOTc0Mw==_0.jpg	0.875855	one_text_contains_the_other	人間四月芳菲盡，山寺桃花始盛開。 長恨春歸無覓處，不知轉入此中來。今天的練習03	"人間四月芳菲盡山寺桃花始
盛開長恨春歸無覓處不
知轉入此中來
唐白樂天詩
乙巳冬月之吉"	/mnt/Suran_database/Users/thanhthanh_workspace/Project/NLP_K35/xlnntn_hp2_friend/data/mrDuc_data/Images/UzpfSTEwMDAwMDM2OTIxMDcyNTpWSzoyNTMwNjAyMzY0OTAzOTc0Mw==_0.jpg
/images/UzpfSTEwMDAwMDM2OTIxMDcyNTpWSzoyNTMxMjcxNDM5ODM3MDY2OA==_0.jpg	1.0	one_text_contains_the_other	氣沖牛斗。今天的練習02	"氣
沖
牛
斗"	/mnt/Suran_database/Users/thanhthanh_workspace/Project/NLP_K35/xlnntn_hp2_friend/data/mrDuc_data/Images/UzpfSTEwMDAwMDM2OTIxMDcyNTpWSzoyNTMxMjcxNDM5ODM3MDY2OA==_0.jpg
/images/UzpfSTEwMDAwMDM2OTIxMDcyNTpWSzoyNTI5ODE2MjE3MzE1OTIyNA==_0.jpg	0.731392	high_directional_coverage	江頭落日照平沙，潮退漁船閣岸斜。 白鳥一雙臨水立，見人驚起入蘆花。今天的練習03	"江頭落日照平沙潮退漁船空
岸斜不多一隻臨水立見人驚
起入蘆花
宋人戴復古詩
乙冬月之吉"	/mnt/Suran_database/Users/thanhthanh_workspace/Project/NLP_K35/xlnntn_hp2_friend/data/mrDuc_data/Images/UzpfSTEwMDAwMDM2OTIxMDcyNTpWSzoyNTI5ODE2MjE3MzE1OTIyNA==_0.jpg
/images/UzpfSTEwMDAwMDM2NjMwMzY2NTpWSzoyNTMxMTY4ODc3MTgwNjU2NA==_0.jpg	0.810644	high_directional_coverage	"2025-12-27週六
題臨安邸
宋 林升
山外青山樓外樓，
西湖歌舞幾時休？
暖風薰得遊人醉，
直把杭州作汴州。"	"山
外
青
山
樓
外
樓
西
湖
歌
舞
幾
時
休
暖
風
薰
得
遊
人
醉
直
把
杭
州
作
汴
州
題臨安邸宋林升
乙巳冬煇書"	/mnt/Suran_database/Users/thanhthanh_workspace/Project/NLP_K35/xlnntn_hp2_friend/data/mrDuc_data/Images/UzpfSTEwMDAwMDM2NjMwMzY2NTpWSzoyNTMxMTY4ODc3MTgwNjU2NA==_0.jpg
/images/UzpfSTEwMDAwMzUzNjA0MTQ0NzpWSzoyNTI4NjA2Mjg1MTAzNTgyMw==_0.jpg	0.849432	high_directional_coverage	"行草 王維 積雨輞川莊作🙏☕😎

積雨空林煙火遲
蒸藜炊黍餉東菑
漠漠水田飛白鷺
陰陰夏木囀黃鸝
山中習靜觀朝槿
松下清齋折露葵
野老與人爭席罷
海鷗何事更相疑"	"積雨空林煙火遲蒸藜炊
黍餉東菑漠漠水田飛白
鷺陰陰夏木囀黃鸝山中
習靜觀朝槿松下清齋折
露葵野老爭席罷海
鷗何事更相疑
王維詩一首
己酉月錄"	/mnt/Suran_database/Users/thanhthanh_workspace/Project/NLP_K35/xlnntn_hp2_friend/data/mrDuc_data/Images/UzpfSTEwMDAwMzUzNjA0MTQ0NzpWSzoyNTI4NjA2Mjg1MTAzNTgyMw==_0.jpg
/images/UzpfSTY3MTc0OTU2NDpWSzoyNTMwMzA4NzY1OTMzMzM0Mg==_0.jpg	0.377744	one_text_contains_the_other	"書因鳥跡方成篆，
文是龍心不待雕。
***************************************
陳應華"	"書因鳥跡方成篆，
文是龍心不待雕。
陳應華
字學道號風雅庵老人，民國十三年生於河南省，幼承庭訓在雙親啟發下，信手塗鴉，繼受在
學期間劉東坡老師嚴格指導，在台後追隨彭公鴻大師教導收獲頗多，八十二年獲台灣區國語
文競賽書法組第一名，個展一次參加國內聯展數十次，入選國父紀念館辦之戊寅年己卯年庚
辰年台灣書法年展，目前仍在努力日以三至四研習書法中。
書
因
鳥
跡
方
成
篆
文
是
龍
心
不
待
雕
辛巳年夏節·風雅庵主人陳應華
147"	/mnt/Suran_database/Users/thanhthanh_workspace/Project/NLP_K35/xlnntn_hp2_friend/data/mrDuc_data/Images/UzpfSTY3MTc0OTU2NDpWSzoyNTMwMzA4NzY1OTMzMzM0Mg==_0.jpg
/images/UzpfSTEwMDAwMDM2OTIxMDcyNTpWSzoyNTMwNjAyMDE0NTcwNjc2MA==_0.jpg	1.0	one_text_contains_the_other	會與江山成故事，只應琴鶴是家傳。今天的練習01	"會
與
江
山
成
故
事
只
應
琴
鶴
是
家
傳"	/mnt/Suran_database/Users/thanhthanh_workspace/Project/NLP_K35/xlnntn_hp2_friend/data/mrDuc_data/Images/UzpfSTEwMDAwMDM2OTIxMDcyNTpWSzoyNTMwNjAyMDE0NTcwNjc2MA==_0.jpg
/images/UzpfSTEwMDAwMDM2OTIxMDcyNTpWSzoyNTI5ODE1NzE2NjQ5MzA1OA==_0.jpg	0.653237	combined_score_above_threshold	(更正…宋，曾覿_春光好)心下事，不思量。自難忘。花底夢回春漠漠，恨偏長。閒日多少韶光。雕闌靜、芳草池塘。風急落紅留不住，又斜陽。今天的練習01	"心下事不思量自難忘花底夢春漠漠恨偏長
閑日少韶光徧闌干芳草池塘風急落紅紛紛下
又斜陽
宋人張觀春光好
乙巳冬月三吉
葉吉姝"	/mnt/Suran_database/Users/thanhthanh_workspace/Project/NLP_K35/xlnntn_hp2_friend/data/mrDuc_data/Images/UzpfSTEwMDAwMDM2OTIxMDcyNTpWSzoyNTI5ODE1NzE2NjQ5MzA1OA==_0.jpg
/images/UzpfSTEwMDAwMDM2NjMwMzY2NTpWSzoyNTMwMzM5MzQ5NTk2OTQyNQ==_0.jpg	0.774053	high_directional_coverage	"2025-12-26
中華字經
040
超逸獨居，恬淡勻寧。
第十三課 果木
桃李杏柿，汁鮮味爽。
椰柚橙桔，渴飲品嚐。"	"超
逸
獨
居
恬
淡
勻
寧
桃
李
杏
柿
汁
鮮
味
爽
椰
柚
橙
桔
渴
飲
品
嚐
中
華
字
經
四
乙
巳
冬"	/mnt/Suran_database/Users/thanhthanh_workspace/Project/NLP_K35/xlnntn_hp2_friend/data/mrDuc_data/Images/UzpfSTEwMDAwMDM2NjMwMzY2NTpWSzoyNTMwMzM5MzQ5NTk2OTQyNQ==_0.jpg
/images/UzpfSTEwMDAwMzI4NDg3MDY0MDpWSzoyNTMwMjE1MzU5OTQyNjc0OA==_4.jpg	0.697701	high_directional_coverage	"不是近黃昏，哪知夕陽無限好…

向晚意不適，驅車登古原。
夕陽無限好，只是近黃昏。
- 李商隱"	"向晚意不適驅車
登古原夕陽無限好
只是近黃昏
己卯冬
霽瑄"	/mnt/Suran_database/Users/thanhthanh_workspace/Project/NLP_K35/xlnntn_hp2_friend/data/mrDuc_data/Images/UzpfSTEwMDAwMzI4NDg3MDY0MDpWSzoyNTMwMjE1MzU5OTQyNjc0OA==_4.jpg
/images/UzpfSTEwMDAwNzI5MzE4NTg0MTpWSzoyNTMwMjA1MzE2Mjc3MDEyNQ==_0.jpg	0.910662	high_directional_coverage	"千山鳥飛絕，萬徑人蹤滅。
孤舟簑笠翁，獨釣寒江雪。柳宗元/江雪"	"千
山
鳥
飛
絕
萬
徑
人
蹤
滅
孤
舟
蓑
笠
翁
獨
釣
寒
江
雪
柳
宗
元
江
雪
傅
坪
書"	/mnt/Suran_database/Users/thanhthanh_workspace/Project/NLP_K35/xlnntn_hp2_friend/data/mrDuc_data/Images/UzpfSTEwMDAwNzI5MzE4NTg0MTpWSzoyNTMwMjA1MzE2Mjc3MDEyNQ==_0.jpg
/images/UzpfSTEwMDAwMzI4NDg3MDY0MDpWSzoyNTMwMjE1MzU5OTQyNjc0OA==_0.jpg	0.681777	high_directional_coverage	"不是近黃昏，哪知夕陽無限好…

向晚意不適，驅車登古原。
夕陽無限好，只是近黃昏。
- 李商隱"	"向晚意不適驅車
登古原夕陽無限好
只是近黃昏
乙未仲冬
震寰"	/mnt/Suran_database/Users/thanhthanh_workspace/Project/NLP_K35/xlnntn_hp2_friend/data/mrDuc_data/Images/UzpfSTEwMDAwMzI4NDg3MDY0MDpWSzoyNTMwMjE1MzU5OTQyNjc0OA==_0.jpg
/images/UzpfSTEwMDAwMzI4NDg3MDY0MDpWSzoyNTMwMjE1MzU5OTQyNjc0OA==_2.jpg	0.697701	high_directional_coverage	"不是近黃昏，哪知夕陽無限好…

向晚意不適，驅車登古原。
夕陽無限好，只是近黃昏。
- 李商隱"	"向晚意不適驅車
登古原夕陽無限好
只是近黃昏
乙卯冬
震澄"	/mnt/Suran_database/Users/thanhthanh_workspace/Project/NLP_K35/xlnntn_hp2_friend/data/mrDuc_data/Images/UzpfSTEwMDAwMzI4NDg3MDY0MDpWSzoyNTMwMjE1MzU5OTQyNjc0OA==_2.jpg
/images/UzpfSTEwMDAwMTMwNjM0MDkxMDpWSzoyNTMwMDcxNTQ2MjkwMzg5NQ==_0.jpg	0.663473	high_directional_coverage	"2025圣诞节诗歌：
夜幕低垂，光星微微亮。

牧人守夜，心中充满盼望。

天使高唱，荣耀降临。

耶稣诞生，带来永恒希望。

平安河流进心房。

黑暗中它是晨光。"	"夜幕低垂光星微微亮
牧人守夜心中充滿盼
望天使高唱榮耀降臨
耶穌誕生帶來永恆希
望平安河流進心房黑
暗中祂是晨光
聖誕節耶穌出生詩歌
乙巳冬石峰書"	/mnt/Suran_database/Users/thanhthanh_workspace/Project/NLP_K35/xlnntn_hp2_friend/data/mrDuc_data/Images/UzpfSTEwMDAwMTMwNjM0MDkxMDpWSzoyNTMwMDcxNTQ2MjkwMzg5NQ==_0.jpg
/images/UzpfSTEwMDAwMzI4NDg3MDY0MDpWSzoyNTMwMjE1MzU5OTQyNjc0OA==_1.jpg	0.681777	high_directional_coverage	"不是近黃昏，哪知夕陽無限好…

向晚意不適，驅車登古原。
夕陽無限好，只是近黃昏。
- 李商隱"	"向晚意不適驅車
登古原夕陽無限好
只是近黃昏
己巳仲冬
雪峰"	/mnt/Suran_database/Users/thanhthanh_workspace/Project/NLP_K35/xlnntn_hp2_friend/data/mrDuc_data/Images/UzpfSTEwMDAwMzI4NDg3MDY0MDpWSzoyNTMwMjE1MzU5OTQyNjc0OA==_1.jpg
/images/UzpfSTY3MTc0OTU2NDpWSzoyNTMwMTk1MzAxMjc4MDE0MA==_6.jpg	0.531653	one_text_contains_the_other	"#金文貝字及部首析形與釋義 –#造 #不僅書法

以「金文」的「貝」字及其部首的析形與釋義，並參照取字的青銅器拓本，佐以釋文，以觀「金文」之趣。
*********************************************************
23【造】（字義：製造）
《宋公䜌戈》（集成11133）
「宋公䜌之」（正面鑄4字）「 (造)戈」（背面鑄2字）
大意：宋公䜌所製造的戈。
**************************************************
*宋公䜌（luán，ㄌㄨㄢˊ）：宋國第27任國君宋景公，名欒，西元前516年-前469年在位。
*銘文位於銅戈的「胡部」兩面，以錯金工藝的鳥篆字體表現，單字高度約1.2公分，筆劃間穿插鳥首、羽翎等裝飾元素，該銘文被認定為中國書法史上最早的鳥篆實物之一，開創了先秦美術字體的先河。
*************************************************************
*《宋氏圖騰》就是以「宋」字鳥篆字型為藍本創作而成，並被稱為「建木晷天」；其上「宀」型寓意「晷天曆度」，其下「木」型即為「建木」，兩旁玄鳥形狀以示「殷商苗裔」。
*宋氏出自子姓，為殷商苗裔，其得姓始祖為微子啓。"	"《宋氏圖騰》就是以「宋」字鳥篆字型
為藍本創作而成，並被稱為「建木晷天」；
其上「宀」型寓意「晷天曆度」，
其下「木」型即為「建木」，
兩旁玄鳥形狀以示「殷商苗裔」。"	/mnt/Suran_database/Users/thanhthanh_workspace/Project/NLP_K35/xlnntn_hp2_friend/data/mrDuc_data/Images/UzpfSTY3MTc0OTU2NDpWSzoyNTMwMTk1MzAxMjc4MDE0MA==_6.jpg
/images/UzpfSTEwMDAwMzUzNjA0MTQ0NzpWSzoyNTI5MzcwNzk4MDI3MTMxMA==_0.jpg	0.72728	combined_score_above_threshold	"行草 李清照 鷓鴣天🙏☕😎

寒日蕭蕭上鎖窗
梧桐應恨夜來霜
酒闌更喜團茶苦
夢斷偏宜瑞腦香
秋已盡 日猶長
仲宣懷遠更淒涼
不如隨分尊前醉
莫負東籬菊蕊黃"	"寒
日
蕭
蕭
上
鎖
窗
梧
桐
應
恨
夜
來
霜
酒
闌
更
喜
團
茶
野
夢
斷
偏
宜
瑞
腦
香
秋
已
紅
稀
香
少
忽
驚
起
長
仲
宣
懷
況
不
如
隨
分
尊
前
醉
問
東
籬
菊
蕊
黃
李清照鷓鴣天詞
己秋
伯欽"	/mnt/Suran_database/Users/thanhthanh_workspace/Project/NLP_K35/xlnntn_hp2_friend/data/mrDuc_data/Images/UzpfSTEwMDAwMzUzNjA0MTQ0NzpWSzoyNTI5MzcwNzk4MDI3MTMxMA==_0.jpg
/images/UzpfSTEwMDAwMDM2OTIxMDcyNTpWSzoyNTI5ODE1OTMzNjQ5Mjg0MQ==_0.jpg	1.0	one_text_contains_the_other	百感交集。今天的練習02	"百
感
交
集"	/mnt/Suran_database/Users/thanhthanh_workspace/Project/NLP_K35/xlnntn_hp2_friend/data/mrDuc_data/Images/UzpfSTEwMDAwMDM2OTIxMDcyNTpWSzoyNTI5ODE1OTMzNjQ5Mjg0MQ==_0.jpg
/images/UzpfSTY3MTc0OTU2NDpWSzoyNTMwMTk1MzAxMjc4MDE0MA==_7.jpg	0.531653	one_text_contains_the_other	"#金文貝字及部首析形與釋義 –#造 #不僅書法

以「金文」的「貝」字及其部首的析形與釋義，並參照取字的青銅器拓本，佐以釋文，以觀「金文」之趣。
*********************************************************
23【造】（字義：製造）
《宋公䜌戈》（集成11133）
「宋公䜌之」（正面鑄4字）「 (造)戈」（背面鑄2字）
大意：宋公䜌所製造的戈。
**************************************************
*宋公䜌（luán，ㄌㄨㄢˊ）：宋國第27任國君宋景公，名欒，西元前516年-前469年在位。
*銘文位於銅戈的「胡部」兩面，以錯金工藝的鳥篆字體表現，單字高度約1.2公分，筆劃間穿插鳥首、羽翎等裝飾元素，該銘文被認定為中國書法史上最早的鳥篆實物之一，開創了先秦美術字體的先河。
*************************************************************
*《宋氏圖騰》就是以「宋」字鳥篆字型為藍本創作而成，並被稱為「建木晷天」；其上「宀」型寓意「晷天曆度」，其下「木」型即為「建木」，兩旁玄鳥形狀以示「殷商苗裔」。
*宋氏出自子姓，為殷商苗裔，其得姓始祖為微子啓。"	"《宋氏圖騰》就是以「宋」字鳥篆字型
為藍本創作而成，並被稱為「建木晷天」；
其上「宀」型寓意「晷天曆度」，
其下「木」型即為「建木」，
兩旁玄鳥形狀以示「殷商苗裔」。"	/mnt/Suran_database/Users/thanhthanh_workspace/Project/NLP_K35/xlnntn_hp2_friend/data/mrDuc_data/Images/UzpfSTY3MTc0OTU2NDpWSzoyNTMwMTk1MzAxMjc4MDE0MA==_7.jpg
/images/UzpfSTEwMDAwMDM2NjMwMzY2NTpWSzoyNTI5NzYwOTU2MzIxNDQ4NQ==_0.jpg	0.741944	combined_score_above_threshold	"2025-12-25
祝大家聖誕節快樂。
中華字經
039
恭畏懼怕，緘默持重。
驕奢傲慢，怯懦惶恐。
猜疑詭秘，威嚴毅勇。"	"恭
畏
懼
怕
緘
默
持
重
驕
奢
傲
慢
怯
懦
惶
恐
猜
疑
詭
秘
威
嚴
毅
勇
中華字經
39.
乙巳聖誕節乃超書"	/mnt/Suran_database/Users/thanhthanh_workspace/Project/NLP_K35/xlnntn_hp2_friend/data/mrDuc_data/Images/UzpfSTEwMDAwMDM2NjMwMzY2NTpWSzoyNTI5NzYwOTU2MzIxNDQ4NQ==_0.jpg
/images/UzpfSTEwMDAwODM2NDIxNzM5NTpWSzoyNTI2MzQwNTkxOTk2ODE4Mw==_0.jpg	0.847471	high_directional_coverage	"宋    蘇軾    江城子   湖上與張先同賦，時聞彈箏
鳳凰山下雨初晴，水風輕，晚霞明。一朵芙蓉，開過尚盈盈。何處飛來雙白鷺，如有意，慕娉婷。忽聞江上弄哀箏，苦念情，遣誰聽！烟斂雲收，依約是湘靈。欲待曲終尋問取，人不見，數峯青。

#欲待曲終尋問取人不見數峯青"	"鳳凰山下雨初晴水風輕晚霞明一朵芙蓉開過尚盈盈
何處飛來雙白鷺如有意慕娉婷忽聞江上弄哀箏苦含
情遣誰聽煙斂雲收依約是湘靈欲待曲終尋問取人不見數峯青
宋蘇軾 江城子 湖上與張先同賦時聞彈箏
己亥冬月"	/mnt/Suran_database/Users/thanhthanh_workspace/Project/NLP_K35/xlnntn_hp2_friend/data/mrDuc_data/Images/UzpfSTEwMDAwODM2NDIxNzM5NTpWSzoyNTI2MzQwNTkxOTk2ODE4Mw==_0.jpg
/images/UzpfSTEwMDAwMDM2NjMwMzY2NTpWSzoyNTI5NDc4MTA0MzQ5NzMzNw==_7.jpg	0.602245	one_text_contains_the_other	"2025-12-25週四
今天週四，祝大家聖誕節愉快。

常用漢字
173
腐赴副覆

玉龍歌 
71
腹中疼痛亦難當，
大陵外關可消詳，

使徒行傳5:22-23.
詩篇85:11-13. 86:1-2."	"腹
中
疼
痛
亦
難
當
大
陵
外
關
可
消
詳"	/mnt/Suran_database/Users/thanhthanh_workspace/Project/NLP_K35/xlnntn_hp2_friend/data/mrDuc_data/Images/UzpfSTEwMDAwMDM2NjMwMzY2NTpWSzoyNTI5NDc4MTA0MzQ5NzMzNw==_7.jpg
/images/UzpfSTEwMDAwMDM2NjMwMzY2NTpWSzoyNTI5NDc4MTA0MzQ5NzMzNw==_4.jpg	0.602245	one_text_contains_the_other	"2025-12-25週四
今天週四，祝大家聖誕節愉快。

常用漢字
173
腐赴副覆

玉龍歌 
71
腹中疼痛亦難當，
大陵外關可消詳，

使徒行傳5:22-23.
詩篇85:11-13. 86:1-2."	"腹
中
疼
痛
亦
難
當
大
陵
外
關
可
消
詳"	/mnt/Suran_database/Users/thanhthanh_workspace/Project/NLP_K35/xlnntn_hp2_friend/data/mrDuc_data/Images/UzpfSTEwMDAwMDM2NjMwMzY2NTpWSzoyNTI5NDc4MTA0MzQ5NzMzNw==_4.jpg
/images/UzpfSTEwNzE5OTI5NzA6Vks6MjUyOTE1NTYwNDcxNTMxNzA=_0.jpg	0.708759	high_directional_coverage	"25/12/2025 雅俗共賞

ㄍ 小至  》

天時人事日相催
冬至阳生春又來
刺绣五行添弱綫
吹葭天管动飛灰
岸容待腊将舒柳
山意冲寒欲放梅
雲物不殊乡国異
教兒且覆掌中杯"	"霜降
天時人事日相催冬至陽生
春又來刺繡五紋添弱線吹
葭六管動飛灰岸容待腊將
舒柳山意冲寒欲放梅雲物
不殊鄉國異教兒且覆掌中杯
小至杜甫诗 己亥年冬至有權"	/mnt/Suran_database/Users/thanhthanh_workspace/Project/NLP_K35/xlnntn_hp2_friend/data/mrDuc_data/Images/UzpfSTEwNzE5OTI5NzA6Vks6MjUyOTE1NTYwNDcxNTMxNzA=_0.jpg
/images/UzpfSTEwMDAwMDM2OTIxMDcyNTpWSzoyNTI5MDc4ODQ2NzIyOTkyOA==_0.jpg	0.912088	high_directional_coverage	百年燕翼惟脩德，萬里鵬程在讀書。今天的練習01	"百年燕翼惟修德
萬里鵬程在讀書"	/mnt/Suran_database/Users/thanhthanh_workspace/Project/NLP_K35/xlnntn_hp2_friend/data/mrDuc_data/Images/UzpfSTEwMDAwMDM2OTIxMDcyNTpWSzoyNTI5MDc4ODQ2NzIyOTkyOA==_0.jpg
/images/UzpfSTEwMDAwMDM2OTIxMDcyNTpWSzoyNTI5MDc5MjQ0MDU2Mjg2NA==_0.jpg	0.818175	high_directional_coverage	古人學問無遺力，. 少壯工夫老始成。 紙上得來終覺淺，. 絕知此事要躬行。今天的練習03	"古
人
學
問
無
力
少
壯
功
夫
老
始
成
紙
上
得
來
終
覺
淺
絕
知
此
事
要
躬
行
宋
陸
游
詩
乙
巳
冬
月
之
吉"	/mnt/Suran_database/Users/thanhthanh_workspace/Project/NLP_K35/xlnntn_hp2_friend/data/mrDuc_data/Images/UzpfSTEwMDAwMDM2OTIxMDcyNTpWSzoyNTI5MDc5MjQ0MDU2Mjg2NA==_0.jpg
/images/UzpfSTEwMDA1MDU5Mjk1MDg2MzpWSzoyNTI5MDM3NTAzMDYwNDYwNQ==_0.jpg	0.728333	high_directional_coverage	"紅梅傲雪待春來
迎春花豹醉意濃"	"红梅傲雪待春来
迎春花豹醉意浓
流洁"	/mnt/Suran_database/Users/thanhthanh_workspace/Project/NLP_K35/xlnntn_hp2_friend/data/mrDuc_data/Images/UzpfSTEwMDA1MDU5Mjk1MDg2MzpWSzoyNTI5MDM3NTAzMDYwNDYwNQ==_0.jpg
/images/UzpfSTEwMDAwMDk0NDAzNTM2OTpWSzoyNTI3Mzc4NDA4MjI2MzcwMA==_0.jpg	0.496153	one_text_contains_the_other	"書法學人只有15%的人可以教化

其中只有5%天賦較高的人能一點就通

多達85%的人不是反應遲鈍就是全無反應

這是引用""思考心態""的科學統計數字

不是無憑瞎說的

____________________

我已經寫過五六篇文章從各種層面指出""蘭亭序""是假

我也曾寫過三四篇文章從各種角度切入述說""自敘帖""是偽

但還是依然有人死抱""蘭亭序""""自敘帖""是真

也說不出個邏輯道理來反駁 只是沒有理由的堅持死守

就是同一句話同一思維自己在原地打轉鬼打牆

遇到這種留言提問通常我就懶得回覆了 

有時發文後連續幾天不看留言

因為不抱希望

__________________

愚蠢的人永遠是無可救藥

就像願意相信詐騙的人誰也阻止不了他(她)被騙

即使警察苦口婆心從中擋下來了 

他(她)還是執意另尋管道匯款出去

說甚麼天賜良機好歹也要賭他一把

願賭卻又不服輸 

等確定被騙了才來哭爹喊娘 請求看能不能幫忙追回

說甚麼如果能幫忙追回就要捐出多少%做公益

唉 !!!"	"書法學人只有15%的人可以教化
其中只有5%天賦較高的人能一點就通
多達85%的人
不是反應遲鈍就是全無反應
這是引用""思考心態""的科學統計數字
不是無憑瞎說的"	/mnt/Suran_database/Users/thanhthanh_workspace/Project/NLP_K35/xlnntn_hp2_friend/data/mrDuc_data/Images/UzpfSTEwMDAwMDk0NDAzNTM2OTpWSzoyNTI3Mzc4NDA4MjI2MzcwMA==_0.jpg
/images/UzpfSTEyMTIyNzU3OTE6Vks6MjUyODY1OTIyOTQzMTYyMTI=_2.jpg	0.536667	one_text_contains_the_other	2026馬年將來臨祝大家馬上有錢、馬上見財	馬上有錢	/mnt/Suran_database/Users/thanhthanh_workspace/Project/NLP_K35/xlnntn_hp2_friend/data/mrDuc_data/Images/UzpfSTEyMTIyNzU3OTE6Vks6MjUyODY1OTIyOTQzMTYyMTI=_2.jpg
/images/UzpfSTEwMDAwMDM2OTIxMDcyNTpWSzoyNTI4MzQ2NzQzNzk2MjAzMQ==_0.jpg	0.927473	high_directional_coverage	噓枯起廢回春手，濟弱扶危保赤心。今天的練習01	"噓枯起廢回春手
濟弱扶危保赤子"	/mnt/Suran_database/Users/thanhthanh_workspace/Project/NLP_K35/xlnntn_hp2_friend/data/mrDuc_data/Images/UzpfSTEwMDAwMDM2OTIxMDcyNTpWSzoyNTI4MzQ2NzQzNzk2MjAzMQ==_0.jpg
/images/UzpfSTEwMDAwMDM2OTIxMDcyNTpWSzoyNTI4MzQ2OTE3MTI5NTE5MQ==_0.jpg	1.0	one_text_contains_the_other	風鵬正舉。今天的練習02	"風
鵬
正
舉"	/mnt/Suran_database/Users/thanhthanh_workspace/Project/NLP_K35/xlnntn_hp2_friend/data/mrDuc_data/Images/UzpfSTEwMDAwMDM2OTIxMDcyNTpWSzoyNTI4MzQ2OTE3MTI5NTE5MQ==_0.jpg
/images/UzpfSTEwMDAwOTU5NjQwODMyMzpWSzoyNTI3MTI0MTA4MjUxODAwMA==_0.jpg	0.816326	high_directional_coverage	菜根譚:處世要方圓自在,待人要寬嚴得宜!謝謝!	"處世要方圓自在
待人要寬嚴得宜
容書"	/mnt/Suran_database/Users/thanhthanh_workspace/Project/NLP_K35/xlnntn_hp2_friend/data/mrDuc_data/Images/UzpfSTEwMDAwOTU5NjQwODMyMzpWSzoyNTI3MTI0MTA4MjUxODAwMA==_0.jpg
/images/UzpfSTEwMDAwMDM2OTIxMDcyNTpWSzoyNTI3NTQ5MzY4ODc1OTQwNg==_0.jpg	0.607304	high_directional_coverage	六十年來狼籍，東壁打到西壁；如今收拾歸去，依然水連天碧。今天的練習03	"六十年来狼籍东壁打到
西壁如今收拾归来依旧
水连天碧
宋释道济临终佛偈
乙巳冬"	/mnt/Suran_database/Users/thanhthanh_workspace/Project/NLP_K35/xlnntn_hp2_friend/data/mrDuc_data/Images/UzpfSTEwMDAwMDM2OTIxMDcyNTpWSzoyNTI3NTQ5MzY4ODc1OTQwNg==_0.jpg
/images/UzpfSTEyMTIyNzU3OTE6Vks6MjUyODY1OTIyOTQzMTYyMTI=_1.jpg	0.536667	one_text_contains_the_other	2026馬年將來臨祝大家馬上有錢、馬上見財	馬上有錢	/mnt/Suran_database/Users/thanhthanh_workspace/Project/NLP_K35/xlnntn_hp2_friend/data/mrDuc_data/Images/UzpfSTEyMTIyNzU3OTE6Vks6MjUyODY1OTIyOTQzMTYyMTI=_1.jpg
/images/UzpfSTEwMDAwMDM2NjMwMzY2NTpWSzoyNTI4MTA3NTYxNDg2Nzg4MA==_0.jpg	0.825874	high_directional_coverage	"2025-12-23
中華字經
038
懈怠懶惰，拙笨碌庸。
愚昧糊塗，罕才至聰。
羞澀拘束，傑健悍雄。"	"懈
怠
懶
惰
拙
笨
碌
庸
愚
昧
糊
塗
罕
才
圣
聰
羞
澀
拘
束
傑
健
悍
雄
中華字經選
乙巳冬"	/mnt/Suran_database/Users/thanhthanh_workspace/Project/NLP_K35/xlnntn_hp2_friend/data/mrDuc_data/Images/UzpfSTEwMDAwMDM2NjMwMzY2NTpWSzoyNTI4MTA3NTYxNDg2Nzg4MA==_0.jpg
/images/UzpfSTEwMDAwMDM2OTIxMDcyNTpWSzoyNTI3NTQ4ODE1NTQyNjYyNg==_0.jpg	0.758943	one_text_contains_the_other	珠簾月上玲瓏影，紅樹花迎曉露開。今天的練習01	"珠簾月上玲瓏影
紅樹花迎曉露開
乙巳冬月之吉
葉吉姝時年十五"	/mnt/Suran_database/Users/thanhthanh_workspace/Project/NLP_K35/xlnntn_hp2_friend/data/mrDuc_data/Images/UzpfSTEwMDAwMDM2OTIxMDcyNTpWSzoyNTI3NTQ4ODE1NTQyNjYyNg==_0.jpg
/images/UzpfSTEwMDAwMzI4NDg3MDY0MDpWSzoyNTI4MDQyMTMwODI2NjY0NA==_0.jpg	0.686825	high_directional_coverage	"移居到台中，冬天不比台北，少雨不冷…
荆溪白石出

天寒红叶稀

山路元无雨

空翠湿人衣

- 唐 王维 山中"	"荆
溪
白
石
出
天
寒
红
叶
稀
山
路
元
无
雨
空
翠
湿
人
衣
王
维山中诗句
岁次甲申冬日"	/mnt/Suran_database/Users/thanhthanh_workspace/Project/NLP_K35/xlnntn_hp2_friend/data/mrDuc_data/Images/UzpfSTEwMDAwMzI4NDg3MDY0MDpWSzoyNTI4MDQyMTMwODI2NjY0NA==_0.jpg
/images/UzpfSTEwMDAwMDM2NjMwMzY2NTpWSzoyNTI3NDY0NDgyODg0NDI5Mg==_0.jpg	0.786758	high_directional_coverage	"2025-12-22
中華字經
037
純樸寬厚，俠烈盡忠。
耿直肅儀，襟懷袒誠。
諂媚狡猾，機敏慧穎。"	"純
樸
寬
厚
俠
烈
盡
忠
耿
直
肅
儀
襟
懷
坦
誠
諂
媚
狡
猾
機
敏
慧
穎
中華字經
弥乙巳冬
炟兰雅书"	/mnt/Suran_database/Users/thanhthanh_workspace/Project/NLP_K35/xlnntn_hp2_friend/data/mrDuc_data/Images/UzpfSTEwMDAwMDM2NjMwMzY2NTpWSzoyNTI3NDY0NDgyODg0NDI5Mg==_0.jpg
/images/UzpfSTEwMDAwMDY0NDU0MTUxOTpWSzoyNTI3Mzk0NzEwMjI0NzM5OA==_0.jpg	0.840455	high_directional_coverage	長恨歌句：驪宮高處入青雲，仙樂風飄處處聞。緩歌慢舞凝絲竹，盡日君王看不足。漁陽鼙鼓動地來，驚破霓裳羽衣曲。	"驪
宮
高
處
入
青
仙
樂
風
飄
雲
處
處
聞
緩
歌
慢
舞
凝
日
君
王
看
不
足
漁
陽
鼙
鼓
動
地
來
驚
破
霓
裳
羽
衣
曲
己
亥
冬
至
書"	/mnt/Suran_database/Users/thanhthanh_workspace/Project/NLP_K35/xlnntn_hp2_friend/data/mrDuc_data/Images/UzpfSTEwMDAwMDY0NDU0MTUxOTpWSzoyNTI3Mzk0NzEwMjI0NzM5OA==_0.jpg
/images/UzpfSTEwMDAwMDM2OTIxMDcyNTpWSzoyNTI2NzIwMjI2MjkyMTg4Mg==_0.jpg	1.0	one_text_contains_the_other	文行忠信。今天的練習02	"文
行
忠
信"	/mnt/Suran_database/Users/thanhthanh_workspace/Project/NLP_K35/xlnntn_hp2_friend/data/mrDuc_data/Images/UzpfSTEwMDAwMDM2OTIxMDcyNTpWSzoyNTI2NzIwMjI2MjkyMTg4Mg==_0.jpg
/images/UzpfSTEwMDAwNjk5OTg0Mzk5MjpWSzoyNTI3MDk2Nzk3MjU0NTMxMQ==_0.jpg	0.699799	high_directional_coverage	"書友早安舒心😃
習字塗鴉分享🙏
去年今日此門中，人面桃花相映紅。人面不知何處去，桃花依舊笑春風
✍️於:烘爐茶壺"	"去年今日此門中人
面桃花相映紅人面不
知何處去桃花依舊
笑春風
崔護題都城南莊乙巳"	/mnt/Suran_database/Users/thanhthanh_workspace/Project/NLP_K35/xlnntn_hp2_friend/data/mrDuc_data/Images/UzpfSTEwMDAwNjk5OTg0Mzk5MjpWSzoyNTI3MDk2Nzk3MjU0NTMxMQ==_0.jpg
/images/UzpfSTEwMDAwMDM2NjMwMzY2NTpWSzoyNTI2NTk2Nzc5NjM3ODY2Mg==_0.jpg	0.689339	combined_score_above_threshold	"2025-12-21週日冬至
中華字經
036
最後晚餐，創造亞當。
第十二課 人物
推賢薦材，睹貌辨行。
覺悟先知，聖色從容。"	"最
後
晚
餐
創
造
亞
當
推
賢
薦
材
睹
貌
辨
行
覺
悟
先
知
聖
色
從
容
中
華
字
經
36
乙
巳
秦
皇
島
張
敬
書"	/mnt/Suran_database/Users/thanhthanh_workspace/Project/NLP_K35/xlnntn_hp2_friend/data/mrDuc_data/Images/UzpfSTEwMDAwMDM2NjMwMzY2NTpWSzoyNTI2NTk2Nzc5NjM3ODY2Mg==_0.jpg
/images/UzpfSTEwMDAwMDM2OTIxMDcyNTpWSzoyNTI1OTQ2NzQzMDM2MjAzMg==_0.jpg	0.866424	high_directional_coverage	醉別江樓橘柚香，江風引雨入舟涼。 憶君遙在瀟湘月，愁聽清猿夢裏長。今天的練習03	"醉別江樓橘柚香
江風引雨
入舟涼憶君遙在
瀟湘月愁聽
清夢裏長
唐王昌齡詩
乙巳之冬"	/mnt/Suran_database/Users/thanhthanh_workspace/Project/NLP_K35/xlnntn_hp2_friend/data/mrDuc_data/Images/UzpfSTEwMDAwMDM2OTIxMDcyNTpWSzoyNTI1OTQ2NzQzMDM2MjAzMg==_0.jpg
/images/UzpfSTEwMDAwMDM2OTIxMDcyNTpWSzoyNTI2NzIwMDIzOTU4ODc1MQ==_0.jpg	0.791303	high_directional_coverage	人間風日不到處，天上玉堂森寶書。想見東坡舊居士，揮毫百斛瀉明珠。我家江南摘雲腴，落磑霏霏雪不如。為公喚起黃州夢，獨載扁舟向五湖。今天的練習01	"人閒風日不到處天上玉堂森寶書想見東坡舊居士揮
毫百斛瀉明珠香在江南摘雪腴落磑硙硙雪不如為公喚起
黃州夢獨載扁舟向五湖
宋黃山谷詩雙井茶送子瞻
乙巳冬月王吉"	/mnt/Suran_database/Users/thanhthanh_workspace/Project/NLP_K35/xlnntn_hp2_friend/data/mrDuc_data/Images/UzpfSTEwMDAwMDM2OTIxMDcyNTpWSzoyNTI2NzIwMDIzOTU4ODc1MQ==_0.jpg
/images/UzpfSTEwMDA1NzYxNjk4NjQyNjpWSzoyNTI2NTI5NDk1OTc3OTI3OQ==_1.jpg	0.958852	high_directional_coverage	"冬至
[宋] 張煒
冷笑書雲上魯臺，乖祥俱向眼中猜。
陰逢剥處自陽復，否到極時須泰來。
霜剪草茸寒欲斷，日烘梅粉暖全開。
吾儂喚作尋常事，坐看兒童拜節回。"	"[宋] 張煒
冷笑書雲上魯臺
乖祥俱向眼中猜
陰逢剝處自陽復
否到極時須泰來
霜剪草茸寒欲斷
日烘梅粉暖全開
吾儂喚作尋常事
坐看兒童拜節回
冬
至"	/mnt/Suran_database/Users/thanhthanh_workspace/Project/NLP_K35/xlnntn_hp2_friend/data/mrDuc_data/Images/UzpfSTEwMDA1NzYxNjk4NjQyNjpWSzoyNTI2NTI5NDk1OTc3OTI3OQ==_1.jpg
/images/UzpfSTEwMDA1NzYxNjk4NjQyNjpWSzoyNTI2NTI5NDk1OTc3OTI3OQ==_4.jpg	0.939071	high_directional_coverage	"冬至
[宋] 張煒
冷笑書雲上魯臺，乖祥俱向眼中猜。
陰逢剥處自陽復，否到極時須泰來。
霜剪草茸寒欲斷，日烘梅粉暖全開。
吾儂喚作尋常事，坐看兒童拜節回。"	"[宋] 張煒
冷笑書雲上鼻臺
乖祥俱向眼中猜
陰逢剝處自陽復
否到極時須泰來
霜剪草茸寒欲斷
日烘梅粉暖全開
吾儂喚作尋常事
坐看兒童拜節回
冬
至"	/mnt/Suran_database/Users/thanhthanh_workspace/Project/NLP_K35/xlnntn_hp2_friend/data/mrDuc_data/Images/UzpfSTEwMDA1NzYxNjk4NjQyNjpWSzoyNTI2NTI5NDk1OTc3OTI3OQ==_4.jpg
/images/UzpfSTEwMDAwMDM2OTIxMDcyNTpWSzoyNTI1OTQ2MjgwMzY5NTgyOA==_0.jpg	1.0	one_text_contains_the_other	言必典彝行脩壇宇，門無塵雜家有賜書。今天的練習01	"言
必
典
彝
行
脩
壇
宇
門
無
塵
雜
家
有
賜
書"	/mnt/Suran_database/Users/thanhthanh_workspace/Project/NLP_K35/xlnntn_hp2_friend/data/mrDuc_data/Images/UzpfSTEwMDAwMDM2OTIxMDcyNTpWSzoyNTI1OTQ2MjgwMzY5NTgyOA==_0.jpg
/images/UzpfSTEwMDAwNjk5OTg0Mzk5MjpWSzoyNTI1NDUyNTk0NzUyMjg0Nw==_0.jpg	0.703701	high_directional_coverage	"書友早安舒心😃
習字塗鴉分享🙏
李商隱
曉鏡但愁雲鬢改，夜吟應覺月光寒。
蓬山此去無多路，青鳥殷勤為探看。
✍️於:烘爐茶壺"	"曉鏡但愁雲鬢改夜吟
應覺月光寒蓬山此
去無多路青鳥殷勤
為探看
李商隱詩乙巳冬楊淅書"	/mnt/Suran_database/Users/thanhthanh_workspace/Project/NLP_K35/xlnntn_hp2_friend/data/mrDuc_data/Images/UzpfSTEwMDAwNjk5OTg0Mzk5MjpWSzoyNTI1NDUyNTk0NzUyMjg0Nw==_0.jpg
/images/UzpfSTEwMDAwMzI4NDg3MDY0MDpWSzoyNTI1NjI4OTY5MDY3OTgwNg==_0.jpg	0.694854	combined_score_above_threshold	"何以解憂，唯有杜康…

荒戍落黃葉，浩然離故關。
高風漢陽渡，初日郢門山。
江上幾人在，天涯孤棹還。
何當重相見，尊酒慰離顏。
- 溫庭筠 送人東遊"	"荒戍落黃葉浩然離故關高風漢陽
渡初日郢門山江上幾人在天涯孤棹還
何當重相見樽酒慰離顏
綦毋潛詩一首歲在己亥秋月
己亥年蕭寬"	/mnt/Suran_database/Users/thanhthanh_workspace/Project/NLP_K35/xlnntn_hp2_friend/data/mrDuc_data/Images/UzpfSTEwMDAwMzI4NDg3MDY0MDpWSzoyNTI1NjI4OTY5MDY3OTgwNg==_0.jpg
/images/UzpfSTEwMDAwMDM2OTIxMDcyNTpWSzoyNTI1MTQzMzM3NzgzMjEwNA==_0.jpg	0.591209	combined_score_above_threshold	羨君精采如秋鶚，忽驚雲海戲群鴻。今天的練習01	"蕭
君
精
采
如
縈
翯
忽
驚
雲
渫
戲
羣
鴻"	/mnt/Suran_database/Users/thanhthanh_workspace/Project/NLP_K35/xlnntn_hp2_friend/data/mrDuc_data/Images/UzpfSTEwMDAwMDM2OTIxMDcyNTpWSzoyNTI1MTQzMzM3NzgzMjEwNA==_0.jpg
/images/UzpfSTEwNzE5OTI5NzA6Vks6MjUyNTEzNTY3MzExNzMxMDI=_0.jpg	0.682163	combined_score_above_threshold	"20/12/2025 雅俗共賞

《 夜上受降城聞笛  》李益诗
  
   回乐峰前沙似雪
   受降城外月如霜
   不知何處吹芦管
   一夜征人盡望郷"	"回樂峯前沙似雪
受降城外月如霜
不知何處吹蘆管
一夜征人盡望鄉
夜上受降城聞笛李益 存雄"	/mnt/Suran_database/Users/thanhthanh_workspace/Project/NLP_K35/xlnntn_hp2_friend/data/mrDuc_data/Images/UzpfSTEwNzE5OTI5NzA6Vks6MjUyNTEzNTY3MzExNzMxMDI=_0.jpg
/images/UzpfSTEwMDAwMzI4NDg3MDY0MDpWSzoyNTIzODgzNzc4NTc1ODMzMA==_2.jpg	0.72381	one_text_contains_the_other	"今年寫個不一樣的春聯給自己貼書房。

筆走飛龍書雅韻
詩題駿馬誦春光"	"筆走飛龍書雅韻
詩題駿馬誦春光"	/mnt/Suran_database/Users/thanhthanh_workspace/Project/NLP_K35/xlnntn_hp2_friend/data/mrDuc_data/Images/UzpfSTEwMDAwMzI4NDg3MDY0MDpWSzoyNTIzODgzNzc4NTc1ODMzMA==_2.jpg
/images/UzpfSTEwMDAwMzI4NDg3MDY0MDpWSzoyNTIzODgzNzc4NTc1ODMzMA==_0.jpg	0.661905	high_directional_coverage	"今年寫個不一樣的春聯給自己貼書房。

筆走飛龍書雅韻
詩題駿馬誦春光"	"筆
走
飛
龍
書
雅
韻
詩
題
駿
馬
迎
春
光"	/mnt/Suran_database/Users/thanhthanh_workspace/Project/NLP_K35/xlnntn_hp2_friend/data/mrDuc_data/Images/UzpfSTEwMDAwMzI4NDg3MDY0MDpWSzoyNTIzODgzNzc4NTc1ODMzMA==_0.jpg
/images/UzpfSTEwMDAwMDM2OTIxMDcyNTpWSzoyNTI1MTQzNzg5MTE2NDk4Ng==_0.jpg	0.611835	high_directional_coverage	星光如月映長空，驚起愁眠夜向中。 殘暑不妨欺枕簟，隔窗鳴葉是西風。今天的練習03	"星光如月映清寒驚起愁眠聽
自中殘暑不妨欺枕簟隅窗
吟葉送西風
宋人方翥詩立秋
乙巳冬月之吉"	/mnt/Suran_database/Users/thanhthanh_workspace/Project/NLP_K35/xlnntn_hp2_friend/data/mrDuc_data/Images/UzpfSTEwMDAwMDM2OTIxMDcyNTpWSzoyNTI1MTQzNzg5MTE2NDk4Ng==_0.jpg
/images/UzpfSTEwMDAwMDM2OTIxMDcyNTpWSzoyNTI0MjM5MTcxODczNjI3MA==_0.jpg	0.721972	high_directional_coverage	邃若凝雲潔如止水，潤作時雨和為春風。今天的練習01	"邃
暑
凝
雲
潔
如
止
水
潤
作
時
雨
和
為
春
風
乙巳冬月之吉
翯吉棣時于京程"	/mnt/Suran_database/Users/thanhthanh_workspace/Project/NLP_K35/xlnntn_hp2_friend/data/mrDuc_data/Images/UzpfSTEwMDAwMDM2OTIxMDcyNTpWSzoyNTI0MjM5MTcxODczNjI3MA==_0.jpg
/images/UzpfSTEwMDAwMzI4NDg3MDY0MDpWSzoyNTI0ODQwNjQ5ODEzNDc5Mg==_0.jpg	0.884409	one_text_contains_the_other	"馬年春聯（二）…

碧野晴空千里秀
紅樓綠樹萬家春"	"碧
野
晴
空
千
里
秀
紅
樓
綠
樹
萬
家
春"	/mnt/Suran_database/Users/thanhthanh_workspace/Project/NLP_K35/xlnntn_hp2_friend/data/mrDuc_data/Images/UzpfSTEwMDAwMzI4NDg3MDY0MDpWSzoyNTI0ODQwNjQ5ODEzNDc5Mg==_0.jpg
/images/UzpfSTEwMDAwMzI4NDg3MDY0MDpWSzoyNTIzODgzNzc4NTc1ODMzMA==_1.jpg	0.72381	one_text_contains_the_other	"今年寫個不一樣的春聯給自己貼書房。

筆走飛龍書雅韻
詩題駿馬誦春光"	"筆
走
飛
龍
書
雅
韻
詩
題
駿
馬
誦
春
光"	/mnt/Suran_database/Users/thanhthanh_workspace/Project/NLP_K35/xlnntn_hp2_friend/data/mrDuc_data/Images/UzpfSTEwMDAwMzI4NDg3MDY0MDpWSzoyNTIzODgzNzc4NTc1ODMzMA==_1.jpg
/images/UzpfSTEwMDAwMDM2OTIxMDcyNTpWSzoyNTI0MjM5NjMyMjA2OTE0Mw==_0.jpg	0.885417	one_text_contains_the_other	千古風流八詠樓，江山留與後人愁。 水通南國三千里，氣壓江城十四州。今天的練習03	"千
古
風
流
八
詠
樓
江
山
留
與
後
人
愁
水
通
南
國
三
千
里
氣
壓
江
城
十
四
州
宋
乃
安
居
士
書
乙
巳
冬
月"	/mnt/Suran_database/Users/thanhthanh_workspace/Project/NLP_K35/xlnntn_hp2_friend/data/mrDuc_data/Images/UzpfSTEwMDAwMDM2OTIxMDcyNTpWSzoyNTI0MjM5NjMyMjA2OTE0Mw==_0.jpg
/images/UzpfSTEwMDAwMDM2NjMwMzY2NTpWSzoyNTI0NzkwMTYwODE4NTI4MQ==_0.jpg	0.762879	high_directional_coverage	"2025-12-19週五
中華字經
035
凡爾賽宮，金字塔狀。
泰姬陵墓，彼得教堂。
自由女神，希臘塑像。"	"凡爾賽宮金字
塔狀泰姬陵墓
彼得教堂自由
女神西臘塑像
中華字經〇三五乙巳冬妙生書"	/mnt/Suran_database/Users/thanhthanh_workspace/Project/NLP_K35/xlnntn_hp2_friend/data/mrDuc_data/Images/UzpfSTEwMDAwMDM2NjMwMzY2NTpWSzoyNTI0NzkwMTYwODE4NTI4MQ==_0.jpg
/images/UzpfSTEwMDAwMzI4NDg3MDY0MDpWSzoyNTI0ODQwNjQ5ODEzNDc5Mg==_1.jpg	0.602227	combined_score_above_threshold	"馬年春聯（二）…

碧野晴空千里秀
紅樓綠樹萬家春"	"碧
野
晴
宜
千
里
秀
红
楼
绿
樹
萬
家
春"	/mnt/Suran_database/Users/thanhthanh_workspace/Project/NLP_K35/xlnntn_hp2_friend/data/mrDuc_data/Images/UzpfSTEwMDAwMzI4NDg3MDY0MDpWSzoyNTI0ODQwNjQ5ODEzNDc5Mg==_1.jpg
/images/UzpfSTEwMDA4MTQ5Nzk3NTM4MTpWSzoyNTI0NjQ2MTA5ODMyOTMzMg==_0.jpg	1.0	one_text_contains_the_other	吉祥如意。	"吉
祥
如
意"	/mnt/Suran_database/Users/thanhthanh_workspace/Project/NLP_K35/xlnntn_hp2_friend/data/mrDuc_data/Images/UzpfSTEwMDA4MTQ5Nzk3NTM4MTpWSzoyNTI0NjQ2MTA5ODMyOTMzMg==_0.jpg
/images/UzpfSTEwMDAwMDM2OTIxMDcyNTpWSzoyNTIzMzQ1NDY1OTYyOTk3Ng==_0.jpg	1.0	one_text_contains_the_other	萬事如意。今天的練習02	"萬
事
如
意"	/mnt/Suran_database/Users/thanhthanh_workspace/Project/NLP_K35/xlnntn_hp2_friend/data/mrDuc_data/Images/UzpfSTEwMDAwMDM2OTIxMDcyNTpWSzoyNTIzMzQ1NDY1OTYyOTk3Ng==_0.jpg
/images/UzpfSTEwMDAwMzUzNjA0MTQ0NzpWSzoyNTIzNjgyMjQ1NTk1OTg2Mw==_0.jpg	0.789103	high_directional_coverage	"行草 李白 贈汪倫🙏☕😎

李白乘舟將欲行
忽聞岸上踏歌聲
桃花潭水深千尺
不及汪倫送我情"	"李
白
乘
舟
將
欲
行
忽
聞
岸
上
踏
歌
聲
桃
花
潭
深
千
尺
不
及
汪
倫
送
我
情
唐
李
白
贈
汪
倫
己
巳
菊
月
何
紹"	/mnt/Suran_database/Users/thanhthanh_workspace/Project/NLP_K35/xlnntn_hp2_friend/data/mrDuc_data/Images/UzpfSTEwMDAwMzUzNjA0MTQ0NzpWSzoyNTIzNjgyMjQ1NTk1OTg2Mw==_0.jpg
/images/UzpfSTEwMDAwMDM2OTIxMDcyNTpWSzoyNTIzMzQ1MTkzNjI5NjkxNQ==_0.jpg	0.736607	high_directional_coverage	八月洞庭秋，瀟湘水北流。 還家萬里夢，爲客五更愁。 不用開書帙，偏宜上酒樓。 故人京洛滿，何日復同遊。今天的練習01	"八月洞庭秋瀟湘水北流還家萬里夢為客五更
愁不用開雙翅偏宜立上頭故人京洛滿何日
復同遊
唐人張謂詩
己巳冬月之吉
葉吉姝時年方童"	/mnt/Suran_database/Users/thanhthanh_workspace/Project/NLP_K35/xlnntn_hp2_friend/data/mrDuc_data/Images/UzpfSTEwMDAwMDM2OTIxMDcyNTpWSzoyNTIzMzQ1MTkzNjI5NjkxNQ==_0.jpg
/images/UzpfSTEwMDAwMDM2OTIxMDcyNTpWSzoyNTIyNTEwNjQ1MDQ2NDc5Nw==_0.jpg	1.0	one_text_contains_the_other	德惠潛流鬯芳旁布，雅度宏綽廣學甄微。今天的練習01	"德
惠
潛
流
鬯
芳
旁
布
雅
度
宏
綽
廣
學
甄
微"	/mnt/Suran_database/Users/thanhthanh_workspace/Project/NLP_K35/xlnntn_hp2_friend/data/mrDuc_data/Images/UzpfSTEwMDAwMDM2OTIxMDcyNTpWSzoyNTIyNTEwNjQ1MDQ2NDc5Nw==_0.jpg
/images/UzpfSTEwNzE5OTI5NzA6Vks6MjUyMzM4MzU3NDI5MjUyMDE=_0.jpg	0.62625	combined_score_above_threshold	"18/12/2025  雅俗共賞

 《  登高  》杜甫诗

风急天高猿啸哀
渚清沙白鸟飞回
無边落木蕭萧下
不盡長江滚滚来
万里悲秋常作客
百年多病獨登台
艰难苦恨繁霜鬓
潦倒新停浊酒杯"	"風急天高猿嘯哀 渚清沙白鳥
飛回 無邊落木蕭蕭下 不盡長江
滾滾來 萬里悲秋常作客 百年多
病獨登臺 艱難苦恨繁霜鬢 潦
倒新停濁酒杯 杜甫詩一首登高 有權"	/mnt/Suran_database/Users/thanhthanh_workspace/Project/NLP_K35/xlnntn_hp2_friend/data/mrDuc_data/Images/UzpfSTEwNzE5OTI5NzA6Vks6MjUyMzM4MzU3NDI5MjUyMDE=_0.jpg
/images/UzpfSTEwMDAxMTUxMjYwMTYzMTpWSzoyNTIzMDg1MzUyOTg5MDA4OQ==_0.jpg	0.446992	one_text_contains_the_other	唐代王灣「次北固山下」	"客路青山外行舟綠水前潮平兩岸闊風正一帆懸海日生殘夜
江春入舊年鄉書何處達歸雁洛陽邊
唐代王灣次北固山下
己亥冬月慧如書於京"	/mnt/Suran_database/Users/thanhthanh_workspace/Project/NLP_K35/xlnntn_hp2_friend/data/mrDuc_data/Images/UzpfSTEwMDAxMTUxMjYwMTYzMTpWSzoyNTIzMDg1MzUyOTg5MDA4OQ==_0.jpg
/images/UzpfSTEwMDAwMDM2NjMwMzY2NTpWSzoyNTIzMDM1OTc5NjYwNjEyOQ==_0.jpg	0.800379	high_directional_coverage	"2025-12-17週三
中華字經
034
青銅甲骨，縷衣紗裳。
虎符越劍，陶馬俑葬。
彩瓷寶甕，絲綢他鄉。"	"青銅甲骨縷衣
紗裳虎符越劍
陶馬俑葬彩瓷
寶甕絲綢他鄉
中華字經〇三四乙巳冬馮杰書"	/mnt/Suran_database/Users/thanhthanh_workspace/Project/NLP_K35/xlnntn_hp2_friend/data/mrDuc_data/Images/UzpfSTEwMDAwMDM2NjMwMzY2NTpWSzoyNTIzMDM1OTc5NjYwNjEyOQ==_0.jpg
/images/UzpfSTEwMDAwMDM2OTIxMDcyNTpWSzoyNTIyNTExMzI4NzEzMDc4MA==_0.jpg	0.816728	high_directional_coverage	樓倚春江百尺高。煙中還未見歸橈。幾時期信似江潮。花片片飛風弄蝶，柳陰陰下水平橋。日長才過又今宵。今天的練習03	"樓倚春江百尺高煙中遙未見歸橈
幾時期信似江潮花片々飛風弄蝶柳
陰々下水淮橋日長才過又今宵
宋人張先浣溪沙乙巳冬月之吉"	/mnt/Suran_database/Users/thanhthanh_workspace/Project/NLP_K35/xlnntn_hp2_friend/data/mrDuc_data/Images/UzpfSTEwMDAwMDM2OTIxMDcyNTpWSzoyNTIyNTExMzI4NzEzMDc4MA==_0.jpg
/images/UzpfSTYxNTUxMDc1MDAwMTA3OlZLOjI1MjE0Mjc0MTgxNTQ4MDI0_0.jpg	0.745869	high_directional_coverage	"李白《夜宿山寺》
危樓高百尺，手可摘星辰。
不敢高聲語，恐驚天上人。"	"危樓高百尺手
可摘星辰不敢
高聲語恐驚
天上人
綠意詩草
庚子夏杰"	/mnt/Suran_database/Users/thanhthanh_workspace/Project/NLP_K35/xlnntn_hp2_friend/data/mrDuc_data/Images/UzpfSTYxNTUxMDc1MDAwMTA3OlZLOjI1MjE0Mjc0MTgxNTQ4MDI0_0.jpg
/images/UzpfSTEwMDAwMDM2NjMwMzY2NTpWSzoyNTIyMjA3NzQxNDEwMTAzNA==_0.jpg	0.643611	combined_score_above_threshold	"2025-12-16週二
中華字經
033
刀錘棍棒，鈎爪杖鞭。
動靜迂迴，摔跤擊拳。
第十一課 文物16
敦煌石窟，長城偉牆。"	"刀
錘
棍
棒
鉤
爪
杖
鞭
動
靜
迂
迴
摔
跤
拳
擊
敦
煌
石
窟
長
城
偉
牆
中
華
字
經
〇
三
三
乙
巳
怡
然
特
書"	/mnt/Suran_database/Users/thanhthanh_workspace/Project/NLP_K35/xlnntn_hp2_friend/data/mrDuc_data/Images/UzpfSTEwMDAwMDM2NjMwMzY2NTpWSzoyNTIyMjA3NzQxNDEwMTAzNA==_0.jpg
/images/UzpfSTEwMDAwMzUzNjA0MTQ0NzpWSzoyNTIxMTUwODc3ODQ5MTIzMQ==_0.jpg	0.80134	high_directional_coverage	"行草 唐 崔護 題都城南莊🙏☕😎

去年今日此門中
人面桃花相映紅
人面不知何處去
桃花依舊笑春風"	"去年今日此門中
人面桃花相映紅
人面不知何處去
桃花依舊笑春風
唐崔護題都城南莊己未秋伯欽"	/mnt/Suran_database/Users/thanhthanh_workspace/Project/NLP_K35/xlnntn_hp2_friend/data/mrDuc_data/Images/UzpfSTEwMDAwMzUzNjA0MTQ0NzpWSzoyNTIxMTUwODc3ODQ5MTIzMQ==_0.jpg
/images/UzpfSTEwMDAxNjg4Mjk5NjczMzpWSzoyNTIwODczNzQ2ODc2ODM2Mg==_0.jpg	0.602758	combined_score_above_threshold	"書法的進步，「眼高手低」遠勝「眼低手高」！所謂眼高就是「高的審美標準」，雖然今天手低，技術仍然未達，但起碼還意識到不足之處，努力追求高的審美標準！相反眼低手高，雖然技法高超，但審美眼光仍停於「自High」的話，進步已是句號！很慶幸，自己還是屬於前者！共勉之！

釋文：4尺直幅草書！見笑！
明月出天山，蒼茫雲海間。
長風幾萬里，吹度玉門關。
漢下白登道，胡窺青海灣。
由來征戰地，不見有人還。
戍客望邊邑，思歸多苦顏。
高樓當此夜，嘆息未應閒。"	"明月出天山蒼茫雲海間長風幾萬里吹
度玉門關漢下白登道胡窺青海灣
由來征戰地不見有人還戍客望
邊邑思歸多苦顏高樓當此夜
寅書"	/mnt/Suran_database/Users/thanhthanh_workspace/Project/NLP_K35/xlnntn_hp2_friend/data/mrDuc_data/Images/UzpfSTEwMDAxNjg4Mjk5NjczMzpWSzoyNTIwODczNzQ2ODc2ODM2Mg==_0.jpg
/images/UzpfSTEwMDAwMDM2OTIxMDcyNTpWSzoyNTIxNjU0NzI0MTMyMDcxOA==_0.jpg	0.790221	high_directional_coverage	星斗昭回自一天。疏梅池畔鬥清妍。蟠桃正熟藕如船。 葉上靈龜來瑞世，林間白鶴舞胎仙。春秋不記幾千年。今天的練習03	"星斗昭回自一天疏梅池畔閉清妍
蟠桃已熟大如船葉上靈龜來瑞世
林間白鶴伴胎仙春秋不記幾千年
宋人向子諲浣溪沙
己巳冬月之吉"	/mnt/Suran_database/Users/thanhthanh_workspace/Project/NLP_K35/xlnntn_hp2_friend/data/mrDuc_data/Images/UzpfSTEwMDAwMDM2OTIxMDcyNTpWSzoyNTIxNjU0NzI0MTMyMDcxOA==_0.jpg
/images/UzpfSTEwMDAwMDM2OTIxMDcyNTpWSzoyNTIxNjU0NTQ0Nzk4NzU2NA==_0.jpg	1.0	one_text_contains_the_other	跬步不休。今天的練習02	"跬
步
不
休"	/mnt/Suran_database/Users/thanhthanh_workspace/Project/NLP_K35/xlnntn_hp2_friend/data/mrDuc_data/Images/UzpfSTEwMDAwMDM2OTIxMDcyNTpWSzoyNTIxNjU0NTQ0Nzk4NzU2NA==_0.jpg
/images/UzpfSTEwMDAwNDE4MzAzOTE2MDpWSzoyNTIxMzMwNDg5NDk3ODI4Ng==_0.jpg	1.0	one_text_contains_the_other	紫氣東來	"紫
氣
東
來"	/mnt/Suran_database/Users/thanhthanh_workspace/Project/NLP_K35/xlnntn_hp2_friend/data/mrDuc_data/Images/UzpfSTEwMDAwNDE4MzAzOTE2MDpWSzoyNTIxMzMwNDg5NDk3ODI4Ng==_0.jpg
/images/UzpfSTEwNzE5OTI5NzA6Vks6MjUyMDgwNzMxNDg4MzQ3OTQ=_0.jpg	0.702724	combined_score_above_threshold	"15/12/2025 雅俗共賞

ㄍ 送元二使安西 》 王維诗

渭城朝雨浥軽麈
客舍青青柳色新
劝君更盡一杯酒
西出陽關無故人"	"渭城朝雨浥輕塵
客舍青青柳色新
勸君更盡一杯酒
西出陽關無故人
送元二使安西王維
有權書"	/mnt/Suran_database/Users/thanhthanh_workspace/Project/NLP_K35/xlnntn_hp2_friend/data/mrDuc_data/Images/UzpfSTEwNzE5OTI5NzA6Vks6MjUyMDgwNzMxNDg4MzQ3OTQ=_0.jpg
/images/UzpfSTEwMDAwMDM2OTIxMDcyNTpWSzoyNTIwNzc5NTkwMjE5NTg1Mg==_0.jpg	0.661905	high_directional_coverage	蓬萊方丈應不遠，肯為蘇子浮江來。今天的練習01	"蓬萊方丈應不遠
肯為菰子浮江來
宋东坡访寓居合江楼句
乙巳冬景吉书"	/mnt/Suran_database/Users/thanhthanh_workspace/Project/NLP_K35/xlnntn_hp2_friend/data/mrDuc_data/Images/UzpfSTEwMDAwMDM2OTIxMDcyNTpWSzoyNTIwNzc5NTkwMjE5NTg1Mg==_0.jpg
/images/UzpfSTEwMDAwNjk5OTg0Mzk5MjpWSzoyNTIxMTg4MTczMTc4NzI2OQ==_0.jpg	0.913739	high_directional_coverage	"中庭地白樹棲鴉
冷露無聲溼桂花
今夜月明人盡望
不知秋思落誰家
唐  王建
十五夜望月"	"中
庭
地
白
樹
棲
鴉
冷
露
無
聲
濕
桂
花
今
夜
月
明
人
盡
望
不
知
秋
思
落
誰
家
王建
十五夜望月
陽湖書"	/mnt/Suran_database/Users/thanhthanh_workspace/Project/NLP_K35/xlnntn_hp2_friend/data/mrDuc_data/Images/UzpfSTEwMDAwNjk5OTg0Mzk5MjpWSzoyNTIxMTg4MTczMTc4NzI2OQ==_0.jpg
/images/UzpfSTEwMDAwMDM2OTIxMDcyNTpWSzoyNTIwNzc5Nzk2NTUyODk3OQ==_0.jpg	1.0	one_text_contains_the_other	陶然忘機。今天的練習02	"陶
然
忘
機"	/mnt/Suran_database/Users/thanhthanh_workspace/Project/NLP_K35/xlnntn_hp2_friend/data/mrDuc_data/Images/UzpfSTEwMDAwMDM2OTIxMDcyNTpWSzoyNTIwNzc5Nzk2NTUyODk3OQ==_0.jpg
/images/UzpfSTY3MTc0OTU2NDpWSzoyNTIwNDI1NzgxMjU0OTY2MQ==_3.jpg	0.366364	one_text_contains_the_other	"春秋中晚期《褱鼎》（蓋、器同銘），現藏上海博物館。

銘文：褱自乍（作）飤〈石鼎〉〈鼎它〉，其眉壽無期，永保用之。

***********************************************************

*褱（huái，ㄏㄨㄞˊ）：褱，同懷。褱，在銘文中用作人名。

*飤（sì，ㄙˋ）：《說文解字》飤，糧也。段注：按以食食人物。其字本作食。俗作飤。或作飼。經典無飤。

*〈石鼎〉〈鼎它〉：容庚《金文編》第495頁釋讀作「石沱」，認為是「鼎之別名」。「石沱」亦見於《鐘伯侵鼎》（集成2668）隹正月初吉己亥。大師鐘白侵自乍石沱。其子子孫永寶用之。

*************************************************

附：傅抱石（1904～1965）刻/獸鈕壽山石郭沫若自用印

印文：石沱。

邊款：沫公正刊，抱石。 

說明：「石沱」是郭沫若眾多筆名之一；1934年出版譯作《生命之科學》時開始使用。石沱是由「鼎堂」演化而來的，周代晚期銘文中稱「鼎」為「石沱」或「石它」。"	"傅抱石刻
獸鈕壽山石郭沫若自用印
印文：石沱"	/mnt/Suran_database/Users/thanhthanh_workspace/Project/NLP_K35/xlnntn_hp2_friend/data/mrDuc_data/Images/UzpfSTY3MTc0OTU2NDpWSzoyNTIwNDI1NzgxMjU0OTY2MQ==_3.jpg
/images/UzpfSTY3MTc0OTU2NDpWSzoyNTIwNDI1NzgxMjU0OTY2MQ==_2.jpg	0.274717	one_text_contains_the_other	"春秋中晚期《褱鼎》（蓋、器同銘），現藏上海博物館。

銘文：褱自乍（作）飤〈石鼎〉〈鼎它〉，其眉壽無期，永保用之。

***********************************************************

*褱（huái，ㄏㄨㄞˊ）：褱，同懷。褱，在銘文中用作人名。

*飤（sì，ㄙˋ）：《說文解字》飤，糧也。段注：按以食食人物。其字本作食。俗作飤。或作飼。經典無飤。

*〈石鼎〉〈鼎它〉：容庚《金文編》第495頁釋讀作「石沱」，認為是「鼎之別名」。「石沱」亦見於《鐘伯侵鼎》（集成2668）隹正月初吉己亥。大師鐘白侵自乍石沱。其子子孫永寶用之。

*************************************************

附：傅抱石（1904～1965）刻/獸鈕壽山石郭沫若自用印

印文：石沱。

邊款：沫公正刊，抱石。 

說明：「石沱」是郭沫若眾多筆名之一；1934年出版譯作《生命之科學》時開始使用。石沱是由「鼎堂」演化而來的，周代晚期銘文中稱「鼎」為「石沱」或「石它」。"	"鐘伯侵鼎
2668"	/mnt/Suran_database/Users/thanhthanh_workspace/Project/NLP_K35/xlnntn_hp2_friend/data/mrDuc_data/Images/UzpfSTY3MTc0OTU2NDpWSzoyNTIwNDI1NzgxMjU0OTY2MQ==_2.jpg
/images/UzpfSTEwMDAwMDM2OTIxMDcyNTpWSzoyNTIwMDMxMDE4OTYxMTA5MA==_0.jpg	1.0	one_text_contains_the_other	革故鼎新。今天的練習02	"革
故
鼎
新"	/mnt/Suran_database/Users/thanhthanh_workspace/Project/NLP_K35/xlnntn_hp2_friend/data/mrDuc_data/Images/UzpfSTEwMDAwMDM2OTIxMDcyNTpWSzoyNTIwMDMxMDE4OTYxMTA5MA==_0.jpg
/images/UzpfSTEwNzE5OTI5NzA6Vks6MjUyMDEyNDMwODk1MTc4MDA=_0.jpg	0.592923	combined_score_above_threshold	"14/12/2025  雅俗共賞

《 竹里館  》

獨坐幽篁裏
弹琴復长啸
深林人不知
明月来相照"	"獨坐幽篁裏彈
琴復長嘯深林
人不知明月來
相照
竹里館王維詩
有權書"	/mnt/Suran_database/Users/thanhthanh_workspace/Project/NLP_K35/xlnntn_hp2_friend/data/mrDuc_data/Images/UzpfSTEwNzE5OTI5NzA6Vks6MjUyMDEyNDMwODk1MTc4MDA=_0.jpg
/images/UzpfSTEwMDAwMDM2OTIxMDcyNTpWSzoyNTIwMDMwNzczOTYxMTMzNQ==_0.jpg	0.598537	high_directional_coverage	細草微風岸，危檣獨夜舟。 星垂平野闊，月湧大江流。 名豈文章著，官應老病休。 飄飄何所似，天地一沙鷗。今天的練習01	"细草微风岸危樯独夜舟星垂平野阔月涌大江流
名岂文章著官应老病休飘飘何所似天地一沙鸥
右杜工部诗旅夜书怀
己亥秋月之吉
葉吉"	/mnt/Suran_database/Users/thanhthanh_workspace/Project/NLP_K35/xlnntn_hp2_friend/data/mrDuc_data/Images/UzpfSTEwMDAwMDM2OTIxMDcyNTpWSzoyNTIwMDMwNzczOTYxMTMzNQ==_0.jpg
/images/UzpfSTEwMDAwNjU2NzAxMjA2MTpWSzoyNTE5NjQ4NjcyOTk5MzQzNg==_0.jpg	0.851281	high_directional_coverage	"無二齋篆刻

 

厚德載物

 

天行健，君子以自強不息

 

地勢坤，君子以厚德載物

 

語出周易"	"厚德載物
天行健君子以自
強不息地勢坤君
子以厚德載物
語出周易方各
無二齋手工刻印"	/mnt/Suran_database/Users/thanhthanh_workspace/Project/NLP_K35/xlnntn_hp2_friend/data/mrDuc_data/Images/UzpfSTEwMDAwNjU2NzAxMjA2MTpWSzoyNTE5NjQ4NjcyOTk5MzQzNg==_0.jpg
/images/UzpfSTE0NjE5MDA1NTI6Vks6MjUxOTc3NzA3NDMxOTgzNjg=_0.jpg	0.664286	one_text_contains_the_other	功垂青史。曾經迷過隸書，	功垂青史	/mnt/Suran_database/Users/thanhthanh_workspace/Project/NLP_K35/xlnntn_hp2_friend/data/mrDuc_data/Images/UzpfSTE0NjE5MDA1NTI6Vks6MjUxOTc3NzA3NDMxOTgzNjg=_0.jpg
/images/UzpfSTEwMDAwNDE4MzAzOTE2MDpWSzoyNTE5Nzk1MTIwMzE4MDMyMg==_0.jpg	0.875556	high_directional_coverage	詩情秋水淨 畫意遠山明	"詩情穠水淨
畫意遠山明"	/mnt/Suran_database/Users/thanhthanh_workspace/Project/NLP_K35/xlnntn_hp2_friend/data/mrDuc_data/Images/UzpfSTEwMDAwNDE4MzAzOTE2MDpWSzoyNTE5Nzk1MTIwMzE4MDMyMg==_0.jpg
/images/UzpfSTEwMDAwMDM2OTIxMDcyNTpWSzoyNTE3NTM3ODcxMjEwNDIzOA==_0.jpg	0.650045	high_directional_coverage	歎彼幽栖載典籍，但覺高歌有鬼神。今天的練習01	"歎波幽栖載典籍
但覺高謌有鬼神
乙巳冬月之吉藤吉孃お高姬"	/mnt/Suran_database/Users/thanhthanh_workspace/Project/NLP_K35/xlnntn_hp2_friend/data/mrDuc_data/Images/UzpfSTEwMDAwMDM2OTIxMDcyNTpWSzoyNTE3NTM3ODcxMjEwNDIzOA==_0.jpg
/images/UzpfSTEwMDAwMDM2OTIxMDcyNTpWSzoyNTIwMDMxMjc2Mjk0NDE2Ng==_0.jpg	0.611683	combined_score_above_threshold	醉裡驚從月窟來。睡餘如夢蕊宮回。碧雲時度小崔嵬。疑是海山憐我老，不論時節遣花開。從今休數返魂梅。今天的練習03	"醉裏驚逢月窟人睡餘猶夢塵
宮妝整理也時度小崔嵬終是海山
仙子樣不論時節遣花開從今休
數返魂梅
宋人向子諲浣溪沙
乙巳冬"	/mnt/Suran_database/Users/thanhthanh_workspace/Project/NLP_K35/xlnntn_hp2_friend/data/mrDuc_data/Images/UzpfSTEwMDAwMDM2OTIxMDcyNTpWSzoyNTIwMDMxMjc2Mjk0NDE2Ng==_0.jpg
/images/UzpfSTEwNzE5OTI5NzA6Vks6MjUxOTIzOTY3MDM3MzU3NzI=_0.jpg	0.668877	combined_score_above_threshold	"13/12/2025 雅俗共賞

《 相見歡 》李煜诗

無言獨上西樓, 月如鈎.
寂寞梧桐深院鎖清秋.
剪不断,理還乱,是离愁
別是一般滋味在心頭."	"無言獨上西樓月如鉤寂寞
梧桐深院鎖清秋剪不斷理
還亂是離愁別是一番滋味在
心頭
相見歡無言獨上西樓李煜詩有權"	/mnt/Suran_database/Users/thanhthanh_workspace/Project/NLP_K35/xlnntn_hp2_friend/data/mrDuc_data/Images/UzpfSTEwNzE5OTI5NzA6Vks6MjUxOTIzOTY3MDM3MzU3NzI=_0.jpg
/images/UzpfSTEwMDAxMDMwNDc2NjAwNDpWSzoyNDg1NTQwMDg1NzQzNTM2MA==_0.jpg	0.874194	high_directional_coverage	"我把歲月熬成湯
酸甜苦辣一杯裝
雲卷雲舒隨心過
一壺老酒伴夕陽
「網文隨寫」"	"我把歲月熬成湯酸甜苦
辣一杯裝雲卷雲舒隨心過
一壺老酒伴夕陽
吉秀聊书"	/mnt/Suran_database/Users/thanhthanh_workspace/Project/NLP_K35/xlnntn_hp2_friend/data/mrDuc_data/Images/UzpfSTEwMDAxMDMwNDc2NjAwNDpWSzoyNDg1NTQwMDg1NzQzNTM2MA==_0.jpg
/images/UzpfSTEwMDAwMDM2OTIxMDcyNTpWSzoyNTE5MjQxNzUwNzA2NzAyNQ==_0.jpg	1.0	one_text_contains_the_other	澤如時雨。今天的練習02	"澤
如
時
雨"	/mnt/Suran_database/Users/thanhthanh_workspace/Project/NLP_K35/xlnntn_hp2_friend/data/mrDuc_data/Images/UzpfSTEwMDAwMDM2OTIxMDcyNTpWSzoyNTE5MjQxNzUwNzA2NzAyNQ==_0.jpg
/images/UzpfSTEwMDAxMDMwNDc2NjAwNDpWSzoyNDg4NzMyNzc1NzU3NjAwMw==_0.jpg	0.792437	high_directional_coverage	"粗茶淡飯真有味
薄酒布衣暖人心"	"粗
茶
淡
飯
有
真
味
薄
酒
布
衣
暖
人
心
黃
秀
珍
於
秋
月"	/mnt/Suran_database/Users/thanhthanh_workspace/Project/NLP_K35/xlnntn_hp2_friend/data/mrDuc_data/Images/UzpfSTEwMDAxMDMwNDc2NjAwNDpWSzoyNDg4NzMyNzc1NzU3NjAwMw==_0.jpg
/images/UzpfSTEwMDAwMDM2OTIxMDcyNTpWSzoyNTE5MjQxNDc3NzA2NzI5OA==_0.jpg	1.0	one_text_contains_the_other	詩宗韋柳清吟賦，友集歐梅古意多。今天的練習01	"詩宗韋柳清吟賦
友集歐梅古意多"	/mnt/Suran_database/Users/thanhthanh_workspace/Project/NLP_K35/xlnntn_hp2_friend/data/mrDuc_data/Images/UzpfSTEwMDAwMDM2OTIxMDcyNTpWSzoyNTE5MjQxNDc3NzA2NzI5OA==_0.jpg
/images/UzpfSTEwMDAwMDM2OTIxMDcyNTpWSzoyNTE4Mzk2OTY4NzkxMTgwNw==_0.jpg	0.827205	high_directional_coverage	輕汗微微透碧紈，明朝端午浴芳蘭。流香漲膩滿晴川。 綵線輕纏紅玉臂，小符斜掛綠雲鬟。佳人相見一千年。今天的練習03	"輕汗微微透碧紈明朝端午試芳
蘭湯香漲膩晴川綵綫輕纏紅
玉臂小符斜掛綠雲鬟佳人相見一
千年
蘇東坡浣溪沙
乙巳冬"	/mnt/Suran_database/Users/thanhthanh_workspace/Project/NLP_K35/xlnntn_hp2_friend/data/mrDuc_data/Images/UzpfSTEwMDAwMDM2OTIxMDcyNTpWSzoyNTE4Mzk2OTY4NzkxMTgwNw==_0.jpg
/images/UzpfSTE0NjE5MDA1NTI6Vks6MjUxODg1Mzk1NDc0NTQ4MjE=_0.jpg	0.79619	one_text_contains_the_other	自由的天空屬於自由的人民。〔齊柏林衛星標語〕	"自
由
的
天
空
屬
於
自
由
的
人
2025.12.24"	/mnt/Suran_database/Users/thanhthanh_workspace/Project/NLP_K35/xlnntn_hp2_friend/data/mrDuc_data/Images/UzpfSTE0NjE5MDA1NTI6Vks6MjUxODg1Mzk1NDc0NTQ4MjE=_0.jpg
/images/UzpfSTEwMDAwNDIxMTQ2MDM1NTpWSzoyNTE4NDM5NzMzNDUzNTcwOQ==_4.jpg	0.83409	high_directional_coverage	乙已年謙受堂新藏石刻墨本展紀念墨	乙巳年謙受堂新藏石刻墨本展	/mnt/Suran_database/Users/thanhthanh_workspace/Project/NLP_K35/xlnntn_hp2_friend/data/mrDuc_data/Images/UzpfSTEwMDAwNDIxMTQ2MDM1NTpWSzoyNTE4NDM5NzMzNDUzNTcwOQ==_4.jpg
/images/UzpfSTEwMDAwNDIxMTQ2MDM1NTpWSzoyNTE4NDM5NzMzNDUzNTcwOQ==_5.jpg	0.643601	high_directional_coverage	乙已年謙受堂新藏石刻墨本展紀念墨	"乙巳年謙受堂新藏石刻墨本展
乙巳年謙受堂新藏石刻墨本展"	/mnt/Suran_database/Users/thanhthanh_workspace/Project/NLP_K35/xlnntn_hp2_friend/data/mrDuc_data/Images/UzpfSTEwMDAwNDIxMTQ2MDM1NTpWSzoyNTE4NDM5NzMzNDUzNTcwOQ==_5.jpg
/images/UzpfSTEwMDAwNDIxMTQ2MDM1NTpWSzoyNTE4NDM5NzMzNDUzNTcwOQ==_6.jpg	0.83409	high_directional_coverage	乙已年謙受堂新藏石刻墨本展紀念墨	乙巳年謙受堂新藏石刻墨本展	/mnt/Suran_database/Users/thanhthanh_workspace/Project/NLP_K35/xlnntn_hp2_friend/data/mrDuc_data/Images/UzpfSTEwMDAwNDIxMTQ2MDM1NTpWSzoyNTE4NDM5NzMzNDUzNTcwOQ==_6.jpg
/images/UzpfSTEwNzE5OTI5NzA6Vks6MjUxODQyNjYyNTEyMTU0ODQ=_0.jpg	0.610714	one_text_contains_the_other	"12/12/2025 雅俗共賞

新年将臨

《 龍馬精神 》"	"龍
馬
精
神"	/mnt/Suran_database/Users/thanhthanh_workspace/Project/NLP_K35/xlnntn_hp2_friend/data/mrDuc_data/Images/UzpfSTEwNzE5OTI5NzA6Vks6MjUxODQyNjYyNTEyMTU0ODQ=_0.jpg
/images/UzpfSTEwMDA1NzYxNjk4NjQyNjpWSzoyNTE4MzMwMDEwMTMxMjA5OQ==_1.jpg	0.783333	one_text_contains_the_other	別存古意	"小石齋
別存古意
2.5cmX2.5cm"	/mnt/Suran_database/Users/thanhthanh_workspace/Project/NLP_K35/xlnntn_hp2_friend/data/mrDuc_data/Images/UzpfSTEwMDA1NzYxNjk4NjQyNjpWSzoyNTE4MzMwMDEwMTMxMjA5OQ==_1.jpg
/images/UzpfSTEwMDA1NzYxNjk4NjQyNjpWSzoyNTE4MzMwMDEwMTMxMjA5OQ==_0.jpg	0.783333	one_text_contains_the_other	別存古意	"小石齋
別存古意
2.5cmX2.5cm"	/mnt/Suran_database/Users/thanhthanh_workspace/Project/NLP_K35/xlnntn_hp2_friend/data/mrDuc_data/Images/UzpfSTEwMDA1NzYxNjk4NjQyNjpWSzoyNTE4MzMwMDEwMTMxMjA5OQ==_0.jpg
/images/UzpfSTEwMDA1NzYxNjk4NjQyNjpWSzoyNTE4MzMwMDEwMTMxMjA5OQ==_2.jpg	0.783333	one_text_contains_the_other	別存古意	"小石齋
別存古意
2.5cmX2.5cm"	/mnt/Suran_database/Users/thanhthanh_workspace/Project/NLP_K35/xlnntn_hp2_friend/data/mrDuc_data/Images/UzpfSTEwMDA1NzYxNjk4NjQyNjpWSzoyNTE4MzMwMDEwMTMxMjA5OQ==_2.jpg
/images/UzpfSTEwMDAwNDIxMTQ2MDM1NTpWSzoyNTE4NDM5NzMzNDUzNTcwOQ==_2.jpg	0.83409	high_directional_coverage	乙已年謙受堂新藏石刻墨本展紀念墨	乙巳年謙受堂新藏石刻墨本展	/mnt/Suran_database/Users/thanhthanh_workspace/Project/NLP_K35/xlnntn_hp2_friend/data/mrDuc_data/Images/UzpfSTEwMDAwNDIxMTQ2MDM1NTpWSzoyNTE4NDM5NzMzNDUzNTcwOQ==_2.jpg
/images/UzpfSTEwMDAwNDIxMTQ2MDM1NTpWSzoyNTE4NDM5NzMzNDUzNTcwOQ==_7.jpg	0.83409	high_directional_coverage	乙已年謙受堂新藏石刻墨本展紀念墨	乙巳年謙受堂新藏石刻墨本展	/mnt/Suran_database/Users/thanhthanh_workspace/Project/NLP_K35/xlnntn_hp2_friend/data/mrDuc_data/Images/UzpfSTEwMDAwNDIxMTQ2MDM1NTpWSzoyNTE4NDM5NzMzNDUzNTcwOQ==_7.jpg
/images/UzpfSTEwMDAwMDM2NjMwMzY2NTpWSzoyNTE4MzExNTIzMTMzMDU4Ng==_0.jpg	0.754191	high_directional_coverage	"2025-12-11
中華字經
032
跨躍短跑，蹦跳撐竿。
鐵餅標槍，壘足排籃。
汽車拉力，駕舢駛帆。"	"跨
躍
短
跑
蹦
跳
撐
竿
鐵
餅
標
槍
壘
足
排
籃
汽
車
拉
力
駕
舡
馳
帆
中
華
字
經
〇
三
二
乙
巳
冬
仍
之
書"	/mnt/Suran_database/Users/thanhthanh_workspace/Project/NLP_K35/xlnntn_hp2_friend/data/mrDuc_data/Images/UzpfSTEwMDAwMDM2NjMwMzY2NTpWSzoyNTE4MzExNTIzMTMzMDU4Ng==_0.jpg
/images/UzpfSTEwMDAwNDIxMTQ2MDM1NTpWSzoyNTE4NDM5NzMzNDUzNTcwOQ==_3.jpg	0.643601	high_directional_coverage	乙已年謙受堂新藏石刻墨本展紀念墨	"乙巳年謙受堂新藏石刻墨本展
乙巳年謙受堂新藏石刻墨本展"	/mnt/Suran_database/Users/thanhthanh_workspace/Project/NLP_K35/xlnntn_hp2_friend/data/mrDuc_data/Images/UzpfSTEwMDAwNDIxMTQ2MDM1NTpWSzoyNTE4NDM5NzMzNDUzNTcwOQ==_3.jpg
/images/UzpfSTEwMDAwMzI4NDg3MDY0MDpWSzoyNTE4MjkzNTY5MTM0ODU0MA==_2.jpg	0.720431	high_directional_coverage	"散養勝於圈養的，自古皆然…

百囀千聲隨意移 
山花紅紫樹高低
始知鎖向金籠聴
不及林間自在啼
- 歐陽修 畫眉鳥"	"百
轉
千
聲
隨
意
好
山
花
紅
紫
樹
高
低
始
知
鎖
向
金
籠
聽
不
及
林
間
自
在
啼
歐
陽
修
詩
栗
源"	/mnt/Suran_database/Users/thanhthanh_workspace/Project/NLP_K35/xlnntn_hp2_friend/data/mrDuc_data/Images/UzpfSTEwMDAwMzI4NDg3MDY0MDpWSzoyNTE4MjkzNTY5MTM0ODU0MA==_2.jpg
/images/UzpfSTEwMDAwMzI4NDg3MDY0MDpWSzoyNTE4MjkzNTY5MTM0ODU0MA==_1.jpg	0.667068	high_directional_coverage	"散養勝於圈養的，自古皆然…

百囀千聲隨意移 
山花紅紫樹高低
始知鎖向金籠聴
不及林間自在啼
- 歐陽修 畫眉鳥"	"百囀千聲隨意好山花紅
紫樹高低始知鎖向金籠聽
林間自在啼
啟功敬書"	/mnt/Suran_database/Users/thanhthanh_workspace/Project/NLP_K35/xlnntn_hp2_friend/data/mrDuc_data/Images/UzpfSTEwMDAwMzI4NDg3MDY0MDpWSzoyNTE4MjkzNTY5MTM0ODU0MA==_1.jpg
/images/UzpfSTEwMDAxMTUxMjYwMTYzMTpWSzoyNTE3OTU0NTEyNTAyMDkzMA==_0.jpg	0.358141	one_text_contains_the_other	弘一法師「送別」	"長亭外古道邊芳草碧連天晚風拂柳笛聲殘夕陽山外山天之
涯地之角知交半零落一觚濁酒盡餘歡今宵別夢寒人生難得是
歡聚唯有別離多
弘一法師送別乙巳冬月慧妙書於烏江"	/mnt/Suran_database/Users/thanhthanh_workspace/Project/NLP_K35/xlnntn_hp2_friend/data/mrDuc_data/Images/UzpfSTEwMDAxMTUxMjYwMTYzMTpWSzoyNTE3OTU0NTEyNTAyMDkzMA==_0.jpg
/images/UzpfSTEwMDAwMDM2OTIxMDcyNTpWSzoyNTE4Mzk2NzMzNzkxMjA0Mg==_0.jpg	1.0	one_text_contains_the_other	高山流水。今天的練習02	"高
山
流
水"	/mnt/Suran_database/Users/thanhthanh_workspace/Project/NLP_K35/xlnntn_hp2_friend/data/mrDuc_data/Images/UzpfSTEwMDAwMDM2OTIxMDcyNTpWSzoyNTE4Mzk2NzMzNzkxMjA0Mg==_0.jpg
/images/UzpfSTEwMDAwMzI4NDg3MDY0MDpWSzoyNTE1NTcyODAyMDczNTk3NA==_0.jpg	0.681275	combined_score_above_threshold	"節氣“大雪”後，寫寫最冷的一首應景詩；

千山鳥飛絕，萬徑人蹤滅。
孤舟蓑笠翁，獨釣寒江雪。
- 柳宗元 江雪"	"千山鳥飛絶萬徑人
蹤滅孤舟蓑笠翁
獨釣寒江雪
柳宗元江雪己亥大雪后一日雲僧"	/mnt/Suran_database/Users/thanhthanh_workspace/Project/NLP_K35/xlnntn_hp2_friend/data/mrDuc_data/Images/UzpfSTEwMDAwMzI4NDg3MDY0MDpWSzoyNTE1NTcyODAyMDczNTk3NA==_0.jpg
/images/UzpfSTEwMDAwMzI4NDg3MDY0MDpWSzoyNTE4MjkzNTY5MTM0ODU0MA==_3.jpg	0.645554	combined_score_above_threshold	"散養勝於圈養的，自古皆然…

百囀千聲隨意移 
山花紅紫樹高低
始知鎖向金籠聴
不及林間自在啼
- 歐陽修 畫眉鳥"	"百
囀
千
聲
隨
意
好
山
花
紅
紅
紫
樹
高
低
始
知
鎖
向
金
籠
聽
不
及
林
間
自
在
啼
啟
功
臨
舊
作
於
京
寓"	/mnt/Suran_database/Users/thanhthanh_workspace/Project/NLP_K35/xlnntn_hp2_friend/data/mrDuc_data/Images/UzpfSTEwMDAwMzI4NDg3MDY0MDpWSzoyNTE4MjkzNTY5MTM0ODU0MA==_3.jpg
/images/UzpfSTEwNzE5OTI5NzA6Vks6MjUxNzU3NjkwMTUzOTg1NDE=_0.jpg	0.604449	combined_score_above_threshold	"11/12/2025 雅俗共賞

水流任意境常静
松老無風韵亦幽"	"水流任意境常静
松老无风韵自幽
有樵书"	/mnt/Suran_database/Users/thanhthanh_workspace/Project/NLP_K35/xlnntn_hp2_friend/data/mrDuc_data/Images/UzpfSTEwNzE5OTI5NzA6Vks6MjUxNzU3NjkwMTUzOTg1NDE=_0.jpg
/images/UzpfSTEwMDAwMDM2NjMwMzY2NTpWSzoyNTE3NDYxNDk1MjE4MDYxNA==_0.jpg	0.721168	combined_score_above_threshold	"2025-12-10
中華字經
031
聲納測距，信號還原。
諜報跟蹤，貧鈾污染。
第十課 體育12
奧運競技，淘汰篩選。"	"聲
納
測
距
信
號
還
原
諜
報
跟
蹤
貧
鈾
污
染
輿
運
競
技
淘
汰
篩
選
中
華
字
經
三
二
乙
巳
冬
祁
生"	/mnt/Suran_database/Users/thanhthanh_workspace/Project/NLP_K35/xlnntn_hp2_friend/data/mrDuc_data/Images/UzpfSTEwMDAwMDM2NjMwMzY2NTpWSzoyNTE3NDYxNDk1MjE4MDYxNA==_0.jpg
/images/UzpfSTEwMDAwMDM2OTIxMDcyNTpWSzoyNTE3NTM4MjI0NTQzNzIxOA==_0.jpg	0.782164	high_directional_coverage	樂在煙波釣是閒。草堂松桂已勝攀。梢梢新月幾回彎。一碧太湖三萬頃，屹然相對洞庭山。狂(錯寫成況)風浪起且須還。今天的練習03	"樂在煙波釣叟閑草堂松桂已勝
攀梢新月幾回彎一碧太湖三萬
頃屹然相對洞庭山況風浪起且須還
宋人向子諲浣溪沙
乙巳冬月之吉"	/mnt/Suran_database/Users/thanhthanh_workspace/Project/NLP_K35/xlnntn_hp2_friend/data/mrDuc_data/Images/UzpfSTEwMDAwMDM2OTIxMDcyNTpWSzoyNTE3NTM4MjI0NTQzNzIxOA==_0.jpg
/images/UzpfSTEwMDAwMzI4NDg3MDY0MDpWSzoyNTE3MjA5NDUzOTA5OTMyMg==_1.jpg	0.741658	high_directional_coverage	"小春此去無多日…又要過一年了

細雨生寒未有霜，
庭前木葉半青黃。
小春此去無多日，
何處梅花一綻香
- 仇遠 立冬即事"	"細雨生寒未有霜
庭前木葉
半青黃
小春此去無多日
何處
梅花一院香
仇遠立冬即事一首
己亥初冬於檪溪"	/mnt/Suran_database/Users/thanhthanh_workspace/Project/NLP_K35/xlnntn_hp2_friend/data/mrDuc_data/Images/UzpfSTEwMDAwMzI4NDg3MDY0MDpWSzoyNTE3MjA5NDUzOTA5OTMyMg==_1.jpg
/images/UzpfSTEwMDAwMzI4NDg3MDY0MDpWSzoyNTE3MjA5NDUzOTA5OTMyMg==_2.jpg	0.693869	high_directional_coverage	"小春此去無多日…又要過一年了

細雨生寒未有霜，
庭前木葉半青黃。
小春此去無多日，
何處梅花一綻香
- 仇遠 立冬即事"	"細雨生寒未有霜庭前木葉
半青黃小春此去無多日何處
梅花一院香
仇遠生查子
乙巳初冬中霖書"	/mnt/Suran_database/Users/thanhthanh_workspace/Project/NLP_K35/xlnntn_hp2_friend/data/mrDuc_data/Images/UzpfSTEwMDAwMzI4NDg3MDY0MDpWSzoyNTE3MjA5NDUzOTA5OTMyMg==_2.jpg
/images/UzpfSTEwMDAwMDM2NjMwMzY2NTpWSzoyNTE2NDE4NzAyOTg5MDA3Mw==_0.jpg	0.750548	high_directional_coverage	"2025-12-09
今天週二，祝大家平安。
抄寫唐詩。

春江花月夜 唐 張若虛

春江潮水連海平，
海上明月共潮生。

灩灩隨波千萬里，
何處春江無月明？

江流宛轉遶芳甸，
月照花林皆似霰。

空裏流霜不覺飛，
汀上白沙看不見。

江天一色無纖塵，
皎皎空中孤月輪。

江畔何人初見月，
江月何年初照人？

人生代代無窮已，
江月年年祇相似。

不知江月待何人？
但見長江送流水。

白雲一片去悠悠，
青楓浦上不勝愁。

誰家今夜扁舟子，
何處相思明月樓？

可憐樓上月徘徊，
應照離人妝鏡臺。

玉戶簾中卷不去，
擣衣砧上拂還來。

此時相望不相聞，
願逐月華流照君。

鴻雁長飛光不度，
魚龍潛躍水成文。

昨夜閒潭夢落花，
可憐春半不還家。

江水流春去欲盡，
江潭落月復西斜。

斜月沉沉藏海霧，
碣石瀟湘無限路。

不知乘月幾人歸，
落月搖情滿江樹。"	"春江潮水連海平，海上明月共潮生、
灩灩隨波千萬里，何處春江無月明、
江流宛轉遶芳甸，月照花林皆似霰、
空裏流霜不覺飛，汀上白沙看不見、
江天一色無纖塵，皎皎空中孤月輪、
江畔何人初見月，江月何年初照人、
人生代代無窮已，江月年年祗相似、
不知江月待何人，但見長江送流水、
白雲一片去悠悠，青楓浦上不勝愁、
誰家今夜扁舟子，何處相思明月樓。"	/mnt/Suran_database/Users/thanhthanh_workspace/Project/NLP_K35/xlnntn_hp2_friend/data/mrDuc_data/Images/UzpfSTEwMDAwMDM2NjMwMzY2NTpWSzoyNTE2NDE4NzAyOTg5MDA3Mw==_0.jpg
/images/UzpfSTEwMDAwMDM2NjMwMzY2NTpWSzoyNTE2NDE4NzAyOTg5MDA3Mw==_2.jpg	0.689782	high_directional_coverage	"2025-12-09
今天週二，祝大家平安。
抄寫唐詩。

春江花月夜 唐 張若虛

春江潮水連海平，
海上明月共潮生。

灩灩隨波千萬里，
何處春江無月明？

江流宛轉遶芳甸，
月照花林皆似霰。

空裏流霜不覺飛，
汀上白沙看不見。

江天一色無纖塵，
皎皎空中孤月輪。

江畔何人初見月，
江月何年初照人？

人生代代無窮已，
江月年年祇相似。

不知江月待何人？
但見長江送流水。

白雲一片去悠悠，
青楓浦上不勝愁。

誰家今夜扁舟子，
何處相思明月樓？

可憐樓上月徘徊，
應照離人妝鏡臺。

玉戶簾中卷不去，
擣衣砧上拂還來。

此時相望不相聞，
願逐月華流照君。

鴻雁長飛光不度，
魚龍潛躍水成文。

昨夜閒潭夢落花，
可憐春半不還家。

江水流春去欲盡，
江潭落月復西斜。

斜月沉沉藏海霧，
碣石瀟湘無限路。

不知乘月幾人歸，
落月搖情滿江樹。"	"誰家今夜扁舟子、何處相思明月樓、
可憐樓上月徘徊、應照離人妝鏡臺、
玉戶簾中卷不去、搗衣砧上拂還來、
此時相望不相聞、願逐月華流照君、
鴻雁長飛光不度、魚龍潛躍水成文、
昨夜閒潭夢落花、可憐春半不還家、
江水流春去欲盡、江潭落月復西斜、
斜月沈沈藏海霧、碣石瀟湘無限路、
不知乘月幾人歸、落月搖情滿江樹、
春江花月夜唐張若虛己冬"	/mnt/Suran_database/Users/thanhthanh_workspace/Project/NLP_K35/xlnntn_hp2_friend/data/mrDuc_data/Images/UzpfSTEwMDAwMDM2NjMwMzY2NTpWSzoyNTE2NDE4NzAyOTg5MDA3Mw==_2.jpg
/images/UzpfSTEwMDAwMDM2NjMwMzY2NTpWSzoyNTE2NDE4NzAyOTg5MDA3Mw==_1.jpg	0.68798	high_directional_coverage	"2025-12-09
今天週二，祝大家平安。
抄寫唐詩。

春江花月夜 唐 張若虛

春江潮水連海平，
海上明月共潮生。

灩灩隨波千萬里，
何處春江無月明？

江流宛轉遶芳甸，
月照花林皆似霰。

空裏流霜不覺飛，
汀上白沙看不見。

江天一色無纖塵，
皎皎空中孤月輪。

江畔何人初見月，
江月何年初照人？

人生代代無窮已，
江月年年祇相似。

不知江月待何人？
但見長江送流水。

白雲一片去悠悠，
青楓浦上不勝愁。

誰家今夜扁舟子，
何處相思明月樓？

可憐樓上月徘徊，
應照離人妝鏡臺。

玉戶簾中卷不去，
擣衣砧上拂還來。

此時相望不相聞，
願逐月華流照君。

鴻雁長飛光不度，
魚龍潛躍水成文。

昨夜閒潭夢落花，
可憐春半不還家。

江水流春去欲盡，
江潭落月復西斜。

斜月沉沉藏海霧，
碣石瀟湘無限路。

不知乘月幾人歸，
落月搖情滿江樹。"	"誰家今夜扁舟子、何處相思明月樓、
可憐樓上月徘徊、應照離人妝鏡臺、
玉戶簾中卷不去、擣衣砧上拂還來、
此時相望不相聞、願逐月華流照君、
鴻雁長飛光不度、魚龍潛躍水成文、
昨夜閒潭夢落花、可憐春半不還家、
江水流春去欲盡、江潭落月復西斜、
斜月沈沈藏海霧、碣石瀟湘無限路、
不知乘月幾人歸、落月搖情滿江樹、
春江花月夜唐張若虛、己巳冬竹墅"	/mnt/Suran_database/Users/thanhthanh_workspace/Project/NLP_K35/xlnntn_hp2_friend/data/mrDuc_data/Images/UzpfSTEwMDAwMDM2NjMwMzY2NTpWSzoyNTE2NDE4NzAyOTg5MDA3Mw==_1.jpg
/images/UzpfSTEwMDAwMDM2NjMwMzY2NTpWSzoyNTE2NDE4NzAyOTg5MDA3Mw==_5.jpg	0.94661	high_directional_coverage	"2025-12-09
今天週二，祝大家平安。
抄寫唐詩。

春江花月夜 唐 張若虛

春江潮水連海平，
海上明月共潮生。

灩灩隨波千萬里，
何處春江無月明？

江流宛轉遶芳甸，
月照花林皆似霰。

空裏流霜不覺飛，
汀上白沙看不見。

江天一色無纖塵，
皎皎空中孤月輪。

江畔何人初見月，
江月何年初照人？

人生代代無窮已，
江月年年祇相似。

不知江月待何人？
但見長江送流水。

白雲一片去悠悠，
青楓浦上不勝愁。

誰家今夜扁舟子，
何處相思明月樓？

可憐樓上月徘徊，
應照離人妝鏡臺。

玉戶簾中卷不去，
擣衣砧上拂還來。

此時相望不相聞，
願逐月華流照君。

鴻雁長飛光不度，
魚龍潛躍水成文。

昨夜閒潭夢落花，
可憐春半不還家。

江水流春去欲盡，
江潭落月復西斜。

斜月沉沉藏海霧，
碣石瀟湘無限路。

不知乘月幾人歸，
落月搖情滿江樹。"	"春江潮水連海平、海上明月共潮生、
灩灩隨波千萬里、何處春江無月明、
江流宛轉遶芳甸、月照花林皆似霰、
空裏流霜不覺飛、汀上白沙看不見、
江天一色無纖塵、皎皎空中孤月輪、
江畔何人初見月、江月何年初照人、
人生代代無窮已、江月年年祗相似、
不知江月待何人、但見長江送流水、
白雲一片去悠悠、青楓浦上不勝愁、
誰家今夜扁舟子、何處相思明月樓、
可憐樓上月徘徊、應照離人妝鏡臺、
玉戶簾中卷不去、擣衣砧上拂還來、
此時相望不相聞、願逐月華流照君、
鴻雁長飛光不度、魚龍潛躍水成文、
昨夜閒潭夢落花、可憐春半不還家、
江水流春去欲盡、江潭落月復西斜、
斜月沉沉藏海霧、碣石瀟湘無限路、
不知乘月幾人歸、落月搖情滿江樹、
春江花月夜唐張若虛乙巳冬行筆"	/mnt/Suran_database/Users/thanhthanh_workspace/Project/NLP_K35/xlnntn_hp2_friend/data/mrDuc_data/Images/UzpfSTEwMDAwMDM2NjMwMzY2NTpWSzoyNTE2NDE4NzAyOTg5MDA3Mw==_5.jpg
/images/UzpfSTEwMDAwMDM2NjMwMzY2NTpWSzoyNTE2NDE4NzAyOTg5MDA3Mw==_4.jpg	0.947304	high_directional_coverage	"2025-12-09
今天週二，祝大家平安。
抄寫唐詩。

春江花月夜 唐 張若虛

春江潮水連海平，
海上明月共潮生。

灩灩隨波千萬里，
何處春江無月明？

江流宛轉遶芳甸，
月照花林皆似霰。

空裏流霜不覺飛，
汀上白沙看不見。

江天一色無纖塵，
皎皎空中孤月輪。

江畔何人初見月，
江月何年初照人？

人生代代無窮已，
江月年年祇相似。

不知江月待何人？
但見長江送流水。

白雲一片去悠悠，
青楓浦上不勝愁。

誰家今夜扁舟子，
何處相思明月樓？

可憐樓上月徘徊，
應照離人妝鏡臺。

玉戶簾中卷不去，
擣衣砧上拂還來。

此時相望不相聞，
願逐月華流照君。

鴻雁長飛光不度，
魚龍潛躍水成文。

昨夜閒潭夢落花，
可憐春半不還家。

江水流春去欲盡，
江潭落月復西斜。

斜月沉沉藏海霧，
碣石瀟湘無限路。

不知乘月幾人歸，
落月搖情滿江樹。"	"春江潮水連海平，海上明月共潮生、
灩灩隨波千萬里，何處春江無月明、
江流宛轉遶芳甸，月照花林皆似霰、
空裏流霜不覺飛，汀上白沙看不見、
江天一色無纖塵，皎皎空中孤月輪、
江畔何人初見月，江月何年初照人、
人生代代無窮已，江月年年祇相似、
不知江月待何人，但見長江送流水、
白雲一片去悠悠，青楓浦上不勝愁、
誰家今夜扁舟子，何處相思明月樓、
可憐樓上月徘徊，應照離人妝鏡臺、
玉戶簾中卷不去，擣衣砧上拂還來、
此時相望不相聞，願逐月華流照君、
鴻雁長飛光不度，魚龍潛躍水成文、
昨夜閒潭夢落花，可憐春半不還家、
江水流春去欲盡，江潭落月復西斜、
斜月沈沈藏海霧，碣石瀟湘無限路、
不知乘月幾人歸，落月搖情滿江樹、
春江花月夜唐張若虛己巳冬..."	/mnt/Suran_database/Users/thanhthanh_workspace/Project/NLP_K35/xlnntn_hp2_friend/data/mrDuc_data/Images/UzpfSTEwMDAwMDM2NjMwMzY2NTpWSzoyNTE2NDE4NzAyOTg5MDA3Mw==_4.jpg
/images/UzpfSTEwMDAwMDM2OTIxMDcyNTpWSzoyNTEzMzYwNTAwNjI4MTYwOQ==_0.jpg	0.903063	high_directional_coverage	結廬在人境，而無車馬喧。 問君何能爾？心遠地自偏。 採菊東籬下，悠然見南山。 山氣日夕佳，飛鳥相與還。 此中有真意，欲辨已忘言。今天的練習01	"結廬在人境而無車馬喧問君何能爾心遠地自偏
采菊東籬下悠然見南山山氣日夕佳飛鳥
相與還此中有真意欲辨已忘言
晉靖節先生詩
己巳冬 蕭吉"	/mnt/Suran_database/Users/thanhthanh_workspace/Project/NLP_K35/xlnntn_hp2_friend/data/mrDuc_data/Images/UzpfSTEwMDAwMDM2OTIxMDcyNTpWSzoyNTEzMzYwNTAwNjI4MTYwOQ==_0.jpg
/images/UzpfSTY3MTc0OTU2NDpWSzoyNTE2MzU3MjQ3MzI4NDg2Mg==_1.jpg	0.711785	high_directional_coverage	"#篆書作品 #書法刊物收編 #不僅書法

己心清淨福緣廣，
卯鏡圓明德業新。
張奇才
*****************************************
慎獨
天命之謂性，率性之謂道，修道之謂教。道也者，不可須臾離也；可離，非道也。是故，君子戒慎乎其所不睹，恐懼乎其所不聞。莫見乎隱，莫顯乎微，故君子慎其獨也。
連勝彥
《中庸》"	"中國書法學會
慎
獨
天命之謂性率性之謂道修道之謂教道也者
不可須臾離也可離非道也是故君子戒慎乎
其所不睹恐懼乎其所不聞莫見乎隱莫顯乎微
故君子慎其獨也己卯夜讀中庸傑閣居士
慎獨
《中庸》
15
連勝彥
•理事長
•澹廬學會
•TEL:(02)2995-3943
•曾任國大代表
教育部文藝獎
全省美展評審"	/mnt/Suran_database/Users/thanhthanh_workspace/Project/NLP_K35/xlnntn_hp2_friend/data/mrDuc_data/Images/UzpfSTY3MTc0OTU2NDpWSzoyNTE2MzU3MjQ3MzI4NDg2Mg==_1.jpg
/images/UzpfSTEwMDAxMDMwNDc2NjAwNDpWSzoyNTEwNTgwNTA4OTA2MTYwMQ==_0.jpg	0.393333	one_text_contains_the_other	杜甫詩 （春望）	"國破山河在城春草木
深感時花濺淚恨別鳥
驚心烽火連三月家書抵
萬金白頭搔更短渾欲
不勝簪
杜甫詩春望"	/mnt/Suran_database/Users/thanhthanh_workspace/Project/NLP_K35/xlnntn_hp2_friend/data/mrDuc_data/Images/UzpfSTEwMDAxMDMwNDc2NjAwNDpWSzoyNTEwNTgwNTA4OTA2MTYwMQ==_0.jpg
/images/UzpfSTEwMDAwMzI4NDg3MDY0MDpWSzoyNTE2MzE1MTYzMzMyNjk0Ng==_2.jpg	0.587353	high_directional_coverage	"這段話直白的意思就是：不是你的，就不要拿…

天地之間，物各有主，苟非吾之所有，雖一毫而莫取。
- 赤壁賦"	"天地之物各有主
苟非吾之所有
虽一毫而莫取
己丑岁栗煌"	/mnt/Suran_database/Users/thanhthanh_workspace/Project/NLP_K35/xlnntn_hp2_friend/data/mrDuc_data/Images/UzpfSTEwMDAwMzI4NDg3MDY0MDpWSzoyNTE2MzE1MTYzMzMyNjk0Ng==_2.jpg
/images/UzpfSTY3MTc0OTU2NDpWSzoyNTE2MzU3MjQ3MzI4NDg2Mg==_3.jpg	0.711785	high_directional_coverage	"#篆書作品 #書法刊物收編 #不僅書法

己心清淨福緣廣，
卯鏡圓明德業新。
張奇才
*****************************************
慎獨
天命之謂性，率性之謂道，修道之謂教。道也者，不可須臾離也；可離，非道也。是故，君子戒慎乎其所不睹，恐懼乎其所不聞。莫見乎隱，莫顯乎微，故君子慎其獨也。
連勝彥
《中庸》"	"中國書法學會
慎
獨
天命之謂性率性之謂道修道之謂教道也者
不可須臾離也可離非道也是故君子戒慎乎
其所不睹恐懼乎其所不聞莫見乎隱莫顯乎微
故君子慎其獨也己卯夜讀中庸傑閣居士
慎獨《中庸》
15
連勝彥
•理事長
•別號傑閣
•TEL:(02)2995-3943
•曾任國大代表
教育部文藝獎
全省美展評審"	/mnt/Suran_database/Users/thanhthanh_workspace/Project/NLP_K35/xlnntn_hp2_friend/data/mrDuc_data/Images/UzpfSTY3MTc0OTU2NDpWSzoyNTE2MzU3MjQ3MzI4NDg2Mg==_3.jpg
/images/UzpfSTEwMDAwMDM2NjMwMzY2NTpWSzoyNTE2NDE4NzAyOTg5MDA3Mw==_3.jpg	0.737779	high_directional_coverage	"2025-12-09
今天週二，祝大家平安。
抄寫唐詩。

春江花月夜 唐 張若虛

春江潮水連海平，
海上明月共潮生。

灩灩隨波千萬里，
何處春江無月明？

江流宛轉遶芳甸，
月照花林皆似霰。

空裏流霜不覺飛，
汀上白沙看不見。

江天一色無纖塵，
皎皎空中孤月輪。

江畔何人初見月，
江月何年初照人？

人生代代無窮已，
江月年年祇相似。

不知江月待何人？
但見長江送流水。

白雲一片去悠悠，
青楓浦上不勝愁。

誰家今夜扁舟子，
何處相思明月樓？

可憐樓上月徘徊，
應照離人妝鏡臺。

玉戶簾中卷不去，
擣衣砧上拂還來。

此時相望不相聞，
願逐月華流照君。

鴻雁長飛光不度，
魚龍潛躍水成文。

昨夜閒潭夢落花，
可憐春半不還家。

江水流春去欲盡，
江潭落月復西斜。

斜月沉沉藏海霧，
碣石瀟湘無限路。

不知乘月幾人歸，
落月搖情滿江樹。"	"春江潮水連海平，海上明月共潮生，
灩灩隨波千萬里，何處春江無月明，
江流宛轉繞芳甸，月照花林皆似霰，
空裏流霜不覺飛，汀上白沙看不見，
江天一色無纖塵，皎皎空中孤月輪，
江畔何人初見月，江月何年初照人，
人生代代無窮已，江月年年祗相似，
不知江月待何人，但見長江送流水，
白雲一片去悠悠，青楓浦上不勝愁，
誰家今夜扁舟子，何憂相思明月樓，"	/mnt/Suran_database/Users/thanhthanh_workspace/Project/NLP_K35/xlnntn_hp2_friend/data/mrDuc_data/Images/UzpfSTEwMDAwMDM2NjMwMzY2NTpWSzoyNTE2NDE4NzAyOTg5MDA3Mw==_3.jpg
/images/UzpfSTEwMDA1NzYxNjk4NjQyNjpWSzoyNTE1ODMzNzk4MDQ3NDk3OA==_0.jpg	0.783333	one_text_contains_the_other	歲月靜好	"小石齋
歲月靜好
2cmX2cm"	/mnt/Suran_database/Users/thanhthanh_workspace/Project/NLP_K35/xlnntn_hp2_friend/data/mrDuc_data/Images/UzpfSTEwMDA1NzYxNjk4NjQyNjpWSzoyNTE1ODMzNzk4MDQ3NDk3OA==_0.jpg
/images/UzpfSTEwMDA1NzYxNjk4NjQyNjpWSzoyNTE1ODMzNzk4MDQ3NDk3OA==_3.jpg	0.635641	one_text_contains_the_other	歲月靜好	"小石齋
歲月靜好
歲月靜好
2cmX2cm"	/mnt/Suran_database/Users/thanhthanh_workspace/Project/NLP_K35/xlnntn_hp2_friend/data/mrDuc_data/Images/UzpfSTEwMDA1NzYxNjk4NjQyNjpWSzoyNTE1ODMzNzk4MDQ3NDk3OA==_3.jpg
/images/UzpfSTEwMDA1NzYxNjk4NjQyNjpWSzoyNTE1ODMzNzk4MDQ3NDk3OA==_1.jpg	0.783333	one_text_contains_the_other	歲月靜好	"小石齋
歲月靜好
2cmX2cm"	/mnt/Suran_database/Users/thanhthanh_workspace/Project/NLP_K35/xlnntn_hp2_friend/data/mrDuc_data/Images/UzpfSTEwMDA1NzYxNjk4NjQyNjpWSzoyNTE1ODMzNzk4MDQ3NDk3OA==_1.jpg
/images/UzpfSTEwMDA1NzYxNjk4NjQyNjpWSzoyNTE1ODMzNzk4MDQ3NDk3OA==_2.jpg	0.635641	one_text_contains_the_other	歲月靜好	"小石齋
歲月靜好
歲月靜好
2cmX2cm"	/mnt/Suran_database/Users/thanhthanh_workspace/Project/NLP_K35/xlnntn_hp2_friend/data/mrDuc_data/Images/UzpfSTEwMDA1NzYxNjk4NjQyNjpWSzoyNTE1ODMzNzk4MDQ3NDk3OA==_2.jpg
/images/UzpfSTEwMDAwNjk5OTg0Mzk5MjpWSzoyNTE2MjE3ODg4MDA5MDg4OA==_0.jpg	0.83597	high_directional_coverage	"春雪
作者：韓愈

新年都未有芳華，二月初驚見草芽。
白雪却嫌春色晚，故穿庭樹作飛花。"	"新年都未有芳華
二月初驚見草芽白雪
却嫌春色晚故穿庭
樹作飛花
韓愈春雪己亥冬錫湖"	/mnt/Suran_database/Users/thanhthanh_workspace/Project/NLP_K35/xlnntn_hp2_friend/data/mrDuc_data/Images/UzpfSTEwMDAwNjk5OTg0Mzk5MjpWSzoyNTE2MjE3ODg4MDA5MDg4OA==_0.jpg
/images/UzpfSTEwMDAwMDM2OTIxMDcyNTpWSzoyNTE1NzkxNjQzMDUxNzEzMw==_0.jpg	1.0	one_text_contains_the_other	希文天下為己任，君實每事對人言。今天的練習01	"希文天下為己任
君實每事對人言"	/mnt/Suran_database/Users/thanhthanh_workspace/Project/NLP_K35/xlnntn_hp2_friend/data/mrDuc_data/Images/UzpfSTEwMDAwMDM2OTIxMDcyNTpWSzoyNTE1NzkxNjQzMDUxNzEzMw==_0.jpg
/images/UzpfSTYxNTc3MDA4NDM2MTQ5OlZLOjI1MTUzOTMxMDM0MjQ5MDA2_0.jpg	0.714806	high_directional_coverage	"2025-12-08練大字
為人有德天長佑，
行善無求福自來。"	"為
人
有
德
天
長
佑
行
善
無
求
福
自
来
2025. 12. 08. 孟冬
陳富春書"	/mnt/Suran_database/Users/thanhthanh_workspace/Project/NLP_K35/xlnntn_hp2_friend/data/mrDuc_data/Images/UzpfSTYxNTc3MDA4NDM2MTQ5OlZLOjI1MTUzOTMxMDM0MjQ5MDA2_0.jpg
/images/UzpfSTEwMDAwMDM2NjMwMzY2NTpWSzoyNTE1NzQyMDgzNzIzMzM1OQ==_0.jpg	0.825778	high_directional_coverage	"2025-12-08
中華字經
030
網絡通訊，程控遙感。
驅逐艦艇，洲際導彈。
激光輻射，捆綁火箭。"	"網絡通訊程控
遙感驅逐艦艇
洲際導彈激光
輻射捆綁火箭
中華字經二三〇乙巳冬妙生書"	/mnt/Suran_database/Users/thanhthanh_workspace/Project/NLP_K35/xlnntn_hp2_friend/data/mrDuc_data/Images/UzpfSTEwMDAwMDM2NjMwMzY2NTpWSzoyNTE1NzQyMDgzNzIzMzM1OQ==_0.jpg
/images/UzpfSTEwMDAwMDM2OTIxMDcyNTpWSzoyNTEyNTMyNzk3MDQ0MjY0Ng==_0.jpg	0.846667	high_directional_coverage	道識虛遠表裏融通，器懷沉密文史優裕。今天的練習01	"道
識
壼
遠
表
裏
融
通
器
懷
沈
密
文
史
優
裕"	/mnt/Suran_database/Users/thanhthanh_workspace/Project/NLP_K35/xlnntn_hp2_friend/data/mrDuc_data/Images/UzpfSTEwMDAwMDM2OTIxMDcyNTpWSzoyNTEyNTMyNzk3MDQ0MjY0Ng==_0.jpg
/images/UzpfSTEwMDAwOTU5NjQwODMyMzpWSzoyNTE1NDM5ODcyMDg2ODkwNA==_0.jpg	0.754538	high_directional_coverage	秋風引(劉禹錫) -何處秋風至，蕭蕭送雁群。 朝來入庭樹，孤客最先聞！謝謝！	"何
處
秋
風
至
蕭
送
雁
羣
朝
來
入
庭
樹
孤
客
最
先
聞
愚書"	/mnt/Suran_database/Users/thanhthanh_workspace/Project/NLP_K35/xlnntn_hp2_friend/data/mrDuc_data/Images/UzpfSTEwMDAwOTU5NjQwODMyMzpWSzoyNTE1NDM5ODcyMDg2ODkwNA==_0.jpg
/images/UzpfSTEwMDAwNjk5OTg0Mzk5MjpWSzoyNTE1MzUwMTU3MDk1ODYxOQ==_0.jpg	0.712487	high_directional_coverage	"書友早安舒心😃
習字塗鴉分享🙏
杜牧:泊秦淮
煙籠寒水月籠沙，夜泊秦淮近酒家。
商女不知亡國恨，隔江猶唱後庭花。
✍️於:烘爐茶壺"	"煙
籠
寒
水
月
籠
沙
夜
泊
秦
淮
近
酒
家
商
女
不
知
亡
國
恨
隔
江
猶
唱
後
庭
花
杜牧
泊秦淮
乙巳
錫彬
書"	/mnt/Suran_database/Users/thanhthanh_workspace/Project/NLP_K35/xlnntn_hp2_friend/data/mrDuc_data/Images/UzpfSTEwMDAwNjk5OTg0Mzk5MjpWSzoyNTE1MzUwMTU3MDk1ODYxOQ==_0.jpg
/images/UzpfSTEwMDAwMzI4NDg3MDY0MDpWSzoyNTE0NjU0MzY2ODMyMTA3Ng==_2.jpg	0.67752	combined_score_above_threshold	"我甚愛東坡居士這段話給人的正能量…

《赤壁賦》說：
惟江上之清風，與山間之明月，耳得之而為聲，目遇之而成色，取之無禁，用之不竭。此乃造物者之無盡藏也。"	"惟江上之清風
與山間之明月
耳得之
而為聲
目遇之而成色
取之無
禁用之不竭
是造物者之無盡藏也
蘇東坡前赤壁賦句于香港中秋徐金
乙亥雪深書"	/mnt/Suran_database/Users/thanhthanh_workspace/Project/NLP_K35/xlnntn_hp2_friend/data/mrDuc_data/Images/UzpfSTEwMDAwMzI4NDg3MDY0MDpWSzoyNTE0NjU0MzY2ODMyMTA3Ng==_2.jpg
/images/UzpfSTEwMDAwMzI4NDg3MDY0MDpWSzoyNTEzODQ2MDUwMjQ2MjcyNg==_0.jpg	0.681578	combined_score_above_threshold	"蘇東坡在赤壁賦中進入到哲學思維範疇的一段話…

蓋將自其變者而觀之，則天地曾不能以一瞬；自其不變者而觀之，則物與我皆無盡也，而又何羨乎！"	"蓋將自其變者而觀之則天地
曾不能以一瞬自其不變者而觀
之則物與我皆無盡也而又何羨乎
丙戌孟春於奎中杉竹僊舍己丑初冬霏煌"	/mnt/Suran_database/Users/thanhthanh_workspace/Project/NLP_K35/xlnntn_hp2_friend/data/mrDuc_data/Images/UzpfSTEwMDAwMzI4NDg3MDY0MDpWSzoyNTEzODQ2MDUwMjQ2MjcyNg==_0.jpg
/images/UzpfSTEwMDAwMDM2OTIxMDcyNTpWSzoyNTE0OTg2ODcwMTMyMTkwNg==_0.jpg	0.89216	one_text_contains_the_other	山一程，水一程，身向榆關那畔行，夜深千帳燈。風一更，雪一更，聒碎鄉心夢不成，故園無此聲。今天的練習03	"山一程水一程身向榆關那畔
行夜深千帳燈風一更雪一更聒
碎鄉心夢不成故園無此聲
淸人納蘭容若長相思己巳冬"	/mnt/Suran_database/Users/thanhthanh_workspace/Project/NLP_K35/xlnntn_hp2_friend/data/mrDuc_data/Images/UzpfSTEwMDAwMDM2OTIxMDcyNTpWSzoyNTE0OTg2ODcwMTMyMTkwNg==_0.jpg
/images/UzpfSTEwMDAwMzI4NDg3MDY0MDpWSzoyNTE0NjU0MzY2ODMyMTA3Ng==_3.jpg	0.773483	high_directional_coverage	"我甚愛東坡居士這段話給人的正能量…

《赤壁賦》說：
惟江上之清風，與山間之明月，耳得之而為聲，目遇之而成色，取之無禁，用之不竭。此乃造物者之無盡藏也。"	"惟江之清風與山間之明月耳
得之而爲目遇之而成色取之無
禁用之不竭是造物者之無盡藏也"	/mnt/Suran_database/Users/thanhthanh_workspace/Project/NLP_K35/xlnntn_hp2_friend/data/mrDuc_data/Images/UzpfSTEwMDAwMzI4NDg3MDY0MDpWSzoyNTE0NjU0MzY2ODMyMTA3Ng==_3.jpg
/images/UzpfSTEwMDAwMzI4NDg3MDY0MDpWSzoyNTE0NjU0MzY2ODMyMTA3Ng==_1.jpg	0.658019	high_directional_coverage	"我甚愛東坡居士這段話給人的正能量…

《赤壁賦》說：
惟江上之清風，與山間之明月，耳得之而為聲，目遇之而成色，取之無禁，用之不竭。此乃造物者之無盡藏也。"	"惟
江
之
清
風
耳
得
之
而
為
聲
與
山
之
目
遇
之
而
成
色
取
禁
用
之
竭
是
造
物
者
之
無
盡"	/mnt/Suran_database/Users/thanhthanh_workspace/Project/NLP_K35/xlnntn_hp2_friend/data/mrDuc_data/Images/UzpfSTEwMDAwMzI4NDg3MDY0MDpWSzoyNTE0NjU0MzY2ODMyMTA3Ng==_1.jpg
/images/UzpfSTEwMDA1NzYxNjk4NjQyNjpWSzoyNTE1MDMwMDQ4MTI3ODcyOA==_0.jpg	0.957198	high_directional_coverage	"大雪
[宋] 魯交
萬象曉一色，皓然天地中。
楚山雲母障，漢殿水精宮。
遠近梅花信，高低柳絮風。
吟魂清不徹，和月上晴空。"	"大
雪
大雪 [宋] 魯交
萬象曉一色，皓然天地中。楚山雲冊障，漢殿水精宮。
遠近梅花信，高低柳絮風。吟魂清不徹，和月上晴空。"	/mnt/Suran_database/Users/thanhthanh_workspace/Project/NLP_K35/xlnntn_hp2_friend/data/mrDuc_data/Images/UzpfSTEwMDA1NzYxNjk4NjQyNjpWSzoyNTE1MDMwMDQ4MTI3ODcyOA==_0.jpg
/images/UzpfSTEwMDA1NzYxNjk4NjQyNjpWSzoyNTE1MDMwMDQ4MTI3ODcyOA==_1.jpg	0.941947	high_directional_coverage	"大雪
[宋] 魯交
萬象曉一色，皓然天地中。
楚山雲母障，漢殿水精宮。
遠近梅花信，高低柳絮風。
吟魂清不徹，和月上晴空。"	"大
雪
大雪[宋]魯交
萬象曉一色，皓然天地中。楚山雲冉障，漢殿水精宮。
遠近梅花信，高低柳絮風。吟魂清不徹，和月上晴空。
大雪"	/mnt/Suran_database/Users/thanhthanh_workspace/Project/NLP_K35/xlnntn_hp2_friend/data/mrDuc_data/Images/UzpfSTEwMDA1NzYxNjk4NjQyNjpWSzoyNTE1MDMwMDQ4MTI3ODcyOA==_1.jpg
/images/UzpfSTEwMDAwMzUzNjA0MTQ0NzpWSzoyNTE0NDc3MDM1MTgzMTc0MQ==_0.jpg	0.802617	high_directional_coverage	"行草 韋應物 滁州西澗🙏☕😎

獨憐幽草澗邊生
上有黃鸝深樹鳴
春潮帶雨晚來急
野渡無人舟自橫"	"獨憐幽草澗邊生
上有黃鸝深樹鳴
春潮帶雨晚來急
野渡無人舟自橫
韋應物滁州西澗
己酉菊月
伯欽"	/mnt/Suran_database/Users/thanhthanh_workspace/Project/NLP_K35/xlnntn_hp2_friend/data/mrDuc_data/Images/UzpfSTEwMDAwMzUzNjA0MTQ0NzpWSzoyNTE0NDc3MDM1MTgzMTc0MQ==_0.jpg
/images/UzpfSTEwMDAwMDM2OTIxMDcyNTpWSzoyNTE0OTg2NDM5NDY1NTY3MA==_0.jpg	0.621978	combined_score_above_threshold	軟炊香甑桃花飯，淺酌清尊竹葉醅。今天的練習01	"軟炊香甑糲黍飯
淺酌清尊漉菜酪"	/mnt/Suran_database/Users/thanhthanh_workspace/Project/NLP_K35/xlnntn_hp2_friend/data/mrDuc_data/Images/UzpfSTEwMDAwMDM2OTIxMDcyNTpWSzoyNTE0OTg2NDM5NDY1NTY3MA==_0.jpg
/images/UzpfSTEwMDAwMDM2OTIxMDcyNTpWSzoyNTA5NDUyODkzMDE4OTIxNw==_0.jpg	0.88765	one_text_contains_the_other	涼風起天末，君子意如何。鴻雁幾時到，江湖秋水多。文章憎命達，魑魅喜人過。應共冤魂語，投詩贈汨羅。今天的練習03	"涼風起天末君子意如何鴻雁幾
時到江湖秋水多文章憎命達魑
魅喜人過應共冤魂語投詩贈汨羅
老杜工部詩天末懷李白
乙巳冬月"	/mnt/Suran_database/Users/thanhthanh_workspace/Project/NLP_K35/xlnntn_hp2_friend/data/mrDuc_data/Images/UzpfSTEwMDAwMDM2OTIxMDcyNTpWSzoyNTA5NDUyODkzMDE4OTIxNw==_0.jpg
/images/UzpfSTE1MDcxMzU5NTI6Vks6MjUxNDU2NDg1OTE3NDM5MTc=_0.jpg	0.805357	one_text_contains_the_other	乙巳節氣平安	"乙巳節氣平安
大
雪
明仁"	/mnt/Suran_database/Users/thanhthanh_workspace/Project/NLP_K35/xlnntn_hp2_friend/data/mrDuc_data/Images/UzpfSTE1MDcxMzU5NTI6Vks6MjUxNDU2NDg1OTE3NDM5MTc=_0.jpg
/images/UzpfSTEwMDAwMDM2OTIxMDcyNTpWSzoyNTExNzE0MDI1MTI2MTQxOA==_0.jpg	0.88765	one_text_contains_the_other	昔聞洞庭水，今上岳陽樓。 吳楚東南坼，乾坤日夜浮。 親朋無一字，老病有孤舟。 戎馬關山北，憑軒涕泗流。今天的練習03	"昔聞洞庭水今上岳陽樓吳楚東
南坼乾坤日夜浮親朋無一字老
病有孤舟戎馬關山北憑軒涕泗流
唐杜工部詩登岳陽樓
己巳冬月吉"	/mnt/Suran_database/Users/thanhthanh_workspace/Project/NLP_K35/xlnntn_hp2_friend/data/mrDuc_data/Images/UzpfSTEwMDAwMDM2OTIxMDcyNTpWSzoyNTExNzE0MDI1MTI2MTQxOA==_0.jpg
/images/UzpfSTEwMDA4MTQ5Nzk3NTM4MTpWSzoyNTE0NjA4NDExMTcwMDM2NQ==_0.jpg	0.664286	one_text_contains_the_other	澹有真趣。	"澹
有
真
趣
庚子冬丁昭静"	/mnt/Suran_database/Users/thanhthanh_workspace/Project/NLP_K35/xlnntn_hp2_friend/data/mrDuc_data/Images/UzpfSTEwMDA4MTQ5Nzk3NTM4MTpWSzoyNTE0NjA4NDExMTcwMDM2NQ==_0.jpg
/images/UzpfSTEwMDAwMDM2OTIxMDcyNTpWSzoyNTEzMzYxMjI2OTYxNDIxNg==_0.jpg	0.789355	high_directional_coverage	蘋滿溪。柳繞堤。相送行人溪水西。回時隴月低。 煙霏霏。風悽悽。重倚朱門聽馬嘶。寒鷗相對飛。今天的練習03	"蘋滿溪柳繞堤相送行人溪水西
時朧月低煙霏霏風悽悽重倚朱門
聽馬嘶寒鷗相並飛
宋人歐陽永叔長相思 乙巳冬月三吉"	/mnt/Suran_database/Users/thanhthanh_workspace/Project/NLP_K35/xlnntn_hp2_friend/data/mrDuc_data/Images/UzpfSTEwMDAwMDM2OTIxMDcyNTpWSzoyNTEzMzYxMjI2OTYxNDIxNg==_0.jpg
/images/UzpfSTEwMDAwMzUzNjA0MTQ0NzpWSzoyNTEzNjcwODU0NTk3MTI1NQ==_0.jpg	0.874769	high_directional_coverage	"行草 辛棄疾 醜奴兒🙏☕😎

少年不識愁滋味
愛上層樓 愛上層樓
為賦新詞強說愁
而今識盡愁滋味
欲說還休 欲說還休
卻道天涼好個秋"	"少
年
不
識
愁
滋
味
愛
上
層
樓
愛
上
層
樓
為
賦
新
詞
強
說
愁
而
今
識
盡
愁
滋
味
欲
說
還
休
欲
說
還
休
卻
道
天
涼
好
個
秋
辛棄疾
醜奴兒
己菊月
佰銘"	/mnt/Suran_database/Users/thanhthanh_workspace/Project/NLP_K35/xlnntn_hp2_friend/data/mrDuc_data/Images/UzpfSTEwMDAwMzUzNjA0MTQ0NzpWSzoyNTEzNjcwODU0NTk3MTI1NQ==_0.jpg
/images/UzpfSTEwMDAwMDM2OTIxMDcyNTpWSzoyNTE0MTgwNTQyODc5NDkwMA==_0.jpg	0.771842	one_text_contains_the_other	莫問紅塵多少事，青山依舊伴君行。今天的練習01	"莫問紅塵多少事
青山依舊伴君行
乙巳冬月之吉 葉吉書於高雄"	/mnt/Suran_database/Users/thanhthanh_workspace/Project/NLP_K35/xlnntn_hp2_friend/data/mrDuc_data/Images/UzpfSTEwMDAwMDM2OTIxMDcyNTpWSzoyNTE0MTgwNTQyODc5NDkwMA==_0.jpg
/images/UzpfSTEwMDAwMDM2OTIxMDcyNTpWSzoyNTEwOTU4NjU2NTM1MDEyMA==_0.jpg	1.0	one_text_contains_the_other	雍容合度方為禮，姑息存心不是恩。今天的練習01	"雍容合度方為禮
姑息存心不是恩"	/mnt/Suran_database/Users/thanhthanh_workspace/Project/NLP_K35/xlnntn_hp2_friend/data/mrDuc_data/Images/UzpfSTEwMDAwMDM2OTIxMDcyNTpWSzoyNTEwOTU4NjU2NTM1MDEyMA==_0.jpg
/images/UzpfSTEwMDAwMDM2NjMwMzY2NTpWSzoyNTE0MDAzOTQ0NTYzODE2NQ==_0.jpg	0.712562	combined_score_above_threshold	"2025-12-06
中華字經
029
第九課 科技16
試管嬰兒，克隆遺傳。
細胞速冷，脱氧核酸。
脈衝數碼，幾何規範。"	"試
管
嬰
兒
克
隆
遺
傳
細
胞
速
冷
脫
氧
核
酸
脈
衝
數
碼
幾
何
規
範
中華字經
〇二九
乙巳冬
郭生雅書"	/mnt/Suran_database/Users/thanhthanh_workspace/Project/NLP_K35/xlnntn_hp2_friend/data/mrDuc_data/Images/UzpfSTEwMDAwMDM2NjMwMzY2NTpWSzoyNTE0MDAzOTQ0NTYzODE2NQ==_0.jpg
/images/UzpfSTEwMDAwMTA0NTA1MTEwOTpWSzoyNTEzNzQ1MDg0OTIzMDM1OA==_0.jpg	0.345629	one_text_contains_the_other	"觀能自在
一日一抱365

觀。觀照。觀行能力…
專注，
如日如月處空不住空

書法書寫的不只是寫出更高的境界，而是寫出每一個當下的覺知情照！"	"如
日
如
月"	/mnt/Suran_database/Users/thanhthanh_workspace/Project/NLP_K35/xlnntn_hp2_friend/data/mrDuc_data/Images/UzpfSTEwMDAwMTA0NTA1MTEwOTpWSzoyNTEzNzQ1MDg0OTIzMDM1OA==_0.jpg
/images/UzpfSTEwMDAwMzUzNjA0MTQ0NzpWSzoyNTExOTc2NjAzMDk5ODg0MA==_0.jpg	0.715	combined_score_above_threshold	"行草 節錄 蘇軾 水調歌頭 句🙏☕😎

人有悲歡離合
月有陰晴圓缺
此事古難全
但願人長久
千里共嬋娟"	"人
有
悲
歡
離
合
月
有
陰
晴
圓
缺
此
事
古
難
全
但
願
人
長
久
千
里
共
嬋
娟
苏
轼
水
调
歌
头
词
首
己
丑
月
录"	/mnt/Suran_database/Users/thanhthanh_workspace/Project/NLP_K35/xlnntn_hp2_friend/data/mrDuc_data/Images/UzpfSTEwMDAwMzUzNjA0MTQ0NzpWSzoyNTExOTc2NjAzMDk5ODg0MA==_0.jpg
/images/UzpfSTEwMDAwMTA0NTA1MTEwOTpWSzoyNTEzNzQ1MDg0OTIzMDM1OA==_2.jpg	0.345629	one_text_contains_the_other	"觀能自在
一日一抱365

觀。觀照。觀行能力…
專注，
如日如月處空不住空

書法書寫的不只是寫出更高的境界，而是寫出每一個當下的覺知情照！"	"如
日
如
月"	/mnt/Suran_database/Users/thanhthanh_workspace/Project/NLP_K35/xlnntn_hp2_friend/data/mrDuc_data/Images/UzpfSTEwMDAwMTA0NTA1MTEwOTpWSzoyNTEzNzQ1MDg0OTIzMDM1OA==_2.jpg
/images/UzpfSTEwMDAwMDM2OTIxMDcyNTpWSzoyNTE0MTgwOTM4MjEyNzgzOA==_0.jpg	0.744803	high_directional_coverage	說相思，問相思，楓落吳江雁去遲。天寒二九時。 怨誰知？夢誰知？可有梅花寄一枝？雪來翠羽飛。今天的練習03	"說相思問紅葉楓落吳江雁去遲
寒二九時怨誰知夢無期說有梅花
寄一枝雪來翠羽飛
清吳錫麒長相思
乙巳冬月之吉"	/mnt/Suran_database/Users/thanhthanh_workspace/Project/NLP_K35/xlnntn_hp2_friend/data/mrDuc_data/Images/UzpfSTEwMDAwMDM2OTIxMDcyNTpWSzoyNTE0MTgwOTM4MjEyNzgzOA==_0.jpg
/images/UzpfSTEwMDAwNTI1MjQzNDExNDpWSzoyNTEzMzQwMzYwNjMwMTc0OQ==_0.jpg	0.608374	one_text_contains_the_other	"*李白名句  廬山謠寄盧侍禦虚舟。
*五嶽尋仙不辭遠，一生好入名山遊。

*李白的人生寫照，不當宅男。

*五嶽一生，不好?"	"五嶽尋仙
不辭遠
一生
好入名山遊"	/mnt/Suran_database/Users/thanhthanh_workspace/Project/NLP_K35/xlnntn_hp2_friend/data/mrDuc_data/Images/UzpfSTEwMDAwNTI1MjQzNDExNDpWSzoyNTEzMzQwMzYwNjMwMTc0OQ==_0.jpg
/images/UzpfSTEwMDAwMDM2OTIxMDcyNTpWSzoyNTEyNTMyOTgyMzc3NTc5NA==_0.jpg	1.0	one_text_contains_the_other	柳綠花紅。今天的練習02	"柳
綠
花
紅"	/mnt/Suran_database/Users/thanhthanh_workspace/Project/NLP_K35/xlnntn_hp2_friend/data/mrDuc_data/Images/UzpfSTEwMDAwMDM2OTIxMDcyNTpWSzoyNTEyNTMyOTgyMzc3NTc5NA==_0.jpg
/images/UzpfSTEwMDAwODM2NDIxNzM5NTpWSzoyNTExNzI3NjU3NzkxNDQ1Mg==_0.jpg	0.924252	high_directional_coverage	"唐    魏徵     述懷
中原初逐鹿，投筆從戎軒。縱橫計不就，慷慨志猶存。杖策謁天子，驅馬出關門。請纓繫南粵，憑軾下東藩。鬱紆陟高軸，出沒望平原。古木鳴寒鳥，空山啼夜猿。既傷千里目，還驚九逝魂。豈不憚艱險？深懷國士恩。季布無二諾，侯嬴重一言。人生感意氣，功名誰復論。"	"中原初逐鹿投筆從戎軒縱橫計不就慷慨志猶存杖策謁天
子馳馬出關門請纓繫南粵憑軾下東藩鬱紆陟高岫出沒
望平原古木鳴寒鳥空山啼夜猿既傷千里目還驚九折魂豈不
憚艱險深懷國士恩季布無二諾侯嬴重一言人生感意氣功名誰復論
唐魏徵述懷
己巳冬月"	/mnt/Suran_database/Users/thanhthanh_workspace/Project/NLP_K35/xlnntn_hp2_friend/data/mrDuc_data/Images/UzpfSTEwMDAwODM2NDIxNzM5NTpWSzoyNTExNzI3NjU3NzkxNDQ1Mg==_0.jpg
/images/UzpfSTEwMDAwMDM2OTIxMDcyNTpWSzoyNTEyNTMzMTk2MDQ0MjI0Nw==_0.jpg	0.603702	combined_score_above_threshold	汴水流，泗水流，流到瓜州古渡頭。吳山點點愁。思悠悠，恨悠悠，恨到歸時方始休。月明人倚樓。今天的練習02	"汴水流泗水流送客到瓜洲吴山点
愁思悠悠恨悠悠恨到归时方始
休月明人倚楼
唐人白乐天长相思
乙巳冬月之吉"	/mnt/Suran_database/Users/thanhthanh_workspace/Project/NLP_K35/xlnntn_hp2_friend/data/mrDuc_data/Images/UzpfSTEwMDAwMDM2OTIxMDcyNTpWSzoyNTEyNTMzMTk2MDQ0MjI0Nw==_0.jpg
/images/UzpfSTEwMDAwMDM2NjMwMzY2NTpWSzoyNTEzMTA3NTg2NjUzNDUyMw==_0.jpg	0.786758	high_directional_coverage	"2025-12-05
中華字經
028
河圖洛書，算術九章。
西三紅水，聊儒瓶廂。
詩詞曲賦，戲劇説唱。"	"河圖洛書算術
九章西三紅水
聊儒瓶廂詩詞
曲賦戲劇說唱
中華字經三八乙巳冬書于静"	/mnt/Suran_database/Users/thanhthanh_workspace/Project/NLP_K35/xlnntn_hp2_friend/data/mrDuc_data/Images/UzpfSTEwMDAwMDM2NjMwMzY2NTpWSzoyNTEzMTA3NTg2NjUzNDUyMw==_0.jpg
/images/UzpfSTEwMDAwMDM2NjMwMzY2NTpWSzoyNTEyNDI0NzA1Mzg4NDA3MQ==_0.jpg	0.599265	combined_score_above_threshold	"2025-12-04週四
今天週四，祝大家週間愉快。

12/7大雪，請幫我寫一首七言絕句。謝謝你。

大雪by AI
12月大雪染山川，  
白衣素裹映天邊。  
松風凜冽寒光裏，  
靜看梅花傲雪鮮。"	"十二
月
大
雪
染
山
川
白
衣
素
裏
映
天
邊
松
風
凜
冽
寒
光
裏
靜
看
梅
花
傲
雪
鮮
大雪于己巳冬
珍書"	/mnt/Suran_database/Users/thanhthanh_workspace/Project/NLP_K35/xlnntn_hp2_friend/data/mrDuc_data/Images/UzpfSTEwMDAwMDM2NjMwMzY2NTpWSzoyNTEyNDI0NzA1Mzg4NDA3MQ==_0.jpg
/images/UzpfSTEwMDAwMzI4NDg3MDY0MDpWSzoyNTEyMDg1MzIwNzU1Njc4OQ==_1.jpg	0.725818	high_directional_coverage	"東坡居士在黃州時寫赤壁賦時，滿紙的是道家無為的思想…

哀吾生之須臾，羨長江之無窮。挾飛仙以遨遊，抱明月而長終。知不可乎驟得，托遺響於悲風。
- 節錄赤壁賦"	"哀吾生之須臾羨長江之無窮挾
飛仙以遨遊抱明月而長終知
不可乎驟得託遺響於悲風
節錄蘇東坡前赤壁賦於志中杉原"	/mnt/Suran_database/Users/thanhthanh_workspace/Project/NLP_K35/xlnntn_hp2_friend/data/mrDuc_data/Images/UzpfSTEwMDAwMzI4NDg3MDY0MDpWSzoyNTEyMDg1MzIwNzU1Njc4OQ==_1.jpg
/images/UzpfSTEwMDA4MTQ5Nzk3NTM4MTpWSzoyNTEyMTE3MzQwNDE5MTQzNg==_0.jpg	0.635641	one_text_contains_the_other	吉祥如意。	"吉
祥
如
意
己亥大雪丁明書"	/mnt/Suran_database/Users/thanhthanh_workspace/Project/NLP_K35/xlnntn_hp2_friend/data/mrDuc_data/Images/UzpfSTEwMDA4MTQ5Nzk3NTM4MTpWSzoyNTEyMTE3MzQwNDE5MTQzNg==_0.jpg
/images/UzpfSTEwMDAwMDM2OTIxMDcyNTpWSzoyNTEwOTU5NDgxNTM0OTI5NQ==_0.jpg	0.863133	high_directional_coverage	東皋薄暮望，徙倚欲何依。樹樹皆秋色，山山唯落暉。牧人驅犢返，獵馬帶禽歸。相顧無相識，長歌懷采薇。今天的練習03	"東皋薄暮望徙倚欲何依樹々皆
秋色山々唯落暉牧人驅犢返獵
馬帶禽歸相顧無相識長歌懷采薇
唐人王績詩野望 乙巳冬月之吉"	/mnt/Suran_database/Users/thanhthanh_workspace/Project/NLP_K35/xlnntn_hp2_friend/data/mrDuc_data/Images/UzpfSTEwMDAwMDM2OTIxMDcyNTpWSzoyNTEwOTU5NDgxNTM0OTI5NQ==_0.jpg
/images/UzpfSTEwMDAwMzUzNjA0MTQ0NzpWSzoyNTExMjU5MzQ1NTA0OTQzMQ==_0.jpg	0.767108	high_directional_coverage	"行草 節 李白 將進酒 句🙏☕😎

人生得意須盡歡
莫使金樽空對月
烹羊宰牛且為樂
會須一飲三百杯"	"人
生
得
意
須
盡
歡
莫
使
金
樽
空
對
月
烹
羊
宰
牛
且
爲
樂
會
須
一飲
三
百
杯
節
李
白
將
進
酒
己
巳
菊
月
伯
輿"	/mnt/Suran_database/Users/thanhthanh_workspace/Project/NLP_K35/xlnntn_hp2_friend/data/mrDuc_data/Images/UzpfSTEwMDAwMzUzNjA0MTQ0NzpWSzoyNTExMjU5MzQ1NTA0OTQzMQ==_0.jpg
/images/UzpfSTEwMDAwMDM2OTIxMDcyNTpWSzoyNTA4NzA4ODM0NDI2NjYwOQ==_0.jpg	1.0	one_text_contains_the_other	豁然貫通。今天的練習02	"豁
然
貫
通"	/mnt/Suran_database/Users/thanhthanh_workspace/Project/NLP_K35/xlnntn_hp2_friend/data/mrDuc_data/Images/UzpfSTEwMDAwMDM2OTIxMDcyNTpWSzoyNTA4NzA4ODM0NDI2NjYwOQ==_0.jpg
/images/UzpfSTEwNzE5OTI5NzA6Vks6MjUxMTI2NzA5MDUwNDE2ODY=_0.jpg	0.627193	combined_score_above_threshold	"3/12/2025 雅各共賞

墨舞清風皆有道
胸怀大雅自無俗"	"墨舞清風皆吾道
胸懷大雅自無俗
己巳之春有權"	/mnt/Suran_database/Users/thanhthanh_workspace/Project/NLP_K35/xlnntn_hp2_friend/data/mrDuc_data/Images/UzpfSTEwNzE5OTI5NzA6Vks6MjUxMTI2NzA5MDUwNDE2ODY=_0.jpg
/images/UzpfSTEwMDAwMDM2NjMwMzY2NTpWSzoyNTExNjIwNDI4MTM1NTAxNQ==_0.jpg	0.786758	high_directional_coverage	"2025-12-03
中華字經
027
羅盤硝藥，針灸療傷。
拼牌撥珠，圍棋麻綱。
易經論語，史記達暢。"	"羅盤硝藥針灸
療傷拼牌撥珠
圍棋麻網易經
論語史記達暢
中華字經〇二七乙巳冬珍珍書"	/mnt/Suran_database/Users/thanhthanh_workspace/Project/NLP_K35/xlnntn_hp2_friend/data/mrDuc_data/Images/UzpfSTEwMDAwMDM2NjMwMzY2NTpWSzoyNTExNjIwNDI4MTM1NTAxNQ==_0.jpg
/images/UzpfSTY3MTc0OTU2NDpWSzoyNTExMjc0Mzk3MTcwMTA0Ng==_0.jpg	0.705315	high_directional_coverage	"人生雖有萬般苦，

但求平凡度春秋。

*************************************

網歌：

手中的煙，解不了寂寞萬絲苦；

碗裡的酒，飲盡了千般萬種愁。

人生雖有萬般苦，

但求平凡度春秋。

愁苦只因貪欲心中留。"	"人生雖有萬般苦
但求平凡度春秋
人生雖有萬般苦，
但求平凡度春秋。"	/mnt/Suran_database/Users/thanhthanh_workspace/Project/NLP_K35/xlnntn_hp2_friend/data/mrDuc_data/Images/UzpfSTY3MTc0OTU2NDpWSzoyNTExMjc0Mzk3MTcwMTA0Ng==_0.jpg
/images/UzpfSTEwMDA4MTQ5Nzk3NTM4MTpWSzoyNTEwNTkyNzE1MjM4MjcyOA==_0.jpg	0.635641	one_text_contains_the_other	神采精妙	"神采精妙
辛丑霜降丁昭雅"	/mnt/Suran_database/Users/thanhthanh_workspace/Project/NLP_K35/xlnntn_hp2_friend/data/mrDuc_data/Images/UzpfSTEwMDA4MTQ5Nzk3NTM4MTpWSzoyNTEwNTkyNzE1MjM4MjcyOA==_0.jpg
/images/UzpfSTEwMDAwMDM2NjMwMzY2NTpWSzoyNTEwNzQzNDcyMjIzMTk3MQ==_0.jpg	0.75105	high_directional_coverage	"2025-12-02
中華字經
026
扁鵲靈醫，魯班巧匠。
蔡倫畢昇，鑑真玄奘。
僧尼寂寞，菩薩忍常。
（畢昇活字印刷）"	"扁
鵲
靈
醫
魯
班
巧
匠
蔡
倫
畢
昇
鑑
真
玄
奘
僧
尼
寂
寞
菩
薩
忍
常
中華字經
〇二六
乙巳冬
邓
兰
祥"	/mnt/Suran_database/Users/thanhthanh_workspace/Project/NLP_K35/xlnntn_hp2_friend/data/mrDuc_data/Images/UzpfSTEwMDAwMDM2NjMwMzY2NTpWSzoyNTEwNzQzNDcyMjIzMTk3MQ==_0.jpg
/images/UzpfSTEwMDAwMzUzNjA0MTQ0NzpWSzoyNTA5NzA4MTgzNjYwMDU5Mw==_0.jpg	0.747696	high_directional_coverage	"行草 王勃 蜀中九日🙏☕😎

九月九日望鄉臺
他席他鄉送客杯
人今已厭南中苦
鴻雁那從北地來"	"九月九日望鄉台
他席他鄉送客杯
人情已厭南中苦
鴻雁那從北地來
王勃蜀中九日
己酉菊月
伯欽"	/mnt/Suran_database/Users/thanhthanh_workspace/Project/NLP_K35/xlnntn_hp2_friend/data/mrDuc_data/Images/UzpfSTEwMDAwMzUzNjA0MTQ0NzpWSzoyNTA5NzA4MTgzNjYwMDU5Mw==_0.jpg
/images/UzpfSTEwMDAwMDM2OTIxMDcyNTpWSzoyNTEwMTkwMzgwNjExODM5Ng==_0.jpg	1.0	one_text_contains_the_other	筆精墨妙。今天的練習02	"筆
精
墨
妙"	/mnt/Suran_database/Users/thanhthanh_workspace/Project/NLP_K35/xlnntn_hp2_friend/data/mrDuc_data/Images/UzpfSTEwMDAwMDM2OTIxMDcyNTpWSzoyNTEwMTkwMzgwNjExODM5Ng==_0.jpg
/images/UzpfSTEwMDAwMDM2OTIxMDcyNTpWSzoyNTA3MTcxOTk2NTgwMzQ0Nw==_0.jpg	0.85107	high_directional_coverage	明月別枝驚鵲，清風半夜鳴蟬。稻花香裏說豐年，聽取蛙聲一片。 七八個星天外，兩三點雨山前。舊時茅店社(漏字)林邊，路轉溪頭忽見。今天的練習01	"明月別枝驚鵲
清風半夜鳴蟬
稻花香里說豐年
聽取蛙聲一片
七八個星天外
兩三點雨山前
舊時茅店
社林邊路轉溪橋忽見
宋辛棄疾西江月
己亥葉吉書"	/mnt/Suran_database/Users/thanhthanh_workspace/Project/NLP_K35/xlnntn_hp2_friend/data/mrDuc_data/Images/UzpfSTEwMDAwMDM2OTIxMDcyNTpWSzoyNTA3MTcxOTk2NTgwMzQ0Nw==_0.jpg
/images/UzpfSTEwMDAwMzUzNjA0MTQ0NzpWSzoyNTA1OTExMTMwMzczMDk4MA==_0.jpg	0.648186	combined_score_above_threshold	"行草 宋 蘇軾 絕句三首🙏☕😎

天風吹月入欄干
烏鵲無聲夜向闌
織女明星來枕上
乃知身不在人間"	"天風吹月入欄干
烏鵲無聲夜向深
織女明星來枕上
乃知天上亦人間
録蘇軾詩句之一 己丑秋月"	/mnt/Suran_database/Users/thanhthanh_workspace/Project/NLP_K35/xlnntn_hp2_friend/data/mrDuc_data/Images/UzpfSTEwMDAwMzUzNjA0MTQ0NzpWSzoyNTA1OTExMTMwMzczMDk4MA==_0.jpg
/images/UzpfSTEwMDA1NzYxNjk4NjQyNjpWSzoyNTEwMTQxMjI4NjE2NzU0OA==_3.jpg	0.783333	one_text_contains_the_other	八方來財	"小石齋
八方來財
2.5cmX2.5cm"	/mnt/Suran_database/Users/thanhthanh_workspace/Project/NLP_K35/xlnntn_hp2_friend/data/mrDuc_data/Images/UzpfSTEwMDA1NzYxNjk4NjQyNjpWSzoyNTEwMTQxMjI4NjE2NzU0OA==_3.jpg
/images/UzpfSTEwMDA1NzYxNjk4NjQyNjpWSzoyNTEwMTQxMjI4NjE2NzU0OA==_2.jpg	0.635641	one_text_contains_the_other	八方來財	"小石齋
八方來財
八方來財
2.5cmX2.5cm"	/mnt/Suran_database/Users/thanhthanh_workspace/Project/NLP_K35/xlnntn_hp2_friend/data/mrDuc_data/Images/UzpfSTEwMDA1NzYxNjk4NjQyNjpWSzoyNTEwMTQxMjI4NjE2NzU0OA==_2.jpg
/images/UzpfSTEwMDA1NzYxNjk4NjQyNjpWSzoyNTEwMTQxMjI4NjE2NzU0OA==_1.jpg	0.783333	one_text_contains_the_other	八方來財	"小石齋
八方來財
2.5cmX2.5cm"	/mnt/Suran_database/Users/thanhthanh_workspace/Project/NLP_K35/xlnntn_hp2_friend/data/mrDuc_data/Images/UzpfSTEwMDA1NzYxNjk4NjQyNjpWSzoyNTEwMTQxMjI4NjE2NzU0OA==_1.jpg
/images/UzpfSTEwMDA1NzYxNjk4NjQyNjpWSzoyNTEwMTQxMjI4NjE2NzU0OA==_0.jpg	0.635641	one_text_contains_the_other	八方來財	"小石齋
八方來財
八方來財
2.5cmX2.5cm"	/mnt/Suran_database/Users/thanhthanh_workspace/Project/NLP_K35/xlnntn_hp2_friend/data/mrDuc_data/Images/UzpfSTEwMDA1NzYxNjk4NjQyNjpWSzoyNTEwMTQxMjI4NjE2NzU0OA==_0.jpg
/images/UzpfSTEwMDAwMzUzNjA0MTQ0NzpWSzoyNTA3NDQ1Mzg2MjE5NjcyNA==_0.jpg	0.76154	high_directional_coverage	"行草 蘇軾 海棠詩🙏☕😎

東風嫋嫋泛崇光
香霧空濛月轉廊
只恐夜深花睡去
故燒高燭照紅粧"	"東風嫋嫋泛崇光
香霧空蒙月轉廊
只恐夜深花睡去
故燒高燭照紅妝
蘇軾海棠詩己巳季秋伯欽"	/mnt/Suran_database/Users/thanhthanh_workspace/Project/NLP_K35/xlnntn_hp2_friend/data/mrDuc_data/Images/UzpfSTEwMDAwMzUzNjA0MTQ0NzpWSzoyNTA3NDQ1Mzg2MjE5NjcyNA==_0.jpg
/images/UzpfSTEwMDAwNTI1MjQzNDExNDpWSzoyNTEwNjI4NTEwMjM0NjkzMw==_0.jpg	0.610317	high_directional_coverage	"*李白名句   江上吟
*興酣落筆摇五岳，

  詩成笑傲凌滄洲。

*詩成於興酣。"	"興酣落筆
搖五岳
詩成笑傲凌滄洲
鄧石如書"	/mnt/Suran_database/Users/thanhthanh_workspace/Project/NLP_K35/xlnntn_hp2_friend/data/mrDuc_data/Images/UzpfSTEwMDAwNTI1MjQzNDExNDpWSzoyNTEwNjI4NTEwMjM0NjkzMw==_0.jpg
/images/UzpfSTEwMDAwMDM2OTIxMDcyNTpWSzoyNTA5NDUyNTM0MDE4OTU3Ng==_0.jpg	0.731274	high_directional_coverage	聲無細聞雖遠猶近，勞而不伐有實若虛。今天的練習01	"叡無細聞雖遠猶近
勞而不伐有實若虛
乙巳冬月之吉
葉吉榘書於高旌"	/mnt/Suran_database/Users/thanhthanh_workspace/Project/NLP_K35/xlnntn_hp2_friend/data/mrDuc_data/Images/UzpfSTEwMDAwMDM2OTIxMDcyNTpWSzoyNTA5NDUyNTM0MDE4OTU3Ng==_0.jpg
/images/UzpfSTEwMDA4OTA0MzM2NTY5MDpWSzoyNTA5MjAxNzUxNzEwNzAyNQ==_0.jpg	0.290067	one_text_contains_the_other	般若波羅蜜多心經。	"般若波羅蜜多心經
余京憲女史敬書
觀自在菩薩行深般若波羅蜜多時照見五蘊皆空度一切苦厄舍利子色不異空空不
異色色即是空空即是色受想行識亦復如是舍利子是諸法空相不生不滅不垢不淨
不增不減是故空中無色無受想行識無眼耳鼻舌身意無色聲香味觸法無眼界乃至無
意識界無無明亦無無明盡乃至無老死亦無老死盡無苦集滅道無智亦無得以無
所得故菩提薩埵依般若波羅蜜多故心無罣礙無罣礙故無有恐怖遠離顛倒夢想究
竟涅槃三世諸佛依般若波羅蜜多故得阿耨多羅三藐三菩提故知般若波羅蜜多是大神咒是
大明咒是無上咒是無等等咒能除一切苦真實不虛故說般若波羅蜜多咒即說咒曰
揭諦揭諦 波羅揭諦 波羅僧揭諦 菩提薩婆訶
二〇二二年夏月書"	/mnt/Suran_database/Users/thanhthanh_workspace/Project/NLP_K35/xlnntn_hp2_friend/data/mrDuc_data/Images/UzpfSTEwMDA4OTA0MzM2NTY5MDpWSzoyNTA5MjAxNzUxNzEwNzAyNQ==_0.jpg
/images/UzpfSTEwMDA4OTA0MzM2NTY5MDpWSzoyNTA5MjAxNzUxNzEwNzAyNQ==_1.jpg	0.292103	one_text_contains_the_other	般若波羅蜜多心經。	"般若波羅蜜多心經
觀自在菩薩行深般若波羅蜜多時照見五蘊皆空度一切苦厄
捨利子色不異空空不異色色即是空空即是色受想行識亦復
如是捨利子是諸法空相不生不滅不垢不淨不增不減是故空
中無色無受想行識無眼耳鼻舌身意無色聲香味觸法無眼界
乃至無意識界無無明亦無無明盡乃至無老死亦無老死盡無
苦集滅道無智亦無得以無所得故菩提薩埵依般若波羅蜜多
故心無罣礙無罣礙故無有恐怖遠離顛倒夢想究竟涅槃三世
諸佛依般若波羅蜜多故得阿耨多羅三藐三菩提故知般若波
羅蜜多是大神咒是大明咒是無上咒是無等等咒能除一切苦
真實不虛故說般若波羅蜜多咒即說咒曰
揭諦揭諦波羅揭諦波羅僧揭諦菩提薩婆訶"	/mnt/Suran_database/Users/thanhthanh_workspace/Project/NLP_K35/xlnntn_hp2_friend/data/mrDuc_data/Images/UzpfSTEwMDA4OTA0MzM2NTY5MDpWSzoyNTA5MjAxNzUxNzEwNzAyNQ==_1.jpg
/images/UzpfSTEwMDA4OTA0MzM2NTY5MDpWSzoyNTA5MjAxNzUxNzEwNzAyNQ==_5.jpg	0.292103	one_text_contains_the_other	般若波羅蜜多心經。	"般若波羅蜜多心經
觀自在菩薩行深般若波羅蜜多時照見五蘊皆空度一切苦厄
捨利子色不異空空不異色色即是空空即是色受想行識亦復
如是捨利子是諸法空相不生不滅不垢不淨不增不減是故空
中無色無受想行識無眼耳鼻舌身意無色聲香味觸法無眼界
乃至無意識界無無明亦無無明盡乃至無老死亦無老死盡無
苦集滅道無智亦無得以無所得故菩提薩埵依般若波羅蜜多
故心無罣礙無罣礙故無有恐怖遠離顛倒夢想究竟涅槃三世
諸佛依般若波羅蜜多故得阿耨多羅三藐三菩提故知般若波
羅蜜多是大神咒是大明咒是無上咒是無等等咒能除一切苦
真實不虛故說般若波羅蜜多咒即說咒曰
揭諦揭諦波羅揭諦波羅僧揭諦
菩提薩婆訶"	/mnt/Suran_database/Users/thanhthanh_workspace/Project/NLP_K35/xlnntn_hp2_friend/data/mrDuc_data/Images/UzpfSTEwMDA4OTA0MzM2NTY5MDpWSzoyNTA5MjAxNzUxNzEwNzAyNQ==_5.jpg
/images/UzpfSTEwMDA4OTA0MzM2NTY5MDpWSzoyNTA5MjAxNzUxNzEwNzAyNQ==_2.jpg	0.289254	one_text_contains_the_other	般若波羅蜜多心經。	"熱心
企進立先生惠存
28
初九日
星期五
般若波羅蜜多心經
觀自在菩薩行深般若波羅蜜多時照見五蘊皆空度一切苦厄舍利子色不異空空不
異色色即是空空即是色受想行識亦復如是舍利子是諸法空相不生不滅不垢不淨
不增不減是故空中無色無受想行識無眼耳鼻舌身意無色聲香味觸法無眼界乃至
無意識界無無明亦無無明盡乃至無老死亦無老死盡無苦集滅道無智亦無得以無
所得故菩提薩埵依般若波羅蜜多故心無罣礙無罣礙故無有恐怖遠離顛倒夢想究
竟涅槃三世諸佛依般若波羅蜜多故得阿耨多羅三藐三菩提故知般若波羅蜜多是大神咒是
大明咒是無上咒是無等等咒能除一切苦真實不虛故說般若波羅蜜多咒即說咒曰
揭諦揭諦波羅揭諦波羅僧揭諦菩提薩婆訶
乙巳冬月書"	/mnt/Suran_database/Users/thanhthanh_workspace/Project/NLP_K35/xlnntn_hp2_friend/data/mrDuc_data/Images/UzpfSTEwMDA4OTA0MzM2NTY5MDpWSzoyNTA5MjAxNzUxNzEwNzAyNQ==_2.jpg
/images/UzpfSTEwMDAwMzI4NDg3MDY0MDpWSzoyNTA3MDMyMDE4MjYxMDA5Mg==_0.jpg	1.0	one_text_contains_the_other	"少小離家老大回
鄉音無改鬢毛衰
兒童相見不相識
笑問客從何處來
-賀知章 回鄉偶書"	"少小離家老大回鄉音無改
鬢毛衰兒童相見不相識笑問
客從何處來
賀知章回鄉偶書"	/mnt/Suran_database/Users/thanhthanh_workspace/Project/NLP_K35/xlnntn_hp2_friend/data/mrDuc_data/Images/UzpfSTEwMDAwMzI4NDg3MDY0MDpWSzoyNTA3MDMyMDE4MjYxMDA5Mg==_0.jpg
/images/UzpfSTEwMDAwMzI4NDg3MDY0MDpWSzoyNTA5MDI0NDE4NzI4NDM1OA==_0.jpg	0.70502	high_directional_coverage	"余好待詔（文徵明）之筆意書之，酌以增減己意，冀不為忤…

吾與子漁樵於江渚之上，侶魚蝦而友麋鹿，駕一葉之扁舟，舉匏樽以相屬。寄蜉蝣於天地，渺滄海之一粟。 - 節蘇東坡赤壁賦"	"吾與子漁樵於江渚之上侶魚蝦而友麋
鹿駕一葉之扁舟舉匏樽以相屬寄
蜉蝣於天地渺滄海之一粟
前赤壁賦句書於庵中松風閣辛丑年立冬"	/mnt/Suran_database/Users/thanhthanh_workspace/Project/NLP_K35/xlnntn_hp2_friend/data/mrDuc_data/Images/UzpfSTEwMDAwMzI4NDg3MDY0MDpWSzoyNTA5MDI0NDE4NzI4NDM1OA==_0.jpg
/images/UzpfSTEwMDAwNjk5OTg0Mzk5MjpWSzoyNTAwMDMzNTgwOTYwODUzMA==_0.jpg	0.784753	high_directional_coverage	"書友早安舒心😃
習字塗鴉分享🙏
白居易《賦得古原草送別》離離原上草，一歲一枯榮。野火燒不盡，春風吹又生。遠芳侵古道，晴翠接荒城。又送王孫去，萋萋滿別情。
書於：烘爐茶壺"	"離離原上草一歲一枯
榮野火燒不盡春風
吹又生遠芳侵古道晴
翠接荒城又送王孫去
萋萋滿別情
居易詩"	/mnt/Suran_database/Users/thanhthanh_workspace/Project/NLP_K35/xlnntn_hp2_friend/data/mrDuc_data/Images/UzpfSTEwMDAwNjk5OTg0Mzk5MjpWSzoyNTAwMDMzNTgwOTYwODUzMA==_0.jpg
/images/UzpfSTEwMDAxNjg4Mjk5NjczMzpWSzoyNTA5MDUwMDkwMzkyNTM1Mw==_0.jpg	0.817187	high_directional_coverage	"亂來一幅！見笑！
春有百花秋有月，夏有涼風冬有雪;
若無閒事掛心頭，便是人間好時節。"	"春
有
百
花
秋
有
月
夏
有
涼
風
冬
有
雪
若
無
閑
事
掛
心
頭
便
是
人
間
好
時
節
愚
魯
外
書"	/mnt/Suran_database/Users/thanhthanh_workspace/Project/NLP_K35/xlnntn_hp2_friend/data/mrDuc_data/Images/UzpfSTEwMDAxNjg4Mjk5NjczMzpWSzoyNTA5MDUwMDkwMzkyNTM1Mw==_0.jpg
/images/UzpfSTEwMDA4OTA0MzM2NTY5MDpWSzoyNTA5MjAxNzUxNzEwNzAyNQ==_4.jpg	0.290346	one_text_contains_the_other	般若波羅蜜多心經。	"般若波羅蜜多心經
念美黃克如寫
觀自在菩薩行深般若波羅蜜多時照見五蘊皆空度一切苦厄舍利子色不異空空不
異色色即是空空即是色受想行識亦復如是舍利子是諸法空相不生不滅不垢不净
不增不減是故空中無色無受想行識無眼耳鼻舌身意無色聲香味觸法無眼界乃至
無意識界無無明亦無無明盡乃至無老死亦無老死盡無苦集滅道無智亦無得以無
所得故菩提薩埵依般若波羅蜜多故心無罣礙無罣礙故無有恐怖遠離顛倒夢想究
竟涅槃諸佛依般若波羅蜜多故得阿耨多羅三藐三菩提故知般若波羅蜜多是大神咒是
大明咒是無上咒是無等等咒能除一切苦真實不虚故說般若波羅蜜多咒即說咒曰
揭諦揭諦
波羅揭諦
波羅僧揭諦
菩提薩婆訶
乙巳年冬黃克如書"	/mnt/Suran_database/Users/thanhthanh_workspace/Project/NLP_K35/xlnntn_hp2_friend/data/mrDuc_data/Images/UzpfSTEwMDA4OTA0MzM2NTY5MDpWSzoyNTA5MjAxNzUxNzEwNzAyNQ==_4.jpg
/images/UzpfSTEwMDAwMzI4NDg3MDY0MDpWSzoyNTA3MDMyMDE4MjYxMDA5Mg==_1.jpg	1.0	one_text_contains_the_other	"少小離家老大回
鄉音無改鬢毛衰
兒童相見不相識
笑問客從何處來
-賀知章 回鄉偶書"	"少小離家老大回鄉音無改
鬢毛衰兒童相見不相識笑問
客從何處來
賀知章回鄉偶書"	/mnt/Suran_database/Users/thanhthanh_workspace/Project/NLP_K35/xlnntn_hp2_friend/data/mrDuc_data/Images/UzpfSTEwMDAwMzI4NDg3MDY0MDpWSzoyNTA3MDMyMDE4MjYxMDA5Mg==_1.jpg
/images/UzpfSTEwMDAwMDM2NjMwMzY2NTpWSzoyNTA5MTg0OTUxMDQ1NzE1OQ==_0.jpg	0.742666	high_directional_coverage	"2025-11-30
中華字經
025
債券股票，博賭輸贏。
聞賺雖喜，跌賠癲瘋。
第八課 文化20
諸子百家，孔孟老莊。"	"債券股票博賭
輸贏聞賺雖喜
跌賠癲瘋諸子
百家孔孟老莊
中華字經〇二五乙巳冬煜之書"	/mnt/Suran_database/Users/thanhthanh_workspace/Project/NLP_K35/xlnntn_hp2_friend/data/mrDuc_data/Images/UzpfSTEwMDAwMDM2NjMwMzY2NTpWSzoyNTA5MTg0OTUxMDQ1NzE1OQ==_0.jpg
/images/UzpfSTEwMDAwMDcwNDYxMzAwMzpWSzoyNTA1MjI5MzIxNzc0NjEyMg==_0.jpg	0.85638	high_directional_coverage	"朱熹。春日
勝日尋芳泗水濱，無邊光景一時新。
等閒識得東風面，萬紫千紅總是春。"	"勝日尋芳泗水濱無邊光景一時
新等閑識得東風面萬紫千紅
總是春
朱熹春日詩
明光"	/mnt/Suran_database/Users/thanhthanh_workspace/Project/NLP_K35/xlnntn_hp2_friend/data/mrDuc_data/Images/UzpfSTEwMDAwMDcwNDYxMzAwMzpWSzoyNTA1MjI5MzIxNzc0NjEyMg==_0.jpg
/images/UzpfSTEwMDAwMDM2OTIxMDcyNTpWSzoyNTA4NzA4NjU0MDkzMzQ1Ng==_0.jpg	0.702162	high_directional_coverage	行不得則反求諸己，躬自厚而薄責于人。今天的練習01	"行有不得則反求諸己
躬自厚而薄責於人
乙巳冬月之吉
萬吉城書於吉林"	/mnt/Suran_database/Users/thanhthanh_workspace/Project/NLP_K35/xlnntn_hp2_friend/data/mrDuc_data/Images/UzpfSTEwMDAwMDM2OTIxMDcyNTpWSzoyNTA4NzA4NjU0MDkzMzQ1Ng==_0.jpg
/images/UzpfSTEwMDAwMzUzNjA0MTQ0NzpWSzoyNTA4MjA4NjU1ODEwMDEyMQ==_0.jpg	0.779493	high_directional_coverage	"行草 唐 劉方平 春怨🙏☕😎

紗窗日落漸黃昏
金屋無人見淚痕
寂寞空庭春欲晚
梨花滿地不開門"	"紗
窓
日
落
漸
黃
昏
金
屋
無
人
見
淚
痕
寂
寞
空
庭
春
欲
晚
梨
花
滿
地
不
開
門
唐
劉
方
平
乙
巳
季
秋
顯"	/mnt/Suran_database/Users/thanhthanh_workspace/Project/NLP_K35/xlnntn_hp2_friend/data/mrDuc_data/Images/UzpfSTEwMDAwMzUzNjA0MTQ0NzpWSzoyNTA4MjA4NjU1ODEwMDEyMQ==_0.jpg
/images/UzpfSTEwMDAwMDM2NjMwMzY2NTpWSzoyNTA4NDg1NDE3NzgyMzM1OQ==_0.jpg	0.70752	combined_score_above_threshold	"2025-11-29
今天週末，祝大家喜樂平安。
寫寫字。

杜子辰《半山人家》
半山深處有人家，
依山傍水遠繁華；
無為不做俗塵事，
輕煮歲月慢煮茶。"	"半
山
深
處
有
人
家
依
山
傍
水
遠
繁
華
無
為
不
做
俗
塵
事
輕
煮
歲
月
慢
煮
茶
半山人家杜子辰
乙巳冬
妙祥"	/mnt/Suran_database/Users/thanhthanh_workspace/Project/NLP_K35/xlnntn_hp2_friend/data/mrDuc_data/Images/UzpfSTEwMDAwMDM2NjMwMzY2NTpWSzoyNTA4NDg1NDE3NzgyMzM1OQ==_0.jpg
/images/UzpfSTEwMDAwMDM2OTIxMDcyNTpWSzoyNTA3OTUxMTA2NTAyNDMzNw==_0.jpg	1.0	one_text_contains_the_other	看畫客無寒具手，論書僧有折釵評。今天的練習01	"看畫客無寒具手
論書僧有折釵評"	/mnt/Suran_database/Users/thanhthanh_workspace/Project/NLP_K35/xlnntn_hp2_friend/data/mrDuc_data/Images/UzpfSTEwMDAwMDM2OTIxMDcyNTpWSzoyNTA3OTUxMTA2NTAyNDMzNw==_0.jpg
/images/UzpfSTEwMDAwMzI4NDg3MDY0MDpWSzoyNTA3NjYzNDUwODY0NTMyNg==_0.jpg	0.600549	high_directional_coverage	"杜小山的这首诗，驱寒溫暖了許多人的冬天…

寒夜客來茶當酒，
竹爐湯沸火初紅。
尋常一樣窗前月，
才有梅花便不同。
- 杜耒 寒夜"	"寒夜客来茶当酒竹炉汤沸
火初红寻常一样窗前月才
梅花便不同
杜耒寒夜诗"	/mnt/Suran_database/Users/thanhthanh_workspace/Project/NLP_K35/xlnntn_hp2_friend/data/mrDuc_data/Images/UzpfSTEwMDAwMzI4NDg3MDY0MDpWSzoyNTA3NjYzNDUwODY0NTMyNg==_0.jpg
/images/UzpfSTEwMDAxMDMwNDc2NjAwNDpWSzoyNTA3MTE0OTA3MjUyNzIwMw==_0.jpg	0.782378	combined_score_above_threshold	"節臨明代唐寅的桃花庵歌
若將富貴比貧賤
一在平地一在天
若將花酒比車馬
他得驅馳我得閒"	"若
將
富
貴
比
貧
賤
一
在
平
地
一
在
天
若
將
花
酒
比
車
馬
他
得
驅
馳
我
得
閒
節
錄
明
代
唐
寅
桃
花
庵
歌
黃
秀
淨
書"	/mnt/Suran_database/Users/thanhthanh_workspace/Project/NLP_K35/xlnntn_hp2_friend/data/mrDuc_data/Images/UzpfSTEwMDAxMDMwNDc2NjAwNDpWSzoyNTA3MTE0OTA3MjUyNzIwMw==_0.jpg
/images/UzpfSTEwMDAwNjk5OTg0Mzk5MjpWSzoyNTA3NTA4MzIxNTQ2NzEyMg==_0.jpg	0.644554	combined_score_above_threshold	"書友早安舒心😃
習字塗鴉分享🙏
出自宋代陸游的《冬夜讀書示子聿》

古人學問無遺力，少壯工夫老始成。
紙上得來終覺淺，絕知此事要躬行。
✍️於:烘爐茶壺"	"古人學問無遺力少
壯工夫老始成紙上得
來終覺淺絕知此事
要躬行
冬夜讀書示子聿
己亥冬月楊明書"	/mnt/Suran_database/Users/thanhthanh_workspace/Project/NLP_K35/xlnntn_hp2_friend/data/mrDuc_data/Images/UzpfSTEwMDAwNjk5OTg0Mzk5MjpWSzoyNTA3NTA4MzIxNTQ2NzEyMg==_0.jpg
/images/UzpfSTEwMDAwMDM2OTIxMDcyNTpWSzoyNTA3OTUxNTI1MTY5MDU4NQ==_0.jpg	0.594838	combined_score_above_threshold	(節錄)勸子一杯酒，清淚不須流。人間千古，俯仰如夢說揚州。何況楚王台畔，為雨為雲無限，人事付輕漚。聚散隨來去，天地有虛舟。今天的練習03	"勸子一杯酒隅溪亦須流人生古俯仰
如夢說南柯何況楚丘畔為西河
雲堂限人事付輕漚聚散隨本去
天地吾虛舟
宋人蘇東坡之水調歌頭
乙巳冬月之吉"	/mnt/Suran_database/Users/thanhthanh_workspace/Project/NLP_K35/xlnntn_hp2_friend/data/mrDuc_data/Images/UzpfSTEwMDAwMDM2OTIxMDcyNTpWSzoyNTA3OTUxNTI1MTY5MDU4NQ==_0.jpg
/images/UzpfSTEwMDAwMDM2NjMwMzY2NTpWSzoyNTA3NzM2OTQxODU3MTgzNQ==_0.jpg	0.825778	high_directional_coverage	"2025-11-28
中華字經
024
抵押拆借，循例不停。
供給需求，市貨充盈。
銷售買賣，虧差餘剩。"	"抵
押
拆
借
循
例
不
停
供
給
需
求
市
貨
充
盈
銷
售
買
賣
虧
差
餘
剩
中
華
字
經
二
〇
二
四
乙
巳
冬
許
金"	/mnt/Suran_database/Users/thanhthanh_workspace/Project/NLP_K35/xlnntn_hp2_friend/data/mrDuc_data/Images/UzpfSTEwMDAwMDM2NjMwMzY2NTpWSzoyNTA3NzM2OTQxODU3MTgzNQ==_0.jpg
/images/UzpfSTYxNTc3MDA4NDM2MTQ5OlZLOjI1MDc1Njg5NzQ4NzM5ODAy_0.jpg	0.611214	combined_score_above_threshold	"2025-11-28練習6格大字
心無事，如山泉自流。
念無憂，恰一葉知秋。"	"心
無
事
如
山
泉
自
流
念
岑
憂
怡
一
葉
知
秋
2025
乙巳年孟春
陳富書"	/mnt/Suran_database/Users/thanhthanh_workspace/Project/NLP_K35/xlnntn_hp2_friend/data/mrDuc_data/Images/UzpfSTYxNTc3MDA4NDM2MTQ5OlZLOjI1MDc1Njg5NzQ4NzM5ODAy_0.jpg
/images/UzpfSTEwMDAwMDM2OTIxMDcyNTpWSzoyNTA3MTcyMzczOTEzNjQwMw==_0.jpg	0.648418	high_directional_coverage	疏枝橫玉瘦，小萼點珠光。 一朵忽先變，百花皆後香。 欲傳春信息，不怕雪埋藏。 玉笛休三弄，東君正主張。今天的練習03	"疏枝横玉瘦小萼点珠光一朵
忽先变百花皆后香好传春信息
不怕雪埋藏玉笛休三弄东风自
主张
宋陈亮诗梅花
乙巳冬月之吉"	/mnt/Suran_database/Users/thanhthanh_workspace/Project/NLP_K35/xlnntn_hp2_friend/data/mrDuc_data/Images/UzpfSTEwMDAwMDM2OTIxMDcyNTpWSzoyNTA3MTcyMzczOTEzNjQwMw==_0.jpg
/images/UzpfSTEwMDAwMzUzNjA0MTQ0NzpWSzoyNTA2NjkyMTQ5Mjk0OTk2MQ==_0.jpg	0.827226	high_directional_coverage	"行草 李煜 相見歡🙏☕😎

無言獨上西樓 
月如鈎
寂寞梧桐
深院鎖清秋
剪不斷 
理還亂 
是離愁
別是一般滋味在心頭"	"無言獨上西樓月如
鉤寂寞梧桐深院鎖
清秋剪不斷理還亂
是離愁別是一般滋
味在心頭
李煜相見歡
乙巳春 伯欽書"	/mnt/Suran_database/Users/thanhthanh_workspace/Project/NLP_K35/xlnntn_hp2_friend/data/mrDuc_data/Images/UzpfSTEwMDAwMzUzNjA0MTQ0NzpWSzoyNTA2NjkyMTQ5Mjk0OTk2MQ==_0.jpg
/images/UzpfSTEwMDAwMDM2OTIxMDcyNTpWSzoyNTA2Mzk5MjU4NjU3NjE4NQ==_0.jpg	0.682354	high_directional_coverage	萬金期勝賞，三月破穠芳。妒忌巫娥雨，摧殘洛苑香。 怨啼甄后玉，寒出貴妃湯。掩斂無聊極，誰來替斷腸。今天的練習03	"莫重期勝賞三月破穠芳妒忌巫娥
語摧殘冷苑香怨啼甄後玉容生貴
妃湯掩斂妝聊極誰來替斷腸
宋人穆修詩寫中牡丹
乙巳冬月之吉"	/mnt/Suran_database/Users/thanhthanh_workspace/Project/NLP_K35/xlnntn_hp2_friend/data/mrDuc_data/Images/UzpfSTEwMDAwMDM2OTIxMDcyNTpWSzoyNTA2Mzk5MjU4NjU3NjE4NQ==_0.jpg
/images/UzpfSTEwMDAwMDM2NjMwMzY2NTpWSzoyNTA3MTIzMTQ4OTE4NTYyOA==_0.jpg	0.796068	high_directional_coverage	"2025-11-27
中華字經
023
務工開廠，增富減窮。
資產累計，税率加乘。
銀行貸款，儲蓄倍寵。"	"務工開廠增富
減窮資產累計
稅率加乘銀行
貸款儲蓄倍寵
中華字經〇二三
乙巳冬鄧楚"	/mnt/Suran_database/Users/thanhthanh_workspace/Project/NLP_K35/xlnntn_hp2_friend/data/mrDuc_data/Images/UzpfSTEwMDAwMDM2NjMwMzY2NTpWSzoyNTA3MTIzMTQ4OTE4NTYyOA==_0.jpg
/images/UzpfSTEwMDAwMzUzNjA0MTQ0NzpWSzoyNTAyNzE5NjkwNjkyMjQyMA==_0.jpg	0.605641	combined_score_above_threshold	"行草 宋 雷震 村曉🙏☕😎

草滿池塘水滿陂
山銜落日浸寒漪
牧童歸去橫牛背
短笛無腔信口吹"	"草满池塘水满陂
山衔落日浸寒漪
牧童归去横牛背
短笛无腔信口吹
宋雷震诗村晚
己亥秋绍鏞"	/mnt/Suran_database/Users/thanhthanh_workspace/Project/NLP_K35/xlnntn_hp2_friend/data/mrDuc_data/Images/UzpfSTEwMDAwMzUzNjA0MTQ0NzpWSzoyNTAyNzE5NjkwNjkyMjQyMA==_0.jpg
/images/UzpfSTEwMDAwMDM2OTIxMDcyNTpWSzoyNTA1NjA0NDM3NDAzNzY3Mw==_0.jpg	1.0	one_text_contains_the_other	蘭秀菊芳。今天的練習02	"蘭
秀
菊
芳"	/mnt/Suran_database/Users/thanhthanh_workspace/Project/NLP_K35/xlnntn_hp2_friend/data/mrDuc_data/Images/UzpfSTEwMDAwMDM2OTIxMDcyNTpWSzoyNTA1NjA0NDM3NDAzNzY3Mw==_0.jpg
/images/UzpfSTEwMDAwMDM2NjMwMzY2NTpWSzoyNTA2Nzk4NDE1Mjg0MzY5NQ==_6.jpg	0.608374	one_text_contains_the_other	"2025-11-27週四
今天週四，祝大家工作愉快。

常用漢字
145
鵝俄額訛

玉龍歌 
46
必針膝眼膝關穴，
功效須臾病不生。

使徒行傳4:3-5.
詩篇78:61-65."	"必
針
膝
眼
膝
關
穴
功
效
須
臾
病
不
生"	/mnt/Suran_database/Users/thanhthanh_workspace/Project/NLP_K35/xlnntn_hp2_friend/data/mrDuc_data/Images/UzpfSTEwMDAwMDM2NjMwMzY2NTpWSzoyNTA2Nzk4NDE1Mjg0MzY5NQ==_6.jpg
/images/UzpfSTY3MTc0OTU2NDpWSzoyNTA2NzM4MjU0NjIzNzE4OQ==_2.jpg	0.767803	one_text_contains_the_other	"緣

有緣無緣，順其自然；

有心無心，念起自身。

*********************************

摘錄網文；

很喜歡家父寫的這個「緣」字。"	"緣
有緣無緣，順其自然；
有心無心，念起自身。"	/mnt/Suran_database/Users/thanhthanh_workspace/Project/NLP_K35/xlnntn_hp2_friend/data/mrDuc_data/Images/UzpfSTY3MTc0OTU2NDpWSzoyNTA2NzM4MjU0NjIzNzE4OQ==_2.jpg
/images/UzpfSTEwMDAwMDM2OTIxMDcyNTpWSzoyNTAzMjQzNjk1OTczMTc0OA==_0.jpg	0.679752	high_directional_coverage	秋氣吾所愛，邊城太早寒。披裘三伏慣，擁被五更殘。風自長城落，天連大漠寬。摩霄羨鷹隼，健翮爾飛波(另：搏)。今天的練習03	"秋氣多所愛逾城太早寒披裘三
似悞擁被五更殘風自長城落天涯
大漠寬廓霄漢鷹隼健翮涌飛波
清人诗话
乙巳冬月之吉"	/mnt/Suran_database/Users/thanhthanh_workspace/Project/NLP_K35/xlnntn_hp2_friend/data/mrDuc_data/Images/UzpfSTEwMDAwMDM2OTIxMDcyNTpWSzoyNTAzMjQzNjk1OTczMTc0OA==_0.jpg
/images/UzpfSTEwMDAwMzA3MzU5MTI1NjpWSzoyNTA2MDk1MDA1MzU0NzEwNQ==_0.jpg	0.453297	one_text_contains_the_other	"第一次練習扇面題字
既然不能隨心所欲，那就隨心所遇吧！"	"隨
心
所
欲"	/mnt/Suran_database/Users/thanhthanh_workspace/Project/NLP_K35/xlnntn_hp2_friend/data/mrDuc_data/Images/UzpfSTEwMDAwMzA3MzU5MTI1NjpWSzoyNTA2MDk1MDA1MzU0NzEwNQ==_0.jpg
/images/UzpfSTY3MTc0OTU2NDpWSzoyNTA1OTM0NTQ5MDM3NDIyOA==_0.jpg	0.652087	high_directional_coverage	"融和

獨木難林，

大海不厭眾流、不棄涓滴。

**************************************************

載錄《人間福報》

師父問弟子：一滴水如何能不乾枯？弟子沉默。

師父回說：一滴水，風可以將它吹乾，土可以把它吸乾，

太陽可以讓他蒸發；要想不乾枯，只有讓它融入大海。

*************************************************

*「獨木不林」一詞見：《後漢書．崔駰傳》退不黷於庸人。獨師友道德，合符曩真，抱景特立，與士不羣。蓋高樹靡陰，獨木不林，隨時之宜，道貴從凡。"	"獨木難林，
大海不厭眾流、不弃涓滴。
自
在
觀
融
和
師父問弟子：一滴水如何能不乾枯？弟子沉默。
師父說：一滴水，
風可以將它吹乾，
土可以把它吸乾，
太陽可以讓他蒸發；
要想不乾枯，祇有讓它融入大海。
（取材：人間福報）
摘錄家父是三行先生金石文書法作品"	/mnt/Suran_database/Users/thanhthanh_workspace/Project/NLP_K35/xlnntn_hp2_friend/data/mrDuc_data/Images/UzpfSTY3MTc0OTU2NDpWSzoyNTA1OTM0NTQ5MDM3NDIyOA==_0.jpg
/images/UzpfSTEwMDAwMDM2NjMwMzY2NTpWSzoyNTA2MDk1NzU3MzU0NjM1Mw==_0.jpg	0.75098	high_directional_coverage	"2025-11-26
中華字經
022
依法謀治，官吏皆正。
第七課 經濟20
幣帛錢鈔，攘奪其宗。
企財盼利，價值均等。"	"依法謀治官吏
皆正幣帛錢鈔
攘奪其宗企財
盼利價值均等
中華字經●三二
己巳冬臨書"	/mnt/Suran_database/Users/thanhthanh_workspace/Project/NLP_K35/xlnntn_hp2_friend/data/mrDuc_data/Images/UzpfSTEwMDAwMDM2NjMwMzY2NTpWSzoyNTA2MDk1NzU3MzU0NjM1Mw==_0.jpg
/images/UzpfSTY3MTc0OTU2NDpWSzoyNTA1OTM0NTQ5MDM3NDIyOA==_3.jpg	0.652087	high_directional_coverage	"融和

獨木難林，

大海不厭眾流、不棄涓滴。

**************************************************

載錄《人間福報》

師父問弟子：一滴水如何能不乾枯？弟子沉默。

師父回說：一滴水，風可以將它吹乾，土可以把它吸乾，

太陽可以讓他蒸發；要想不乾枯，只有讓它融入大海。

*************************************************

*「獨木不林」一詞見：《後漢書．崔駰傳》退不黷於庸人。獨師友道德，合符曩真，抱景特立，與士不羣。蓋高樹靡陰，獨木不林，隨時之宜，道貴從凡。"	"自在觀
獨木難林，
大海不厭眾流、不弃涓滴。
融
和
師父問弟子：一滴水如何能不乾枯？弟子沉默。
師父說：一滴水，
風可以將它吹乾，
土可以把它吸乾，
太陽可以讓他蒸發；
要想不乾枯，祇有讓它融入大海。
（取材：人間福報）
摘錄家父是三行先生金石文書法作品"	/mnt/Suran_database/Users/thanhthanh_workspace/Project/NLP_K35/xlnntn_hp2_friend/data/mrDuc_data/Images/UzpfSTY3MTc0OTU2NDpWSzoyNTA1OTM0NTQ5MDM3NDIyOA==_3.jpg
/images/UzpfSTEwMDAwMDM2NjMwMzY2NTpWSzoyNTA1MzY5MzI3NDI3Mjc4Mw==_0.jpg	0.825778	high_directional_coverage	"2025-11-25
中華字經
021
勢如突起，抽薪熄平。
途逢險兆，消芽於萌。
調息止紛，貴在用衡。"	"勢
如
突
起
抽
薪
熄
平
途
逢
險
兆
消
芽
於
萌
調
息
止
紛
貴
在
用
衡
中
華
字
經
〇
三
二
乙
巳
冬
煒
杰
書"	/mnt/Suran_database/Users/thanhthanh_workspace/Project/NLP_K35/xlnntn_hp2_friend/data/mrDuc_data/Images/UzpfSTEwMDAwMDM2NjMwMzY2NTpWSzoyNTA1MzY5MzI3NDI3Mjc4Mw==_0.jpg
/images/UzpfSTEwMDAwMDM2OTIxMDcyNTpWSzoyNTA0ODQyNjM4ODEzMjgwNQ==_0.jpg	1.0	one_text_contains_the_other	名酒過於求趙璧，異書渾似借荊州。今天的練習01	"名酒過於求趙璧
異書渾似借荊州"	/mnt/Suran_database/Users/thanhthanh_workspace/Project/NLP_K35/xlnntn_hp2_friend/data/mrDuc_data/Images/UzpfSTEwMDAwMDM2OTIxMDcyNTpWSzoyNTA0ODQyNjM4ODEzMjgwNQ==_0.jpg
/images/UzpfSTEwMDAwMDM2OTIxMDcyNTpWSzoyNTA0ODQyODExODEzMjYzMg==_0.jpg	1.0	one_text_contains_the_other	長樂無極。今天的練習02	"長
樂
無
極"	/mnt/Suran_database/Users/thanhthanh_workspace/Project/NLP_K35/xlnntn_hp2_friend/data/mrDuc_data/Images/UzpfSTEwMDAwMDM2OTIxMDcyNTpWSzoyNTA0ODQyODExODEzMjYzMg==_0.jpg
/images/UzpfSTEwMDAwMDM2OTIxMDcyNTpWSzoyNTA0ODQzMTMyODEzMjMxMQ==_0.jpg	0.718507	high_directional_coverage	旅食驚雙燕，銜泥入此堂。應同避燥溼，且復過炎涼。養子風塵際，來時道路長。今秋天地在，吾亦離殊方。今天的練習003	"旅食驚雙燕銜泥入此堂應同避燥
濕且復過炎涼野外風塵際未知道路長
今秋天地在吾亦離蛛網
唐人杜工部詩雙燕
乙巳秋月之吉"	/mnt/Suran_database/Users/thanhthanh_workspace/Project/NLP_K35/xlnntn_hp2_friend/data/mrDuc_data/Images/UzpfSTEwMDAwMDM2OTIxMDcyNTpWSzoyNTA0ODQzMTMyODEzMjMxMQ==_0.jpg
/images/UzpfSTEwMDAwMzUzNjA0MTQ0NzpWSzoyNTA0MzE0MDcwNTMyODA0MA==_0.jpg	0.740078	high_directional_coverage	"行書 清 董誥 春郊牧笛🙏☕😎

草色鋪茵柳亸絲
東郊舉趾正其時
牧童那管青牛瘦
短笛無腔且自嬉"	"草色鋪茵柳駢絲
東郊舉趾正其時
牧童那管青牛瘦
短笛無腔且自嬉
清董洪書邨牧圖乙巳秋月"	/mnt/Suran_database/Users/thanhthanh_workspace/Project/NLP_K35/xlnntn_hp2_friend/data/mrDuc_data/Images/UzpfSTEwMDAwMzUzNjA0MTQ0NzpWSzoyNTA0MzE0MDcwNTMyODA0MA==_0.jpg
/images/UzpfSTEwMDAwMDM2NjMwMzY2NTpWSzoyNTA0NzgzMDYxODE5MjM4Mg==_0.jpg	0.825778	high_directional_coverage	"2025-11-24
中華字經
020
戒貪須效，踐約宜恆。
貶惡褒績，賞勸罰懲。
操刃執斧，塞涓救熒。"	"戒
貪
須
效
踐
約
宜
恆
貶
惡
褒
績
賞
勸
罰
懲
操
刃
執
斧
塞
涓
救
熒
中華字經三言
乙巳冬野民書"	/mnt/Suran_database/Users/thanhthanh_workspace/Project/NLP_K35/xlnntn_hp2_friend/data/mrDuc_data/Images/UzpfSTEwMDAwMDM2NjMwMzY2NTpWSzoyNTA0NzgzMDYxODE5MjM4Mg==_0.jpg
/images/UzpfSTEwMDA4MTQ5Nzk3NTM4MTpWSzoyNTA0NDcxMzM3ODUwNDEwNg==_0.jpg	0.614286	combined_score_above_threshold	有德不孤，必有鄰。	"有德不孤
必有邻
辛丑冬至
书于明祥"	/mnt/Suran_database/Users/thanhthanh_workspace/Project/NLP_K35/xlnntn_hp2_friend/data/mrDuc_data/Images/UzpfSTEwMDA4MTQ5Nzk3NTM4MTpWSzoyNTA0NDcxMzM3ODUwNDEwNg==_0.jpg
/images/UzpfSTEwMDAwMDM2OTIxMDcyNTpWSzoyNTA0MDc4NTE1NTU2MzU5NQ==_0.jpg	0.65557	high_directional_coverage	無論海(漏字)角與天涯，大抵心安即是家。路遠誰能念鄉曲，年深兼欲忘京華。忠州且作三年計，種杏栽桃擬待花。今天的練習03	"無論角天涯大抵心安即是家
路远谁能念乡国年深兼欲忘
京华忠州且作三年计种杏栽桃
拟待花
唐白乐天诗
乙巳冬月之吉"	/mnt/Suran_database/Users/thanhthanh_workspace/Project/NLP_K35/xlnntn_hp2_friend/data/mrDuc_data/Images/UzpfSTEwMDAwMDM2OTIxMDcyNTpWSzoyNTA0MDc4NTE1NTU2MzU5NQ==_0.jpg
/images/UzpfSTEwMDAwOTU5NjQwODMyMzpWSzoyNTAzNjUzNDQ2OTMyMTk5Nw==_0.jpg	0.850823	high_directional_coverage	移舟泊煙渚,日暮客愁新,野曠天低樹,江清月近人!唐‧孟浩然‧謝謝!	"移舟泊煙渚日暮客愁新
野曠天低樹江清月近人
憲書"	/mnt/Suran_database/Users/thanhthanh_workspace/Project/NLP_K35/xlnntn_hp2_friend/data/mrDuc_data/Images/UzpfSTEwMDAwOTU5NjQwODMyMzpWSzoyNTAzNjUzNDQ2OTMyMTk5Nw==_0.jpg
/images/UzpfSTEwMDAwMDM2OTIxMDcyNTpWSzoyNTAzMjQzNDA4NjM5ODcwMg==_0.jpg	1.0	one_text_contains_the_other	實事求是。今天的練習02	"實
事
求
是"	/mnt/Suran_database/Users/thanhthanh_workspace/Project/NLP_K35/xlnntn_hp2_friend/data/mrDuc_data/Images/UzpfSTEwMDAwMDM2OTIxMDcyNTpWSzoyNTAzMjQzNDA4NjM5ODcwMg==_0.jpg
/images/UzpfSTEwMDAwMDI5NDU2MTM3MDpWSzoyNTAzOTAyOTEzNTczOTE5Nw==_0.jpg	0.712886	high_directional_coverage	"朝代：唐代

作者：韓翃

原文：

長簟迎風早，空城澹月華。星河秋一雁，砧杵夜千家。
節候看應晚，心期臥亦賒。向來吟秀句，不覺已鳴鴉。"	"晨簟迎風早
空城澹月華
星河秋一雁
砧杵夜千家
節候看應晚
心期臥已賒
向來吟秀句
不覺已鳴鴉
溯程先生雅命董兄貽鍾湖
乙巳年冬彭醇士"	/mnt/Suran_database/Users/thanhthanh_workspace/Project/NLP_K35/xlnntn_hp2_friend/data/mrDuc_data/Images/UzpfSTEwMDAwMDI5NDU2MTM3MDpWSzoyNTAzOTAyOTEzNTczOTE5Nw==_0.jpg
/images/UzpfSTEwMDAwMDM2NjMwMzY2NTpWSzoyNTAzNzc5OTc5MjUyODc5OA==_0.jpg	0.816288	high_directional_coverage	"2025-11-23
中華字經
019
內取穩進，外交志同。
階梯過度，切忌狠猛。
六賊七害，監視審聽。"	"內取穩進外交
志同階梯過度
切忌狠猛六賊
七害監視審聽
中華字經二〇一九己亥冬怡之書"	/mnt/Suran_database/Users/thanhthanh_workspace/Project/NLP_K35/xlnntn_hp2_friend/data/mrDuc_data/Images/UzpfSTEwMDAwMDM2NjMwMzY2NTpWSzoyNTAzNzc5OTc5MjUyODc5OA==_0.jpg
/images/UzpfSTEwMDAwODQwODMxNzg4NDpWSzoyNTAzODU2Mjk5OTExOTE0NA==_0.jpg	0.271493	one_text_contains_the_other	**書法 精神 表現 的分析：**	"書法 精神 表現 的分析：
宋 沈括 在《夢溪筆談》提到：「書畫之妙，當以神會，難可以形器求
也。世之觀畫者，多能指摘其間形象、位置、彩色瑕疵而已，至於奧
理冥造者，罕見其人。」 譯文：書法、圖畫的精妙，當以精神去體會，
而難在形象、器物上追求。 世上欣賞繪畫的人，多能評論繪畫作品中
形象、構圖、色彩方面的瑕疵而已，至於領會其中深奧的精神表現，就
很少了。
沈括 在這指出，賞讀書畫除了要注意形象、構圖、色彩等技法的展現，
也要多體會領受作品的精神內容。
那我們來作 書法 精神 表現 的分析
我們都知道，天地萬物有其形，也有其神，在描寫或鑒賞作品字形的同
時，也必须重視其精神的展現。
以 明代 文徵明《書太上常清靜經》分析 ""精神 ""的展現, 明代 文
徵明《書太上常清靜經》，此時 文徵明 四十二歲，其已在二王小楷勁
健的結構中摻有虛靈、舒緩的意味，典雅秀逸。通篇溫潤精純，秀勁神
清，此作衍繹趙孟頫 小楷橫捺遽細平出，寬疏秀逸，楷書行書的特點，
極得趙氏精神，當屬早年精品。然亦具有文氏好用偏鋒，起筆、收筆稍
尖的個人特色。
圖：明代 文徵明《書太上常清靜經》
太上老君說常清靜經
老君曰大道無形生育天地大道無情運行日月
大道無名長養萬物吾不知其名強名曰道夫人
夫道者有清有濁有動有靜天清地濁天動地
靜男清女濁男動女靜降本流末而生萬物清
者濁之源動者靜之基人能常清靜天地悉皆
歸夫人神好清而心擾之人心好靜而欲牽之
常能遣其欲而心自靜澄其心而神自清自然六
於書寫，在精神，提出，
藝術是極重視精神情境及
思想的表達，性情的表
現，是為重點事項，如只
單寫個鋼字，鋼是堅實強
硬的，如只單寫個柔字，
柔是溫靜和順的，若在分
別展示鋼和柔，便就要形
示其重要。"	/mnt/Suran_database/Users/thanhthanh_workspace/Project/NLP_K35/xlnntn_hp2_friend/data/mrDuc_data/Images/UzpfSTEwMDAwODQwODMxNzg4NDpWSzoyNTAzODU2Mjk5OTExOTE0NA==_0.jpg
/images/UzpfSTEwMDA4MTQ5Nzk3NTM4MTpWSzoyNTAzNjc5OTkyOTI5NTQ1MQ==_0.jpg	0.635641	one_text_contains_the_other	有德不孤。	"有
德
不
孤
辛丑立秋丁鸣梓"	/mnt/Suran_database/Users/thanhthanh_workspace/Project/NLP_K35/xlnntn_hp2_friend/data/mrDuc_data/Images/UzpfSTEwMDA4MTQ5Nzk3NTM4MTpWSzoyNTAzNjc5OTkyOTI5NTQ1MQ==_0.jpg
/images/UzpfSTEwMDAwNjk5OTg0Mzk5MjpWSzoyNTAyNzQ4OTExMDIyNjUzMw==_0.jpg	0.582327	combined_score_above_threshold	"書友早安舒心😃
習字塗鴉分享🙏
日照香爐生紫煙，遙看瀑布掛前川。飛流直下三千尺，疑是銀河落九天
✍️於:烘爐茶壺"	"日
照
香
炉
生
紫
烟
遥
看
瀑
布
挂
前
川
飞
流
直
下
三
千
尺
疑
是
银
河
落
九
天
李白诗"	/mnt/Suran_database/Users/thanhthanh_workspace/Project/NLP_K35/xlnntn_hp2_friend/data/mrDuc_data/Images/UzpfSTEwMDAwNjk5OTg0Mzk5MjpWSzoyNTAyNzQ4OTExMDIyNjUzMw==_0.jpg
/images/UzpfSTEwMDAwNjk5OTg0Mzk5MjpWSzoyNTAzNTkyMDk1OTM4MzM0OA==_0.jpg	0.686209	high_directional_coverage	"書友早安舒心😃
習字塗鴉分享🙏
作者：王建

原文：

中庭地白樹棲鴉，冷露無聲溼桂花。
今夜月明人盡望，不知秋思落誰家。
✍️於:烘爐茶壺"	"中
庭
地
白
樹
栖
鴉
冷
露
無
聲
濕
桂
花
々
今
夜
月明
人
盡
望
不
知
秋
思
落
誰
家
己亥"	/mnt/Suran_database/Users/thanhthanh_workspace/Project/NLP_K35/xlnntn_hp2_friend/data/mrDuc_data/Images/UzpfSTEwMDAwNjk5OTg0Mzk5MjpWSzoyNTAzNTkyMDk1OTM4MzM0OA==_0.jpg
/images/UzpfSTEwMDAwNDMwNjY5MzI1MzpWSzoyNTAzNjQzODM5NTk5ODI3MQ==_0.jpg	0.355926	one_text_contains_the_other	《史記・項羽本紀》節錄	"沛公曰旦日從百騎來見項王至鴻門謝曰臣
與將軍戮力而攻秦將軍戰河北臣戰河南
然不自意能破秦入關得復見將軍於此今者
有小人之言令將軍有郤項王曰此沛公左司馬
曹無傷言之不然籍何以至此項王即日留
沛公與飲
史記項羽本紀節錄秋"	/mnt/Suran_database/Users/thanhthanh_workspace/Project/NLP_K35/xlnntn_hp2_friend/data/mrDuc_data/Images/UzpfSTEwMDAwNDMwNjY5MzI1MzpWSzoyNTAzNjQzODM5NTk5ODI3MQ==_0.jpg
/images/UzpfSTEwMDAxMDMwNDc2NjAwNDpWSzoyNTAyNzkxOTQzMDE4MzUwMQ==_0.jpg	0.915938	one_text_contains_the_other	"昨日頑童今日翁
歲月如梭快如風
人生自古誰無老
順其自然度餘生"	"昨日頑童今日翁歲月
如梭快如風人生自古
誰無老順其自然度
餘生
古秀浄书于锡城"	/mnt/Suran_database/Users/thanhthanh_workspace/Project/NLP_K35/xlnntn_hp2_friend/data/mrDuc_data/Images/UzpfSTEwMDAxMDMwNDc2NjAwNDpWSzoyNTAyNzkxOTQzMDE4MzUwMQ==_0.jpg
/images/UzpfSTEwMDAwMDM2OTIxMDcyNTpWSzoyNTAyMzYxNzE1Mzk0NzA2Mg==_0.jpg	1.0	one_text_contains_the_other	得意忘言。今天的練習02	得意忘言	/mnt/Suran_database/Users/thanhthanh_workspace/Project/NLP_K35/xlnntn_hp2_friend/data/mrDuc_data/Images/UzpfSTEwMDAwMDM2OTIxMDcyNTpWSzoyNTAyMzYxNzE1Mzk0NzA2Mg==_0.jpg
/images/UzpfSTEwMDAwMzI4NDg3MDY0MDpWSzoyNTAyNzIxNzI4MzU4NzA0OQ==_1.jpg	0.652938	combined_score_above_threshold	"今天“小雪”，寫寫進入冬天第一首有著詩情的一場雪…

日暮蒼山遠，
天寒白屋貧。
柴門聞犬吠，
風雪夜歸人。
- 劉長卿"	"小雪
日暮蒼山遠天寒
白屋貧柴門聞犬吠
風雪夜歸人
劉長卿詩逢雪宿芙蓉山主人小雪"	/mnt/Suran_database/Users/thanhthanh_workspace/Project/NLP_K35/xlnntn_hp2_friend/data/mrDuc_data/Images/UzpfSTEwMDAwMzI4NDg3MDY0MDpWSzoyNTAyNzIxNzI4MzU4NzA0OQ==_1.jpg
/images/UzpfSTEwMDAwMDM2OTIxMDcyNTpWSzoyNTAzMjQzMTY4NjM5ODk0Mg==_0.jpg	0.89697	high_directional_coverage	萬事最難稱意，一生怎奈多情。今天的練習01	"萬
事
家
難
稱
意
一
生
怎
奈
多
情"	/mnt/Suran_database/Users/thanhthanh_workspace/Project/NLP_K35/xlnntn_hp2_friend/data/mrDuc_data/Images/UzpfSTEwMDAwMDM2OTIxMDcyNTpWSzoyNTAzMjQzMTY4NjM5ODk0Mg==_0.jpg
/images/UzpfSTEwMDA1NzYxNjk4NjQyNjpWSzoyNTAzMDAyNTUzMzMwNjIyNA==_0.jpg	0.850877	high_directional_coverage	"小雪
[唐] 無可
片片互玲瓏，飛揚玉漏終。
乍微全滿地，漸密更無風。 
集物圓方別，連雲遠近同。
作膏凝瘠土，呈瑞下深宮。 
氣射重衣透，花窺小隙通。
飄秦增舊嶺，發漢攬長空。 
迥冒巢松鶴，孤鳴穴島蟲。
過三知臘盡，盈尺賀年豐。 
委積休聞竹，稀疏漸見鴻。
蓋沙資澶漫，灑海助衝融。 
草木潛加潤，山河更益雄。
因知天地力，覆育有全功。"	"小雪
【唐】無可
片片互玲瓏，飛揚玉漏終。乍微全滿地，漸密更無風。
集物圓方別，連雲遠近同。作膏凝瘠土，呈瑞下深宮。
氣射重衣透，花窺小隙通。飄颻增舊嶺，發洩擅長空。
迥野乘輪鶻，孤飛失嶠蓬。避三知服遠，盈尺賀年豐。
委積休閒竹，稀疏漸見鴻。蓋沙資灌漫，灑海助舂融。
草木潛加潤，山河更益雄。因知天地力，覆育有全功。"	/mnt/Suran_database/Users/thanhthanh_workspace/Project/NLP_K35/xlnntn_hp2_friend/data/mrDuc_data/Images/UzpfSTEwMDA1NzYxNjk4NjQyNjpWSzoyNTAzMDAyNTUzMzMwNjIyNA==_0.jpg
/images/UzpfSTEwMDAwMDM2OTIxMDcyNTpWSzoyNTAxMzkxODM4ODI1MDI3Mg==_0.jpg	0.912088	high_directional_coverage	清風明月自來往，流水高山無古今。今天的練習01	"清風明月自来往
流水高山無古今"	/mnt/Suran_database/Users/thanhthanh_workspace/Project/NLP_K35/xlnntn_hp2_friend/data/mrDuc_data/Images/UzpfSTEwMDAwMDM2OTIxMDcyNTpWSzoyNTAxMzkxODM4ODI1MDI3Mg==_0.jpg
/images/UzpfSTEwMDAwMzUzNjA0MTQ0NzpWSzoyNTAxNzMyMjE1NDU3NjU2Mg==_0.jpg	0.694621	combined_score_above_threshold	"行書 節錄 唐 杜甫 戲為六絕句🙏☕😎

王楊盧駱當時體
輕薄為文哂未休
爾曹身與名俱滅
不廢江河萬古流"	"王
楊
盧
駱
當
時
體
輕
薄
爲
文
哂
未
休
爾
曹
身
與
名
俱
滅
不
廢
江
河
萬
古
流
唐杜子美戲爲六絕句之一
己丑秋禹欽"	/mnt/Suran_database/Users/thanhthanh_workspace/Project/NLP_K35/xlnntn_hp2_friend/data/mrDuc_data/Images/UzpfSTEwMDAwMzUzNjA0MTQ0NzpWSzoyNTAxNzMyMjE1NDU3NjU2Mg==_0.jpg
/images/UzpfSTEwMDAwMDM2OTIxMDcyNTpWSzoyNTAyMzYxOTY0MDYxMzQ4MA==_0.jpg	0.775356	high_directional_coverage	刺桐花底是兒家，已拆秋千未採茶，睡起重尋好夢賒。憶交加，倚著閒窗數落花。今天的練習03	"刺桐花底下兒家已拆秋千未採
茶睡起重尋好夢賒憶交加侍著
閑窗數落花
清人納蘭容若詞意
乙巳秋月"	/mnt/Suran_database/Users/thanhthanh_workspace/Project/NLP_K35/xlnntn_hp2_friend/data/mrDuc_data/Images/UzpfSTEwMDAwMDM2OTIxMDcyNTpWSzoyNTAyMzYxOTY0MDYxMzQ4MA==_0.jpg
/images/UzpfSTEwMDAwMDM2OTIxMDcyNTpWSzoyNTAwNTUyNTMyOTA4OTU3OA==_0.jpg	0.867678	high_directional_coverage	岱宗夫如何？齊魯青未了。造化鍾神秀，陰陽割昏曉。蕩胸生曾雲，決眥入歸鳥。會當凌絕頂，一覽衆山小。今天的練習01	"岱宗夫如何齊魯青未了造化鍾神秀陰陽割
昏曉蕩胸生曾雲決眥入歸鳥會當凌絕頂一覽
眾山小
唐杜工部詩望岳己亥秋月蔡書"	/mnt/Suran_database/Users/thanhthanh_workspace/Project/NLP_K35/xlnntn_hp2_friend/data/mrDuc_data/Images/UzpfSTEwMDAwMDM2OTIxMDcyNTpWSzoyNTAwNTUyNTMyOTA4OTU3OA==_0.jpg
/images/UzpfSTEwMDAwMDM2OTIxMDcyNTpWSzoyNTAyMzYxNTA3NzI4MDYwMw==_0.jpg	0.606593	combined_score_above_threshold	玉德金聲寓于石，明窗大几清無塵。今天的練習01	"𠂤德金聲寓于石
鳴閣大几精爽塵"	/mnt/Suran_database/Users/thanhthanh_workspace/Project/NLP_K35/xlnntn_hp2_friend/data/mrDuc_data/Images/UzpfSTEwMDAwMDM2OTIxMDcyNTpWSzoyNTAyMzYxNTA3NzI4MDYwMw==_0.jpg
/images/UzpfSTEwMDAwMDM2NjMwMzY2NTpWSzoyNTAyMDkwOTY5MDg4NDQ3NQ==_0.jpg	0.807078	high_directional_coverage	"2025-11-21
中華字經
018
玖久紀末，千年始零。
宏業盛昌，妙策稟迎。
左右兼顧，總攬統領。"	"玖
久
紀
末
千
年
始
零
宏
業
昌
盛
妙
策
稟
迎
左
右
兼
顧
總
攬
統
領
中華字經二〇一八戊戌冬"	/mnt/Suran_database/Users/thanhthanh_workspace/Project/NLP_K35/xlnntn_hp2_friend/data/mrDuc_data/Images/UzpfSTEwMDAwMDM2NjMwMzY2NTpWSzoyNTAyMDkwOTY5MDg4NDQ3NQ==_0.jpg
/images/UzpfSTEwMDA4MTQ5Nzk3NTM4MTpWSzoyNTAxOTMxNzE1NDM3NzA2Mg==_0.jpg	0.635641	one_text_contains_the_other	上善若水。	"上
善
若
水
己亥立夏丁明祥"	/mnt/Suran_database/Users/thanhthanh_workspace/Project/NLP_K35/xlnntn_hp2_friend/data/mrDuc_data/Images/UzpfSTEwMDA4MTQ5Nzk3NTM4MTpWSzoyNTAxOTMxNzE1NDM3NzA2Mg==_0.jpg
/images/UzpfSTEwMDAwOTU5NjQwODMyMzpWSzoyNTAxOTU2MDI0MTAxOTQyMA==_0.jpg	0.682609	high_directional_coverage	《詩宿》，花枝出建章，鳳管發昭陽。借問承恩者，雙蛾幾許長。謝謝！	"花枝出建章鳳吹繞朝陽
借問承恩去雙蛾幾許長
憲書"	/mnt/Suran_database/Users/thanhthanh_workspace/Project/NLP_K35/xlnntn_hp2_friend/data/mrDuc_data/Images/UzpfSTEwMDAwOTU5NjQwODMyMzpWSzoyNTAxOTU2MDI0MTAxOTQyMA==_0.jpg
/images/UzpfSTY1MTU4NzE4NDpWSzoyNTAxOTQ1NDkyNDM2MzI4NQ==_0.jpg	0.674924	one_text_contains_the_other	"年少時不求甚解
老來方求解細節"	"兒時萬物皆自然
老卻方知未清晰
乙巳年秋年少時不求甚解老來方求解細節嘉明書"	/mnt/Suran_database/Users/thanhthanh_workspace/Project/NLP_K35/xlnntn_hp2_friend/data/mrDuc_data/Images/UzpfSTY1MTU4NzE4NDpWSzoyNTAxOTQ1NDkyNDM2MzI4NQ==_0.jpg
/images/UzpfSTEwMDAwMDM2OTIxMDcyNTpWSzoyNTAwNTUyNzk0OTA4OTMxNg==_0.jpg	1.0	one_text_contains_the_other	龍騰虎躍。今天的練習02	"龍
騰
虎
躍"	/mnt/Suran_database/Users/thanhthanh_workspace/Project/NLP_K35/xlnntn_hp2_friend/data/mrDuc_data/Images/UzpfSTEwMDAwMDM2OTIxMDcyNTpWSzoyNTAwNTUyNzk0OTA4OTMxNg==_0.jpg
/images/UzpfSTEwMDAwMDk0NDAzNTM2OTpWSzoyNTAxMzE3NDgwMTY1Nzk2NA==_0.jpg	0.316436	one_text_contains_the_other	"估狗只能參考日常瑣事 問個財米油鹽

豈能以之作學問

是在跟誰學都不知道

網上說法也未必可靠

裏頭只有道聽塗說 沒有真才實學

估狗只會把你教成糊塗蛋一枚

所知無頭無尾 根本沒有究竟

作學問還是必須讀紙本書

而且越是古本越好

____________________

五十年前我初來台北

當時重慶南路街道兩側書店如林 書迷如織

那時節書商景氣是一片繁榮

如今光景大家都看到了

常謂 不近書 必近俗

新世代的文化素質 幾乎已蕩然無存

____________________

早前有能力的人家都讓子女從小出國受教育

畢竟讀書是需要環境與風氣的

民國七十年前後 台灣優質人才大量外移

(書法人也是如此)

文化素質好的都離開了

素質人口一代代蕭條

就說書法 不也是一代不如一代

現代的書法界 還有幾個人有書法素質"	書法界還有幾個人有書法素質	/mnt/Suran_database/Users/thanhthanh_workspace/Project/NLP_K35/xlnntn_hp2_friend/data/mrDuc_data/Images/UzpfSTEwMDAwMDk0NDAzNTM2OTpWSzoyNTAxMzE3NDgwMTY1Nzk2NA==_0.jpg
/images/UzpfSTEwMDAwMzUzNjA0MTQ0NzpWSzoyNTAwMDIzMTIzNjI4NTY1NA==_0.jpg	0.682167	combined_score_above_threshold	"行草 李白 望廬山瀑布 句🙏☕😎

飛流直下三千尺
疑是銀河落九天"	"飛
流
直下
三
千
尺
疑
是
銀
河
落
九
天
李
白
望
廬
山
瀑
布
丙
子
秋
伯
欽"	/mnt/Suran_database/Users/thanhthanh_workspace/Project/NLP_K35/xlnntn_hp2_friend/data/mrDuc_data/Images/UzpfSTEwMDAwMzUzNjA0MTQ0NzpWSzoyNTAwMDIzMTIzNjI4NTY1NA==_0.jpg
/images/UzpfSTEwMDAwNjk5OTg0Mzk5MjpWSzoyNTAwOTMwODIwMjA0NDYyNA==_0.jpg	0.79074	high_directional_coverage	"書友早安舒心😃
習字塗鴉分享🙏
尋芳不覺醉流霞，倚樹沉眠日已斜。
客散酒醒深夜後，更持紅燭賞殘花。
（唐‧李商隱‧《花下醉》）

書於：烘爐茶壺"	"尋芳不覺醉流霞
倚樹沉眠日已斜
客散酒醒深夜後
更持紅燭賞殘花
李商隱花下醉乙巳冬"	/mnt/Suran_database/Users/thanhthanh_workspace/Project/NLP_K35/xlnntn_hp2_friend/data/mrDuc_data/Images/UzpfSTEwMDAwNjk5OTg0Mzk5MjpWSzoyNTAwOTMwODIwMjA0NDYyNA==_0.jpg
/images/UzpfSTEwMDAwMDM2OTIxMDcyNTpWSzoyNTAxMzkyMjQ5NDkxNjUyOA==_0.jpg	0.627376	high_directional_coverage	傷春長自下簾鉤。杏葉扶疏柳葉柔。三月花前雨不休。沒來由。私語催人上小樓。今天的練習03	"傷春長自舊約杏葉扶疏柳葉
柔三月在前為不休漫未由私語催
人上小橋
清人澄北江恒王孫
乙巳秋月吉"	/mnt/Suran_database/Users/thanhthanh_workspace/Project/NLP_K35/xlnntn_hp2_friend/data/mrDuc_data/Images/UzpfSTEwMDAwMDM2OTIxMDcyNTpWSzoyNTAxMzkyMjQ5NDkxNjUyOA==_0.jpg
/images/UzpfSTEwMDAwMDM2OTIxMDcyNTpWSzoyNDk5Njc2MjUzMzI5OTE5MQ==_0.jpg	1.0	one_text_contains_the_other	心寬常把是非讓，德厚能將利益拋。今天的練習01	"心寬常把是非讓
德厚能將利益拋"	/mnt/Suran_database/Users/thanhthanh_workspace/Project/NLP_K35/xlnntn_hp2_friend/data/mrDuc_data/Images/UzpfSTEwMDAwMDM2OTIxMDcyNTpWSzoyNDk5Njc2MjUzMzI5OTE5MQ==_0.jpg
/images/UzpfSTEwMDAxMDMwNDc2NjAwNDpWSzoyNDk5MTg4MTQzMDQ1Mzk2OA==_0.jpg	0.905444	one_text_contains_the_other	"人生何須萬種愁
千里雲煙一笑收
心中若有凌雲志
不負韶華自風流"	"人生何須萬種愁
千里雲煙一笑收
心中若有凌雲志
不負韶華自風流
網文隨寫黃秀珍書"	/mnt/Suran_database/Users/thanhthanh_workspace/Project/NLP_K35/xlnntn_hp2_friend/data/mrDuc_data/Images/UzpfSTEwMDAxMDMwNDc2NjAwNDpWSzoyNDk5MTg4MTQzMDQ1Mzk2OA==_0.jpg
/images/UzpfSTEwMDAwMDM2NjMwMzY2NTpWSzoyNTAwNDQ1NzQ1NTg2MzAzMg==_0.jpg	0.864033	high_directional_coverage	"2025-11-19
今天週三，祝大家工作順利。  

蘇東坡 江城子
十年生死兩茫茫！不思量，
自難忘。千里孤墳，無處話
淒涼。縱使相逢應不識，塵
滿面，鬢如霜。夜來幽夢忽
還鄉。小軒窗，正梳妝。相顧
無言，惟有淚千行。料得年
年斷腸處，明月夜，短松岡。"	"十年生死兩茫茫，不思量，自難忘。
千里孤墳，無處話淒涼。縱使相逢
應不識，塵滿面，鬢如霜。夜來幽夢
忽還鄉，小軒窗，正梳妝。相顧無言
惟有淚千行。料得年年斷腸處，明
月夜，短松岡。蘇東坡江城子乙巳冬書于楚"	/mnt/Suran_database/Users/thanhthanh_workspace/Project/NLP_K35/xlnntn_hp2_friend/data/mrDuc_data/Images/UzpfSTEwMDAwMDM2NjMwMzY2NTpWSzoyNTAwNDQ1NzQ1NTg2MzAzMg==_0.jpg
/images/UzpfSTYxNTczOTk5Nzk4MzcwOlZLOjI1MDAwOTE2Mjk5NTUwNDgx_0.jpg	0.851145	high_directional_coverage	"節錄自蘇東坡前赤壁賦，以
文徵明筆意書寫。

吾與子漁樵於江渚之上，侶魚蝦而友麋鹿，駕一葉之扁舟，舉匏樽以相屬。寄蜉蝣於天地，渺滄海之一粟。"	"吾與子漁樵於江渚之上侶魚蝦而友麋
駕一葉之扁舟舉匏樽以相屬
寄蜉蝣於天地渺滄海之一粟"	/mnt/Suran_database/Users/thanhthanh_workspace/Project/NLP_K35/xlnntn_hp2_friend/data/mrDuc_data/Images/UzpfSTYxNTczOTk5Nzk4MzcwOlZLOjI1MDAwOTE2Mjk5NTUwNDgx_0.jpg
/images/UzpfSTEwMDAwMDM2OTIxMDcyNTpWSzoyNDk4ODI1NDU0NDE0OTk5MA==_0.jpg	0.591209	combined_score_above_threshold	榮枯一而春來夢，聚散千山雨後雲。今天的練習01	"榮枯一枕客來宿
翳散平山雨後雲"	/mnt/Suran_database/Users/thanhthanh_workspace/Project/NLP_K35/xlnntn_hp2_friend/data/mrDuc_data/Images/UzpfSTEwMDAwMDM2OTIxMDcyNTpWSzoyNDk4ODI1NDU0NDE0OTk5MA==_0.jpg
/images/UzpfSTEwMDAwMDM2OTIxMDcyNTpWSzoyNDk5Njc2NzEyOTk2NTM5OA==_0.jpg	0.860846	one_text_contains_the_other	風蒲獵獵小池塘，過雨荷花滿院香。 沉李浮瓜冰雪涼。 竹方床，針線慵拈午夢長。今天的練習03	"風蒲獵獵小池塘過雨荷花滿院
香沉李浮瓜冰雪涼竹方床針線
慵拈午夢長
宋人李重元憶王孫
乙未秋月之吉"	/mnt/Suran_database/Users/thanhthanh_workspace/Project/NLP_K35/xlnntn_hp2_friend/data/mrDuc_data/Images/UzpfSTEwMDAwMDM2OTIxMDcyNTpWSzoyNDk5Njc2NzEyOTk2NTM5OA==_0.jpg
/images/UzpfSTEwMDAwMzUzNjA0MTQ0NzpWSzoyNDk5MTQ0OTA0NzE2Mzg3Mw==_0.jpg	0.62206	combined_score_above_threshold	"行草 岑參 白雪歌送武判官歸京 句🙏☕😎

北風捲地白草折
胡天八月即飛雪"	"北風捲地白草折
胡天八月即飛雪
岑參白雪歌送武判官歸京句
辛卯暮秋之初
伯欽書"	/mnt/Suran_database/Users/thanhthanh_workspace/Project/NLP_K35/xlnntn_hp2_friend/data/mrDuc_data/Images/UzpfSTEwMDAwMzUzNjA0MTQ0NzpWSzoyNDk5MTQ0OTA0NzE2Mzg3Mw==_0.jpg
/images/UzpfSTEwMDAwMDY0NDU0MTUxOTpWSzoyNDk5Mzg4MTk0MDI1MzkxNw==_0.jpg	0.881122	high_directional_coverage	李白菩薩蠻：平林漠漠煙如織，寒山一帶傷心碧。暝色入高樓，有人樓上愁。玉階空佇立，宿鳥歸飛急。何處是歸程，長亭更短亭。	"平
林
漠
々
煙
如
織
寒
山
一
帶
傷
心
碧
暝
色
入
高
樓
有
人
樓
上
愁
玉
階
空
佇
立
宿
鳥
歸
飛
急
何
處
是
程
長
亭
更
短
亭
李
白
菩
蠻
乙
巳
春"	/mnt/Suran_database/Users/thanhthanh_workspace/Project/NLP_K35/xlnntn_hp2_friend/data/mrDuc_data/Images/UzpfSTEwMDAwMDY0NDU0MTUxOTpWSzoyNDk5Mzg4MTk0MDI1MzkxNw==_0.jpg
/images/UzpfSTEwMDAwMDM2OTIxMDcyNTpWSzoyNDk4ODI1NjcyNDE0OTc3Mg==_0.jpg	1.0	one_text_contains_the_other	反樸歸真。今天的練習02	反樸歸真	/mnt/Suran_database/Users/thanhthanh_workspace/Project/NLP_K35/xlnntn_hp2_friend/data/mrDuc_data/Images/UzpfSTEwMDAwMDM2OTIxMDcyNTpWSzoyNDk4ODI1NjcyNDE0OTc3Mg==_0.jpg
/images/UzpfSTEwMDAwNjk5OTg0Mzk5MjpWSzoyNDk5MTUwNTA4MzgyNDkzNg==_0.jpg	0.669532	combined_score_above_threshold	"書友早安舒心😃
習字塗鴉分享🙏
🇹🇼大林寺桃花
作者：白居易
人間四月芳菲盡，山寺桃花始盛開。
長恨春歸無覓處，不知轉入此中來。

✍️於：烘爐茶壺"	"人
間
四
月
芳
菲
盡
山
寺
桃
花
始
盛
開
長
恨
春
歸
無
覓
處
不
知
轉
入
此
中
來
白
居
易
大
林
寺
桃
花
乙
巳
冬
陽
湖
書"	/mnt/Suran_database/Users/thanhthanh_workspace/Project/NLP_K35/xlnntn_hp2_friend/data/mrDuc_data/Images/UzpfSTEwMDAwNjk5OTg0Mzk5MjpWSzoyNDk5MTUwNTA4MzgyNDkzNg==_0.jpg
/images/UzpfSTEwMDAwMDM2OTIxMDcyNTpWSzoyNDk4ODI2ODE0NDE0ODYzMA==_0.jpg	0.73429	high_directional_coverage	茫茫苦海兩無邊。無限迷魚戲黑淵。我擲金鉤釣有緣。線兒牽。引上神州採玉蓮。今天的練習03	"茫茫苦海兩無邊豈限迷魚戲黑淵
象擲金鉤釣有緣線兒牽引上
神妙採蓮
宋人汪元量憶王孫
乙巳秋月立吉"	/mnt/Suran_database/Users/thanhthanh_workspace/Project/NLP_K35/xlnntn_hp2_friend/data/mrDuc_data/Images/UzpfSTEwMDAwMDM2OTIxMDcyNTpWSzoyNDk4ODI2ODE0NDE0ODYzMA==_0.jpg
/images/UzpfSTEwMDAwMzUzNjA0MTQ0NzpWSzoyNDk2NjEzMTcxOTY5NTYwNg==_0.jpg	0.703387	high_directional_coverage	"行草 網文詩一首🙏☕😎

忽有故人心上過
回首山河已是秋
兩處相思同淋雪
此生也算共白頭"	"忽有故人心上過
回首山河已是秋
他朝若是同淋雪
此生也算共白頭
乙酉秋
伯毅"	/mnt/Suran_database/Users/thanhthanh_workspace/Project/NLP_K35/xlnntn_hp2_friend/data/mrDuc_data/Images/UzpfSTEwMDAwMzUzNjA0MTQ0NzpWSzoyNDk2NjEzMTcxOTY5NTYwNg==_0.jpg
/images/UzpfSTEwMDAwMDM2OTIxMDcyNTpWSzoyNDk3OTAzODIzODQwNDk1NA==_0.jpg	1.0	one_text_contains_the_other	五風十雨。今天的練習02	"五
風
十
雨"	/mnt/Suran_database/Users/thanhthanh_workspace/Project/NLP_K35/xlnntn_hp2_friend/data/mrDuc_data/Images/UzpfSTEwMDAwMDM2OTIxMDcyNTpWSzoyNDk3OTAzODIzODQwNDk1NA==_0.jpg
/images/UzpfSTEwMDAwMzUzNjA0MTQ0NzpWSzoyNDk4MjM2NjM1ODA3MjE0Mg==_0.jpg	0.682993	combined_score_above_threshold	"行書 白居易 五絕 池上🙏☕😎

小娃撐小艇
偷採白蓮回
不解藏蹤跡
浮萍一道開"	"小
娃
撑
小
艇
偷
採
白
蓮
回
不
解
藏
蹤
跡
浮
萍
一
道
開
白居易池上
乙巳季秋澣湘錄"	/mnt/Suran_database/Users/thanhthanh_workspace/Project/NLP_K35/xlnntn_hp2_friend/data/mrDuc_data/Images/UzpfSTEwMDAwMzUzNjA0MTQ0NzpWSzoyNDk4MjM2NjM1ODA3MjE0Mg==_0.jpg
/images/UzpfSTEwMDAwMDM2OTIxMDcyNTpWSzoyNDk3MTQ4MjE2MjQ5Mzg5NQ==_0.jpg	0.799952	high_directional_coverage	西風一夜剪芭蕉，倦眼經秋耐寂？強把心情付濁醪。讀離騷。愁似湘江日夜潮。今天的練習03	"西風一夜剪芭蕉 倦眼經秋耐寂寥
客裏把心情付濁醪 讀離騷愁似
湘江日夜潮
清人納蘭容若詞王孫 乙巳秋月之吉"	/mnt/Suran_database/Users/thanhthanh_workspace/Project/NLP_K35/xlnntn_hp2_friend/data/mrDuc_data/Images/UzpfSTEwMDAwMDM2OTIxMDcyNTpWSzoyNDk3MTQ4MjE2MjQ5Mzg5NQ==_0.jpg
/images/UzpfSTEwMDAwOTU5NjQwODMyMzpWSzoyNDk4MzkxNDM4NzkxNzMzOQ==_0.jpg	0.837954	high_directional_coverage	"鳥鳴澗王維
人閒桂花落，夜靜春山空。 月出驚山鳥，時鳴春澗中。 謝謝！"	"人
閒
桂
花
落
夜
靜
春
山
空
月
出
驚
山
鳥
時
鳴
春
澗
中
墨
書"	/mnt/Suran_database/Users/thanhthanh_workspace/Project/NLP_K35/xlnntn_hp2_friend/data/mrDuc_data/Images/UzpfSTEwMDAwOTU5NjQwODMyMzpWSzoyNDk4MzkxNDM4NzkxNzMzOQ==_0.jpg
/images/UzpfSTEwMDAwNjk5OTg0Mzk5MjpWSzoyNDk4MzM4MTY3Nzk3MDYxMA==_0.jpg	0.613522	high_directional_coverage	"書友早安舒心😃
習字塗鴉分享🙏
客心驚落木，夜坐聽秋風。朝日看容鬢，生涯在鏡中。
書於：烘爐茶壺"	"客
心
驚
落
木
夜
坐
聽
秋
風
朝
日
亦
客
鬢
生
涯
在
鏡
中
杉谷賢鏡"	/mnt/Suran_database/Users/thanhthanh_workspace/Project/NLP_K35/xlnntn_hp2_friend/data/mrDuc_data/Images/UzpfSTEwMDAwNjk5OTg0Mzk5MjpWSzoyNDk4MzM4MTY3Nzk3MDYxMA==_0.jpg
/images/UzpfSTEwMDAwMDM2NjMwMzY2NTpWSzoyNDk4NzE0OTU1MDkyNzE1Ng==_0.jpg	0.81561	high_directional_coverage	"2025-11-17
中華字經
015
清軍入關，大臣駐藏。
粉碎叛卓，犁域設將。
台灣復歸，守衞邊防。"	"清軍入關大臣
駐藏粉碎叛卓
犁域設將台灣
復歸守衛邊防
中華字經015乙巳冬彬書"	/mnt/Suran_database/Users/thanhthanh_workspace/Project/NLP_K35/xlnntn_hp2_friend/data/mrDuc_data/Images/UzpfSTEwMDAwMDM2NjMwMzY2NTpWSzoyNDk4NzE0OTU1MDkyNzE1Ng==_0.jpg
/images/UzpfSTEwMDAwMDM2OTIxMDcyNTpWSzoyNDk3MTQ3NjIwMjQ5NDQ5MQ==_0.jpg	0.916162	one_text_contains_the_other	不知香積寺，數里入雲峰。古木無人徑，深山何處鐘。 泉聲咽危石，日色冷青松。薄暮空潭曲，安禪制毒龍。今天的練習01	"不知香積寺數里入雲峰古木無人徑深山何
處鐘泉聲咽危石日色冷青松薄暮空潭
曲安禪制毒龍
唐王摩詰詩 己卯 嚴吉姝"	/mnt/Suran_database/Users/thanhthanh_workspace/Project/NLP_K35/xlnntn_hp2_friend/data/mrDuc_data/Images/UzpfSTEwMDAwMDM2OTIxMDcyNTpWSzoyNDk3MTQ3NjIwMjQ5NDQ5MQ==_0.jpg
/images/UzpfSTEwMDAwMDM2OTIxMDcyNTpWSzoyNDk3OTAzNjI4MTczODQ4Mw==_0.jpg	0.824176	high_directional_coverage	春能醞釀如相識，夢亦齋莊始見功。今天的練習01	"春能醖釀如相識
夢亦齊莊始見功"	/mnt/Suran_database/Users/thanhthanh_workspace/Project/NLP_K35/xlnntn_hp2_friend/data/mrDuc_data/Images/UzpfSTEwMDAwMDM2OTIxMDcyNTpWSzoyNDk3OTAzNjI4MTczODQ4Mw==_0.jpg
/images/UzpfSTYxNTc3MDA4NDM2MTQ5OlZLOjI0OTgzNTc5NzA0NjE3NDc0_0.jpg	0.628132	combined_score_above_threshold	"2025-11-17書法練習，
李白‘’山中問答‘’
問余何事棲碧山，
笑而不答心自閒，
桃花流水杳然去，
別有天地非人間。"	"49-1 碧山问答
问
余
何
事
栖
碧
山
笑
而
不
答
心
自
闲
桃
花
流
水
杳
然
去
别
有
天
地
非
人
间
2005.11.17秋
唐李白山中问答
陈富青书"	/mnt/Suran_database/Users/thanhthanh_workspace/Project/NLP_K35/xlnntn_hp2_friend/data/mrDuc_data/Images/UzpfSTYxNTc3MDA4NDM2MTQ5OlZLOjI0OTgzNTc5NzA0NjE3NDc0_0.jpg
/images/UzpfSTEwMDAwMDM2OTIxMDcyNTpWSzoyNDk3OTA0MDUzODQwNDcyNA==_0.jpg	0.820508	high_directional_coverage	離宮別苑草萋萋。對此如何不淚垂。滿檻山川漾落暉。昔人非。惟有年年秋雁飛。今天的練習03	"離宮別苑草萋々對此如何不淚
垂滿檻山川漾落暉昔人非惟有
年々秋雁飛
宋人汪元量懷王孫
乙巳秋月之吉"	/mnt/Suran_database/Users/thanhthanh_workspace/Project/NLP_K35/xlnntn_hp2_friend/data/mrDuc_data/Images/UzpfSTEwMDAwMDM2OTIxMDcyNTpWSzoyNDk3OTA0MDUzODQwNDcyNA==_0.jpg
/images/UzpfSTEwMDAwNTI1MjQzNDExNDpWSzoyNDkzMDgxOTcwOTg5MzQ3NA==_0.jpg	0.623077	high_directional_coverage	"*李白名句   獨坐敬亭山
*眾鳥高飛盡，孤雲獨去閒。
相看兩不厭，只有敬亭山。 
*老硯實况是:相看兩不厭，只有墨帖山。"	"眾鳥高飛盡
孤雲獨去閑
相看兩不厭
只有敬亭山
邵賢書"	/mnt/Suran_database/Users/thanhthanh_workspace/Project/NLP_K35/xlnntn_hp2_friend/data/mrDuc_data/Images/UzpfSTEwMDAwNTI1MjQzNDExNDpWSzoyNDkzMDgxOTcwOTg5MzQ3NA==_0.jpg
/images/UzpfSTEwMDAwMDM2NjMwMzY2NTpWSzoyNDk3MDQwMjQyMjYwMTg2OQ==_0.jpg	0.80568	high_directional_coverage	"2025-11-15
中華字經
014
陳橋兵變，恥辱靖康。
耶律完顏，元建宋僵。
朱輪太祖，崇禎弔喪。"	"陳橋兵變恥辱
靖康耶律完顏
元建宋僵朱輪
太祖崇禎吊喪
中華字經014乙巳冬學連書"	/mnt/Suran_database/Users/thanhthanh_workspace/Project/NLP_K35/xlnntn_hp2_friend/data/mrDuc_data/Images/UzpfSTEwMDAwMDM2NjMwMzY2NTpWSzoyNDk3MDQwMjQyMjYwMTg2OQ==_0.jpg
/images/UzpfSTEwMDAwNjk5OTg0Mzk5MjpWSzoyNDk2NjcyNDYyMjk2OTY0OQ==_0.jpg	0.775077	high_directional_coverage	"終南望餘雪    袓詠

終南陰嶺秀，積雪浮雲端。
林表明霽色，城中增暮寒。"	"終
南
陰
嶺
秀
積
雪
浮
雲
端
林
表
明
霽
色
城
中
增
暮
寒
乙巳冬
楊淅"	/mnt/Suran_database/Users/thanhthanh_workspace/Project/NLP_K35/xlnntn_hp2_friend/data/mrDuc_data/Images/UzpfSTEwMDAwNjk5OTg0Mzk5MjpWSzoyNDk2NjcyNDYyMjk2OTY0OQ==_0.jpg
/images/UzpfSTEwMDAwODM2NDIxNzM5NTpWSzoyNDk1MDMzODczMTI3NDkwNQ==_0.jpg	0.908555	high_directional_coverage	"宋   葉夢得    水調歌頭
霜降碧天靜，秋事促西風。寒聲隱地，初聽中夜入梧桐。起瞰高城回望，寥落關河千里，一醉與君同。疊鼓鬧清曉，飛騎引雕弓。歲將晚，客爭笑，問衰翁。平生豪氣安在，走馬爲誰雄。何似當筵虎士，揮手弦聲響處，雙雁落遙空。老矣真堪愧，回首望雲中。"	"霜降碧天靜秋事促西風寒聲隱地初聽中夜入梧桐起
瞰高城回望寥落關河千里一醉與君同疊鼓鬧清曉
飛騎引雕弓歲將晚客爭笑問衰翁平生豪氣安在走
馬為誰雄何似當筵虎士揮手弦聲響處雙雁落遙空
老矣真堪愧回首望雲中
宋葉夢得詞水調歌頭九十叟共客習射于園"	/mnt/Suran_database/Users/thanhthanh_workspace/Project/NLP_K35/xlnntn_hp2_friend/data/mrDuc_data/Images/UzpfSTEwMDAwODM2NDIxNzM5NTpWSzoyNDk1MDMzODczMTI3NDkwNQ==_0.jpg
/images/UzpfSTEwMDAxMDMwNDc2NjAwNDpWSzoyNDk0OTI2MDUwMTM4MjcyOA==_0.jpg	0.843488	high_directional_coverage	"坐對青山看晚霞
昔時朋友各天涯
容顏鶴髪初心在
靜品人生慢品茶"	"生
對
青
山
看
晚
霞
昔
時
朋
友
各
天
涯
容
顏
鶴
髮
初
心
在
靜
品
人
生
慢
品
茶
黄秀珍书于锡城"	/mnt/Suran_database/Users/thanhthanh_workspace/Project/NLP_K35/xlnntn_hp2_friend/data/mrDuc_data/Images/UzpfSTEwMDAxMDMwNDc2NjAwNDpWSzoyNDk0OTI2MDUwMTM4MjcyOA==_0.jpg
/images/UzpfSTEwMDAwNjk5OTg0Mzk5MjpWSzoyNDk1ODYyMTU3Mzc3OTk1NA==_0.jpg	0.645164	high_directional_coverage	"書友早安愉悅😃😃
習字塗鴉分享🙏🙏
🔯  出自唐代許渾的《鹹陽城東樓 / 鹹陽城西樓晚眺》      
鳥下綠蕪秦苑夕，蟬鳴黃葉漢宮秋。
行人莫問當年事，故國東來渭水流。
書於~烘爐茶壺"	"鳥
下
綠
蕪
秦
苑
夕
蟬
鳴
黃
葉
漢
宮
秋
行
人
莫
問
前
朝
事
故
國
東
來
渭
水
流"	/mnt/Suran_database/Users/thanhthanh_workspace/Project/NLP_K35/xlnntn_hp2_friend/data/mrDuc_data/Images/UzpfSTEwMDAwNjk5OTg0Mzk5MjpWSzoyNDk1ODYyMTU3Mzc3OTk1NA==_0.jpg
/images/UzpfSTEwMDAwMzUzNjA0MTQ0NzpWSzoyNDk0ODYwNzA5MTQ0ODA2OQ==_0.jpg	0.785285	high_directional_coverage	"行草 韋莊 金陵圖🙏☕😎

江雨霏霏江草齊
六朝如夢鳥空啼
無情最是臺城柳
依舊煙籠十里堤"	"江雨霏霏江草齊
六朝如夢鳥空啼
無情最是臺城柳
依舊煙籠十里堤
韋莊台城詩
己巳季秋
紹毅"	/mnt/Suran_database/Users/thanhthanh_workspace/Project/NLP_K35/xlnntn_hp2_friend/data/mrDuc_data/Images/UzpfSTEwMDAwMzUzNjA0MTQ0NzpWSzoyNDk0ODYwNzA5MTQ0ODA2OQ==_0.jpg
/images/UzpfSTEwMDAwMDM2OTIxMDcyNTpWSzoyNDk1NDkwMjc5NzQ4NTE2NQ==_0.jpg	0.732333	high_directional_coverage	塵寰財色苦相縈。著愛浮華役此身(漏身字)。好收靈源一點真。絕貪嗔。便是逍遙到岸人。今天的練習03	"塵寰財色苦相縈著愛浮華役此
好收靈源一點真絕貪嗔便是逍
遙自在人
宋人汪元量莊王孫
己巳冬月立吉"	/mnt/Suran_database/Users/thanhthanh_workspace/Project/NLP_K35/xlnntn_hp2_friend/data/mrDuc_data/Images/UzpfSTEwMDAwMDM2OTIxMDcyNTpWSzoyNDk1NDkwMjc5NzQ4NTE2NQ==_0.jpg
/images/UzpfSTEwMDAwMDM2OTIxMDcyNTpWSzoyNDk1NDg5MDk1NDE1MzAxNg==_0.jpg	0.912088	high_directional_coverage	煙雨何妨任平生，小舟從此寄滄海。今天的練習01	"煙雨何妨任平生
小舟逝此寄滄海"	/mnt/Suran_database/Users/thanhthanh_workspace/Project/NLP_K35/xlnntn_hp2_friend/data/mrDuc_data/Images/UzpfSTEwMDAwMDM2OTIxMDcyNTpWSzoyNDk1NDg5MDk1NDE1MzAxNg==_0.jpg
/images/UzpfSTYxNTc3MDA4NDM2MTQ5OlZLOjI0OTU5NTk2NDUwMzQ5MTMz_0.jpg	0.772746	high_directional_coverage	"書法練習-2025-11-14
粗茶淡飯隨緣過，
富貴榮華莫強求。"	"粗茶淡飯隨緣過
富貴榮華莫強求
2023.11.14 秋 陳富友書"	/mnt/Suran_database/Users/thanhthanh_workspace/Project/NLP_K35/xlnntn_hp2_friend/data/mrDuc_data/Images/UzpfSTYxNTc3MDA4NDM2MTQ5OlZLOjI0OTU5NTk2NDUwMzQ5MTMz_0.jpg
/images/UzpfSTEwMDAwMzUzNjA0MTQ0NzpWSzoyNDkzOTM0OTU0MjM3MzgyNA==_0.jpg	0.802617	high_directional_coverage	"行草 白居易 長恨歌 句🙏☕😎

天生麗質難自棄
一朝選在君王側
回眸一笑百媚生
六宮粉黛無顏色"	"天生麗質難自棄
一朝選在君王側
回眸一笑百媚生
六宮粉黛無顏色
白居易長恨歌句己巳秋月伯敏"	/mnt/Suran_database/Users/thanhthanh_workspace/Project/NLP_K35/xlnntn_hp2_friend/data/mrDuc_data/Images/UzpfSTEwMDAwMzUzNjA0MTQ0NzpWSzoyNDkzOTM0OTU0MjM3MzgyNA==_0.jpg
/images/UzpfSTEwMDAwMzI4NDg3MDY0MDpWSzoyNDk0OTQ4NjEwMTM2MDE2OA==_1.jpg	0.66081	high_directional_coverage	"李白聽聞王昌齡被貶，寄詩以為慰…

楊花落盡子規啼，
聞道龍標過五溪。
我寄愁心與明月，
隨君直到夜郎西。
- 李白 聞王昌齡左遷龍標遙有此寄"	"楊花落盡子規啼聞道龍
標過五溪我寄愁心與明月風
直到夜郎西
李白詩一首己亥秋"	/mnt/Suran_database/Users/thanhthanh_workspace/Project/NLP_K35/xlnntn_hp2_friend/data/mrDuc_data/Images/UzpfSTEwMDAwMzI4NDg3MDY0MDpWSzoyNDk0OTQ4NjEwMTM2MDE2OA==_1.jpg
/images/UzpfSTEwMDA4MTQ5Nzk3NTM4MTpWSzoyNDk1MDM0NzAyNDYwNzQwOQ==_0.jpg	0.626991	high_directional_coverage	涼聲度竹風如雨，醉影遙窗月如松。	"涼
聲
度
竹
風
如
雨
碎
影
搖
窗
月
在
松
壬寅大暑
丁明雅"	/mnt/Suran_database/Users/thanhthanh_workspace/Project/NLP_K35/xlnntn_hp2_friend/data/mrDuc_data/Images/UzpfSTEwMDA4MTQ5Nzk3NTM4MTpWSzoyNDk1MDM0NzAyNDYwNzQwOQ==_0.jpg
/images/UzpfSTEwMDAwMDk0NzI5MjUyMDpWSzoyNDk1Mzc4ODY4MDkyOTkxMA==_0.jpg	0.810959	high_directional_coverage	"2022，11/12
篆刻習作：遙想

老撾石，2.8 x3.5 x5.5

黃沙茫茫之中撿拾古戰場的斷㦸

遙想當年金戈鐵馬後

故園深閨夢裡

依然是寄不寄寒衣的躊躇

在五千年歷史的洪流裏

你我的滄桑只是

風中的一粒沙塵"	"黃沙茫茫之中拾起古戰場的斷戟
遥想當年金戈鐵馬後
故園深閨夢裏
依然是
寄不寄寒衣的躊躇
在五千年歷史的洪流裏依你我的滄桑
只是風中的一粒沙塵
彥琳作於
壬寅仲夏"	/mnt/Suran_database/Users/thanhthanh_workspace/Project/NLP_K35/xlnntn_hp2_friend/data/mrDuc_data/Images/UzpfSTEwMDAwMDk0NzI5MjUyMDpWSzoyNDk1Mzc4ODY4MDkyOTkxMA==_0.jpg
/images/UzpfSTEwMDAwMzI4NDg3MDY0MDpWSzoyNDk0OTQ4NjEwMTM2MDE2OA==_8.jpg	0.643079	high_directional_coverage	"李白聽聞王昌齡被貶，寄詩以為慰…

楊花落盡子規啼，
聞道龍標過五溪。
我寄愁心與明月，
隨君直到夜郎西。
- 李白 聞王昌齡左遷龍標遙有此寄"	"楊
花
落
盡
子
規
啼
聞
道
龍
標
過
五
溪
我
寄
愁
心
與
明
月
隨
風
直
到
夜
郎
西
李
白
詩
一
首
己
亥
春
于
震
書"	/mnt/Suran_database/Users/thanhthanh_workspace/Project/NLP_K35/xlnntn_hp2_friend/data/mrDuc_data/Images/UzpfSTEwMDAwMzI4NDg3MDY0MDpWSzoyNDk0OTQ4NjEwMTM2MDE2OA==_8.jpg
/images/UzpfSTEwMDAwMDM2OTIxMDcyNTpWSzoyNDk0NTQyMDg1MTc2NjY5Mw==_0.jpg	0.634578	high_directional_coverage	小庭花落無人掃， 疎香滿地東風老。 春晚信沉沉， 天涯何處尋？ 曉堂屏六扇， 眉共湘山遠。 怎奈別離心， 近來尤不禁。今天的練習03	"小庭花落無人掃疎香滿地東風
无書晚信沈沈天涯何處尋晚堂屏
八扇眉岑湘山遠怎奈分韁心近淚
流不禁
五代詞人孫光憲菩薩蠻
乙巳秋月之吉"	/mnt/Suran_database/Users/thanhthanh_workspace/Project/NLP_K35/xlnntn_hp2_friend/data/mrDuc_data/Images/UzpfSTEwMDAwMDM2OTIxMDcyNTpWSzoyNDk0NTQyMDg1MTc2NjY5Mw==_0.jpg
/images/UzpfSTEwMDAwMDM2OTIxMDcyNTpWSzoyNDkyNjc1NTk3MzYzMzE4MQ==_0.jpg	0.807707	high_directional_coverage	城闕輔三秦，風煙望五津。 與君離別意，同是宦遊人。 海內存知己，天涯若比鄰。 無為在歧路，兒女共霑巾。今天的練習01	"城闕輔三秦風煙望五津與君離別意同是宦
游人海内存知己天涯若比鄰無為在歧路
兒女共沾巾
唐人王勃詩
乙巳秋月之吉
葉志傑"	/mnt/Suran_database/Users/thanhthanh_workspace/Project/NLP_K35/xlnntn_hp2_friend/data/mrDuc_data/Images/UzpfSTEwMDAwMDM2OTIxMDcyNTpWSzoyNDkyNjc1NTk3MzYzMzE4MQ==_0.jpg
/images/UzpfSTEwMDAwMDM2OTIxMDcyNTpWSzoyNDk0NTQxNTcyNTEwMDUzOQ==_0.jpg	1.0	one_text_contains_the_other	日轉千階。今天的練習02	"日
轉
千
階"	/mnt/Suran_database/Users/thanhthanh_workspace/Project/NLP_K35/xlnntn_hp2_friend/data/mrDuc_data/Images/UzpfSTEwMDAwMDM2OTIxMDcyNTpWSzoyNDk0NTQxNTcyNTEwMDUzOQ==_0.jpg
/images/UzpfSTEwMDAwMDM2OTIxMDcyNTpWSzoyNDkyNjc2NDU1MDI5ODk5MA==_0.jpg	0.75284	high_directional_coverage	羅衣隱約金泥畫， 玳筵一曲當秋夜。 聲戰覷人嬌， 雲鬟裊翠翹。 酒醺紅玉軟， 眉翠秋山遠。 繡幌麝煙沉， 誰人知兩心。今天的練習03	"羅衣隱約金泥畫 玳筵一曲當秋夜
美眸嬌轉盼 雲鬟裊翠翹 酒酡紅
玉軟眉黛妝山遠 繡幌麝煙沉 誰人
知兩心
鹿虔扆菩薩蠻
乙巳秋月之吉"	/mnt/Suran_database/Users/thanhthanh_workspace/Project/NLP_K35/xlnntn_hp2_friend/data/mrDuc_data/Images/UzpfSTEwMDAwMDM2OTIxMDcyNTpWSzoyNDkyNjc2NDU1MDI5ODk5MA==_0.jpg
/images/UzpfSTEwMDAxMTczMTcyNzg1NTpWSzoyNDkzODg2ODkzMjQyMTg4NQ==_5.jpg	0.875556	high_directional_coverage	"壺小有天地
茶清無事非"	"壺
小
有
天
地
茶
清
無
是
非"	/mnt/Suran_database/Users/thanhthanh_workspace/Project/NLP_K35/xlnntn_hp2_friend/data/mrDuc_data/Images/UzpfSTEwMDAxMTczMTcyNzg1NTpWSzoyNDkzODg2ODkzMjQyMTg4NQ==_5.jpg
/images/UzpfSTEwMDA1MDU5Mjk1MDg2MzpWSzoyNDk1MDU0NjU5NDU4NzQ1Mg==_0.jpg	0.84	one_text_contains_the_other	富貴相惜	"富貴相惜
琉璃"	/mnt/Suran_database/Users/thanhthanh_workspace/Project/NLP_K35/xlnntn_hp2_friend/data/mrDuc_data/Images/UzpfSTEwMDA1MDU5Mjk1MDg2MzpWSzoyNDk1MDU0NjU5NDU4NzQ1Mg==_0.jpg
/images/UzpfSTEwMDAwMDM2OTIxMDcyNTpWSzoyNDkzNDg4NzU2MjgyMDAyMg==_0.jpg	1.0	one_text_contains_the_other	德取延和謙則吉，功資養性壽而安。今天的練習01	"德取延和謙則吉
功資養性壽而安"	/mnt/Suran_database/Users/thanhthanh_workspace/Project/NLP_K35/xlnntn_hp2_friend/data/mrDuc_data/Images/UzpfSTEwMDAwMDM2OTIxMDcyNTpWSzoyNDkzNDg4NzU2MjgyMDAyMg==_0.jpg
/images/UzpfSTEwMDAwMzUzNjA0MTQ0NzpWSzoyNDkyOTg5MTc1MzMxOTYwMw==_0.jpg	0.693154	high_directional_coverage	"行楷 網文 句🙏☕😎

人聽甜言易上當
馬踏軟土易失蹄"	"人聽甜言易上當
馬踏軟土易失蹄
乙巳仲秋六解
白鎔"	/mnt/Suran_database/Users/thanhthanh_workspace/Project/NLP_K35/xlnntn_hp2_friend/data/mrDuc_data/Images/UzpfSTEwMDAwMzUzNjA0MTQ0NzpWSzoyNDkyOTg5MTc1MzMxOTYwMw==_0.jpg
/images/UzpfSTEwMDAwMDM2OTIxMDcyNTpWSzoyNDkzNDg5NTM2OTQ4NTkwOA==_0.jpg	0.757421	high_directional_coverage	竹風輕動庭除冷， 珠簾月上玲瓏影。 山枕隱濃妝， 綠檀金鳳凰。 兩蛾愁黛淺， 故國吳宮遠。 春恨正關情， 畫樓殘點聲。今天的練習03	"竹風輕動庭除冷珠簾月上玲瓏
影山枕隱濃妝綠檀金鳳狂
愁黛淺去國吳宮遠春恨正關情
畫梅妙點額
右温飛卿菩薩蠻
乙巳秋月之吉"	/mnt/Suran_database/Users/thanhthanh_workspace/Project/NLP_K35/xlnntn_hp2_friend/data/mrDuc_data/Images/UzpfSTEwMDAwMDM2OTIxMDcyNTpWSzoyNDkzNDg5NTM2OTQ4NTkwOA==_0.jpg
/images/UzpfSTEwMDAwMzI4NDg3MDY0MDpWSzoyNDkzMTM4NTEyOTgzNjkzMg==_0.jpg	0.641187	high_directional_coverage	"月亮是數千年來，人們寄思之所托….

戍鼓斷人行，秋邊一雁聲。
露從今夜白，月是故鄉明。
-杜甫"	"戍鼓斷人行秋邊
雁聲露從今夜
白月是故鄉明
少陵詩已未秋月"	/mnt/Suran_database/Users/thanhthanh_workspace/Project/NLP_K35/xlnntn_hp2_friend/data/mrDuc_data/Images/UzpfSTEwMDAwMzI4NDg3MDY0MDpWSzoyNDkzMTM4NTEyOTgzNjkzMg==_0.jpg
/images/UzpfSTEwMDAwMzI4NDg3MDY0MDpWSzoyNDkzMTM4NTEyOTgzNjkzMg==_4.jpg	0.647877	high_directional_coverage	"月亮是數千年來，人們寄思之所托….

戍鼓斷人行，秋邊一雁聲。
露從今夜白，月是故鄉明。
-杜甫"	"戍鼓斷人行
秋邊
雁聲
露從今夜
白月是故鄉明
石和文郁書于"	/mnt/Suran_database/Users/thanhthanh_workspace/Project/NLP_K35/xlnntn_hp2_friend/data/mrDuc_data/Images/UzpfSTEwMDAwMzI4NDg3MDY0MDpWSzoyNDkzMTM4NTEyOTgzNjkzMg==_4.jpg
/images/UzpfSTEwMDAwMzI4NDg3MDY0MDpWSzoyNDkzMTM4NTEyOTgzNjkzMg==_5.jpg	0.63151	combined_score_above_threshold	"月亮是數千年來，人們寄思之所托….

戍鼓斷人行，秋邊一雁聲。
露從今夜白，月是故鄉明。
-杜甫"	"戍鼓斷人行秋邊
一雁聲露從今夜
白月是故鄉明
丙戌工部詩一首栗煌"	/mnt/Suran_database/Users/thanhthanh_workspace/Project/NLP_K35/xlnntn_hp2_friend/data/mrDuc_data/Images/UzpfSTEwMDAwMzI4NDg3MDY0MDpWSzoyNDkzMTM4NTEyOTgzNjkzMg==_5.jpg
/images/UzpfSTEwMDAwNjk5OTg0Mzk5MjpWSzoyNDkzMTEzNDE3MzE5NTM2MQ==_0.jpg	0.653297	high_directional_coverage	"書友早安愉悅😃😃
習字塗鴉分享🙏🙏
🔯  「半畝方塘一鑑開，天光雲影共徘徊，問渠哪得清如許，為有源頭活水來。」這是宋朝．朱熹的詩〈觀書有感〉。
書於~烘爐茶壺"	"半
畝
方
塘
一
鑑
開
天
光
雲
影
共
徘
徊
問
渠
那
得
清
如
許
爲
有
源
頭
活
水
來
朱
熹
詩
乙巳冬
楊波
書"	/mnt/Suran_database/Users/thanhthanh_workspace/Project/NLP_K35/xlnntn_hp2_friend/data/mrDuc_data/Images/UzpfSTEwMDAwNjk5OTg0Mzk5MjpWSzoyNDkzMTEzNDE3MzE5NTM2MQ==_0.jpg
/images/UzpfSTEwMDAwMDM2OTIxMDcyNTpWSzoyNDkxNzY0MDU5MTIxMTM4Ng==_0.jpg	1.0	one_text_contains_the_other	高風亮節。今天的練習02	高風亮節	/mnt/Suran_database/Users/thanhthanh_workspace/Project/NLP_K35/xlnntn_hp2_friend/data/mrDuc_data/Images/UzpfSTEwMDAwMDM2OTIxMDcyNTpWSzoyNDkxNzY0MDU5MTIxMTM4Ng==_0.jpg
/images/UzpfSTEwMDAwMzUzNjA0MTQ0NzpWSzoyNDkyMTIzNDQ1NzUxODY2Ng==_0.jpg	0.688507	combined_score_above_threshold	"行書 白居易 長恨歌 句🙏☕😎

金闕西廂叩玉扃 
轉教小玉報雙成"	"金闕西廂叩玉扃
轉教小玉報雙成
白居易長恨歌句己巳仲秋紹銘"	/mnt/Suran_database/Users/thanhthanh_workspace/Project/NLP_K35/xlnntn_hp2_friend/data/mrDuc_data/Images/UzpfSTEwMDAwMzUzNjA0MTQ0NzpWSzoyNDkyMTIzNDQ1NzUxODY2Ng==_0.jpg
/images/UzpfSTEwMDAwMzI4NDg3MDY0MDpWSzoyNDkzMTM4NTEyOTgzNjkzMg==_2.jpg	0.594611	combined_score_above_threshold	"月亮是數千年來，人們寄思之所托….

戍鼓斷人行，秋邊一雁聲。
露從今夜白，月是故鄉明。
-杜甫"	"戍鼓斷人行邊秋
一雁聲露從今夜
白月是故鄉明
庚子秋大都于香山煌"	/mnt/Suran_database/Users/thanhthanh_workspace/Project/NLP_K35/xlnntn_hp2_friend/data/mrDuc_data/Images/UzpfSTEwMDAwMzI4NDg3MDY0MDpWSzoyNDkzMTM4NTEyOTgzNjkzMg==_2.jpg
/images/UzpfSTEwMDAwMzI4NDg3MDY0MDpWSzoyNDkzMTM4NTEyOTgzNjkzMg==_1.jpg	0.719141	high_directional_coverage	"月亮是數千年來，人們寄思之所托….

戍鼓斷人行，秋邊一雁聲。
露從今夜白，月是故鄉明。
-杜甫"	"戍鼓斷人行邊秋
雁聲露從今夜
白月是故鄉明"	/mnt/Suran_database/Users/thanhthanh_workspace/Project/NLP_K35/xlnntn_hp2_friend/data/mrDuc_data/Images/UzpfSTEwMDAwMzI4NDg3MDY0MDpWSzoyNDkzMTM4NTEyOTgzNjkzMg==_1.jpg
/images/UzpfSTEwMDAwMDM2OTIxMDcyNTpWSzoyNDg4ODI4ODQxMDgxMzI3MQ==_0.jpg	0.692433	high_directional_coverage	隴雲暗合秋天白， 俯窗獨坐窺煙陌。 樓際角重吹， 黃昏方醉歸。 荒唐難共語， 明日還應去。 上馬出門時， 金鞭莫與伊。今天的練習03	"隴雲暗合秋天白俯窗獨坐窺煙
陌梅際角重吹黃昏方破酒荒店
輕笠語明自適應知上馬出門時金
鞭莫与伊
寇尹鶚菩薩蠻 乙巳秋"	/mnt/Suran_database/Users/thanhthanh_workspace/Project/NLP_K35/xlnntn_hp2_friend/data/mrDuc_data/Images/UzpfSTEwMDAwMDM2OTIxMDcyNTpWSzoyNDg4ODI4ODQxMDgxMzI3MQ==_0.jpg
/images/UzpfSTEwMDAwMDM2OTIxMDcyNTpWSzoyNDkxNzY0NDEwNzg3NzcwMQ==_0.jpg	0.69904	high_directional_coverage	月華如水籠香砌，金環碎撼門初閉。寒影墮高檐，鉤垂一面簾。碧煙輕嫋嫋，紅戰燈花笑。即此是高唐，掩屏秋夢長。今天的練習03	"月華如水籠香砌，金鐸碎撼門初閉
寒影隨高簷，鉤垂一面簾。碧煙輕裊裊，
紅戢燈台咲，即此是高唐。掩屏秋夢長。
五代詞人孫光憲菩薩蠻
乙巳秋月永吉"	/mnt/Suran_database/Users/thanhthanh_workspace/Project/NLP_K35/xlnntn_hp2_friend/data/mrDuc_data/Images/UzpfSTEwMDAwMDM2OTIxMDcyNTpWSzoyNDkxNzY0NDEwNzg3NzcwMQ==_0.jpg
/images/UzpfSTEwMDAwMDM2NjMwMzY2NTpWSzoyNDg5MzAwOTc2MDM0MTEzNg==_0.jpg	0.722153	combined_score_above_threshold	"2025-11-07
祝大家立冬平安。
中華字經
013
鼎立割據，亂晉八王。
南北對峙，腐朽隋煬。
貞觀政要，五代續唐。"	"鼎立割據亂晉
八王南北對峙
腐朽隋煬貞觀
政要五代續唐
中華字經二〇一三癸巳春俊書"	/mnt/Suran_database/Users/thanhthanh_workspace/Project/NLP_K35/xlnntn_hp2_friend/data/mrDuc_data/Images/UzpfSTEwMDAwMDM2NjMwMzY2NTpWSzoyNDg5MzAwOTc2MDM0MTEzNg==_0.jpg
/images/UzpfSTEwMDAwMzUzNjA0MTQ0NzpWSzoyNDg5MTQwMTk0MzgzNTI1MQ==_0.jpg	0.839643	high_directional_coverage	"行草 李白 下江陵🙏☕😎

朝辭白帝彩雲間
千里江陵一日還
兩岸猿聲啼不住
輕舟已過萬重山"	"朝
辭
白
帝
彩
雲
間
千
里
江
陵
一
日
還
兩
岸
猿
聲
啼
不
住
輕
舟
已
過
萬
重
山
李
白
下
江
陵
己
卯
伯
錄"	/mnt/Suran_database/Users/thanhthanh_workspace/Project/NLP_K35/xlnntn_hp2_friend/data/mrDuc_data/Images/UzpfSTEwMDAwMzUzNjA0MTQ0NzpWSzoyNDg5MTQwMTk0MzgzNTI1MQ==_0.jpg
/images/UzpfSTEwMDAwMzUzNjA0MTQ0NzpWSzoyNDkwMTQ3MzUzMjgyODA5Mg==_0.jpg	0.737411	combined_score_above_threshold	"行楷 李白 望天門山🙏☕😎

天門中斷楚山開
碧水東流自此迴（回）
兩岸青山相對出
孤帆一片日邊來"	"天門中斷楚江開
碧水東流至此迴
兩岸青山相對出
孤帆一片日邊來
李白望天門山
己卯秋
伯欽"	/mnt/Suran_database/Users/thanhthanh_workspace/Project/NLP_K35/xlnntn_hp2_friend/data/mrDuc_data/Images/UzpfSTEwMDAwMzUzNjA0MTQ0NzpWSzoyNDkwMTQ3MzUzMjgyODA5Mg==_0.jpg
/images/UzpfSTEwMDAwMzI4NDg3MDY0MDpWSzoyNDkxMTcxOTA1NTEzNjg3Mw==_0.jpg	0.596448	combined_score_above_threshold	"近鄉情更怯，不敢問來人.

當年外派任職時，回台時那近鄉情怯的滋味，至今仍回味著...

嶺外音書斷，經冬復歷春。
近鄉情更怯，不敢問來人。
- 宋之問 渡漢江"	"AI生成
嶺外音書絕經冬
復歷春近鄉情更怯
不敢問來人
宋之問渡漢江之句宋維"	/mnt/Suran_database/Users/thanhthanh_workspace/Project/NLP_K35/xlnntn_hp2_friend/data/mrDuc_data/Images/UzpfSTEwMDAwMzI4NDg3MDY0MDpWSzoyNDkxMTcxOTA1NTEzNjg3Mw==_0.jpg
/images/UzpfSTEwMDAwMzI4NDg3MDY0MDpWSzoyNDkxMTcxOTA1NTEzNjg3Mw==_2.jpg	0.61534	combined_score_above_threshold	"近鄉情更怯，不敢問來人.

當年外派任職時，回台時那近鄉情怯的滋味，至今仍回味著...

嶺外音書斷，經冬復歷春。
近鄉情更怯，不敢問來人。
- 宋之問 渡漢江"	"AI生成
嶺外音書絕
復歷春近鄉情更怯
不敢問來人
宋之問渡漢江"	/mnt/Suran_database/Users/thanhthanh_workspace/Project/NLP_K35/xlnntn_hp2_friend/data/mrDuc_data/Images/UzpfSTEwMDAwMzI4NDg3MDY0MDpWSzoyNDkxMTcxOTA1NTEzNjg3Mw==_2.jpg
/images/UzpfSTEwMDAwMzI4NDg3MDY0MDpWSzoyNDkxMTcxOTA1NTEzNjg3Mw==_1.jpg	0.636323	high_directional_coverage	"近鄉情更怯，不敢問來人.

當年外派任職時，回台時那近鄉情怯的滋味，至今仍回味著...

嶺外音書斷，經冬復歷春。
近鄉情更怯，不敢問來人。
- 宋之問 渡漢江"	"AI生成
嶺外音書斷經冬
復歷春近鄉情更怯
不敢問來人
宋之問渡漢江詩一首"	/mnt/Suran_database/Users/thanhthanh_workspace/Project/NLP_K35/xlnntn_hp2_friend/data/mrDuc_data/Images/UzpfSTEwMDAwMzI4NDg3MDY0MDpWSzoyNDkxMTcxOTA1NTEzNjg3Mw==_1.jpg
/images/UzpfSTEwMDAwMDM2OTIxMDcyNTpWSzoyNDkwNzgzNjkxODg1ODQyMA==_0.jpg	0.618272	combined_score_above_threshold	(新甞試、練習，感覺效果很差)雪晴雲散北風寒，楚水吳山道路難。 今日送君須盡醉，明朝相憶路漫漫。今天的練習01	"霽晴雲散北風寒楚水吳山道路難
今日送君須盡醉明朝相憶路漫二
臨陸維釗書唐人賈至詩
乙巳秋月之吉
葉吉瑑"	/mnt/Suran_database/Users/thanhthanh_workspace/Project/NLP_K35/xlnntn_hp2_friend/data/mrDuc_data/Images/UzpfSTEwMDAwMDM2OTIxMDcyNTpWSzoyNDkwNzgzNjkxODg1ODQyMA==_0.jpg
/images/UzpfSTEwMDAwMzI4NDg3MDY0MDpWSzoyNDg5MTQ0OTEyMDQ5NzIwMA==_0.jpg	0.830549	high_directional_coverage	"王維《輞川閑居贈裴秀才迪》
寒山轉蒼翠，秋水日潺湲。
倚杖柴門外，臨風聽暮蟬。
渡頭餘落日，墟里上孤煙。
復值接輿醉，狂歌五柳前。"	"寒山轉蒼翠秋水日潺湲倚杖柴門外
臨風聽暮蟬渡頭餘落日墟里上孤
煙復值接輿醉狂歌五柳前
王維輞川閑居贈裴迪歲在辛丑秋月"	/mnt/Suran_database/Users/thanhthanh_workspace/Project/NLP_K35/xlnntn_hp2_friend/data/mrDuc_data/Images/UzpfSTEwMDAwMzI4NDg3MDY0MDpWSzoyNDg5MTQ0OTEyMDQ5NzIwMA==_0.jpg
/images/UzpfSTEwMDAxNjg4Mjk5NjczMzpWSzoyNDg5Nzg3OTcyNjUyMDgwNg==_0.jpg	0.867104	high_directional_coverage	4 尺直幅兩屏！見笑！人生若只如初見，何事秋風悲畫扇。等閒變卻故人心，卻道故人心易變。 驪山語罷清宵半，淚雨霖鈴終不怨，何如薄倖錦衣郎，比翼連枝當日願。	"人生只如初見何事秋
風悲畫扇等閒變卻故人心
卻道故人心易變驪山語
罷清宵半淚雨
霖鈴終不怨何如薄幸
錦衣郎比翼己亥"	/mnt/Suran_database/Users/thanhthanh_workspace/Project/NLP_K35/xlnntn_hp2_friend/data/mrDuc_data/Images/UzpfSTEwMDAxNjg4Mjk5NjczMzpWSzoyNDg5Nzg3OTcyNjUyMDgwNg==_0.jpg
/images/UzpfSTEwMDAwMDM2OTIxMDcyNTpWSzoyNDkwNzgzOTIzNTUyNDg1NQ==_0.jpg	1.0	one_text_contains_the_other	登山臨水。今天的練習02	"登
山
臨
水"	/mnt/Suran_database/Users/thanhthanh_workspace/Project/NLP_K35/xlnntn_hp2_friend/data/mrDuc_data/Images/UzpfSTEwMDAwMDM2OTIxMDcyNTpWSzoyNDkwNzgzOTIzNTUyNDg1NQ==_0.jpg
/images/UzpfSTEwMDAwMDM2OTIxMDcyNTpWSzoyNDg5NzUwMTEwNjU1ODY2OA==_0.jpg	0.854945	high_directional_coverage	作古文當有生氣，遇賢者自無妄言。今天的練習01	"作古文當有生氣
遇賢者自無俗情"	/mnt/Suran_database/Users/thanhthanh_workspace/Project/NLP_K35/xlnntn_hp2_friend/data/mrDuc_data/Images/UzpfSTEwMDAwMDM2OTIxMDcyNTpWSzoyNDg5NzUwMTEwNjU1ODY2OA==_0.jpg
/images/UzpfSTEwMDAwMDM2OTIxMDcyNTpWSzoyNDg1OTkzNzIxNjk4MTcyNA==_0.jpg	1.0	one_text_contains_the_other	胸有成竹。今天的練習02	"胸
有
成
竹"	/mnt/Suran_database/Users/thanhthanh_workspace/Project/NLP_K35/xlnntn_hp2_friend/data/mrDuc_data/Images/UzpfSTEwMDAwMDM2OTIxMDcyNTpWSzoyNDg1OTkzNzIxNjk4MTcyNA==_0.jpg
/images/UzpfSTEwMDAwMDM2OTIxMDcyNTpWSzoyNDg5NzUwMzkzNjU1ODM4NQ==_0.jpg	1.0	one_text_contains_the_other	運籌帷幄。今天的練習02	"運
籌
帷
幄"	/mnt/Suran_database/Users/thanhthanh_workspace/Project/NLP_K35/xlnntn_hp2_friend/data/mrDuc_data/Images/UzpfSTEwMDAwMDM2OTIxMDcyNTpWSzoyNDg5NzUwMzkzNjU1ODM4NQ==_0.jpg
/images/UzpfSTEwMDAwMDM2OTIxMDcyNTpWSzoyNDkxNzYzODQwNDU0NDkzOA==_0.jpg	1.0	one_text_contains_the_other	一家喜氣如春釀，小詩有味似連珠。今天的練習01	"一
家
喜
氣
如
春
釀
小
詩
有
味
似
連
珠"	/mnt/Suran_database/Users/thanhthanh_workspace/Project/NLP_K35/xlnntn_hp2_friend/data/mrDuc_data/Images/UzpfSTEwMDAwMDM2OTIxMDcyNTpWSzoyNDkxNzYzODQwNDU0NDkzOA==_0.jpg
/images/UzpfSTEwMDAwMzI4NDg3MDY0MDpWSzoyNDg5MTQ0OTEyMDQ5NzIwMA==_3.jpg	0.861644	high_directional_coverage	"王維《輞川閑居贈裴秀才迪》
寒山轉蒼翠，秋水日潺湲。
倚杖柴門外，臨風聽暮蟬。
渡頭餘落日，墟里上孤煙。
復值接輿醉，狂歌五柳前。"	"寒山轉蒼翠秋水日潺湲門外
臨風聽暮蟬渡頭餘落日墟里上孤
煙復值接輿醉狂歌五柳前書"	/mnt/Suran_database/Users/thanhthanh_workspace/Project/NLP_K35/xlnntn_hp2_friend/data/mrDuc_data/Images/UzpfSTEwMDAwMzI4NDg3MDY0MDpWSzoyNDg5MTQ0OTEyMDQ5NzIwMA==_3.jpg
/images/UzpfSTEwMDAwMzI4NDg3MDY0MDpWSzoyNDg5MTQ0OTEyMDQ5NzIwMA==_2.jpg	0.821841	high_directional_coverage	"王維《輞川閑居贈裴秀才迪》
寒山轉蒼翠，秋水日潺湲。
倚杖柴門外，臨風聽暮蟬。
渡頭餘落日，墟里上孤煙。
復值接輿醉，狂歌五柳前。"	"寒山轉蒼翠秋水日潺湲倚杖柴門外
臨風聽暮蟬渡頭餘落日墟里上
孤煙復值接輿醉狂歌五柳前
王維輞川閑居贈裴秀才迪詩一首庚子冬日栗溪"	/mnt/Suran_database/Users/thanhthanh_workspace/Project/NLP_K35/xlnntn_hp2_friend/data/mrDuc_data/Images/UzpfSTEwMDAwMzI4NDg3MDY0MDpWSzoyNDg5MTQ0OTEyMDQ5NzIwMA==_2.jpg
/images/UzpfSTEwMDA4MTQ5Nzk3NTM4MTpWSzoyNDg5MzA0MzA2MzY3MTEzOQ==_0.jpg	0.635641	one_text_contains_the_other	石鼎茶香。	"石
鼎
茶
香
辛丑大暑丁昭祥"	/mnt/Suran_database/Users/thanhthanh_workspace/Project/NLP_K35/xlnntn_hp2_friend/data/mrDuc_data/Images/UzpfSTEwMDA4MTQ5Nzk3NTM4MTpWSzoyNDg5MzA0MzA2MzY3MTEzOQ==_0.jpg
/images/UzpfSTEwMDAwMDgwMjE5MTgwMjpWSzoyNDg5MTY3Mzg1MzgwODA2MA==_0.jpg	0.728787	high_directional_coverage	"書法練習20251107
風聲度竹有琴韻

月影寫梅無墨痕"	"風聲度竹有琴韻
月影寫梅無墨痕
乙巳之秋吳紹瑋書"	/mnt/Suran_database/Users/thanhthanh_workspace/Project/NLP_K35/xlnntn_hp2_friend/data/mrDuc_data/Images/UzpfSTEwMDAwMDgwMjE5MTgwMjpWSzoyNDg5MTY3Mzg1MzgwODA2MA==_0.jpg
/images/UzpfSTEwMDAwMDM2OTIxMDcyNTpWSzoyNDg1MTQ1OTQxNDQ5NjE3MQ==_0.jpg	0.912088	high_directional_coverage	本是青燈不歸客，卻因濁酒戀紅塵。今天的練習01	"本是青燈不歸客
却因濁酒戀紅塵"	/mnt/Suran_database/Users/thanhthanh_workspace/Project/NLP_K35/xlnntn_hp2_friend/data/mrDuc_data/Images/UzpfSTEwMDAwMDM2OTIxMDcyNTpWSzoyNDg1MTQ1OTQxNDQ5NjE3MQ==_0.jpg
/images/UzpfSTEwMDAwMDM2NjMwMzY2NTpWSzoyNDg4MzYyNDA0Nzk0NjM3NA==_0.jpg	0.82579	high_directional_coverage	"2025-11-06
012
禹啓世襲，滅桀商湯。
周武伐紂，侯列各邦。
秦皇集權，漢劉楚項。"	"禹
啟
世
襲
滅
桀
商
湯
周
武
伐
紂
侯
列
各
邦
秦
皇
集
權
漢
劉
楚
項
中華字經
012
乙巳
秋
野
樵
書"	/mnt/Suran_database/Users/thanhthanh_workspace/Project/NLP_K35/xlnntn_hp2_friend/data/mrDuc_data/Images/UzpfSTEwMDAwMDM2NjMwMzY2NTpWSzoyNDg4MzYyNDA0Nzk0NjM3NA==_0.jpg
/images/UzpfSTEwMDAwMDM2OTIxMDcyNTpWSzoyNDg4ODI4NDI0NDE0NzAyMQ==_0.jpg	1.0	one_text_contains_the_other	欲將秋水明吾性，好領春風適化機。今天的練習01	"欲將秋水明吾性
好領春風適化機"	/mnt/Suran_database/Users/thanhthanh_workspace/Project/NLP_K35/xlnntn_hp2_friend/data/mrDuc_data/Images/UzpfSTEwMDAwMDM2OTIxMDcyNTpWSzoyNDg4ODI4NDI0NDE0NzAyMQ==_0.jpg
/images/UzpfSTEwMDAwMTE4ODg3OTk3MjpWSzoyNDg4NDUxOTY4NDUyMzQ3Nw==_0.jpg	0.616842	high_directional_coverage	"臨摹趙孟頫《秋興賦》
愈來愈享受寫這種長條橫卷

秋興賦是西晉潘岳所作

元朝趙孟頫寫《秋興賦》

節臨一段：

「晉十有四年，余春秋三十有二，始見二毛。以太尉掾兼虎賁中郎將，寓直於散騎之省。高閣連雲，陽景罕曜，珥蟬冕而襲紈綺之士，此焉游處。僕野人也，偃息不過茅屋茂林之下，談話不過農夫田父之客，攝官承乏，猥廁朝列，夙興晏寢，匪遑底寧。」"	"秋興賦
晉十有四年余春秋
三十有二始見二毛以
大尉掾倅於中郎
將寓直于散騎之省
高閣連雲陽景罕
曜珥蟬冕而纘組
縉之士此焉游處
野人也偃息不過一榻
廕茂木"	/mnt/Suran_database/Users/thanhthanh_workspace/Project/NLP_K35/xlnntn_hp2_friend/data/mrDuc_data/Images/UzpfSTEwMDAwMTE4ODg3OTk3MjpWSzoyNDg4NDUxOTY4NDUyMzQ3Nw==_0.jpg
/images/UzpfSTEwMDAwMTE4ODg3OTk3MjpWSzoyNDg4NDUxOTY4NDUyMzQ3Nw==_2.jpg	0.654341	high_directional_coverage	"臨摹趙孟頫《秋興賦》
愈來愈享受寫這種長條橫卷

秋興賦是西晉潘岳所作

元朝趙孟頫寫《秋興賦》

節臨一段：

「晉十有四年，余春秋三十有二，始見二毛。以太尉掾兼虎賁中郎將，寓直於散騎之省。高閣連雲，陽景罕曜，珥蟬冕而襲紈綺之士，此焉游處。僕野人也，偃息不過茅屋茂林之下，談話不過農夫田父之客，攝官承乏，猥廁朝列，夙興晏寢，匪遑底寧。」"	"秋興賦
晉十有四年余春秋
三十有二始見二毛以
太尉掾倅貢中郎
將寓直于散騎之省
高閣連雲陽景罕
曜珥蟬冕而翫戎
縉之士此焉游處優
野人也偃息不過茅
屋茂"	/mnt/Suran_database/Users/thanhthanh_workspace/Project/NLP_K35/xlnntn_hp2_friend/data/mrDuc_data/Images/UzpfSTEwMDAwMTE4ODg3OTk3MjpWSzoyNDg4NDUxOTY4NDUyMzQ3Nw==_2.jpg
/images/UzpfSTEwMDAwMzUzNjA0MTQ0NzpWSzoyNDg3Mjg4NzQxOTAyMDAzNw==_0.jpg	0.610666	combined_score_above_threshold	"行草 網文句🙏☕😎

我不是孤僻
只是不想把自己
奉獻在別人的熱鬧裏"	"我不是那個只
是不想把自己
放在有別人的
熱鬧裏
錄網上
己亥秋恒銘"	/mnt/Suran_database/Users/thanhthanh_workspace/Project/NLP_K35/xlnntn_hp2_friend/data/mrDuc_data/Images/UzpfSTEwMDAwMzUzNjA0MTQ0NzpWSzoyNDg3Mjg4NzQxOTAyMDAzNw==_0.jpg
/images/UzpfSTEwMDAwMDcwNDYxMzAwMzpWSzoyNDg2NDMzMDAwOTg3NTc3OA==_0.jpg	0.631382	combined_score_above_threshold	"花下醉
李商隐詩
寻芳不觉醉流霞，倚树沉眠日已斜。
客散酒醒深夜后，更持红烛赏残花。"	"尋
芳
不
覺
醉
流
霞
倚
樹
沉
眠
日
已
斜
客
散
酒
醒
深
夜
更
持
紅
燭
賞
殘
花
下
醉
李
商
隱"	/mnt/Suran_database/Users/thanhthanh_workspace/Project/NLP_K35/xlnntn_hp2_friend/data/mrDuc_data/Images/UzpfSTEwMDAwMDcwNDYxMzAwMzpWSzoyNDg2NDMzMDAwOTg3NTc3OA==_0.jpg
/images/UzpfSTEwMDAwMTE4ODg3OTk3MjpWSzoyNDg4NDUxOTY4NDUyMzQ3Nw==_4.jpg	0.600427	combined_score_above_threshold	"臨摹趙孟頫《秋興賦》
愈來愈享受寫這種長條橫卷

秋興賦是西晉潘岳所作

元朝趙孟頫寫《秋興賦》

節臨一段：

「晉十有四年，余春秋三十有二，始見二毛。以太尉掾兼虎賁中郎將，寓直於散騎之省。高閣連雲，陽景罕曜，珥蟬冕而襲紈綺之士，此焉游處。僕野人也，偃息不過茅屋茂林之下，談話不過農夫田父之客，攝官承乏，猥廁朝列，夙興晏寢，匪遑底寧。」"	"秋興賦
晉十有四年余春秋
三十有二始見二毛以
太尉掾兼東閣祭酒
遷尚書度支郎
高閣連雲陽景罕
曜邇蟬冕而襲紈
素之士此焉游處
野人也偃息不過茅
屋茂林之下羨彼
不過農夫田父之居
獨無木索之羈庶
幾列夙興晏寢
趙子昂書秋興賦
歲在己巳秋"	/mnt/Suran_database/Users/thanhthanh_workspace/Project/NLP_K35/xlnntn_hp2_friend/data/mrDuc_data/Images/UzpfSTEwMDAwMTE4ODg3OTk3MjpWSzoyNDg4NDUxOTY4NDUyMzQ3Nw==_4.jpg
/images/UzpfSTEwMDAwMDM2OTIxMDcyNTpWSzoyNDg2OTI3NDA4OTM4MTM3MA==_0.jpg	0.632253	high_directional_coverage	錦茵閒襯丁香枕，銀釭燼落猶慵寢。 顒坐遍紅爐，誰知情緒孤。 少年狂蕩慣，花曲長牽絆。 去便不歸來，空教駿馬回。今天的練習03	"錦茵閒襯丁香枕銀缸灺落猶慵寢
步驟隔紅紗誰知情緒孤少年狂蕩悞
花落空牽絆去便不須來也敎駿馬回
唐人尹鶚菩薩蠻
乙巳秋月之吉"	/mnt/Suran_database/Users/thanhthanh_workspace/Project/NLP_K35/xlnntn_hp2_friend/data/mrDuc_data/Images/UzpfSTEwMDAwMDM2OTIxMDcyNTpWSzoyNDg2OTI3NDA4OTM4MTM3MA==_0.jpg
/images/UzpfSTEwMDAwOTU5NjQwODMyMzpWSzoyNDg4MzM5MzI3Nzk2OTQ1MQ==_0.jpg	0.797403	high_directional_coverage	白髮三千丈,緣愁似個長,不知明鏡裡,何處得秋霜!謝謝!	"白髮三千丈緣愁似箇長
不知明鏡裏何處得秋霜
泉書"	/mnt/Suran_database/Users/thanhthanh_workspace/Project/NLP_K35/xlnntn_hp2_friend/data/mrDuc_data/Images/UzpfSTEwMDAwOTU5NjQwODMyMzpWSzoyNDg4MzM5MzI3Nzk2OTQ1MQ==_0.jpg
/images/UzpfSTEwMDAwMDM2OTIxMDcyNTpWSzoyNDg2OTI3MTIyNjA0ODMyMw==_0.jpg	1.0	one_text_contains_the_other	鳳翥龍翔。今天的練習02	"鳳
翥
龍
翔"	/mnt/Suran_database/Users/thanhthanh_workspace/Project/NLP_K35/xlnntn_hp2_friend/data/mrDuc_data/Images/UzpfSTEwMDAwMDM2OTIxMDcyNTpWSzoyNDg2OTI3MTIyNjA0ODMyMw==_0.jpg
/images/UzpfSTEwMDAwMDM2NjMwMzY2NTpWSzoyNDg3Mzk2NTAyODkxMjI3Ng==_0.jpg	0.782316	high_directional_coverage	"2025-11-05週三
《辭世頌》 濟公活佛
六十年來狼藉，
東壁打到西壁。
如今收拾歸來，
依舊水連天碧。"	"六
十
年
來
狼
藉
東
壁
打
到
西
壁
如
今
收
拾
歸
來
依
舊
水
連
天
碧
濟公活佛辭世頌乙巳秋游墨"	/mnt/Suran_database/Users/thanhthanh_workspace/Project/NLP_K35/xlnntn_hp2_friend/data/mrDuc_data/Images/UzpfSTEwMDAwMDM2NjMwMzY2NTpWSzoyNDg3Mzk2NTAyODkxMjI3Ng==_0.jpg
/images/UzpfSTEwNjc5NTA0Mzk6Vks6MjQ4NzAxMDAxMzkyOTg3NjU=_0.jpg	0.579532	high_directional_coverage	世上最难念的经：“家家有本难念的经”。😊	"世上最難念的經
家家有本難念的經
乙巳年秋月国結書"	/mnt/Suran_database/Users/thanhthanh_workspace/Project/NLP_K35/xlnntn_hp2_friend/data/mrDuc_data/Images/UzpfSTEwNjc5NTA0Mzk6Vks6MjQ4NzAxMDAxMzkyOTg3NjU=_0.jpg
/images/UzpfSTEwMDAwMzUzNjA0MTQ0NzpWSzoyNDg2MjczNDgzMzM2ODYyOQ==_0.jpg	0.872483	high_directional_coverage	"行草 李商隱 錦瑟🙏☕😎

錦瑟無端五十弦
一弦一柱思華年
莊生曉夢迷蝴蝶
望帝春心託杜鵑
滄海月明珠有淚
藍田日暖玉生煙
此情可待成追憶
祇是當時已惘然"	"錦瑟無端五十弦一弦一
柱思華年莊生曉夢迷
蝴蝶望帝春心託杜鵑
滄月明珠有淚藍田日暖玉
生煙此情可待成追憶
只是當時已惘然
李商隱錦瑟
己亥夏伯敏"	/mnt/Suran_database/Users/thanhthanh_workspace/Project/NLP_K35/xlnntn_hp2_friend/data/mrDuc_data/Images/UzpfSTEwMDAwMzUzNjA0MTQ0NzpWSzoyNDg2MjczNDgzMzM2ODYyOQ==_0.jpg
/images/UzpfSTEwMDAwMDM2OTIxMDcyNTpWSzoyNDg2OTI2ODk4NjA0ODU0Nw==_0.jpg	1.0	one_text_contains_the_other	希文天下為己任，君實每事對人言。今天的練習01	"希文天下為己任
君實每事對人言"	/mnt/Suran_database/Users/thanhthanh_workspace/Project/NLP_K35/xlnntn_hp2_friend/data/mrDuc_data/Images/UzpfSTEwMDAwMDM2OTIxMDcyNTpWSzoyNDg2OTI2ODk4NjA0ODU0Nw==_0.jpg
/images/UzpfSTEwMDAwMDM2NjMwMzY2NTpWSzoyNDg2NTk5OTEwMzA0MjIwMg==_0.jpg	0.759545	high_directional_coverage	"2025-11-03
中華字經
011
終極必反，存興趨亡。
唯實眾名，一理萬方。
第五課 歷史36
炎黃二帝，堯舜禪讓。"	"終
極
必
反
存
興
趨
亡
唯
實
眾
名
一
理
萬
方
炎
黃
二
帝
堯
舜
禪
讓
中華字經011乙巳秋均芝書"	/mnt/Suran_database/Users/thanhthanh_workspace/Project/NLP_K35/xlnntn_hp2_friend/data/mrDuc_data/Images/UzpfSTEwMDAwMDM2NjMwMzY2NTpWSzoyNDg2NTk5OTEwMzA0MjIwMg==_0.jpg
/images/UzpfSTEwMDAwOTU5NjQwODMyMzpWSzoyNDg2NDA5MTA2OTg5OTY3Mg==_0.jpg	0.908225	high_directional_coverage	君家何處住,妾住在橫塘,停船暫借問,或恐是同鄉!謝謝!	"君
家
何
處
住
妾
住
在
橫
塘
停
船
暫
借
問
或
恐
是
同
鄉
魯
書"	/mnt/Suran_database/Users/thanhthanh_workspace/Project/NLP_K35/xlnntn_hp2_friend/data/mrDuc_data/Images/UzpfSTEwMDAwOTU5NjQwODMyMzpWSzoyNDg2NDA5MTA2OTg5OTY3Mg==_0.jpg
/images/UzpfSTYxNTczOTk5Nzk4MzcwOlZLOjI0ODYzMDE4MTU2NjczNjMw_0.jpg	0.756068	combined_score_above_threshold	"節錄自蘇東坡前赤壁賦，以
文徵明筆意書寫。

白露橫江，水光接天。縱一葦之所如，凌萬公頃之茫然。浩浩乎如馮虛禦風，不知所止；飄飄乎如遺世獨立，羽化而登仙。"	"白露橫江水光
接天縱一葦之所如
凌萬頃之茫然
浩浩乎如馮虛御
風而不知其所止
飄飄乎如遺世獨
立羽化而登仙
節錄自蘇東坡前赤
壁賦己巳冬秋韶"	/mnt/Suran_database/Users/thanhthanh_workspace/Project/NLP_K35/xlnntn_hp2_friend/data/mrDuc_data/Images/UzpfSTYxNTczOTk5Nzk4MzcwOlZLOjI0ODYzMDE4MTU2NjczNjMw_0.jpg
/images/UzpfSTEwMDAwMDM2OTIxMDcyNTpWSzoyNDg1MTQ2NDE0NDQ5NTY5OA==_0.jpg	0.651956	high_directional_coverage	羅裾薄薄秋波染， 眉間畫時山兩點。 相見綺筵時， 深情暗共知。 翠翹雲鬢動， 斂態彈金鳳。 宴罷入蘭房， 邀人解珮璫。今天的練習03	"羅裙薄薄，秋波染眉间却时山千叠見
待筵時深情暗共知雙翹雲鬢動
斂態彈金鳳宴罷入閨房邀人解珮瑞
唐人魏承班菩薩蠻
乙巳秋月之吉"	/mnt/Suran_database/Users/thanhthanh_workspace/Project/NLP_K35/xlnntn_hp2_friend/data/mrDuc_data/Images/UzpfSTEwMDAwMDM2OTIxMDcyNTpWSzoyNDg1MTQ2NDE0NDQ5NTY5OA==_0.jpg
/images/UzpfSTEwMDAwMDM2NjMwMzY2NTpWSzoyNDg2MDIzNzY2Njk1MTY3OQ==_0.jpg	0.581563	combined_score_above_threshold	"2025-10-03
11/7立冬，請幫我寫一首五言律詩。謝謝你。

《乙巳立冬》 by AI
節序輪迴裏，今朝立冬寒。
黃花猶未老，朔氣已無端。
酒熟邀誰飲，詩成獨自看。
何當六出舞，銀海縱奇觀。

注：本詩以立冬時節為背景，通過描繪寒氣初臨、黃花猶在的景象，抒發了詩人對時光流轉的感慨。尾聯以期待雪景作結，寄寓了對自然奇觀的嚮往與讚歎，詩意含蓄而富有韻味。"	"節
序
輪
迴
裏
今
朝
立
冬
寒
黃
花
猶
未
老
朔
氣
已
無
端
酒
熟
邀
誰
飲
詩
成
獨
自
看
何
當
六
出
舞
海
縱
奇
觀
乙
巳
冬
by
A.Z.
妙"	/mnt/Suran_database/Users/thanhthanh_workspace/Project/NLP_K35/xlnntn_hp2_friend/data/mrDuc_data/Images/UzpfSTEwMDAwMDM2NjMwMzY2NTpWSzoyNDg2MDIzNzY2Njk1MTY3OQ==_0.jpg
/images/UzpfSTEwMDAwMDM2OTIxMDcyNTpWSzoyNDg1MTQ2MTI1MTE2MjY1NA==_0.jpg	1.0	one_text_contains_the_other	行雲流水。今天的練習02	"行
雲
流
水"	/mnt/Suran_database/Users/thanhthanh_workspace/Project/NLP_K35/xlnntn_hp2_friend/data/mrDuc_data/Images/UzpfSTEwMDAwMDM2OTIxMDcyNTpWSzoyNDg1MTQ2MTI1MTE2MjY1NA==_0.jpg
/images/UzpfSTEwMDAwMzUzNjA0MTQ0NzpWSzoyNDg1NDUzNTE3NzUyMTkyOA==_0.jpg	0.790682	high_directional_coverage	"行草 宋 楊萬里 小池🙏☕😎

泉眼無聲惜細流
樹陰照水愛晴柔
小荷才露尖尖角
早有蜻蜓立上頭"	"泉眼無聲惜細流
樹陰照水愛晴柔
小荷才露尖尖角
早有蜻蜓立上頭
宋杨万里小池
己丑秋伯紹"	/mnt/Suran_database/Users/thanhthanh_workspace/Project/NLP_K35/xlnntn_hp2_friend/data/mrDuc_data/Images/UzpfSTEwMDAwMzUzNjA0MTQ0NzpWSzoyNDg1NDUzNTE3NzUyMTkyOA==_0.jpg
/images/UzpfSTEwMDAwMzI4NDg3MDY0MDpWSzoyNDgzNjkwODkxNTk1MTIyMQ==_3.jpg	0.68861	high_directional_coverage	"這首意境清遠的小詩，是詩人躲避安史戰禍至南方的蘇州，夜闌人靜之時所作的…

月落烏啼霜滿天，
江楓漁火對愁眠。
姑蘇城外寒山寺，
夜半鐘聲到客船。 
- 張繼 楓橋夜泊"	"加画框AI生成
月落烏啼霜滿天江楓漁
火對愁眠姑蘇城外寒山寺夜
半鐘聲到客船
張繼詩
楓橋夜泊"	/mnt/Suran_database/Users/thanhthanh_workspace/Project/NLP_K35/xlnntn_hp2_friend/data/mrDuc_data/Images/UzpfSTEwMDAwMzI4NDg3MDY0MDpWSzoyNDgzNjkwODkxNTk1MTIyMQ==_3.jpg
/images/UzpfSTEwMDAwMzI4NDg3MDY0MDpWSzoyNDgzNjkwODkxNTk1MTIyMQ==_1.jpg	0.673452	high_directional_coverage	"這首意境清遠的小詩，是詩人躲避安史戰禍至南方的蘇州，夜闌人靜之時所作的…

月落烏啼霜滿天，
江楓漁火對愁眠。
姑蘇城外寒山寺，
夜半鐘聲到客船。 
- 張繼 楓橋夜泊"	"月落烏啼
霜滿天
江楓漁
火對愁眠
姑蘇城外
寒山寺
夜
半鐘聲
到客船
張繼楓橋夜泊詩
己亥冬日宋煜書"	/mnt/Suran_database/Users/thanhthanh_workspace/Project/NLP_K35/xlnntn_hp2_friend/data/mrDuc_data/Images/UzpfSTEwMDAwMzI4NDg3MDY0MDpWSzoyNDgzNjkwODkxNTk1MTIyMQ==_1.jpg
/images/UzpfSTEwMDAwMDM2NjMwMzY2NTpWSzoyNDg0OTAyOTU4NDczOTE1NA==_0.jpg	0.845684	high_directional_coverage	"2025-11-02
中華字經
010
縮濃而質，積微顯量。
化巨幻虛，恍惚成象。
強固凌弱，柔亦制剛。"	"縮
濃
而
質
積
微
顯
量
化
巨
幻
虛
恍
惚
成
象
強
固
凌
弱
柔
亦
制
剛
中華字經
10.
乙巳秋始書之"	/mnt/Suran_database/Users/thanhthanh_workspace/Project/NLP_K35/xlnntn_hp2_friend/data/mrDuc_data/Images/UzpfSTEwMDAwMDM2NjMwMzY2NTpWSzoyNDg0OTAyOTU4NDczOTE1NA==_0.jpg
/images/UzpfSTEwMDAxNjg4Mjk5NjczMzpWSzoyNDg0ODc0NjIzNDc2NzQ4OQ==_0.jpg	0.858789	high_directional_coverage	檻菊愁煙蘭泣露，羅幕輕寒，燕子雙飛去。明月不諳離恨苦，斜光到曉穿朱戶。昨夜西風凋碧樹，獨上高樓，望盡天涯路。欲寄彩箋兼尺素，山長水闊知何處？	"檻
菊
愁
煙
蘭
泣
露
羅
幕
輕
寒
燕
子
雙
飛
去
明
月
不
諳
離
恨
苦
斜
光
到
曉
穿
朱
戶
昨
夜
西
風
獨
上
高
樓
望
盡
天
涯
路
欲
寄
彩
箋
無
尺
素
山
長
水
闊
何
處
晏
殊
詞
一
首
己
十
月
香
江
含
南
書"	/mnt/Suran_database/Users/thanhthanh_workspace/Project/NLP_K35/xlnntn_hp2_friend/data/mrDuc_data/Images/UzpfSTEwMDAxNjg4Mjk5NjczMzpWSzoyNDg0ODc0NjIzNDc2NzQ4OQ==_0.jpg
/images/UzpfSTEwMDAwMDE4MjQyNTQyMjpWSzoyNDgzOTg0MzI3NTY1Nzc4NQ==_0.jpg	0.853554	high_directional_coverage	"靜默【秋日晨起】
幽鳥窗前語，衣寒倦啟扉。
秋聲猶隱約，曉色透熹微。
興到終嫌晚，愁來始覺非。
靜中深有味，誰與共忘機?"	"幽鳥窗前語衣寒倦啟扉
秋聲猶隱約曉色透熹微
興到終嫌晚愁來始覺非
靜中深有味誰與共忘機
乙巳年玄月寓齋靜熙"	/mnt/Suran_database/Users/thanhthanh_workspace/Project/NLP_K35/xlnntn_hp2_friend/data/mrDuc_data/Images/UzpfSTEwMDAwMDE4MjQyNTQyMjpWSzoyNDgzOTg0MzI3NTY1Nzc4NQ==_0.jpg
/images/UzpfSTEwMDAwMDM2OTIxMDcyNTpWSzoyNDg0MjcyNDE2ODcwMzAyOQ==_0.jpg	1.0	one_text_contains_the_other	困知勉行。今天的練習02	"困
知
勉
行"	/mnt/Suran_database/Users/thanhthanh_workspace/Project/NLP_K35/xlnntn_hp2_friend/data/mrDuc_data/Images/UzpfSTEwMDAwMDM2OTIxMDcyNTpWSzoyNDg0MjcyNDE2ODcwMzAyOQ==_0.jpg
/images/UzpfSTEwMDAwMzI4NDg3MDY0MDpWSzoyNDgzMDM5ODQ1MzI2ODkzNA==_3.jpg	0.595626	high_directional_coverage	"元末明初的詩人唐珙（字溫如），以這一首極富藝術個性的紀游詩而留名於世。

西風吹老洞庭波，
一夜湘君白髮多。
醉後不知天在水，
滿船清夢壓星河。
-唐溫如"	"西風吹老洞庭波一夜湘君白髮多
醉後不知天在水滿載得清
夢壓星河
庚子初冬書於雲廬"	/mnt/Suran_database/Users/thanhthanh_workspace/Project/NLP_K35/xlnntn_hp2_friend/data/mrDuc_data/Images/UzpfSTEwMDAwMzI4NDg3MDY0MDpWSzoyNDgzMDM5ODQ1MzI2ODkzNA==_3.jpg
/images/UzpfSTEwMDAwMDE4MjQyNTQyMjpWSzoyNDgzODEyMTM0MjQ5NjY0NQ==_0.jpg	0.781008	high_directional_coverage	"靜默【己亥霜降】
時節嚴霜降，江湖歲月侵。
驚飈卷秋蘀，餘響震詩心。
欹枕愁難寐，挑燈坐獨吟。
興懷強排悶，賦詠濯塵襟 。"	"時節嚴霜降江湖歲月侵
驚飈卷秋籜餘響震詩心
欹枕愁難寐拋鐙坐獨吟
興懷強排悶賦詠濯塵襟
乙巳年玄月寫於靜照"	/mnt/Suran_database/Users/thanhthanh_workspace/Project/NLP_K35/xlnntn_hp2_friend/data/mrDuc_data/Images/UzpfSTEwMDAwMDE4MjQyNTQyMjpWSzoyNDgzODEyMTM0MjQ5NjY0NQ==_0.jpg
/images/UzpfSTEwMDA1NzYxNjk4NjQyNjpWSzoyNDg0MTkzNjMxODc4MTgxNA==_1.jpg	0.783333	one_text_contains_the_other	樂此不疲	"小石齋
樂此不疲
2cmX2cm"	/mnt/Suran_database/Users/thanhthanh_workspace/Project/NLP_K35/xlnntn_hp2_friend/data/mrDuc_data/Images/UzpfSTEwMDA1NzYxNjk4NjQyNjpWSzoyNDg0MTkzNjMxODc4MTgxNA==_1.jpg
/images/UzpfSTEwMDAwMDM2OTIxMDcyNTpWSzoyNDgzMzE0NjE3NjMyNzQ5NQ==_0.jpg	1.0	one_text_contains_the_other	對酒當歌。今天的練習02	"對
酒
當
歌"	/mnt/Suran_database/Users/thanhthanh_workspace/Project/NLP_K35/xlnntn_hp2_friend/data/mrDuc_data/Images/UzpfSTEwMDAwMDM2OTIxMDcyNTpWSzoyNDgzMzE0NjE3NjMyNzQ5NQ==_0.jpg
/images/UzpfSTEwMDA1NzYxNjk4NjQyNjpWSzoyNDg0MTkzNjMxODc4MTgxNA==_3.jpg	0.783333	one_text_contains_the_other	樂此不疲	"小石齋
樂此不疲
2cmX2cm"	/mnt/Suran_database/Users/thanhthanh_workspace/Project/NLP_K35/xlnntn_hp2_friend/data/mrDuc_data/Images/UzpfSTEwMDA1NzYxNjk4NjQyNjpWSzoyNDg0MTkzNjMxODc4MTgxNA==_3.jpg
/images/UzpfSTEwMDAwMDgwMjE5MTgwMjpWSzoyNDg0NTk1NjQ3NTA0NjQ2NQ==_0.jpg	0.728787	high_directional_coverage	"書法練習20251102
千秋筆墨驚天地

萬里雲山入畫圖"	"千
秋
筆
墨
驚
天
地
萬
里
雲
山
入
畫
圖
己
巳
之
秋
吳
紹
瑞
書"	/mnt/Suran_database/Users/thanhthanh_workspace/Project/NLP_K35/xlnntn_hp2_friend/data/mrDuc_data/Images/UzpfSTEwMDAwMDgwMjE5MTgwMjpWSzoyNDg0NTk1NjQ3NTA0NjQ2NQ==_0.jpg
/images/UzpfSTEwNjc5NTA0Mzk6Vks6MjQ4NDI2NDQwNTUzNzc3MDc=_0.jpg	0.955402	one_text_contains_the_other	懂得低頭不是懦弱而是珍惜，懂得讓步不是怕輸而是在乎。	"懂得低頭不是懦弱
而是珍惜
懂得讓步不是怕輸
而是在乎
国鈺書"	/mnt/Suran_database/Users/thanhthanh_workspace/Project/NLP_K35/xlnntn_hp2_friend/data/mrDuc_data/Images/UzpfSTEwNjc5NTA0Mzk6Vks6MjQ4NDI2NDQwNTUzNzc3MDc=_0.jpg
/images/UzpfSTEwMDAwMDM2NjMwMzY2NTpWSzoyNDg0MTAwMTY0NTU0MTk0OA==_0.jpg	0.765699	high_directional_coverage	"2025-11-01
中華字經
第四課 大道16
009
形分上下，道合陰陽。
幽冥杳渺，天體著彰。
凝氣為精，聚能以場。"	"形
分
上
下
道
合
陰
陽
幽
冥
杳
渺
天
體
著
彰
凝
氣
為
精
聚
能
以
場
中華字經07.
乙巳秋碧崖書"	/mnt/Suran_database/Users/thanhthanh_workspace/Project/NLP_K35/xlnntn_hp2_friend/data/mrDuc_data/Images/UzpfSTEwMDAwMDM2NjMwMzY2NTpWSzoyNDg0MTAwMTY0NTU0MTk0OA==_0.jpg
/images/UzpfSTEwMDA1NzYxNjk4NjQyNjpWSzoyNDg0MTkzNjMxODc4MTgxNA==_0.jpg	0.635641	one_text_contains_the_other	樂此不疲	"小石齋
樂此不疲
樂此不疲
2cmX2cm"	/mnt/Suran_database/Users/thanhthanh_workspace/Project/NLP_K35/xlnntn_hp2_friend/data/mrDuc_data/Images/UzpfSTEwMDA1NzYxNjk4NjQyNjpWSzoyNDg0MTkzNjMxODc4MTgxNA==_0.jpg
/images/UzpfSTEwMDA1NzYxNjk4NjQyNjpWSzoyNDg0MTkzNjMxODc4MTgxNA==_2.jpg	0.635641	one_text_contains_the_other	樂此不疲	"小石齋
樂此不疲
樂此不疲
2cmX2cm"	/mnt/Suran_database/Users/thanhthanh_workspace/Project/NLP_K35/xlnntn_hp2_friend/data/mrDuc_data/Images/UzpfSTEwMDA1NzYxNjk4NjQyNjpWSzoyNDg0MTkzNjMxODc4MTgxNA==_2.jpg
/images/UzpfSTEwMDA1MDU5Mjk1MDg2MzpWSzoyNDgyODYwNzYzMzQ0ODAxNg==_0.jpg	0.633175	high_directional_coverage	吉祥如意醉芙蓉	"吉祥如意時芙蓉
乙巳年
琉璃張"	/mnt/Suran_database/Users/thanhthanh_workspace/Project/NLP_K35/xlnntn_hp2_friend/data/mrDuc_data/Images/UzpfSTEwMDA1MDU5Mjk1MDg2MzpWSzoyNDgyODYwNzYzMzQ0ODAxNg==_0.jpg
/images/UzpfSTEwMDAwMzUzNjA0MTQ0NzpWSzoyNDgwOTYxNzk1NTM0Njk4NA==_0.jpg	0.693759	combined_score_above_threshold	"行草 白居易 晚秋閑居🙏☕😎

地僻門深少送迎
披衣閑坐養幽情
秋庭不掃攜藤杖
閑踏梧桐黃葉行"	"地僻門深少送迎
披衣閒坐養幽情
秋庭不掃攜藤杖
閒蹋梧桐黃葉行
白居易詩一首己卯仲秋"	/mnt/Suran_database/Users/thanhthanh_workspace/Project/NLP_K35/xlnntn_hp2_friend/data/mrDuc_data/Images/UzpfSTEwMDAwMzUzNjA0MTQ0NzpWSzoyNDgwOTYxNzk1NTM0Njk4NA==_0.jpg
/images/UzpfSTEwMDAwMDM2OTIxMDcyNTpWSzoyNDgzMzEzODYwOTY2MTU4NQ==_0.jpg	0.854945	high_directional_coverage	牆過玉筍連雲插，燕濕香泥帶雨歸。今天的練習01	"墉
遏
玉
筍
連
雲
插
燕
濕
香
泥
帶
雨
歸"	/mnt/Suran_database/Users/thanhthanh_workspace/Project/NLP_K35/xlnntn_hp2_friend/data/mrDuc_data/Images/UzpfSTEwMDAwMDM2OTIxMDcyNTpWSzoyNDgzMzEzODYwOTY2MTU4NQ==_0.jpg
/images/UzpfSTEwMDAwMzUzNjA0MTQ0NzpWSzoyNDgyNzE0MTkwMDI2MTI1Ng==_0.jpg	0.779925	high_directional_coverage	"行草 程顥 春日偶成🙏☕😎

雲淡風輕近午天
傍花隨柳過前川
時人不識余心樂
將謂偷閑學少年"	"雲淡風輕近午天
傍花隨柳過前川
時人不識余心樂
將謂偷閒學少年
宋程顥春日偶成己卯秋伯欽"	/mnt/Suran_database/Users/thanhthanh_workspace/Project/NLP_K35/xlnntn_hp2_friend/data/mrDuc_data/Images/UzpfSTEwMDAwMzUzNjA0MTQ0NzpWSzoyNDgyNzE0MTkwMDI2MTI1Ng==_0.jpg
/images/UzpfSTEwMDAwMDM2OTIxMDcyNTpWSzoyNDgxNDkyODMxODE0OTI4MQ==_0.jpg	0.851848	high_directional_coverage	侍女動妝奩，故故驚人睡。那知本未眠，背面偷垂淚。懶卸鳳凰釵，羞入鴛鴦被。時復見殘燈，和煙墜金穗。今天的練習03	"侍女動妝奩故驚人睡那知本未
眠背面偷垂淚懶卸鳳凰釵羞入鴛鴦
被時復見殘燈和煙墮金穗
唐人韓偓生查子
乙巳秋月之吉"	/mnt/Suran_database/Users/thanhthanh_workspace/Project/NLP_K35/xlnntn_hp2_friend/data/mrDuc_data/Images/UzpfSTEwMDAwMDM2OTIxMDcyNTpWSzoyNDgxNDkyODMxODE0OTI4MQ==_0.jpg
/images/UzpfSTEwMDAwMDM2OTIxMDcyNTpWSzoyNDgyNDE0ODU3NzIyNzI1NQ==_0.jpg	1.0	one_text_contains_the_other	受益良多。今天的練習02	受益良多	/mnt/Suran_database/Users/thanhthanh_workspace/Project/NLP_K35/xlnntn_hp2_friend/data/mrDuc_data/Images/UzpfSTEwMDAwMDM2OTIxMDcyNTpWSzoyNDgyNDE0ODU3NzIyNzI1NQ==_0.jpg
/images/UzpfSTEwMDAwMDM2NjMwMzY2NTpWSzoyNDgyOTc4MzQ5NjY2Mzc2Mw==_0.jpg	0.845684	high_directional_coverage	"2025-10-31
中華字經
008
隔屋鄰舍，遇事謙諒。
伯公嫗婆，慈孝贍養。
尊朋禮友，仁義君郎。"	"隔
屋
鄰
舍
遇
事
謙
諒
伯
公
嫗
婆
慈
孝
贍
養
尊
朋
禮
友
仁
義
君
郎
中
華
字
經
乙
酉
秋
刘
艺
书"	/mnt/Suran_database/Users/thanhthanh_workspace/Project/NLP_K35/xlnntn_hp2_friend/data/mrDuc_data/Images/UzpfSTEwMDAwMDM2NjMwMzY2NTpWSzoyNDgyOTc4MzQ5NjY2Mzc2Mw==_0.jpg
/images/UzpfSTEwMDAwMDM2OTIxMDcyNTpWSzoyNDgzMzE0ODgxOTY2MDU2NA==_0.jpg	0.803985	high_directional_coverage	合殿恩中絕，交河使漸稀。肝腸辭玉輦，形影向金微。漢宮草應綠，胡庭沙正飛。願逐三秋雁，年年一度歸。今天的練習03	"合殿恩中絕交河使漸稀肝腸辭玉輦
形影向金微濕地草應綠胡雁沙中飛
願逐三秋雁年年一度歸
唐人昭君怨
乙巳秋月王吉"	/mnt/Suran_database/Users/thanhthanh_workspace/Project/NLP_K35/xlnntn_hp2_friend/data/mrDuc_data/Images/UzpfSTEwMDAwMDM2OTIxMDcyNTpWSzoyNDgzMzE0ODgxOTY2MDU2NA==_0.jpg
/images/UzpfSTEwMDAwMDM2OTIxMDcyNTpWSzo0Njk1NjExMDIwNTA3NjQx_0.jpg	0.824524	high_directional_coverage	山光物態弄春暉，莫為輕陰便擬歸。縱使晴明無雨色，入雲深處亦沾衣 。今天的練習03	"山光物態弄春暉莫爲清陰便
擬歸縱使晴明無雨色入雲深處
亦沾衣
張旭山中留客
辛丑冬"	/mnt/Suran_database/Users/thanhthanh_workspace/Project/NLP_K35/xlnntn_hp2_friend/data/mrDuc_data/Images/UzpfSTEwMDAwMDM2OTIxMDcyNTpWSzo0Njk1NjExMDIwNTA3NjQx_0.jpg
/images/UzpfSTEwMDAwMDM2NjMwMzY2NTpWSzoyNDgyMzEwMDU3Mzk5ODcyMg==_0.jpg	0.856131	high_directional_coverage	"2025-10-30
中華字經
007
姑姨叔舅，親戚互訪。
侄男閨少，哺育茁壯。
夫妻相敬，夢憶糟糠。"	"姑
姨
叔
舅
親
戚
互
訪
侄
男
閨
少
哺
育
茁
壯
夫
妻
相
敬
夢
憶
糟
糠
中華字經
07.乙巳
秋始書"	/mnt/Suran_database/Users/thanhthanh_workspace/Project/NLP_K35/xlnntn_hp2_friend/data/mrDuc_data/Images/UzpfSTEwMDAwMDM2NjMwMzY2NTpWSzoyNDgyMzEwMDU3Mzk5ODcyMg==_0.jpg
/images/UzpfSTYxNTczOTk5Nzk4MzcwOlZLOjI0ODE5OTk5NTA0MzA4ODI5_0.jpg	0.819048	one_text_contains_the_other	"臨文徵明滕王閣序名句

北海雖賒，扶搖可接；
東隅已逝，桑榆非晚。"	"北
海
雖
賒
扶
搖
可
接
東
隅
已
逝
桑
榆
非
晚"	/mnt/Suran_database/Users/thanhthanh_workspace/Project/NLP_K35/xlnntn_hp2_friend/data/mrDuc_data/Images/UzpfSTYxNTczOTk5Nzk4MzcwOlZLOjI0ODE5OTk5NTA0MzA4ODI5_0.jpg
/images/UzpfSTEwMDAwNjk5OTg0Mzk5MjpWSzoyNDgxMDc5Njg4ODU2MjQyNA==_0.jpg	0.691722	high_directional_coverage	"書友早安愉悅😃😃
習字塗鴉分享🙏🙏
🔯 劉禹錫:望洞庭

湖光秋月兩相和，潭面無風鏡未磨。
遙望洞庭山水翠，白銀盤裏一青螺。
書於~烘爐茶壺"	"湖
光
秋
月
兩
相
和
潭
面
無
風
鏡
未
磨
遙
望
洞
庭
山
水
翠
白
銀
盤
裏
一
青
螺
刘
禹
锡
洞
庭
乙
巳
秋"	/mnt/Suran_database/Users/thanhthanh_workspace/Project/NLP_K35/xlnntn_hp2_friend/data/mrDuc_data/Images/UzpfSTEwMDAwNjk5OTg0Mzk5MjpWSzoyNDgxMDc5Njg4ODU2MjQyNA==_0.jpg
/images/UzpfSTEwMDAwMDM2OTIxMDcyNTpWSzoyNDgyNDE1MDc0Mzg5MzcwNQ==_0.jpg	0.704484	high_directional_coverage	依舊紅箋綠譜。褪下春風一步。國色便欺花。也憐他。 小雨雕欄曲圃。後夜冰蟾玉兔。花底唱梁州。疊成愁。今天的練習03	"依舊紅箋綠譜褪下春風一步國色便
欺他如憐他小爲雕欄出圃後夜冰蟾
銀兔花底唱梁州還半愁
旴人龔廷芳書昭君怨
乙巳秋月之吉"	/mnt/Suran_database/Users/thanhthanh_workspace/Project/NLP_K35/xlnntn_hp2_friend/data/mrDuc_data/Images/UzpfSTEwMDAwMDM2OTIxMDcyNTpWSzoyNDgyNDE1MDc0Mzg5MzcwNQ==_0.jpg
/images/UzpfSTEwMDAwMTczNTA0OTA5OTpWSzoyNDgxMTgwMzQwODQ2MTc3Mg==_0.jpg	0.858706	high_directional_coverage	"杜牧 《九日齊山登高》
江涵秋影雁初飛，與客攜壺上翠微。
塵世難逢開口笑，菊花須插滿頭歸。
但將酩酊酬佳節，不用登臨恨落暉。
古往今來只如此，牛山何必淚霑衣。"	"江涵秋影鴈初飛與客攜壺上翠微塵世難逢開
口笑菊花須插滿頭歸但將酩酊酬佳節不用
登臨恨落暉古往今來只如此牛山何必淚霑
衣
杜牧九日齊山登高
乙巳農曆九月初
吳瑞和"	/mnt/Suran_database/Users/thanhthanh_workspace/Project/NLP_K35/xlnntn_hp2_friend/data/mrDuc_data/Images/UzpfSTEwMDAwMTczNTA0OTA5OTpWSzoyNDgxMTgwMzQwODQ2MTc3Mg==_0.jpg
/images/UzpfSTEwMDAwMDM2OTIxMDcyNTpWSzoyNDgxNDkyMzkyMTQ4MzA1NA==_0.jpg	1.0	one_text_contains_the_other	庭前春色濃如許，戶外風光翠欲流。今天的練習01	"庭
前
春
色
濃
如
許
戶
外
風
光
翠
欲
流"	/mnt/Suran_database/Users/thanhthanh_workspace/Project/NLP_K35/xlnntn_hp2_friend/data/mrDuc_data/Images/UzpfSTEwMDAwMDM2OTIxMDcyNTpWSzoyNDgxNDkyMzkyMTQ4MzA1NA==_0.jpg
/images/UzpfSTEwMDAwMDM2NjMwMzY2NTpWSzoyNDgxMTc2NTgwNTEzMjE5OQ==_0.jpg	0.723618	high_directional_coverage	"2025-10-29
中華字經
006
境態和諧，物種安詳。
父母爹孃，沒齒難忘。
兄弟姐妹，危困助幫。"	"境
德
和
諧
物
種
安
詳
父
母
爹
娘
没
齒
難
忘
兄
弟
姐
妹
危
困
助
幫
中華字經06乙巳秋妤美游書"	/mnt/Suran_database/Users/thanhthanh_workspace/Project/NLP_K35/xlnntn_hp2_friend/data/mrDuc_data/Images/UzpfSTEwMDAwMDM2NjMwMzY2NTpWSzoyNDgxMTc2NTgwNTEzMjE5OQ==_0.jpg
/images/UzpfSTEwMDA1MDU5Mjk1MDg2MzpWSzoyNDgxMTUxNjg4MTgyMzc1OA==_0.jpg	0.922778	one_text_contains_the_other	紫花情夢春風留美人	紫花情夢春風留美人流漓	/mnt/Suran_database/Users/thanhthanh_workspace/Project/NLP_K35/xlnntn_hp2_friend/data/mrDuc_data/Images/UzpfSTEwMDA1MDU5Mjk1MDg2MzpWSzoyNDgxMTUxNjg4MTgyMzc1OA==_0.jpg
/images/UzpfSTEwMDAwMDcwNDYxMzAwMzpWSzoyNDc5MTg2NDQ0MDQ1NTY2OQ==_0.jpg	0.648889	combined_score_above_threshold	遠山看雲色近水聽濤聲。	"遠
山
寒
色
近
庭
外
聽
濤
聲"	/mnt/Suran_database/Users/thanhthanh_workspace/Project/NLP_K35/xlnntn_hp2_friend/data/mrDuc_data/Images/UzpfSTEwMDAwMDcwNDYxMzAwMzpWSzoyNDc5MTg2NDQ0MDQ1NTY2OQ==_0.jpg
/images/UzpfSTEwMDAwMDc1NjA1NDk0OTpWSzoyNDc0NDcxMDgzODUwNDM2Mw==_0.jpg	0.792573	high_directional_coverage	"柳永
甘草子
秋暮。亂灑衰荷，顆顆真珠雨。雨過月華生，冷徹鴛鴦浦。
池上憑闌愁無侶。奈此個、單棲情緒。卻傍金籠共鸚鵡。念粉郎言語。"	"秋暮亂灑衰荷顆真珠
雨過月華生冷濕鴛鴦浦
池上憑闌愁無侶奈此個單
棲卻傍金籠共鸚鵒鸚鵒
念粉郎言語
柳永甘草子
乙巳秋記玲書"	/mnt/Suran_database/Users/thanhthanh_workspace/Project/NLP_K35/xlnntn_hp2_friend/data/mrDuc_data/Images/UzpfSTEwMDAwMDc1NjA1NDk0OTpWSzoyNDc0NDcxMDgzODUwNDM2Mw==_0.jpg
/images/UzpfSTEwMDA4MTQ5Nzk3NTM4MTpWSzoyNDgxMTIzNjA2NTE4NTE3Mw==_0.jpg	0.680196	one_text_contains_the_other	端居樂清靜。	"端居樂清靜
乙亥春分丁鸣祥"	/mnt/Suran_database/Users/thanhthanh_workspace/Project/NLP_K35/xlnntn_hp2_friend/data/mrDuc_data/Images/UzpfSTEwMDA4MTQ5Nzk3NTM4MTpWSzoyNDgxMTIzNjA2NTE4NTE3Mw==_0.jpg
/images/UzpfSTEwMDAwMDM2NjMwMzY2NTpWSzoyNDgwMjg2NzMwOTM1NTM4Mg==_0.jpg	0.845684	high_directional_coverage	"2025-10-28
中華字經
005
冰川凍土，沙漠沃壤。
木豐樹森，巖多灘廣。
鳥飛獸走，鱗潛羽翔。"	"冰
川
凍
土
沙
漠
沃
壤
木
豐
樹
森
巖
多
灘
廣
鳥
飛
獸
走
鱗
潛
羽
翔
中
華
字
經
乙
巳
秋
竹
雅
書"	/mnt/Suran_database/Users/thanhthanh_workspace/Project/NLP_K35/xlnntn_hp2_friend/data/mrDuc_data/Images/UzpfSTEwMDAwMDM2NjMwMzY2NTpWSzoyNDgwMjg2NzMwOTM1NTM4Mg==_0.jpg
/images/UzpfSTEwMDAwMDM2OTIxMDcyNTpWSzoyNDc5NTk1NzcxMDA0NjM0Mg==_0.jpg	0.912088	high_directional_coverage	珠盤錯落三千牘，玉板雕鎪九萬牋。今天的練習01	"珠盤錯落三千牘
玉板雕鏤九萬牋"	/mnt/Suran_database/Users/thanhthanh_workspace/Project/NLP_K35/xlnntn_hp2_friend/data/mrDuc_data/Images/UzpfSTEwMDAwMDM2OTIxMDcyNTpWSzoyNDc5NTk1NzcxMDA0NjM0Mg==_0.jpg
/images/UzpfSTEwMDAwNjk5OTg0Mzk5MjpWSzoyNDgwMDYxOTkxMjkxMzQ1NQ==_0.jpg	0.602165	high_directional_coverage	"書友早安愉悅😃😃
習字塗鴉分享🙏🙏
🔯 天山雪後海風寒，橫笛偏吹行路難。
出自唐代李益的《從軍北征》 

書於~烘爐茶壺"	"天山雪後海風
寒橫笛偏吹行
路難
李白從軍行北征乙巳秋"	/mnt/Suran_database/Users/thanhthanh_workspace/Project/NLP_K35/xlnntn_hp2_friend/data/mrDuc_data/Images/UzpfSTEwMDAwNjk5OTg0Mzk5MjpWSzoyNDgwMDYxOTkxMjkxMzQ1NQ==_0.jpg
/images/UzpfSTEwMDAwMzUzNjA0MTQ0NzpWSzoyNDc3MTA0NDk4MjUzNzYxNQ==_0.jpg	0.861192	high_directional_coverage	"行草 節 劉禹錫 陋室銘🙏☕😎

苔痕上階綠  草色入簾青
談笑有鴻儒  往來無白丁
可以調素琴  閱金經
無絲竹之亂耳
無案牘之勞形"	"苔痕上階綠草色入
簾青談笑有鴻儒往
來無白丁可以調素琴
閱金經無絲竹之亂耳
無案牘之勞形
若陋室銘句
伯烈"	/mnt/Suran_database/Users/thanhthanh_workspace/Project/NLP_K35/xlnntn_hp2_friend/data/mrDuc_data/Images/UzpfSTEwMDAwMzUzNjA0MTQ0NzpWSzoyNDc3MTA0NDk4MjUzNzYxNQ==_0.jpg
/images/UzpfSTEwMDAwMDM2OTIxMDcyNTpWSzoyNDc5NTk2MDExMDA0NjEwMg==_0.jpg	1.0	one_text_contains_the_other	百尺竿頭。今天的練習02	百尺竿頭	/mnt/Suran_database/Users/thanhthanh_workspace/Project/NLP_K35/xlnntn_hp2_friend/data/mrDuc_data/Images/UzpfSTEwMDAwMDM2OTIxMDcyNTpWSzoyNDc5NTk2MDExMDA0NjEwMg==_0.jpg
/images/UzpfSTEwMDAwMzUzNjA0MTQ0NzpWSzoyNDc2MDIxMzY1MzYyMDc0OA==_0.jpg	0.696842	combined_score_above_threshold	"行書 錄 網文聯🙏☕😎

讀破萬卷詩愈美
行盡千山路轉賒"	"讀破萬卷詩愈美
行盡千山路轉賒
辛丑仲秋瀚銘"	/mnt/Suran_database/Users/thanhthanh_workspace/Project/NLP_K35/xlnntn_hp2_friend/data/mrDuc_data/Images/UzpfSTEwMDAwMzUzNjA0MTQ0NzpWSzoyNDc2MDIxMzY1MzYyMDc0OA==_0.jpg
/images/UzpfSTEwMDAwMzI4NDg3MDY0MDpWSzoyNDc5MDcxMTA3NzIzNzY3Mg==_4.jpg	0.583546	high_directional_coverage	"李白途徑安徽夜泊牛渚時，以此地東晉謝尚聞袁宏詠史處，以懷古之名抒發自身懷才不遇之憾..！

李白《夜泊牛渚懷古》
牛渚西江夜，青天無片雲。
登舟望秋月，空憶謝將軍。
餘亦能高詠，斯人不可聞。
明朝掛帆席，楓葉落紛紛。"	"牛渚西江夜青天無片雲登舟望
秋月空憶謝將軍余亦能高詠斯人不
可聞明朝掛帆去楓葉落紛々
庚子白露于香江之秋覺新書"	/mnt/Suran_database/Users/thanhthanh_workspace/Project/NLP_K35/xlnntn_hp2_friend/data/mrDuc_data/Images/UzpfSTEwMDAwMzI4NDg3MDY0MDpWSzoyNDc5MDcxMTA3NzIzNzY3Mg==_4.jpg
/images/UzpfSTEwMDAwMDM2OTIxMDcyNTpWSzoyNDc5NTk2MjU5MDA0NTg1NA==_0.jpg	0.690667	high_directional_coverage	暖日策花驄，嚲鞚垂楊陌。芳草惹煙青，落絮隨風白。誰家繡轂動香塵，隱映神仙客。狂殺玉鞭郎，咫尺音容隔。今天的練習03	"暖日策花驄綠鞅垂楊陌芳艸惹煙青
碧浪隨風白誰家綉轂動手蓮隱映
神仙客狂殺玉鞭郎咫尺音容隔
五代詞人孫光憲生查子
乙巳秋月王吉"	/mnt/Suran_database/Users/thanhthanh_workspace/Project/NLP_K35/xlnntn_hp2_friend/data/mrDuc_data/Images/UzpfSTEwMDAwMDM2OTIxMDcyNTpWSzoyNDc5NTk2MjU5MDA0NTg1NA==_0.jpg
/images/UzpfSTEwMDAwMzI4NDg3MDY0MDpWSzoyNDc5MDcxMTA3NzIzNzY3Mg==_2.jpg	0.580266	combined_score_above_threshold	"李白途徑安徽夜泊牛渚時，以此地東晉謝尚聞袁宏詠史處，以懷古之名抒發自身懷才不遇之憾..！

李白《夜泊牛渚懷古》
牛渚西江夜，青天無片雲。
登舟望秋月，空憶謝將軍。
餘亦能高詠，斯人不可聞。
明朝掛帆席，楓葉落紛紛。"	"牛渚西江夜
青天無片雲
登舟望
秋月空憶謝將軍
余亦能高詠
斯人不
可聞明朝挂帆席
楓葉落紛紛
唐李白夜泊牛渚懷古
歲次辛丑秋日
涴市新平書于"	/mnt/Suran_database/Users/thanhthanh_workspace/Project/NLP_K35/xlnntn_hp2_friend/data/mrDuc_data/Images/UzpfSTEwMDAwMzI4NDg3MDY0MDpWSzoyNDc5MDcxMTA3NzIzNzY3Mg==_2.jpg
/images/UzpfSTEwMDAwMzUzNjA0MTQ0NzpWSzoyNDc5OTMxNzMyNjM3NzA0Nw==_0.jpg	0.730307	high_directional_coverage	"行書 元人 攜琴訪友🙏☕😎

策杖攜童抱素琴
水邊林下訪知音
舟人指點板橋外
岸轉蹊迴路可尋"	"策
杖
携
童
抱
素
琴
水
邊
林
下
訪
知
音
舟
人
指
點
板
橋
外
峰
轉
蹊
迴
路
可
尋
元人
携琴
訪友
己巳
仲秋
伯熙"	/mnt/Suran_database/Users/thanhthanh_workspace/Project/NLP_K35/xlnntn_hp2_friend/data/mrDuc_data/Images/UzpfSTEwMDAwMzUzNjA0MTQ0NzpWSzoyNDc5OTMxNzMyNjM3NzA0Nw==_0.jpg
/images/UzpfSTEwMDAwMzI4NDg3MDY0MDpWSzoyNDc5MDcxMTA3NzIzNzY3Mg==_1.jpg	0.65007	high_directional_coverage	"李白途徑安徽夜泊牛渚時，以此地東晉謝尚聞袁宏詠史處，以懷古之名抒發自身懷才不遇之憾..！

李白《夜泊牛渚懷古》
牛渚西江夜，青天無片雲。
登舟望秋月，空憶謝將軍。
餘亦能高詠，斯人不可聞。
明朝掛帆席，楓葉落紛紛。"	"牛渚西江夜青天無片雲登舟
望秋月空憶謝將軍余亦能高詠斯人
不可聞明朝掛帆席楓葉落紛紛
唐李白夜泊牛渚懷古己亥之秋"	/mnt/Suran_database/Users/thanhthanh_workspace/Project/NLP_K35/xlnntn_hp2_friend/data/mrDuc_data/Images/UzpfSTEwMDAwMzI4NDg3MDY0MDpWSzoyNDc5MDcxMTA3NzIzNzY3Mg==_1.jpg
/images/UzpfSTEwMDAxMDMwNDc2NjAwNDpWSzoyNDc4NTkwNjQ4NzcxODEzMQ==_0.jpg	0.446667	one_text_contains_the_other	蘇軾 定風波莫聽穿林打葉聲	"莫聽穿林打葉聲何妨吟嘯且
徐行竹杖芒鞋輕勝馬誰怕一
蓑煙雨任平生料峭春風吹酒
醒微冷山頭斜照却相迎迴首
向來蕭瑟處歸去也無風雨也
無晴
蘇軾定風波莫聽穿林打葉聲李秀珍書"	/mnt/Suran_database/Users/thanhthanh_workspace/Project/NLP_K35/xlnntn_hp2_friend/data/mrDuc_data/Images/UzpfSTEwMDAxMDMwNDc2NjAwNDpWSzoyNDc4NTkwNjQ4NzcxODEzMQ==_0.jpg
/images/UzpfSTEwMDAwMzUzNjA0MTQ0NzpWSzoyNDc4MDk0OTE4MTU0NzE5NQ==_0.jpg	0.76643	combined_score_above_threshold	"行草 節 文天祥 過零丁洋🙏☕😎

惶恐灘頭說惶恐
零丁洋裏歎零丁
人生自古誰無死
留取丹心照汗青"	"惶恐灘頭說惶恐
零丁洋裡歎零丁
人生自古誰無死
留取丹心照汗青
文天祥過零丁洋
己仲秋
伯欽"	/mnt/Suran_database/Users/thanhthanh_workspace/Project/NLP_K35/xlnntn_hp2_friend/data/mrDuc_data/Images/UzpfSTEwMDAwMzUzNjA0MTQ0NzpWSzoyNDc4MDk0OTE4MTU0NzE5NQ==_0.jpg
/images/UzpfSTEwMDAwMDM2NjMwMzY2NTpWSzoyNDc5NTQ3Mjg5MzQyODE1Nw==_0.jpg	0.825778	high_directional_coverage	"2025-10-27
中華字經
004
陸地漂移，板塊碰撞。
山嶽巍峨，湖泊盪漾。
植被曠野，島撒汪洋。"	"陸
地
漂
移
板
塊
碰
撞
山
嶽
巍
峨
湖
泊
盪
漾
植
被
曠
野
島
撒
汪
洋
中華字經四乙巳秋書于雅士"	/mnt/Suran_database/Users/thanhthanh_workspace/Project/NLP_K35/xlnntn_hp2_friend/data/mrDuc_data/Images/UzpfSTEwMDAwMDM2NjMwMzY2NTpWSzoyNDc5NTQ3Mjg5MzQyODE1Nw==_0.jpg
/images/UzpfSTEwMDAwMDM2OTIxMDcyNTpWSzoyNDc2NzA5NTE2NjI2NTkzMA==_0.jpg	1.0	one_text_contains_the_other	澹定自若。今天的練習02	"澹
定
自
若"	/mnt/Suran_database/Users/thanhthanh_workspace/Project/NLP_K35/xlnntn_hp2_friend/data/mrDuc_data/Images/UzpfSTEwMDAwMDM2OTIxMDcyNTpWSzoyNDc2NzA5NTE2NjI2NTkzMA==_0.jpg
/images/UzpfSTEwMDAwMDM2NjMwMzY2NTpWSzoyNDc4MzkxNDE3MTI1MDY5Ng==_0.jpg	0.81561	high_directional_coverage	"2025-10-26
中華字經
003
春生夏長，秋收冬藏。
時令應候，寒來暑往。
遠古洪荒，海田滄桑。"	"春
生
夏
長
秋
收
冬
藏
時
令
應
候
寒
來
暑
往
遠
古
洪
荒
海
田
桑
中華字經03
乙巳秋煇臨之"	/mnt/Suran_database/Users/thanhthanh_workspace/Project/NLP_K35/xlnntn_hp2_friend/data/mrDuc_data/Images/UzpfSTEwMDAwMDM2NjMwMzY2NTpWSzoyNDc4MzkxNDE3MTI1MDY5Ng==_0.jpg
/images/UzpfSTEwMDAwMDM2OTIxMDcyNTpWSzoyNDc4NzAyODk4MDkzOTIxNQ==_0.jpg	1.0	one_text_contains_the_other	勇攀高峰。今天的練習02	"勇
攀
高
峰"	/mnt/Suran_database/Users/thanhthanh_workspace/Project/NLP_K35/xlnntn_hp2_friend/data/mrDuc_data/Images/UzpfSTEwMDAwMDM2OTIxMDcyNTpWSzoyNDc4NzAyODk4MDkzOTIxNQ==_0.jpg
/images/UzpfSTEwNjc5NTA0Mzk6Vks6MjQ3ODM1MTUxMjQ2MjM5MzQ=_0.jpg	0.946994	one_text_contains_the_other	唯有静下心去沉淀，才能观照自我的智慧与力量。	"唯有静下心去沉淀
才能观照自我的智
慧与力量
国钰书"	/mnt/Suran_database/Users/thanhthanh_workspace/Project/NLP_K35/xlnntn_hp2_friend/data/mrDuc_data/Images/UzpfSTEwNjc5NTA0Mzk6Vks6MjQ3ODM1MTUxMjQ2MjM5MzQ=_0.jpg
/images/UzpfSTEwMDAwMDcwNDYxMzAwMzpWSzoyNDc3NDE3MTAyMjIyNTAxMQ==_0.jpg	0.915633	one_text_contains_the_other	"春曉 孟浩然
春眠不覺曉，處處聞啼鳥。
夜來風雨聲，花落知多少。"	"春眠不覺曉處處聞啼鳥
夜來風雨聲花落知多少"	/mnt/Suran_database/Users/thanhthanh_workspace/Project/NLP_K35/xlnntn_hp2_friend/data/mrDuc_data/Images/UzpfSTEwMDAwMDcwNDYxMzAwMzpWSzoyNDc3NDE3MTAyMjIyNTAxMQ==_0.jpg
/images/UzpfSTEwMDAwMDM2OTIxMDcyNTpWSzoyNDc3NzcwOTk4ODUzNzc4MQ==_0.jpg	1.0	one_text_contains_the_other	莫道清茶不是酒，醇到深處亦醉人。今天的練習01	"莫道清茶不是酒
醇到深處亦醉人"	/mnt/Suran_database/Users/thanhthanh_workspace/Project/NLP_K35/xlnntn_hp2_friend/data/mrDuc_data/Images/UzpfSTEwMDAwMDM2OTIxMDcyNTpWSzoyNDc3NzcwOTk4ODUzNzc4MQ==_0.jpg
/images/UzpfSTEwMDAwNzEzNTAyNjM0NjpWSzoyNDc4MDc2NTE2NDg5ODkzMA==_0.jpg	0.736462	high_directional_coverage	行草書習作，譯文--誰家玉笛暗飛聲，散入春風滿洛城，此夜曲中聞折柳，何人不起故園情。	"誰
家
玉
笛
暗
飛
聲
散
入
春
風
滿
洛
城
此
夜
曲
中
聞
折
柳
何
人
不
起
故
園
情
錄
唐
李
白
春
夜
城
聞
笛
己
巳
秋
月
劭
良
書"	/mnt/Suran_database/Users/thanhthanh_workspace/Project/NLP_K35/xlnntn_hp2_friend/data/mrDuc_data/Images/UzpfSTEwMDAwNzEzNTAyNjM0NjpWSzoyNDc4MDc2NTE2NDg5ODkzMA==_0.jpg
/images/UzpfSTEwMDAwMzUzNjA0MTQ0NzpWSzoyNDczMDA1MTQ0MzMwMzYzNg==_0.jpg	0.739769	high_directional_coverage	"行草 李賀 馬詩🙏☕😎

大漠沙如雪  燕山月似鈎
何當金絡腦  快走踏清秋"	"大漠沙如雪燕
山月似鉤何當
金絡腦快走踏
清秋
李賀馬詩
己巳中秋
白錄"	/mnt/Suran_database/Users/thanhthanh_workspace/Project/NLP_K35/xlnntn_hp2_friend/data/mrDuc_data/Images/UzpfSTEwMDAwMzUzNjA0MTQ0NzpWSzoyNDczMDA1MTQ0MzMwMzYzNg==_0.jpg
/images/UzpfSTEwMDAwMDM2OTIxMDcyNTpWSzoyNDc2NzA5MjUzOTU5OTUyNg==_0.jpg	0.848824	one_text_contains_the_other	西風吹老洞庭波，一夜湘君白髮多。 醉後不知天在水，滿船清夢壓星河。今天的練習01	"西風吹老洞庭波一夜湘君白髮多醉後不知天在水滿
船清夢壓星河
元人唐珖詩
己巳秋月之吉
蘇吉杰"	/mnt/Suran_database/Users/thanhthanh_workspace/Project/NLP_K35/xlnntn_hp2_friend/data/mrDuc_data/Images/UzpfSTEwMDAwMDM2OTIxMDcyNTpWSzoyNDc2NzA5MjUzOTU5OTUyNg==_0.jpg
/images/UzpfSTEwMDAwMjQzODk4MjM5NzpWSzoyNDc2OTQ0MjEzMjY5NzkwMA==_0.jpg	0.609453	combined_score_above_threshold	"《相思遙》
沒有她 在身旁�有好風光 也喑啞無話�春雨喚醒了枝芽�托風把信捎給她�屋簷下�風鈴輕輕搖曳我的心弦啊�暮色碎了一地 無人能回答
戲腔 牡丹亭念白�怎知春色如許�初見她 漫步溪橋下�她輕摘一朵桃花�滿園春色美如霞�釀得芳菲入新茶�我提筆 月下臨摹她�遙遙相思輕放下�宣紙一霎成詩畫�眼淚無聲渲染畫中的風雅"	"相思遥
张合豹
没有她在身旁 有好风光也喑哑无话
春雨唤醒了枝芽 托风把信捎给她
屋檐下 风铃轻轻摇曳我的心弦啊
暮色碎了一地 无人给回答
戏腔 牡丹亭念白:
初见她漫步溪桥下
她轻摘一朵桃花 满园春色美如画
酿得芳菲一盏茶 我提笔月下描摹她
遥遥相思横放下 宣纸一落成诗画
眼泪无声渲染画中的风雅"	/mnt/Suran_database/Users/thanhthanh_workspace/Project/NLP_K35/xlnntn_hp2_friend/data/mrDuc_data/Images/UzpfSTEwMDAwMjQzODk4MjM5NzpWSzoyNDc2OTQ0MjEzMjY5NzkwMA==_0.jpg
/images/UzpfSTEwMDAwMDM2OTIxMDcyNTpWSzoyNDc2NzA5Nzg0MjkzMjMyOQ==_0.jpg	0.822086	high_directional_coverage	江北上歸舟，再見江南岸。江北江南幾度秋，夢裏朱顏換。人是嶺頭雲，聚散天誰管。君似孤雲何處歸，我似離羣雁。今天的練習03	"江北上歸舟再見江南岸江北江
南幾度秋夢裏朱顏換人是顚倒
雲聚天涯誰管君似孤雲何處歸我
似游羣雁
宋周紫芝卜算子
己巳秋"	/mnt/Suran_database/Users/thanhthanh_workspace/Project/NLP_K35/xlnntn_hp2_friend/data/mrDuc_data/Images/UzpfSTEwMDAwMDM2OTIxMDcyNTpWSzoyNDc2NzA5Nzg0MjkzMjMyOQ==_0.jpg
/images/UzpfSTEwMDAwMDE4MjQyNTQyMjpWSzoyNDc3MjQ4MDg4OTA2MDY5MQ==_0.jpg	0.851764	high_directional_coverage	"靜默【瓶花遐想】
前身夢影猶疑遠，後世啼痕堪嘆深。
時飲流霞餐沆瀣，常期清客盼知音。
香寒玉瘦今方見，思入心澄靜處尋。
看取素馨懷野抱，半瓶花露淨朝陰。"	"前身夢影猶疑遠後世啼痕堪歎深
時飲流霞餐沆瀣常期清客盼知音
香寒玉瘦今方見思入心澄靜處尋
看取素馨懷野抱半瓶花露淨朝陰
歲在乙巳秋月於新竹寓齋
靜照"	/mnt/Suran_database/Users/thanhthanh_workspace/Project/NLP_K35/xlnntn_hp2_friend/data/mrDuc_data/Images/UzpfSTEwMDAwMDE4MjQyNTQyMjpWSzoyNDc3MjQ4MDg4OTA2MDY5MQ==_0.jpg
/images/UzpfSTEwMDAwMDgwMjE5MTgwMjpWSzoyNDc3MTYyNDc1NTgxMjk3MQ==_0.jpg	0.657946	combined_score_above_threshold	"書法練習20251025
遠看山有色

近聽水無聲"	"遠看山有色
近聽水無聲
乙巳之秋吳紹瑋書"	/mnt/Suran_database/Users/thanhthanh_workspace/Project/NLP_K35/xlnntn_hp2_friend/data/mrDuc_data/Images/UzpfSTEwMDAwMDgwMjE5MTgwMjpWSzoyNDc3MTYyNDc1NTgxMjk3MQ==_0.jpg
/images/UzpfSTEwMDAwMDM2NjMwMzY2NTpWSzoyNDc2NDAzMzQyOTkwNTQzNw==_0.jpg	0.796068	high_directional_coverage	"2025-10-24
中華字經
002
風馳雪舞，電閃雷響。
雲騰致雨，露結晨霜。
虹霓霞輝，霧沉雹降。"	"風
馳
雪
舞
電
閃
雷
響
雲
騰
致
雨
露
結
晨
霜
虹
霓
霞
輝
霧
沈
雹
降
中華字經02
乙巳秋段志祥書"	/mnt/Suran_database/Users/thanhthanh_workspace/Project/NLP_K35/xlnntn_hp2_friend/data/mrDuc_data/Images/UzpfSTEwMDAwMDM2NjMwMzY2NTpWSzoyNDc2NDAzMzQyOTkwNTQzNw==_0.jpg
/images/UzpfSTEwMDAwMzUzNjA0MTQ0NzpWSzoyNDcyMDkxMzY2NzU1MDc0Nw==_0.jpg	0.743599	combined_score_above_threshold	"行草 李涉 題鶴林寺僧舍🙏☕😎

終日昏昏醉夢間
忽聞春盡強登山
因過竹院逢僧話
又得浮生半日閑"	"終
日
昏
々
醉
夢
間
忽
聞
春
盡
強
登
山
因
過
竹
院
逢
僧
話
又
得
浮
生
半
日
閒
李
涉
詩
題
鶴
林
寺
己
亥
紹
欽"	/mnt/Suran_database/Users/thanhthanh_workspace/Project/NLP_K35/xlnntn_hp2_friend/data/mrDuc_data/Images/UzpfSTEwMDAwMzUzNjA0MTQ0NzpWSzoyNDcyMDkxMzY2NzU1MDc0Nw==_0.jpg
/images/UzpfSTEwMDAwMDE4MjQyNTQyMjpWSzoyNDc2MjM0MTMxNjc0MTMxNQ==_0.jpg	0.803431	high_directional_coverage	"靜默【秋日寄雲】
俯仰浮雲多聚散，金颸泣露盡披離。
疎狂不厭經年別，風雅能吟五字詩。
誰伴遊梁詞賦客，獨思憶戴雪霜姿。
近來世味俱嘗遍，遣我長歌只自癡。"	"俯仰浮雲多聚散金飆迨露盡披離
疎狂不厭經年別風雅能吟五字詩
誰伴遊梁醉賦客獨思憶戴雪霜姿
近來世味俱嘗遍遣我長歌祇自知
歲在乙巳霜降後秋日寄雲詩
靜熙"	/mnt/Suran_database/Users/thanhthanh_workspace/Project/NLP_K35/xlnntn_hp2_friend/data/mrDuc_data/Images/UzpfSTEwMDAwMDE4MjQyNTQyMjpWSzoyNDc2MjM0MTMxNjc0MTMxNQ==_0.jpg
/images/UzpfSTEwNzE5OTI5NzA6Vks6MjQ3Njc5ODAwOTk1MTA3NzA=_0.jpg	0.708404	high_directional_coverage	"25/10/2025 

人生難得幾日閒
清茶一壶煮流年
忘却人间三千事
心宽無處不桃源"	"人生難得幾日閑
清茶一壺煮清净
忘却人间三千事
心宽无处不桃源
网文句有雅"	/mnt/Suran_database/Users/thanhthanh_workspace/Project/NLP_K35/xlnntn_hp2_friend/data/mrDuc_data/Images/UzpfSTEwNzE5OTI5NzA6Vks6MjQ3Njc5ODAwOTk1MTA3NzA=_0.jpg
/images/UzpfSTEwMDAwMDM2OTIxMDcyNTpWSzoyNDc0NTY3NTE5ODQwNzkyNw==_0.jpg	0.656667	combined_score_above_threshold	廉于取名銳于求志，博而不俗文而又儒。今天的練習01	"廉
于
取
名
銳
于
求
志
慢
而
不
裕
介
而
有
懦"	/mnt/Suran_database/Users/thanhthanh_workspace/Project/NLP_K35/xlnntn_hp2_friend/data/mrDuc_data/Images/UzpfSTEwMDAwMDM2OTIxMDcyNTpWSzoyNDc0NTY3NTE5ODQwNzkyNw==_0.jpg
/images/UzpfSTEwMDAwMDM2NjMwMzY2NTpWSzoyNDc1NTI5NzczNzQ0NTY3Mw==_0.jpg	0.856818	high_directional_coverage	"2025-10-23
中國歷史朝代歌

夏商周春秋戰國
秦朝以後是兩漢
三國兩晉南北朝
隋唐五代宋夏遼
金元明清二十朝"	"夏
商
周
春
秋
戰
國
秦
朝
以
後
是
兩
漢
三
國
兩
晉
南
北
朝
隋
唐
五
代
宋
夏
遼
金
元
明
清
二
十
朝
中
國
歷
史
朝
代
歌
乙
巳
秋
楚
祥
書"	/mnt/Suran_database/Users/thanhthanh_workspace/Project/NLP_K35/xlnntn_hp2_friend/data/mrDuc_data/Images/UzpfSTEwMDAwMDM2NjMwMzY2NTpWSzoyNDc1NTI5NzczNzQ0NTY3Mw==_0.jpg
/images/UzpfSTEwMDAxNjg4Mjk5NjczMzpWSzoyNDcyNTgyNTMyMDM5MjkxNQ==_0.jpg	0.588528	combined_score_above_threshold	" 4尺條幅！見笑！
人生到處知何似，應似飛鴻踏雪泥。

泥上偶然留指爪，鴻飛那復計東西。

老僧已死成新塔，壞壁無由見舊題。

往日崎嶇還記否，路長人困蹇驢嘶。"	"人生到处知何似应似飞鸿踏雪泥
泥上偶然留指爪鸿飞那复计东西
老僧已死成新塔坏壁无由见旧题
往日崎岖还记否路长人困"	/mnt/Suran_database/Users/thanhthanh_workspace/Project/NLP_K35/xlnntn_hp2_friend/data/mrDuc_data/Images/UzpfSTEwMDAxNjg4Mjk5NjczMzpWSzoyNDcyNTgyNTMyMDM5MjkxNQ==_0.jpg
/images/UzpfSTEwMDAwMDM2OTIxMDcyNTpWSzoyNDc0NTY3OTcxMTc0MDgwOQ==_0.jpg	0.64729	high_directional_coverage	相見稀，喜相見，相見還相遠。檀畫荔枝紅，金蔓蜻蜓軟。 魚雁疏，芳信斷，花落庭陰晚。可惜玉肌膚，消瘦成慵懶。今天的練習03	"相見稀喜相見相逢檀盍荔枝
紅衣蔓蜻蜓軟魚宿疏芳信斷花蕩
庭陰晚可憐玉肌膚消瘦朱顏懶
石人張沁生書于乙巳秋月之吉"	/mnt/Suran_database/Users/thanhthanh_workspace/Project/NLP_K35/xlnntn_hp2_friend/data/mrDuc_data/Images/UzpfSTEwMDAwMDM2OTIxMDcyNTpWSzoyNDc0NTY3OTcxMTc0MDgwOQ==_0.jpg
/images/UzpfSTEwMDAwMzUzNjA0MTQ0NzpWSzoyNDY5MjYxNDgyNzA0NzI5OA==_0.jpg	0.617607	combined_score_above_threshold	"行草 李白 山中問答🙏☕😎

問余何事棲碧山
笑而不答心自閑
桃花流水窅然去
別有天地非人間"	"问余何意栖碧山
笑而不答心自闲
桃花流水窅然去
别有天地非人间
李白
山中问答
己巳仲秋
伯绍"	/mnt/Suran_database/Users/thanhthanh_workspace/Project/NLP_K35/xlnntn_hp2_friend/data/mrDuc_data/Images/UzpfSTEwMDAwMzUzNjA0MTQ0NzpWSzoyNDY5MjYxNDgyNzA0NzI5OA==_0.jpg
/images/UzpfSTEwMDAwMDM2OTIxMDcyNTpWSzoyNDc1NjMxNzQwMDY3NzA0MA==_0.jpg	0.923333	high_directional_coverage	至道無偏可聞可人，眾生得度在戒在修。今天的練習01	"至
道
無
偏
可
聞
可
入
眾
生
得
度
在
戒
在
修"	/mnt/Suran_database/Users/thanhthanh_workspace/Project/NLP_K35/xlnntn_hp2_friend/data/mrDuc_data/Images/UzpfSTEwMDAwMDM2OTIxMDcyNTpWSzoyNDc1NjMxNzQwMDY3NzA0MA==_0.jpg
/images/UzpfSTEwNzE5OTI5NzA6Vks6MjQ3NTY3MjUyNTczMDI5MjE=_0.jpg	0.591182	combined_score_above_threshold	"24/10/2025 雅俗共賞

清風挽月醉西楼
笑卧紅塵又一秋"	"霜降
清風挽月醉西樓
喚卧紅塵又一秋
己巳季夏有稚書"	/mnt/Suran_database/Users/thanhthanh_workspace/Project/NLP_K35/xlnntn_hp2_friend/data/mrDuc_data/Images/UzpfSTEwNzE5OTI5NzA6Vks6MjQ3NTY3MjUyNTczMDI5MjE=_0.jpg
/images/UzpfSTEwMDAwMDcwNDYxMzAwMzpWSzoyNDczNTY5MjA3OTQwNjIzOQ==_0.jpg	0.84	one_text_contains_the_other	秋高氣爽	"秋高氣爽
昭若"	/mnt/Suran_database/Users/thanhthanh_workspace/Project/NLP_K35/xlnntn_hp2_friend/data/mrDuc_data/Images/UzpfSTEwMDAwMDcwNDYxMzAwMzpWSzoyNDczNTY5MjA3OTQwNjIzOQ==_0.jpg
/images/UzpfSTEwMDAwMDM2NjMwMzY2NTpWSzoyNDc0MjAwNzMzNTQ0MTM4MA==_0.jpg	0.812346	high_directional_coverage	"2025-10-22
中華字經
001
乾坤有序，宇宙無疆。
星辰密佈，斗柄指航。
晝白夜黑，日明月亮。"	"朝
坤
有
序
宇
宙
無
疆
星
辰
密
佈
斗
柄
指
航
晝
白
夜
黑
日
明
月
亮
中華字經01.
乙巳秋妙如書"	/mnt/Suran_database/Users/thanhthanh_workspace/Project/NLP_K35/xlnntn_hp2_friend/data/mrDuc_data/Images/UzpfSTEwMDAwMDM2NjMwMzY2NTpWSzoyNDc0MjAwNzMzNTQ0MTM4MA==_0.jpg
/images/UzpfSTEwMDAwMDM2OTIxMDcyNTpWSzoyNDc0NTY3NzMwMTc0MTA1MA==_0.jpg	1.0	one_text_contains_the_other	河清海晏。今天的練習02	"河
清
海
晏"	/mnt/Suran_database/Users/thanhthanh_workspace/Project/NLP_K35/xlnntn_hp2_friend/data/mrDuc_data/Images/UzpfSTEwMDAwMDM2OTIxMDcyNTpWSzoyNDc0NTY3NzMwMTc0MTA1MA==_0.jpg
/images/UzpfSTEwMDAwMDM2OTIxMDcyNTpWSzoyNDczNjcwMTk5NTk3MTkxNA==_0.jpg	1.0	one_text_contains_the_other	澤如時雨。今天的練習02	"澤
如
時
雨"	/mnt/Suran_database/Users/thanhthanh_workspace/Project/NLP_K35/xlnntn_hp2_friend/data/mrDuc_data/Images/UzpfSTEwMDAwMDM2OTIxMDcyNTpWSzoyNDczNjcwMTk5NTk3MTkxNA==_0.jpg
/images/UzpfSTEwMDAwMDM2OTIxMDcyNTpWSzoyNDczNjcwNDUxMjYzODMyOQ==_0.jpg	0.727076	high_directional_coverage	渡口看潮生，水滿蒹葭浦。長記扁舟載月明，深入紅雲去。荷盡覆平池，忘了歸來路。誰信南樓百尺高，不見如蓮步。今天的練習03	"渡口看潮生水滿蒹葭浦也記扁
舟載月明深入紅塵去別後莫相忘
已忘了歸來路誰信秦樓百尺
高不見如蓮步
宋人呂渭老卜算子
己巳秋"	/mnt/Suran_database/Users/thanhthanh_workspace/Project/NLP_K35/xlnntn_hp2_friend/data/mrDuc_data/Images/UzpfSTEwMDAwMDM2OTIxMDcyNTpWSzoyNDczNjcwNDUxMjYzODMyOQ==_0.jpg
/images/UzpfSTEwMDAwMDM2OTIxMDcyNTpWSzoyNDczNjY5OTY5MjYzODgxMQ==_0.jpg	1.0	one_text_contains_the_other	梅花帶雪飛琴上，柳色和煙入酒中。今天的練習01	"梅花帶雪飛琴上
柳色和煙入酒中"	/mnt/Suran_database/Users/thanhthanh_workspace/Project/NLP_K35/xlnntn_hp2_friend/data/mrDuc_data/Images/UzpfSTEwMDAwMDM2OTIxMDcyNTpWSzoyNDczNjY5OTY5MjYzODgxMQ==_0.jpg
/images/UzpfSTE0NjE5MDA1NTI6Vks6MjQ3NDI4MTUwMzg2OTM5NDM=_0.jpg	0.823077	one_text_contains_the_other	行到水窮處，坐看雲起時。#有禪趣，	"行
到
水
窮
處
坐
看
雲
起
時
二〇二三年春于この"	/mnt/Suran_database/Users/thanhthanh_workspace/Project/NLP_K35/xlnntn_hp2_friend/data/mrDuc_data/Images/UzpfSTE0NjE5MDA1NTI6Vks6MjQ3NDI4MTUwMzg2OTM5NDM=_0.jpg
/images/UzpfSTEwMDAwMDY0NDU0MTUxOTpWSzoyNDczNTk3MjAwOTM3ODI0Ng==_0.jpg	0.815169	high_directional_coverage	秋意漸濃，看古人體驗如何：遙夜泛清瑟，西風生翠蘿。殘螢棲玉露，早雁拂金河。高樹曉還密，遠山晴更多。淮南一葉下，自覺洞庭波。	"遙
夜
泛
清
瑟
西
風
生
翠
蘿
殘
螢
棲
玉
早
雁
拂
金
河
高
樹
曉
還
密
遠
山
晴
更
多
淮
南
一
葉
下
自
覺
洞
庭
波
書
許
渾
早
秋
乙
秋"	/mnt/Suran_database/Users/thanhthanh_workspace/Project/NLP_K35/xlnntn_hp2_friend/data/mrDuc_data/Images/UzpfSTEwMDAwMDY0NDU0MTUxOTpWSzoyNDczNTk3MjAwOTM3ODI0Ng==_0.jpg
/images/UzpfSTEwMDAwMDM2OTIxMDcyNTpWSzoyNDcyNjUxNDY0MzY1NzMxNg==_0.jpg	0.839531	high_directional_coverage	花間一壺酒，獨酌無相親。舉杯邀明月，對影成三人。月既不解飲，影徒隨我身。暫伴月將影，行樂須及春。我歌月徘徊，我舞影零亂。醒時同交歡，醉後各分散。永結無情遊，相期邈雲漢。今天的練習01	"花間一壺酒獨酌無相親舉杯邀明月
對影成三人月既不解飲影徒隨我身
暫伴月將影行樂須及春我歌月徘徊
醒時同交歡醉後各分散永結無情遊
相期邈
唐人李太白月下獨酌四首其一
乙巳秋月
蕭志峰"	/mnt/Suran_database/Users/thanhthanh_workspace/Project/NLP_K35/xlnntn_hp2_friend/data/mrDuc_data/Images/UzpfSTEwMDAwMDM2OTIxMDcyNTpWSzoyNDcyNjUxNDY0MzY1NzMxNg==_0.jpg
/images/UzpfSTEwMDAwMDM2NjMwMzY2NTpWSzoyNDcyNTYxMDgzMDQxNDM2NA==_0.jpg	0.724834	high_directional_coverage	"2025-10-20
今天週一，祝大家工作愉快。

觀世尋道by AI  
31與人為善，如沐春風。
32內省不怠，自強不倦。
33開卷有益，溫故知新。"	"與
人
為
善
如
沐
春
風
內
省
不
怠
自
強
不
倦
開
卷
有
益
溫
故
知
新
觀
世
尋
道
31-33.
by
A.I
乙
巳
秋
份
書"	/mnt/Suran_database/Users/thanhthanh_workspace/Project/NLP_K35/xlnntn_hp2_friend/data/mrDuc_data/Images/UzpfSTEwMDAwMDM2NjMwMzY2NTpWSzoyNDcyNTYxMDgzMDQxNDM2NA==_0.jpg
/images/UzpfSTEwMDAwMzUzNjA0MTQ0NzpWSzoyNDY4MTU0MDI3ODE1NDc1Mw==_0.jpg	0.782226	combined_score_above_threshold	"行草 李商隱 宿駱氏亭寄懷崔雍崔袞🙏☕😎

竹塢無塵水檻清
相思迢遞隔重城
秋陰不散霜飛晚
留得枯荷聽雨聲"	"竹塢無塵水檻清
相思迢遞隔重城
秋陰不散霜飛晚
留得枯荷聽雨聲
李商隱宿駱氏亭寄懷崔雍崔袞伍鉉"	/mnt/Suran_database/Users/thanhthanh_workspace/Project/NLP_K35/xlnntn_hp2_friend/data/mrDuc_data/Images/UzpfSTEwMDAwMzUzNjA0MTQ0NzpWSzoyNDY4MTU0MDI3ODE1NDc1Mw==_0.jpg
/images/UzpfSTEwMDAwMzUzNjA0MTQ0NzpWSzoyNDY3MTg5NTM5OTExOTI0MQ==_0.jpg	0.770721	combined_score_above_threshold	"行草 李商隱 樂遊原🙏☕😎

向晚意不適  驅車登古原
夕陽無限好  只是近黃昏"	"向晚
意不
適
驅
車
登
古原
夕
陽
無
限
好
只
是
近
黃
昏
李商隱 樂遊原
己卯秋
伯銘"	/mnt/Suran_database/Users/thanhthanh_workspace/Project/NLP_K35/xlnntn_hp2_friend/data/mrDuc_data/Images/UzpfSTEwMDAwMzUzNjA0MTQ0NzpWSzoyNDY3MTg5NTM5OTExOTI0MQ==_0.jpg
/images/UzpfSTEwMDA2NTU3NjU0NjYxMzpWSzoyNDcyMzUzMTAyMzk1NTY3OA==_6.jpg	0.626667	combined_score_above_threshold	"偶爾留白，暫停 安靜 放空！＃我的書法 "	"偶尔留白
暂停
安静
放空"	/mnt/Suran_database/Users/thanhthanh_workspace/Project/NLP_K35/xlnntn_hp2_friend/data/mrDuc_data/Images/UzpfSTEwMDA2NTU3NjU0NjYxMzpWSzoyNDcyMzUzMTAyMzk1NTY3OA==_6.jpg
/images/UzpfSTEwMDA2NTU3NjU0NjYxMzpWSzoyNDcyMzUzMTAyMzk1NTY3OA==_1.jpg	0.626667	combined_score_above_threshold	"偶爾留白，暫停 安靜 放空！＃我的書法 "	"偶尔留白
暂停
安静
放空"	/mnt/Suran_database/Users/thanhthanh_workspace/Project/NLP_K35/xlnntn_hp2_friend/data/mrDuc_data/Images/UzpfSTEwMDA2NTU3NjU0NjYxMzpWSzoyNDcyMzUzMTAyMzk1NTY3OA==_1.jpg
/images/UzpfSTEwMDAwMzUzNjA0MTQ0NzpWSzoyNDcxNTk0ODM1ODA0NzI3OA==_0.jpg	0.600185	combined_score_above_threshold	"行草 錄 蒲松齡 自勉聯🙏☕😎

有志者事竟成 破釜沉舟 百二秦關終屬楚
苦心人天不負 臥薪嘗膽 三千越甲可吞吳"	"有志者事竟成破
釜沉舟百二秦关终
属楚苦心人天不负
卧薪尝胆三千越
甲可吞吴
绿涌松影自勉联
己卯秋录"	/mnt/Suran_database/Users/thanhthanh_workspace/Project/NLP_K35/xlnntn_hp2_friend/data/mrDuc_data/Images/UzpfSTEwMDAwMzUzNjA0MTQ0NzpWSzoyNDcxNTk0ODM1ODA0NzI3OA==_0.jpg
/images/UzpfSTEwMDA2NTU3NjU0NjYxMzpWSzoyNDcyMzUzMTAyMzk1NTY3OA==_4.jpg	0.751111	high_directional_coverage	"偶爾留白，暫停 安靜 放空！＃我的書法 "	"偶尔留白
暫停
安静
放空"	/mnt/Suran_database/Users/thanhthanh_workspace/Project/NLP_K35/xlnntn_hp2_friend/data/mrDuc_data/Images/UzpfSTEwMDA2NTU3NjU0NjYxMzpWSzoyNDcyMzUzMTAyMzk1NTY3OA==_4.jpg
/images/UzpfSTEwMDA2NTU3NjU0NjYxMzpWSzoyNDcyMzUzMTAyMzk1NTY3OA==_5.jpg	0.626667	combined_score_above_threshold	"偶爾留白，暫停 安靜 放空！＃我的書法 "	"偶尔留白
暂停
安静
放空"	/mnt/Suran_database/Users/thanhthanh_workspace/Project/NLP_K35/xlnntn_hp2_friend/data/mrDuc_data/Images/UzpfSTEwMDA2NTU3NjU0NjYxMzpWSzoyNDcyMzUzMTAyMzk1NTY3OA==_5.jpg
/images/UzpfSTEwMDAwMzUzNjA0MTQ0NzpWSzoyNDY1Mzc2OTc3MDkzMTgwNA==_0.jpg	0.802617	high_directional_coverage	"行草 李商隱 夜雨寄北🙏☕😎

君問歸期未有期
巴山夜雨漲秋池
何當共剪西窗燭
卻話巴山夜雨時"	"君
問
歸
期
未
有
期
巴
山
夜
雨
漲
秋
池
何
當
共
剪
西
窗
燭
卻
話
巴
山
夜
雨
時
李商隱
夜雨寄北
己巳仲秋
伯欽"	/mnt/Suran_database/Users/thanhthanh_workspace/Project/NLP_K35/xlnntn_hp2_friend/data/mrDuc_data/Images/UzpfSTEwMDAwMzUzNjA0MTQ0NzpWSzoyNDY1Mzc2OTc3MDkzMTgwNA==_0.jpg
/images/UzpfSTEwMDA2NTU3NjU0NjYxMzpWSzoyNDcyMzUzMTAyMzk1NTY3OA==_7.jpg	0.626667	combined_score_above_threshold	"偶爾留白，暫停 安靜 放空！＃我的書法 "	"偶尔留白
暂停
安静
放空"	/mnt/Suran_database/Users/thanhthanh_workspace/Project/NLP_K35/xlnntn_hp2_friend/data/mrDuc_data/Images/UzpfSTEwMDA2NTU3NjU0NjYxMzpWSzoyNDcyMzUzMTAyMzk1NTY3OA==_7.jpg
/images/UzpfSTEwMDA2NTU3NjU0NjYxMzpWSzoyNDcyMzUzMTAyMzk1NTY3OA==_3.jpg	0.626667	combined_score_above_threshold	"偶爾留白，暫停 安靜 放空！＃我的書法 "	"偶尔留白
暂停
安静
放空"	/mnt/Suran_database/Users/thanhthanh_workspace/Project/NLP_K35/xlnntn_hp2_friend/data/mrDuc_data/Images/UzpfSTEwMDA2NTU3NjU0NjYxMzpWSzoyNDcyMzUzMTAyMzk1NTY3OA==_3.jpg
/images/UzpfSTEwMDAwMDM2OTIxMDcyNTpWSzoyNDcxNzI4MTU5NzkxMzk1NA==_0.jpg	0.790231	high_directional_coverage	六經讀罷方拈筆，五嶽歸來不看山。今天的練習01	"六
經
讀
罷
方
拈
筆
五
嶽
歸
來
不
朝
山
乙巳秋
葉吉燦"	/mnt/Suran_database/Users/thanhthanh_workspace/Project/NLP_K35/xlnntn_hp2_friend/data/mrDuc_data/Images/UzpfSTEwMDAwMDM2OTIxMDcyNTpWSzoyNDcxNzI4MTU5NzkxMzk1NA==_0.jpg
/images/UzpfSTEwMDAwMDM2OTIxMDcyNTpWSzoyNDcxNzI4NzQwMTI0NjcwNw==_0.jpg	0.72331	high_directional_coverage	苕霅水能清，更有人如水。秋水橫邊簇遠山，相對盈盈裏。 溪上有鴛鴦，艇子頻驚起。何似收歸碧玉池。長在闌干底。今天的練習03	"暮雲水能清更有人如許秋水橫
遮篔遶山相對盈々裏溪上有鷺
鴛艇子頻驚起何以收歸碧玉池
長在闌干底
宋吴潛卜算子
己巳秋"	/mnt/Suran_database/Users/thanhthanh_workspace/Project/NLP_K35/xlnntn_hp2_friend/data/mrDuc_data/Images/UzpfSTEwMDAwMDM2OTIxMDcyNTpWSzoyNDcxNzI4NzQwMTI0NjcwNw==_0.jpg
/images/UzpfSTEwMDAwMzI4NDg3MDY0MDpWSzoyNDcwNTUzMjI5NTc1NTU1MQ==_3.jpg	0.687536	high_directional_coverage	"在金門離島服役時 最能體會欲書還休那種矛盾的鄉愁…

秋思 張籍〔唐代］
洛陽城裡見秋風，
欲作家書意萬重。
復恐匆匆說不盡，
行人臨發又開封。"	"洛陽城裏見秋風欲作家書
意萬重復恐匆匆說不盡行人
臨發又開封
張籍詩"	/mnt/Suran_database/Users/thanhthanh_workspace/Project/NLP_K35/xlnntn_hp2_friend/data/mrDuc_data/Images/UzpfSTEwMDAwMzI4NDg3MDY0MDpWSzoyNDcwNTUzMjI5NTc1NTU1MQ==_3.jpg
/images/UzpfSTEwMDAwMDE4MjQyNTQyMjpWSzoyNDcwNDE0Mjk4NTg5NDQ4Mg==_0.jpg	0.821487	high_directional_coverage	"靜默【秋日漫興】
白露蒹葭意，清霜與月吟。
挑燈明夜眼，賦筆寫秋心。
懷抱辭新客，詩魂返舊林。
幾番風雨後，獨把酒杯斟。"	"白露蒹葭意清霜與月吟
挑燈明夜眼賦筆寫秋心
懷抱醉新客詩魂返舊林
幾番風雨後獨把酒杯斟
乙巳年涼月於新竹靜熙"	/mnt/Suran_database/Users/thanhthanh_workspace/Project/NLP_K35/xlnntn_hp2_friend/data/mrDuc_data/Images/UzpfSTEwMDAwMDE4MjQyNTQyMjpWSzoyNDcwNDE0Mjk4NTg5NDQ4Mg==_0.jpg
/images/UzpfSTEwMDAwMzI4NDg3MDY0MDpWSzoyNDcwNTUzMjI5NTc1NTU1MQ==_2.jpg	0.637058	high_directional_coverage	"在金門離島服役時 最能體會欲書還休那種矛盾的鄉愁…

秋思 張籍〔唐代］
洛陽城裡見秋風，
欲作家書意萬重。
復恐匆匆說不盡，
行人臨發又開封。"	"洛陽城裏見秋風欲作家書
意萬重復恐匆匆說不盡行人
臨發又開封
張籍秋思詩一首雲逸"	/mnt/Suran_database/Users/thanhthanh_workspace/Project/NLP_K35/xlnntn_hp2_friend/data/mrDuc_data/Images/UzpfSTEwMDAwMzI4NDg3MDY0MDpWSzoyNDcwNTUzMjI5NTc1NTU1MQ==_2.jpg
/images/UzpfSTEwMDAwMzI4NDg3MDY0MDpWSzoyNDcwNTUzMjI5NTc1NTU1MQ==_1.jpg	0.661888	high_directional_coverage	"在金門離島服役時 最能體會欲書還休那種矛盾的鄉愁…

秋思 張籍〔唐代］
洛陽城裡見秋風，
欲作家書意萬重。
復恐匆匆說不盡，
行人臨發又開封。"	"洛陽城裏見秋風欲作家書
意萬重復恐匆匆説不盡行人
臨發又開封
張籍秋思"	/mnt/Suran_database/Users/thanhthanh_workspace/Project/NLP_K35/xlnntn_hp2_friend/data/mrDuc_data/Images/UzpfSTEwMDAwMzI4NDg3MDY0MDpWSzoyNDcwNTUzMjI5NTc1NTU1MQ==_1.jpg
/images/UzpfSTEwMDAwMzI4NDg3MDY0MDpWSzoyNDcwNTUzMjI5NTc1NTU1MQ==_0.jpg	0.615865	high_directional_coverage	"在金門離島服役時 最能體會欲書還休那種矛盾的鄉愁…

秋思 張籍〔唐代］
洛陽城裡見秋風，
欲作家書意萬重。
復恐匆匆說不盡，
行人臨發又開封。"	"洛陽城裏見秋風欲作家
書意萬重復恐匆匆說不盡
行人又開封
張籍秋思一首霽煌"	/mnt/Suran_database/Users/thanhthanh_workspace/Project/NLP_K35/xlnntn_hp2_friend/data/mrDuc_data/Images/UzpfSTEwMDAwMzI4NDg3MDY0MDpWSzoyNDcwNTUzMjI5NTc1NTU1MQ==_0.jpg
